2026-05-08 17:24:47,465 - INFO - root - Hello! This is Joey-NMT (version 2.2.0).
2026-05-08 17:24:47,465 - INFO - joeynmt.helpers -                           cfg.name : deen_transformer_pre
2026-05-08 17:24:47,465 - INFO - joeynmt.helpers -                cfg.joeynmt_version : 2.0.0
2026-05-08 17:24:47,465 - INFO - joeynmt.helpers -                     cfg.data.train : data/train
2026-05-08 17:24:47,465 - INFO - joeynmt.helpers -                       cfg.data.dev : data/dev
2026-05-08 17:24:47,465 - INFO - joeynmt.helpers -                      cfg.data.test : data/test
2026-05-08 17:24:47,465 - INFO - joeynmt.helpers -              cfg.data.dataset_type : plain
2026-05-08 17:24:47,465 - INFO - joeynmt.helpers -                  cfg.data.src.lang : de
2026-05-08 17:24:47,465 - INFO - joeynmt.helpers -             cfg.data.src.lowercase : False
2026-05-08 17:24:47,465 - INFO - joeynmt.helpers -                 cfg.data.src.level : bpe
2026-05-08 17:24:47,465 - INFO - joeynmt.helpers -             cfg.data.src.voc_limit : 32000
2026-05-08 17:24:47,465 - INFO - joeynmt.helpers -          cfg.data.src.voc_min_freq : 1
2026-05-08 17:24:47,465 - INFO - joeynmt.helpers -            cfg.data.src.max_length : 100
2026-05-08 17:24:47,465 - INFO - joeynmt.helpers -              cfg.data.src.voc_file : shared_models/joint-vocab.txt
2026-05-08 17:24:47,465 - INFO - joeynmt.helpers -        cfg.data.src.tokenizer_type : subword-nmt
2026-05-08 17:24:47,465 - INFO - joeynmt.helpers - cfg.data.src.tokenizer_cfg.pretokenizer : none
2026-05-08 17:24:47,465 - INFO - joeynmt.helpers - cfg.data.src.tokenizer_cfg.num_merges : 3200
2026-05-08 17:24:47,465 - INFO - joeynmt.helpers -   cfg.data.src.tokenizer_cfg.codes : data/codes3200.bpe
2026-05-08 17:24:47,465 - INFO - joeynmt.helpers -                  cfg.data.trg.lang : en
2026-05-08 17:24:47,466 - INFO - joeynmt.helpers -             cfg.data.trg.lowercase : False
2026-05-08 17:24:47,466 - INFO - joeynmt.helpers -                 cfg.data.trg.level : bpe
2026-05-08 17:24:47,466 - INFO - joeynmt.helpers -             cfg.data.trg.voc_limit : 32000
2026-05-08 17:24:47,466 - INFO - joeynmt.helpers -          cfg.data.trg.voc_min_freq : 1
2026-05-08 17:24:47,466 - INFO - joeynmt.helpers -            cfg.data.trg.max_length : 100
2026-05-08 17:24:47,466 - INFO - joeynmt.helpers -              cfg.data.trg.voc_file : shared_models/joint-vocab.txt
2026-05-08 17:24:47,466 - INFO - joeynmt.helpers -        cfg.data.trg.tokenizer_type : subword-nmt
2026-05-08 17:24:47,466 - INFO - joeynmt.helpers - cfg.data.trg.tokenizer_cfg.pretokenizer : none
2026-05-08 17:24:47,466 - INFO - joeynmt.helpers - cfg.data.trg.tokenizer_cfg.num_merges : 3200
2026-05-08 17:24:47,466 - INFO - joeynmt.helpers -   cfg.data.trg.tokenizer_cfg.codes : data/codes3200.bpe
2026-05-08 17:24:47,466 - INFO - joeynmt.helpers -              cfg.testing.beam_size : 5
2026-05-08 17:24:47,466 - INFO - joeynmt.helpers -             cfg.testing.beam_alpha : 1.0
2026-05-08 17:24:47,466 - INFO - joeynmt.helpers -           cfg.training.random_seed : 42
2026-05-08 17:24:47,466 - INFO - joeynmt.helpers -             cfg.training.optimizer : adam
2026-05-08 17:24:47,466 - INFO - joeynmt.helpers -         cfg.training.normalization : tokens
2026-05-08 17:24:47,466 - INFO - joeynmt.helpers -         cfg.training.learning_rate : 0.0003
2026-05-08 17:24:47,466 - INFO - joeynmt.helpers -            cfg.training.batch_size : 2048
2026-05-08 17:24:47,466 - INFO - joeynmt.helpers -            cfg.training.batch_type : token
2026-05-08 17:24:47,466 - INFO - joeynmt.helpers -       cfg.training.eval_batch_size : 1024
2026-05-08 17:24:47,466 - INFO - joeynmt.helpers -       cfg.training.eval_batch_type : token
2026-05-08 17:24:47,466 - INFO - joeynmt.helpers -            cfg.training.scheduling : plateau
2026-05-08 17:24:47,466 - INFO - joeynmt.helpers -              cfg.training.patience : 8
2026-05-08 17:24:47,466 - INFO - joeynmt.helpers -          cfg.training.weight_decay : 0.0
2026-05-08 17:24:47,466 - INFO - joeynmt.helpers -       cfg.training.decrease_factor : 0.7
2026-05-08 17:24:47,466 - INFO - joeynmt.helpers - cfg.training.early_stopping_metric : ppl
2026-05-08 17:24:47,466 - INFO - joeynmt.helpers -                cfg.training.epochs : 10
2026-05-08 17:24:47,466 - INFO - joeynmt.helpers -       cfg.training.validation_freq : 500
2026-05-08 17:24:47,466 - INFO - joeynmt.helpers -          cfg.training.logging_freq : 100
2026-05-08 17:24:47,466 - INFO - joeynmt.helpers -           cfg.training.eval_metric : ['bleu']
2026-05-08 17:24:47,466 - INFO - joeynmt.helpers -             cfg.training.model_dir : models/deen_transformer_pre
2026-05-08 17:24:47,466 - INFO - joeynmt.helpers -             cfg.training.overwrite : False
2026-05-08 17:24:47,466 - INFO - joeynmt.helpers -               cfg.training.shuffle : True
2026-05-08 17:24:47,466 - INFO - joeynmt.helpers -              cfg.training.use_cuda : False
2026-05-08 17:24:47,466 - INFO - joeynmt.helpers -     cfg.training.max_output_length : 100
2026-05-08 17:24:47,466 - INFO - joeynmt.helpers -     cfg.training.print_valid_sents : [0, 1, 2, 3, 4]
2026-05-08 17:24:47,466 - INFO - joeynmt.helpers -       cfg.training.label_smoothing : 0.3
2026-05-08 17:24:47,466 - INFO - joeynmt.helpers -              cfg.model.initializer : xavier_uniform
2026-05-08 17:24:47,466 - INFO - joeynmt.helpers -         cfg.model.bias_initializer : zeros
2026-05-08 17:24:47,466 - INFO - joeynmt.helpers -                cfg.model.init_gain : 1.0
2026-05-08 17:24:47,466 - INFO - joeynmt.helpers -        cfg.model.embed_initializer : xavier_uniform
2026-05-08 17:24:47,466 - INFO - joeynmt.helpers -          cfg.model.embed_init_gain : 1.0
2026-05-08 17:24:47,466 - INFO - joeynmt.helpers -          cfg.model.tied_embeddings : True
2026-05-08 17:24:47,466 - INFO - joeynmt.helpers -             cfg.model.tied_softmax : True
2026-05-08 17:24:47,466 - INFO - joeynmt.helpers -             cfg.model.encoder.type : transformer
2026-05-08 17:24:47,466 - INFO - joeynmt.helpers -       cfg.model.encoder.layer_norm : pre
2026-05-08 17:24:47,466 - INFO - joeynmt.helpers -       cfg.model.encoder.num_layers : 4
2026-05-08 17:24:47,466 - INFO - joeynmt.helpers -        cfg.model.encoder.num_heads : 2
2026-05-08 17:24:47,466 - INFO - joeynmt.helpers - cfg.model.encoder.embeddings.embedding_dim : 256
2026-05-08 17:24:47,466 - INFO - joeynmt.helpers - cfg.model.encoder.embeddings.scale : True
2026-05-08 17:24:47,466 - INFO - joeynmt.helpers - cfg.model.encoder.embeddings.dropout : 0
2026-05-08 17:24:47,466 - INFO - joeynmt.helpers -      cfg.model.encoder.hidden_size : 256
2026-05-08 17:24:47,466 - INFO - joeynmt.helpers -          cfg.model.encoder.ff_size : 512
2026-05-08 17:24:47,466 - INFO - joeynmt.helpers -          cfg.model.encoder.dropout : 0
2026-05-08 17:24:47,466 - INFO - joeynmt.helpers -             cfg.model.decoder.type : transformer
2026-05-08 17:24:47,466 - INFO - joeynmt.helpers -       cfg.model.decoder.layer_norm : pre
2026-05-08 17:24:47,466 - INFO - joeynmt.helpers -       cfg.model.decoder.num_layers : 1
2026-05-08 17:24:47,466 - INFO - joeynmt.helpers -        cfg.model.decoder.num_heads : 2
2026-05-08 17:24:47,466 - INFO - joeynmt.helpers - cfg.model.decoder.embeddings.embedding_dim : 256
2026-05-08 17:24:47,466 - INFO - joeynmt.helpers - cfg.model.decoder.embeddings.scale : True
2026-05-08 17:24:47,466 - INFO - joeynmt.helpers - cfg.model.decoder.embeddings.dropout : 0
2026-05-08 17:24:47,466 - INFO - joeynmt.helpers -      cfg.model.decoder.hidden_size : 256
2026-05-08 17:24:47,466 - INFO - joeynmt.helpers -          cfg.model.decoder.ff_size : 512
2026-05-08 17:24:47,466 - INFO - joeynmt.helpers -          cfg.model.decoder.dropout : 0
2026-05-08 17:24:47,485 - INFO - joeynmt.data - Building tokenizer...
2026-05-08 17:24:47,489 - INFO - joeynmt.tokenizers - de tokenizer: SubwordNMTTokenizer(level=bpe, lowercase=False, normalize=False, filter_by_length=(-1, 100), pretokenizer=none, tokenizer=BPE, separator=@@, dropout=0.0)
2026-05-08 17:24:47,489 - INFO - joeynmt.tokenizers - en tokenizer: SubwordNMTTokenizer(level=bpe, lowercase=False, normalize=False, filter_by_length=(-1, 100), pretokenizer=none, tokenizer=BPE, separator=@@, dropout=0.0)
2026-05-08 17:24:47,489 - INFO - joeynmt.data - Loading train set...
2026-05-08 17:24:47,669 - INFO - joeynmt.data - Building vocabulary...
2026-05-08 17:24:47,765 - INFO - joeynmt.data - Loading dev set...
2026-05-08 17:24:47,766 - INFO - joeynmt.data - Loading test set...
2026-05-08 17:24:47,768 - INFO - joeynmt.data - Data loaded.
2026-05-08 17:24:47,768 - INFO - joeynmt.data - Train dataset: PlaintextDataset(split=train, len=100000, src_lang=de, trg_lang=en, has_trg=True, random_subset=-1)
2026-05-08 17:24:47,769 - INFO - joeynmt.data - Valid dataset: PlaintextDataset(split=dev, len=500, src_lang=de, trg_lang=en, has_trg=True, random_subset=-1)
2026-05-08 17:24:47,769 - INFO - joeynmt.data -  Test dataset: PlaintextDataset(split=test, len=2999, src_lang=de, trg_lang=en, has_trg=True, random_subset=-1)
2026-05-08 17:24:47,769 - INFO - joeynmt.data - First training example:
	[SRC] gem@@ ä@@ ß der vom Europäischen Parlament und von der gesam@@ ten Europäischen Union n@@ un@@ mehr ständi@@ g ver@@ tre@@ ten@@ en Lin@@ ie möchte ich Sie jedoch bit@@ ten , den gan@@ zen Ein@@ f@@ lu@@ ß Ih@@ res Am@@ tes und der Institu@@ tion , die Sie ver@@ treten , bei dem Prä@@ sident@@ schaf@@ ts@@ kan@@ di@@ d@@ aten und G@@ ou@@ ver@@ ne@@ ur von Tex@@ as , Ge@@ or@@ ge W@@ . B@@ us@@ h , der zur Aus@@ setzung der V@@ oll@@ stre@@ ck@@ ung des To@@ des@@ ur@@ teil@@ s und zur Be@@ gn@@ a@@ di@@ gung des Ver@@ ur@@ teil@@ ten be@@ fu@@ gt ist , gel@@ ten@@ d zu machen .
	[TRG] however , I would ask you , in acc@@ ord@@ ance with the line which is now con@@ st@@ ant@@ ly fol@@ low@@ ed by the European Parliament and by the whole of the European Community , to make represent@@ ations , using the wei@@ ght of your pres@@ ti@@ gi@@ ous off@@ ice and the institu@@ tion you re@@ present , to the President and to the Go@@ vern@@ or of Tex@@ as , Mr B@@ us@@ h , who has the power to order a stay of ex@@ ec@@ ution and to re@@ pri@@ e@@ ve the con@@ dem@@ ned per@@ son .
2026-05-08 17:24:47,769 - INFO - joeynmt.data - First 10 Src tokens: (0) <unk> (1) <pad> (2) <s> (3) </s> (4) , (5) . (6) the (7) in (8) die (9) der
2026-05-08 17:24:47,769 - INFO - joeynmt.data - First 10 Trg tokens: (0) <unk> (1) <pad> (2) <s> (3) </s> (4) , (5) . (6) the (7) in (8) die (9) der
2026-05-08 17:24:47,770 - INFO - joeynmt.data - Number of unique Src tokens (vocab_size): 4117
2026-05-08 17:24:47,770 - INFO - joeynmt.data - Number of unique Trg tokens (vocab_size): 4117
2026-05-08 17:24:47,770 - INFO - joeynmt.model - Building an encoder-decoder model...
2026-05-08 17:24:47,810 - INFO - joeynmt.model - Enc-dec model built.
2026-05-08 17:24:47,811 - INFO - joeynmt.model - Total params: 3954176
2026-05-08 17:24:47,811 - DEBUG - joeynmt.model - Trainable parameters: ['decoder.layer_norm.bias', 'decoder.layer_norm.weight', 'decoder.layers.0.dec_layer_norm.bias', 'decoder.layers.0.dec_layer_norm.weight', 'decoder.layers.0.feed_forward.layer_norm.bias', 'decoder.layers.0.feed_forward.layer_norm.weight', 'decoder.layers.0.feed_forward.pwff_layer.0.bias', 'decoder.layers.0.feed_forward.pwff_layer.0.weight', 'decoder.layers.0.feed_forward.pwff_layer.3.bias', 'decoder.layers.0.feed_forward.pwff_layer.3.weight', 'decoder.layers.0.src_trg_att.k_layer.bias', 'decoder.layers.0.src_trg_att.k_layer.weight', 'decoder.layers.0.src_trg_att.output_layer.bias', 'decoder.layers.0.src_trg_att.output_layer.weight', 'decoder.layers.0.src_trg_att.q_layer.bias', 'decoder.layers.0.src_trg_att.q_layer.weight', 'decoder.layers.0.src_trg_att.v_layer.bias', 'decoder.layers.0.src_trg_att.v_layer.weight', 'decoder.layers.0.trg_trg_att.k_layer.bias', 'decoder.layers.0.trg_trg_att.k_layer.weight', 'decoder.layers.0.trg_trg_att.output_layer.bias', 'decoder.layers.0.trg_trg_att.output_layer.weight', 'decoder.layers.0.trg_trg_att.q_layer.bias', 'decoder.layers.0.trg_trg_att.q_layer.weight', 'decoder.layers.0.trg_trg_att.v_layer.bias', 'decoder.layers.0.trg_trg_att.v_layer.weight', 'decoder.layers.0.x_layer_norm.bias', 'decoder.layers.0.x_layer_norm.weight', 'encoder.layer_norm.bias', 'encoder.layer_norm.weight', 'encoder.layers.0.feed_forward.layer_norm.bias', 'encoder.layers.0.feed_forward.layer_norm.weight', 'encoder.layers.0.feed_forward.pwff_layer.0.bias', 'encoder.layers.0.feed_forward.pwff_layer.0.weight', 'encoder.layers.0.feed_forward.pwff_layer.3.bias', 'encoder.layers.0.feed_forward.pwff_layer.3.weight', 'encoder.layers.0.layer_norm.bias', 'encoder.layers.0.layer_norm.weight', 'encoder.layers.0.src_src_att.k_layer.bias', 'encoder.layers.0.src_src_att.k_layer.weight', 'encoder.layers.0.src_src_att.output_layer.bias', 'encoder.layers.0.src_src_att.output_layer.weight', 'encoder.layers.0.src_src_att.q_layer.bias', 'encoder.layers.0.src_src_att.q_layer.weight', 'encoder.layers.0.src_src_att.v_layer.bias', 'encoder.layers.0.src_src_att.v_layer.weight', 'encoder.layers.1.feed_forward.layer_norm.bias', 'encoder.layers.1.feed_forward.layer_norm.weight', 'encoder.layers.1.feed_forward.pwff_layer.0.bias', 'encoder.layers.1.feed_forward.pwff_layer.0.weight', 'encoder.layers.1.feed_forward.pwff_layer.3.bias', 'encoder.layers.1.feed_forward.pwff_layer.3.weight', 'encoder.layers.1.layer_norm.bias', 'encoder.layers.1.layer_norm.weight', 'encoder.layers.1.src_src_att.k_layer.bias', 'encoder.layers.1.src_src_att.k_layer.weight', 'encoder.layers.1.src_src_att.output_layer.bias', 'encoder.layers.1.src_src_att.output_layer.weight', 'encoder.layers.1.src_src_att.q_layer.bias', 'encoder.layers.1.src_src_att.q_layer.weight', 'encoder.layers.1.src_src_att.v_layer.bias', 'encoder.layers.1.src_src_att.v_layer.weight', 'encoder.layers.2.feed_forward.layer_norm.bias', 'encoder.layers.2.feed_forward.layer_norm.weight', 'encoder.layers.2.feed_forward.pwff_layer.0.bias', 'encoder.layers.2.feed_forward.pwff_layer.0.weight', 'encoder.layers.2.feed_forward.pwff_layer.3.bias', 'encoder.layers.2.feed_forward.pwff_layer.3.weight', 'encoder.layers.2.layer_norm.bias', 'encoder.layers.2.layer_norm.weight', 'encoder.layers.2.src_src_att.k_layer.bias', 'encoder.layers.2.src_src_att.k_layer.weight', 'encoder.layers.2.src_src_att.output_layer.bias', 'encoder.layers.2.src_src_att.output_layer.weight', 'encoder.layers.2.src_src_att.q_layer.bias', 'encoder.layers.2.src_src_att.q_layer.weight', 'encoder.layers.2.src_src_att.v_layer.bias', 'encoder.layers.2.src_src_att.v_layer.weight', 'encoder.layers.3.feed_forward.layer_norm.bias', 'encoder.layers.3.feed_forward.layer_norm.weight', 'encoder.layers.3.feed_forward.pwff_layer.0.bias', 'encoder.layers.3.feed_forward.pwff_layer.0.weight', 'encoder.layers.3.feed_forward.pwff_layer.3.bias', 'encoder.layers.3.feed_forward.pwff_layer.3.weight', 'encoder.layers.3.layer_norm.bias', 'encoder.layers.3.layer_norm.weight', 'encoder.layers.3.src_src_att.k_layer.bias', 'encoder.layers.3.src_src_att.k_layer.weight', 'encoder.layers.3.src_src_att.output_layer.bias', 'encoder.layers.3.src_src_att.output_layer.weight', 'encoder.layers.3.src_src_att.q_layer.bias', 'encoder.layers.3.src_src_att.q_layer.weight', 'encoder.layers.3.src_src_att.v_layer.bias', 'encoder.layers.3.src_src_att.v_layer.weight', 'src_embed.lut.weight']
2026-05-08 17:24:47,811 - INFO - joeynmt.training - Model(
	encoder=TransformerEncoder(num_layers=4, num_heads=2, alpha=1.0, layer_norm="pre", activation=ReLU()),
	decoder=TransformerDecoder(num_layers=1, num_heads=2, alpha=1.0, layer_norm="pre", activation=ReLU()),
	src_embed=Embeddings(embedding_dim=256, vocab_size=4117),
	trg_embed=Embeddings(embedding_dim=256, vocab_size=4117),
	loss_function=XentLoss(criterion=KLDivLoss(), smoothing=0.3))
2026-05-08 17:24:48,322 - INFO - joeynmt.builders - Adam(lr=0.0003, weight_decay=0.0, betas=(0.9, 0.999))
2026-05-08 17:24:48,322 - INFO - joeynmt.builders - ReduceLROnPlateau(mode=min, threshold_mode=abs, eps=0.0, factor=0.7, patience=8)
2026-05-08 17:24:48,322 - INFO - joeynmt.training - Train stats:
	device: cpu
	n_gpu: 0
	16-bits training: False
	gradient accumulation: 1
	batch size per device: 2048
	effective batch size (w. parallel & accumulation): 2048
2026-05-08 17:24:48,322 - INFO - joeynmt.training - EPOCH 1
2026-05-08 17:25:01,964 - INFO - joeynmt.training - Epoch   1, Step:      100, Batch Loss:     4.209480, Batch Acc: 0.064429, Tokens per Sec:     6747, Lr: 0.000300
2026-05-08 17:25:16,803 - INFO - joeynmt.training - Epoch   1, Step:      200, Batch Loss:     3.970096, Batch Acc: 0.092957, Tokens per Sec:     6215, Lr: 0.000300
2026-05-08 17:25:34,730 - INFO - joeynmt.training - Epoch   1, Step:      300, Batch Loss:     3.776581, Batch Acc: 0.106584, Tokens per Sec:     5163, Lr: 0.000300
2026-05-08 17:25:49,554 - INFO - joeynmt.training - Epoch   1, Step:      400, Batch Loss:     3.736054, Batch Acc: 0.114358, Tokens per Sec:     6186, Lr: 0.000300
2026-05-08 17:26:06,520 - INFO - joeynmt.training - Epoch   1, Step:      500, Batch Loss:     3.630684, Batch Acc: 0.127268, Tokens per Sec:     5470, Lr: 0.000300
2026-05-08 17:26:06,521 - INFO - joeynmt.prediction - Predicting 500 example(s)... (Greedy decoding with min_output_length=1, max_output_length=-1, return_prob='none', generate_unk=True, repetition_penalty=-1, no_repeat_ngram_size=-1)
2026-05-08 17:26:36,451 - INFO - joeynmt.prediction - Evaluation result (greedy) loss:   3.80, ppl:  44.84, acc:   0.11, generation: 29.9259[sec], evaluation: 0.0000[sec]
2026-05-08 17:26:36,455 - INFO - joeynmt.training - Hooray! New best validation result [ppl]!
2026-05-08 17:26:36,544 - INFO - joeynmt.training - Example #0
2026-05-08 17:26:36,544 - DEBUG - joeynmt.training - 	Tokenized source:     ['die', 'Pre@@', 'mi@@', 'er@@', 'minist@@', 'er', 'Indi@@', 'ens', 'und', 'J@@', 'ap@@', 'ans', 'tra@@', 'fen', 'sich', 'in', 'T@@', 'ok@@', 'i@@', 'o', '.']
2026-05-08 17:26:36,545 - DEBUG - joeynmt.training - 	Tokenized reference:  ['Indi@@', 'a', 'and', 'J@@', 'ap@@', 'an', 'pri@@', 'me', 'minist@@', 'ers', 'me@@', 'et', 'in', 'T@@', 'ok@@', 'y@@', 'o']
2026-05-08 17:26:36,545 - DEBUG - joeynmt.training - 	Tokenized hypothesis: ['the', 'Commission', 'is', 'the', 'Commission', 'of', 'the', 'Commission', 'of', 'the', 'Commission', 'of', 'the', 'Commission', 'of', 'the', 'Commission', '.', '</s>']
2026-05-08 17:26:36,545 - INFO - joeynmt.training - 	Source:     die Premierminister Indiens und Japans trafen sich in Tokio .
2026-05-08 17:26:36,545 - INFO - joeynmt.training - 	Reference:  India and Japan prime ministers meet in Tokyo
2026-05-08 17:26:36,545 - INFO - joeynmt.training - 	Hypothesis: the Commission is the Commission of the Commission of the Commission of the Commission of the Commission .
2026-05-08 17:26:36,545 - INFO - joeynmt.training - Example #1
2026-05-08 17:26:36,545 - DEBUG - joeynmt.training - 	Tokenized source:     ['Indi@@', 'ens', 'neu@@', 'er', 'Pre@@', 'mi@@', 'er@@', 'minist@@', 'er', 'N@@', 'ar@@', 'end@@', 'ra', 'Mo@@', 'd@@', 'i', 'tri@@', 'fft', 'bei', 's@@', 'einem', 'ersten', 'wichti@@', 'gen', 'Aus@@', 'land@@', 's@@', 'bes@@', 'u@@', 'ch', 'seit', 's@@', 'einem', 'W@@', 'ah@@', 'l@@', 'si@@', 'e@@', 'g', 'im', 'Ma@@', 'i', 'seinen', 'j@@', 'ap@@', 'an@@', 'ischen', 'Am@@', 'ts@@', 'k@@', 'olle@@', 'gen', 'S@@', 'hin@@', 'z@@', 'o', 'A@@', 'be', 'in', 'T@@', 'ok@@', 'o', ',', 'um', 'wirtschaf@@', 'tliche', 'und', 'sicher@@', 'heits@@', 'politische', 'Be@@', 'zieh@@', 'ungen', 'zu', 'bes@@', 'pre@@', 'chen', '.']
2026-05-08 17:26:36,545 - DEBUG - joeynmt.training - 	Tokenized reference:  ['Indi@@', 'a', '&apos;s', 'new', 'pri@@', 'me', 'minist@@', 'er', ',', 'N@@', 'ar@@', 'end@@', 'ra', 'Mo@@', 'd@@', 'i', ',', 'is', 'me@@', 'eting', 'his', 'J@@', 'ap@@', 'an@@', 'ese', 'coun@@', 'ter@@', 'part', ',', 'S@@', 'hin@@', 'z@@', 'o', 'A@@', 'be', ',', 'in', 'T@@', 'ok@@', 'y@@', 'o', 'to', 'disc@@', 'uss', 'economic', 'and', 'security', 'ties', ',', 'on', 'his', 'first', 'major', 'fore@@', 'ign', 'visi@@', 't', 'since', 'w@@', 'inn@@', 'ing', 'Ma@@', 'y', '&apos;s', 'elec@@', 'tion', '.']
2026-05-08 17:26:36,545 - DEBUG - joeynmt.training - 	Tokenized hypothesis: ['the', 'Commission', 'is', 'the', 'Commission', 'of', 'the', 'Commission', 'of', 'the', 'Commission', 'of', 'the', 'Commission', 'of', 'the', 'European', 'European', 'European', 'European', 'European', 'European', 'European', 'European', 'European', 'European', 'European', 'European', 'European', 'European', 'European', 'European', 'European', 'European', 'European', 'Union', 'of', 'the', 'European', 'European', 'European', 'European', 'European', 'European', 'European', 'European', 'European', 'European', 'European', 'European', 'European', 'European', 'European', 'European', 'European', 'European', 'European', 'European', 'European', 'European', 'European', 'European', 'Union', '.', '</s>']
2026-05-08 17:26:36,545 - INFO - joeynmt.training - 	Source:     Indiens neuer Premierminister Narendra Modi trifft bei seinem ersten wichtigen Auslandsbesuch seit seinem Wahlsieg im Mai seinen japanischen Amtskollegen Shinzo Abe in Toko , um wirtschaftliche und sicherheitspolitische Beziehungen zu besprechen .
2026-05-08 17:26:36,545 - INFO - joeynmt.training - 	Reference:  India &apos;s new prime minister , Narendra Modi , is meeting his Japanese counterpart , Shinzo Abe , in Tokyo to discuss economic and security ties , on his first major foreign visit since winning May &apos;s election .
2026-05-08 17:26:36,545 - INFO - joeynmt.training - 	Hypothesis: the Commission is the Commission of the Commission of the Commission of the Commission of the European European European European European European European European European European European European European European European European European European European Union of the European European European European European European European European European European European European European European European European European European European European European European European European Union .
2026-05-08 17:26:36,545 - INFO - joeynmt.training - Example #2
2026-05-08 17:26:36,545 - DEBUG - joeynmt.training - 	Tokenized source:     ['Herr', 'Mo@@', 'd@@', 'i', 'befindet', 'sich', 'auf', 'einer', 'fü@@', 'n@@', 'f@@', 'tä@@', 'gi@@', 'gen', 'Rei@@', 'se', 'nach', 'J@@', 'ap@@', 'an', ',', 'um', 'die', 'wirtschaf@@', 'tlichen', 'Be@@', 'zieh@@', 'ungen', 'mit', 'der', 'd@@', 'rit@@', 't@@', 'größ@@', 'ten', 'Wirtschafts@@', 'n@@', 'ation', 'der', 'Welt', 'zu', 'fes@@', 'tigen', '.']
2026-05-08 17:26:36,545 - DEBUG - joeynmt.training - 	Tokenized reference:  ['Mr', 'Mo@@', 'd@@', 'i', 'is', 'on', 'a', 'fi@@', 've', '@@@', '-@@', '@', 'day', 'tri@@', 'p', 'to', 'J@@', 'ap@@', 'an', 'to', 'streng@@', 'then', 'economic', 'ties', 'with', 'the', 'third', 'lar@@', 'ges@@', 't', 'econom@@', 'y', 'in', 'the', 'world', '.']
2026-05-08 17:26:36,545 - DEBUG - joeynmt.training - 	Tokenized hypothesis: ['the', 'Commission', 'is', 'the', 'Commission', 'is', 'is', 'the', 'Commission', 'of', 'the', 'Commission', 'of', 'the', 'Commission', 'is', 'a', 'is', 'a', 'a', '.', '</s>']
2026-05-08 17:26:36,545 - INFO - joeynmt.training - 	Source:     Herr Modi befindet sich auf einer fünftägigen Reise nach Japan , um die wirtschaftlichen Beziehungen mit der drittgrößten Wirtschaftsnation der Welt zu festigen .
2026-05-08 17:26:36,545 - INFO - joeynmt.training - 	Reference:  Mr Modi is on a five @-@ day trip to Japan to strengthen economic ties with the third largest economy in the world .
2026-05-08 17:26:36,545 - INFO - joeynmt.training - 	Hypothesis: the Commission is the Commission is is the Commission of the Commission of the Commission is a is a a .
2026-05-08 17:26:36,545 - INFO - joeynmt.training - Example #3
2026-05-08 17:26:36,545 - DEBUG - joeynmt.training - 	Tokenized source:     ['P@@', 'län@@', 'e', 'für', 'eine', 'stärk@@', 'ere', 'k@@', 'ern@@', 'techn@@', 'ische', 'Zusammenarbeit', 'stehen', 'ganz', 'ob@@', 'en', 'auf', 'der', 'Tag@@', 'es@@', 'ordnung', '.']
2026-05-08 17:26:36,545 - DEBUG - joeynmt.training - 	Tokenized reference:  ['high', 'on', 'the', 'agen@@', 'da', 'are', 'pl@@', 'ans', 'for', 'gre@@', 'ater', 'nu@@', 'clear', 'c@@', 'o', '@@@', '-@@', '@', 'operation', '.']
2026-05-08 17:26:36,545 - DEBUG - joeynmt.training - 	Tokenized hypothesis: ['the', 'Commission', 'is', 'the', 'Commission', 'is', 'the', 'Commission', 'of', 'the', 'Commission', 'of', 'the', 'Commission', 'of', 'the', 'Commission', 'of', 'the', 'Commission', '.', '</s>']
2026-05-08 17:26:36,545 - INFO - joeynmt.training - 	Source:     Pläne für eine stärkere kerntechnische Zusammenarbeit stehen ganz oben auf der Tagesordnung .
2026-05-08 17:26:36,546 - INFO - joeynmt.training - 	Reference:  high on the agenda are plans for greater nuclear co @-@ operation .
2026-05-08 17:26:36,546 - INFO - joeynmt.training - 	Hypothesis: the Commission is the Commission is the Commission of the Commission of the Commission of the Commission of the Commission .
2026-05-08 17:26:36,546 - INFO - joeynmt.training - Example #4
2026-05-08 17:26:36,546 - DEBUG - joeynmt.training - 	Tokenized source:     ['Berich@@', 'ten', 'zu@@', 'fol@@', 'ge', 'ho@@', 'fft', 'Indi@@', 'en', 'darüber', 'hinaus', 'auf', 'einen', 'Ver@@', 'trag', 'zur', 'Ver@@', 'tei@@', 'dig@@', 'ungs@@', 'zusammen@@', 'arbeit', 'zwischen', 'den', 'beiden', 'N@@', 'ationen', '.']
2026-05-08 17:26:36,546 - DEBUG - joeynmt.training - 	Tokenized reference:  ['Indi@@', 'a', 'is', 'also', 're@@', 'porte@@', 'dly', 'hop@@', 'ing', 'for', 'a', 'de@@', 'al', 'on', 'def@@', 'ence', 'c@@', 'oll@@', 'ab@@', 'or@@', 'ation', 'between', 'the', 'two', 'n@@', 'ations', '.']
2026-05-08 17:26:36,546 - DEBUG - joeynmt.training - 	Tokenized hypothesis: ['the', 'Commission', 'is', 'the', 'Commission', 'is', 'is', 'the', 'Commission', 'of', 'the', 'Commission', 'of', 'the', 'Commission', 'of', 'the', 'Commission', 'of', 'the', 'Commission', '.', '</s>']
2026-05-08 17:26:36,546 - INFO - joeynmt.training - 	Source:     Berichten zufolge hofft Indien darüber hinaus auf einen Vertrag zur Verteidigungszusammenarbeit zwischen den beiden Nationen .
2026-05-08 17:26:36,546 - INFO - joeynmt.training - 	Reference:  India is also reportedly hoping for a deal on defence collaboration between the two nations .
2026-05-08 17:26:36,546 - INFO - joeynmt.training - 	Hypothesis: the Commission is the Commission is is the Commission of the Commission of the Commission of the Commission of the Commission .
2026-05-08 17:26:52,488 - INFO - joeynmt.training - Epoch   1, Step:      600, Batch Loss:     3.536837, Batch Acc: 0.148925, Tokens per Sec:     5851, Lr: 0.000300
2026-05-08 17:27:08,535 - INFO - joeynmt.training - Epoch   1, Step:      700, Batch Loss:     3.290357, Batch Acc: 0.166497, Tokens per Sec:     5766, Lr: 0.000300
2026-05-08 17:27:24,617 - INFO - joeynmt.training - Epoch   1, Step:      800, Batch Loss:     3.291103, Batch Acc: 0.177400, Tokens per Sec:     5695, Lr: 0.000300
2026-05-08 17:27:41,340 - INFO - joeynmt.training - Epoch   1, Step:      900, Batch Loss:     3.060431, Batch Acc: 0.191467, Tokens per Sec:     5434, Lr: 0.000300
2026-05-08 17:27:56,961 - INFO - joeynmt.training - Epoch   1, Step:     1000, Batch Loss:     3.082630, Batch Acc: 0.195569, Tokens per Sec:     6016, Lr: 0.000300
2026-05-08 17:27:56,962 - INFO - joeynmt.prediction - Predicting 500 example(s)... (Greedy decoding with min_output_length=1, max_output_length=-1, return_prob='none', generate_unk=True, repetition_penalty=-1, no_repeat_ngram_size=-1)
2026-05-08 17:28:55,385 - INFO - joeynmt.prediction - Evaluation result (greedy) loss:   3.43, ppl:  30.78, acc:   0.16, generation: 58.4137[sec], evaluation: 0.0000[sec]
2026-05-08 17:28:55,388 - INFO - joeynmt.training - Hooray! New best validation result [ppl]!
2026-05-08 17:28:55,481 - INFO - joeynmt.training - Example #0
2026-05-08 17:28:55,481 - DEBUG - joeynmt.training - 	Tokenized source:     ['die', 'Pre@@', 'mi@@', 'er@@', 'minist@@', 'er', 'Indi@@', 'ens', 'und', 'J@@', 'ap@@', 'ans', 'tra@@', 'fen', 'sich', 'in', 'T@@', 'ok@@', 'i@@', 'o', '.']
2026-05-08 17:28:55,481 - DEBUG - joeynmt.training - 	Tokenized reference:  ['Indi@@', 'a', 'and', 'J@@', 'ap@@', 'an', 'pri@@', 'me', 'minist@@', 'ers', 'me@@', 'et', 'in', 'T@@', 'ok@@', 'y@@', 'o']
2026-05-08 17:28:55,481 - DEBUG - joeynmt.training - 	Tokenized hypothesis: ['the', 're@@', 'staurant', 'is', 'a', 'p@@', 'age', 'of', 'the', 'S@@', 'S@@', 'S@@', 'S@@', 'S@@', 'S@@', 'S@@', 'S@@', 'S@@', 'S@@', 'S@@', 'S@@', 'S@@', 'S@@', 'S@@', 'S@@', 'S@@', 'S@@', 'S@@', 'S@@', 'S@@', 'S@@', 'S@@', 'S@@', 'S@@', 'S@@', 'S@@', 'S@@', 'S@@', 'S@@', 'S@@', 'S@@', 'S@@', 'S@@', 'S@@', 'S@@', 'S@@', 'S@@', 'S@@', 'S@@', 'S@@', 'S@@', 'S@@', 'S@@', 'S@@', 'S@@', 'S@@', 'S@@', 'S@@', 'S@@', 'S@@', 'S@@', 'S@@', 'S@@', 'S@@', 'S@@', 'S@@', 'S@@', 'S@@', 'S@@', 'S@@', 'S@@', 'S@@', 'S@@', 'S@@', 'S@@', 'S@@', 'S@@', 'S@@', 'S@@', 'S@@', 'S@@', 'ec@@', 'ec@@', 'ec@@', 'ec@@', 'ec@@', 'ec@@', 'ec@@', 'ec@@', 'ec@@', 'ec@@', 'ec@@', 'ec@@', 'ec@@', 'ec@@', 'ec@@', 'ec@@', 'ec@@', 'ec@@', 'ec@@', 'ec@@', 'ec@@', 'ec@@', 'ec@@', 'ec@@', 'ec@@', 'ec@@', 'ec@@', 'ec@@', 'ec@@', 'ec@@', 'ec@@', 'ec@@', 'ec@@', 'ec@@', 'ec@@', 'ec@@', 'ec@@', 'ec@@', 'ec@@', 'ec@@', 'ec@@', 'ec@@', 'ec@@', 'ec@@', 'ec@@', 'ec@@', 'ec@@', 'ec@@', 'ec@@', 'ec@@', 'ec@@', 'ec@@', 'ec@@', 'ec@@', 'ec@@', 'ec@@', 'ec@@']
2026-05-08 17:28:55,482 - INFO - joeynmt.training - 	Source:     die Premierminister Indiens und Japans trafen sich in Tokio .
2026-05-08 17:28:55,482 - INFO - joeynmt.training - 	Reference:  India and Japan prime ministers meet in Tokyo
2026-05-08 17:28:55,482 - INFO - joeynmt.training - 	Hypothesis: the restaurant is a page of the SSSSSSSSSSSSSSSSSSSSSSSSSSSSSSSSSSSSSSSSSSSSSSSSSSSSSSSSSSSSSSSSSSSSSSSSececececececececececececececececececececececececececececececececececececececececececececececececececececececececec
2026-05-08 17:28:55,482 - INFO - joeynmt.training - Example #1
2026-05-08 17:28:55,482 - DEBUG - joeynmt.training - 	Tokenized source:     ['Indi@@', 'ens', 'neu@@', 'er', 'Pre@@', 'mi@@', 'er@@', 'minist@@', 'er', 'N@@', 'ar@@', 'end@@', 'ra', 'Mo@@', 'd@@', 'i', 'tri@@', 'fft', 'bei', 's@@', 'einem', 'ersten', 'wichti@@', 'gen', 'Aus@@', 'land@@', 's@@', 'bes@@', 'u@@', 'ch', 'seit', 's@@', 'einem', 'W@@', 'ah@@', 'l@@', 'si@@', 'e@@', 'g', 'im', 'Ma@@', 'i', 'seinen', 'j@@', 'ap@@', 'an@@', 'ischen', 'Am@@', 'ts@@', 'k@@', 'olle@@', 'gen', 'S@@', 'hin@@', 'z@@', 'o', 'A@@', 'be', 'in', 'T@@', 'ok@@', 'o', ',', 'um', 'wirtschaf@@', 'tliche', 'und', 'sicher@@', 'heits@@', 'politische', 'Be@@', 'zieh@@', 'ungen', 'zu', 'bes@@', 'pre@@', 'chen', '.']
2026-05-08 17:28:55,482 - DEBUG - joeynmt.training - 	Tokenized reference:  ['Indi@@', 'a', '&apos;s', 'new', 'pri@@', 'me', 'minist@@', 'er', ',', 'N@@', 'ar@@', 'end@@', 'ra', 'Mo@@', 'd@@', 'i', ',', 'is', 'me@@', 'eting', 'his', 'J@@', 'ap@@', 'an@@', 'ese', 'coun@@', 'ter@@', 'part', ',', 'S@@', 'hin@@', 'z@@', 'o', 'A@@', 'be', ',', 'in', 'T@@', 'ok@@', 'y@@', 'o', 'to', 'disc@@', 'uss', 'economic', 'and', 'security', 'ties', ',', 'on', 'his', 'first', 'major', 'fore@@', 'ign', 'visi@@', 't', 'since', 'w@@', 'inn@@', 'ing', 'Ma@@', 'y', '&apos;s', 'elec@@', 'tion', '.']
2026-05-08 17:28:55,482 - DEBUG - joeynmt.training - 	Tokenized hypothesis: ['the', 're@@', 're@@', 're@@', 're@@', 're@@', 're@@', 're@@', 're@@', 're@@', 're@@', 're@@', 're@@', 're@@', 're@@', 're@@', 're@@', 're@@', 're@@', 're@@', 're@@', 're@@', 're@@', 're@@', 're@@', 're@@', 're@@', 're@@', 're@@', 're@@', 're@@', 're@@', 're@@', 're@@', 're@@', 're@@', 're@@', 're@@', 're@@', 're@@', 're@@', 're@@', 're@@', 're@@', 're@@', 're@@', 're@@', 're@@', 're@@', 're@@', 're@@', 're@@', 're@@', 're@@', 're@@', 're@@', 're@@', 're@@', 're@@', 're@@', 're@@', 're@@', 're@@', 're@@', 're@@', 're@@', 're@@', 're@@', 're@@', 're@@', 're@@', 're@@', 're@@', 're@@', 're@@', 're@@', 're@@', 're@@', 're@@', 're@@', 're@@', 're@@', 're@@', 're@@', 're@@', 're@@', 're@@', 're@@', 're@@', 're@@', 're@@', 're@@', 're@@', 're@@', 're@@', 're@@', 're@@', 're@@', 're@@', 're@@', 're@@', 're@@', 're@@', 're@@', 're@@', 're@@', 're@@', 're@@', 're@@', 're@@', 're@@', 're@@', 're@@', 're@@', 're@@', 're@@', 're@@', 're@@', 're@@', 're@@', 're@@', 're@@', 're@@', 're@@', 're@@', 're@@', 're@@', 're@@', 're@@', 're@@', 're@@', 're@@', 're@@', 're@@', 're@@', 'ments', 'ments', 'ments']
2026-05-08 17:28:55,482 - INFO - joeynmt.training - 	Source:     Indiens neuer Premierminister Narendra Modi trifft bei seinem ersten wichtigen Auslandsbesuch seit seinem Wahlsieg im Mai seinen japanischen Amtskollegen Shinzo Abe in Toko , um wirtschaftliche und sicherheitspolitische Beziehungen zu besprechen .
2026-05-08 17:28:55,482 - INFO - joeynmt.training - 	Reference:  India &apos;s new prime minister , Narendra Modi , is meeting his Japanese counterpart , Shinzo Abe , in Tokyo to discuss economic and security ties , on his first major foreign visit since winning May &apos;s election .
2026-05-08 17:28:55,482 - INFO - joeynmt.training - 	Hypothesis: the rerererererererererererererererererererererererererererererererererererererererererererererererererererererererererererererererererererererererererererererererererererererererererererererererererererererererererererererererererererererererererererererererererererererements ments ments
2026-05-08 17:28:55,482 - INFO - joeynmt.training - Example #2
2026-05-08 17:28:55,482 - DEBUG - joeynmt.training - 	Tokenized source:     ['Herr', 'Mo@@', 'd@@', 'i', 'befindet', 'sich', 'auf', 'einer', 'fü@@', 'n@@', 'f@@', 'tä@@', 'gi@@', 'gen', 'Rei@@', 'se', 'nach', 'J@@', 'ap@@', 'an', ',', 'um', 'die', 'wirtschaf@@', 'tlichen', 'Be@@', 'zieh@@', 'ungen', 'mit', 'der', 'd@@', 'rit@@', 't@@', 'größ@@', 'ten', 'Wirtschafts@@', 'n@@', 'ation', 'der', 'Welt', 'zu', 'fes@@', 'tigen', '.']
2026-05-08 17:28:55,482 - DEBUG - joeynmt.training - 	Tokenized reference:  ['Mr', 'Mo@@', 'd@@', 'i', 'is', 'on', 'a', 'fi@@', 've', '@@@', '-@@', '@', 'day', 'tri@@', 'p', 'to', 'J@@', 'ap@@', 'an', 'to', 'streng@@', 'then', 'economic', 'ties', 'with', 'the', 'third', 'lar@@', 'ges@@', 't', 'econom@@', 'y', 'in', 'the', 'world', '.']
2026-05-08 17:28:55,482 - DEBUG - joeynmt.training - 	Tokenized hypothesis: ['Mr', 'President', ',', 'Mr', 'President', ',', 'the', 'Commission', ',', 'the', 'Commission', ',', 'the', 'European', 'Union', ',', 'the', 'European', 'Union', ',', 'the', 'European', 'Union', 'and', 'the', 'European', 'Union', '.', '</s>']
2026-05-08 17:28:55,482 - INFO - joeynmt.training - 	Source:     Herr Modi befindet sich auf einer fünftägigen Reise nach Japan , um die wirtschaftlichen Beziehungen mit der drittgrößten Wirtschaftsnation der Welt zu festigen .
2026-05-08 17:28:55,482 - INFO - joeynmt.training - 	Reference:  Mr Modi is on a five @-@ day trip to Japan to strengthen economic ties with the third largest economy in the world .
2026-05-08 17:28:55,482 - INFO - joeynmt.training - 	Hypothesis: Mr President , Mr President , the Commission , the Commission , the European Union , the European Union , the European Union and the European Union .
2026-05-08 17:28:55,482 - INFO - joeynmt.training - Example #3
2026-05-08 17:28:55,482 - DEBUG - joeynmt.training - 	Tokenized source:     ['P@@', 'län@@', 'e', 'für', 'eine', 'stärk@@', 'ere', 'k@@', 'ern@@', 'techn@@', 'ische', 'Zusammenarbeit', 'stehen', 'ganz', 'ob@@', 'en', 'auf', 'der', 'Tag@@', 'es@@', 'ordnung', '.']
2026-05-08 17:28:55,482 - DEBUG - joeynmt.training - 	Tokenized reference:  ['high', 'on', 'the', 'agen@@', 'da', 'are', 'pl@@', 'ans', 'for', 'gre@@', 'ater', 'nu@@', 'clear', 'c@@', 'o', '@@@', '-@@', '@', 'operation', '.']
2026-05-08 17:28:55,482 - DEBUG - joeynmt.training - 	Tokenized hypothesis: ['-LRB-', 'P@@', 'P@@', 'S', 'is', 'a', 'is', 'a', 'is', 'a', 'few', 'm@@', 'embers', 'of', 'the', 're@@', 're@@', 're@@', 're@@', 're@@', 're@@', 're@@', 're@@', 're@@', 're@@', 're@@', 're@@', 're@@', 're@@', 're@@', 're@@', 're@@', 're@@', 're@@', 'staurant', '.', '</s>']
2026-05-08 17:28:55,483 - INFO - joeynmt.training - 	Source:     Pläne für eine stärkere kerntechnische Zusammenarbeit stehen ganz oben auf der Tagesordnung .
2026-05-08 17:28:55,483 - INFO - joeynmt.training - 	Reference:  high on the agenda are plans for greater nuclear co @-@ operation .
2026-05-08 17:28:55,483 - INFO - joeynmt.training - 	Hypothesis: -LRB- PPS is a is a is a few members of the rererererererererererererererererererestaurant .
2026-05-08 17:28:55,483 - INFO - joeynmt.training - Example #4
2026-05-08 17:28:55,483 - DEBUG - joeynmt.training - 	Tokenized source:     ['Berich@@', 'ten', 'zu@@', 'fol@@', 'ge', 'ho@@', 'fft', 'Indi@@', 'en', 'darüber', 'hinaus', 'auf', 'einen', 'Ver@@', 'trag', 'zur', 'Ver@@', 'tei@@', 'dig@@', 'ungs@@', 'zusammen@@', 'arbeit', 'zwischen', 'den', 'beiden', 'N@@', 'ationen', '.']
2026-05-08 17:28:55,483 - DEBUG - joeynmt.training - 	Tokenized reference:  ['Indi@@', 'a', 'is', 'also', 're@@', 'porte@@', 'dly', 'hop@@', 'ing', 'for', 'a', 'de@@', 'al', 'on', 'def@@', 'ence', 'c@@', 'oll@@', 'ab@@', 'or@@', 'ation', 'between', 'the', 'two', 'n@@', 'ations', '.']
2026-05-08 17:28:55,483 - DEBUG - joeynmt.training - 	Tokenized hypothesis: ['the', 'European', 'Union', 'is', 'a', 'few', 'b@@', 'ut@@', 'ut@@', 'ely', 'to', 'be', 'be', 'a', 'few', 'b@@', 'ed', 'to', 'the', 'European', 'Union', '.', '</s>']
2026-05-08 17:28:55,483 - INFO - joeynmt.training - 	Source:     Berichten zufolge hofft Indien darüber hinaus auf einen Vertrag zur Verteidigungszusammenarbeit zwischen den beiden Nationen .
2026-05-08 17:28:55,483 - INFO - joeynmt.training - 	Reference:  India is also reportedly hoping for a deal on defence collaboration between the two nations .
2026-05-08 17:28:55,483 - INFO - joeynmt.training - 	Hypothesis: the European Union is a few bututely to be be a few bed to the European Union .
2026-05-08 17:29:16,348 - INFO - joeynmt.training - Epoch   1, Step:     1100, Batch Loss:     3.195098, Batch Acc: 0.203804, Tokens per Sec:     4384, Lr: 0.000300
2026-05-08 17:29:34,183 - INFO - joeynmt.training - Epoch   1, Step:     1200, Batch Loss:     3.095372, Batch Acc: 0.210509, Tokens per Sec:     5193, Lr: 0.000300
2026-05-08 17:29:51,864 - INFO - joeynmt.training - Epoch   1, Step:     1300, Batch Loss:     3.031176, Batch Acc: 0.215378, Tokens per Sec:     5203, Lr: 0.000300
2026-05-08 17:30:09,151 - INFO - joeynmt.training - Epoch   1, Step:     1400, Batch Loss:     2.979170, Batch Acc: 0.220671, Tokens per Sec:     5295, Lr: 0.000300
2026-05-08 17:30:26,163 - INFO - joeynmt.training - Epoch   1, Step:     1500, Batch Loss:     2.966472, Batch Acc: 0.229997, Tokens per Sec:     5347, Lr: 0.000300
2026-05-08 17:30:26,164 - INFO - joeynmt.prediction - Predicting 500 example(s)... (Greedy decoding with min_output_length=1, max_output_length=-1, return_prob='none', generate_unk=True, repetition_penalty=-1, no_repeat_ngram_size=-1)
2026-05-08 17:31:15,808 - INFO - joeynmt.prediction - Evaluation result (greedy) loss:   3.28, ppl:  26.49, acc:   0.18, generation: 49.6391[sec], evaluation: 0.0000[sec]
2026-05-08 17:31:15,810 - INFO - joeynmt.training - Hooray! New best validation result [ppl]!
2026-05-08 17:31:15,903 - INFO - joeynmt.training - Example #0
2026-05-08 17:31:15,903 - DEBUG - joeynmt.training - 	Tokenized source:     ['die', 'Pre@@', 'mi@@', 'er@@', 'minist@@', 'er', 'Indi@@', 'ens', 'und', 'J@@', 'ap@@', 'ans', 'tra@@', 'fen', 'sich', 'in', 'T@@', 'ok@@', 'i@@', 'o', '.']
2026-05-08 17:31:15,903 - DEBUG - joeynmt.training - 	Tokenized reference:  ['Indi@@', 'a', 'and', 'J@@', 'ap@@', 'an', 'pri@@', 'me', 'minist@@', 'ers', 'me@@', 'et', 'in', 'T@@', 'ok@@', 'y@@', 'o']
2026-05-08 17:31:15,903 - DEBUG - joeynmt.training - 	Tokenized hypothesis: ['the', 're@@', 'p@@', 'age', 'of', 'the', 're@@', 'la@@', 'x@@', 'ing', 'and', 'and', 'and', 'the', 're@@', 'la@@', 'x@@', 'ed', '.', '</s>']
2026-05-08 17:31:15,903 - INFO - joeynmt.training - 	Source:     die Premierminister Indiens und Japans trafen sich in Tokio .
2026-05-08 17:31:15,903 - INFO - joeynmt.training - 	Reference:  India and Japan prime ministers meet in Tokyo
2026-05-08 17:31:15,903 - INFO - joeynmt.training - 	Hypothesis: the repage of the relaxing and and and the relaxed .
2026-05-08 17:31:15,903 - INFO - joeynmt.training - Example #1
2026-05-08 17:31:15,903 - DEBUG - joeynmt.training - 	Tokenized source:     ['Indi@@', 'ens', 'neu@@', 'er', 'Pre@@', 'mi@@', 'er@@', 'minist@@', 'er', 'N@@', 'ar@@', 'end@@', 'ra', 'Mo@@', 'd@@', 'i', 'tri@@', 'fft', 'bei', 's@@', 'einem', 'ersten', 'wichti@@', 'gen', 'Aus@@', 'land@@', 's@@', 'bes@@', 'u@@', 'ch', 'seit', 's@@', 'einem', 'W@@', 'ah@@', 'l@@', 'si@@', 'e@@', 'g', 'im', 'Ma@@', 'i', 'seinen', 'j@@', 'ap@@', 'an@@', 'ischen', 'Am@@', 'ts@@', 'k@@', 'olle@@', 'gen', 'S@@', 'hin@@', 'z@@', 'o', 'A@@', 'be', 'in', 'T@@', 'ok@@', 'o', ',', 'um', 'wirtschaf@@', 'tliche', 'und', 'sicher@@', 'heits@@', 'politische', 'Be@@', 'zieh@@', 'ungen', 'zu', 'bes@@', 'pre@@', 'chen', '.']
2026-05-08 17:31:15,903 - DEBUG - joeynmt.training - 	Tokenized reference:  ['Indi@@', 'a', '&apos;s', 'new', 'pri@@', 'me', 'minist@@', 'er', ',', 'N@@', 'ar@@', 'end@@', 'ra', 'Mo@@', 'd@@', 'i', ',', 'is', 'me@@', 'eting', 'his', 'J@@', 'ap@@', 'an@@', 'ese', 'coun@@', 'ter@@', 'part', ',', 'S@@', 'hin@@', 'z@@', 'o', 'A@@', 'be', ',', 'in', 'T@@', 'ok@@', 'y@@', 'o', 'to', 'disc@@', 'uss', 'economic', 'and', 'security', 'ties', ',', 'on', 'his', 'first', 'major', 'fore@@', 'ign', 'visi@@', 't', 'since', 'w@@', 'inn@@', 'ing', 'Ma@@', 'y', '&apos;s', 'elec@@', 'tion', '.']
2026-05-08 17:31:15,903 - DEBUG - joeynmt.training - 	Tokenized hypothesis: ['the', 'hotel', 'is', 'a', 'very', 'very', 'very', 'very', 'very', 'very', 'very', 'very', 'very', 'very', 'very', 'very', 'very', 'very', 'very', 'very', 'very', 'very', 'very', 'very', 'very', 'very', 'very', 'very', 'of', 'the', 'C@@', 'an@@', 'an@@', 'an@@', 'an@@', 'an@@', 'ts', 'of', 'the', 'C@@', 'an@@', 'an@@', 'an@@', 'a', ',', 'and', 'the', 'C@@', 'an@@', 'an@@', 'an@@', 'an@@', 'an@@', 'an@@', 'an@@', 'an@@', 'ts', 'of', 'the', 'C@@', 'an@@', 'an@@', 'an@@', 'an@@', 'an@@', 'an@@', 'an@@', 'a', '.', '</s>']
2026-05-08 17:31:15,903 - INFO - joeynmt.training - 	Source:     Indiens neuer Premierminister Narendra Modi trifft bei seinem ersten wichtigen Auslandsbesuch seit seinem Wahlsieg im Mai seinen japanischen Amtskollegen Shinzo Abe in Toko , um wirtschaftliche und sicherheitspolitische Beziehungen zu besprechen .
2026-05-08 17:31:15,903 - INFO - joeynmt.training - 	Reference:  India &apos;s new prime minister , Narendra Modi , is meeting his Japanese counterpart , Shinzo Abe , in Tokyo to discuss economic and security ties , on his first major foreign visit since winning May &apos;s election .
2026-05-08 17:31:15,903 - INFO - joeynmt.training - 	Hypothesis: the hotel is a very very very very very very very very very very very very very very very very very very very very very very very very of the Cananananants of the Cananana , and the Canananananananants of the Cananananananana .
2026-05-08 17:31:15,903 - INFO - joeynmt.training - Example #2
2026-05-08 17:31:15,903 - DEBUG - joeynmt.training - 	Tokenized source:     ['Herr', 'Mo@@', 'd@@', 'i', 'befindet', 'sich', 'auf', 'einer', 'fü@@', 'n@@', 'f@@', 'tä@@', 'gi@@', 'gen', 'Rei@@', 'se', 'nach', 'J@@', 'ap@@', 'an', ',', 'um', 'die', 'wirtschaf@@', 'tlichen', 'Be@@', 'zieh@@', 'ungen', 'mit', 'der', 'd@@', 'rit@@', 't@@', 'größ@@', 'ten', 'Wirtschafts@@', 'n@@', 'ation', 'der', 'Welt', 'zu', 'fes@@', 'tigen', '.']
2026-05-08 17:31:15,903 - DEBUG - joeynmt.training - 	Tokenized reference:  ['Mr', 'Mo@@', 'd@@', 'i', 'is', 'on', 'a', 'fi@@', 've', '@@@', '-@@', '@', 'day', 'tri@@', 'p', 'to', 'J@@', 'ap@@', 'an', 'to', 'streng@@', 'then', 'economic', 'ties', 'with', 'the', 'third', 'lar@@', 'ges@@', 't', 'econom@@', 'y', 'in', 'the', 'world', '.']
2026-05-08 17:31:15,903 - DEBUG - joeynmt.training - 	Tokenized hypothesis: ['Mr', 'President', ',', 'the', 'first', 'time', ',', 'a', 're@@', 'la@@', 'x@@', 'ed', ',', 'but', 'the', 're@@', 'st', 'of', 'the', 'Member', 'States', ',', 'and', 'the', 'Member', 'States', ',', 'and', 'the', 'Member', 'States', '.', '</s>']
2026-05-08 17:31:15,904 - INFO - joeynmt.training - 	Source:     Herr Modi befindet sich auf einer fünftägigen Reise nach Japan , um die wirtschaftlichen Beziehungen mit der drittgrößten Wirtschaftsnation der Welt zu festigen .
2026-05-08 17:31:15,904 - INFO - joeynmt.training - 	Reference:  Mr Modi is on a five @-@ day trip to Japan to strengthen economic ties with the third largest economy in the world .
2026-05-08 17:31:15,904 - INFO - joeynmt.training - 	Hypothesis: Mr President , the first time , a relaxed , but the rest of the Member States , and the Member States , and the Member States .
2026-05-08 17:31:15,904 - INFO - joeynmt.training - Example #3
2026-05-08 17:31:15,904 - DEBUG - joeynmt.training - 	Tokenized source:     ['P@@', 'län@@', 'e', 'für', 'eine', 'stärk@@', 'ere', 'k@@', 'ern@@', 'techn@@', 'ische', 'Zusammenarbeit', 'stehen', 'ganz', 'ob@@', 'en', 'auf', 'der', 'Tag@@', 'es@@', 'ordnung', '.']
2026-05-08 17:31:15,904 - DEBUG - joeynmt.training - 	Tokenized reference:  ['high', 'on', 'the', 'agen@@', 'da', 'are', 'pl@@', 'ans', 'for', 'gre@@', 'ater', 'nu@@', 'clear', 'c@@', 'o', '@@@', '-@@', '@', 'operation', '.']
2026-05-08 17:31:15,904 - DEBUG - joeynmt.training - 	Tokenized hypothesis: ['the', 're@@', 'p@@', 'age', 'of', 'the', 're@@', 're@@', 're@@', 're@@', 'ly', 'in', 'the', 'Member', 'States', '.', '</s>']
2026-05-08 17:31:15,904 - INFO - joeynmt.training - 	Source:     Pläne für eine stärkere kerntechnische Zusammenarbeit stehen ganz oben auf der Tagesordnung .
2026-05-08 17:31:15,904 - INFO - joeynmt.training - 	Reference:  high on the agenda are plans for greater nuclear co @-@ operation .
2026-05-08 17:31:15,904 - INFO - joeynmt.training - 	Hypothesis: the repage of the rerererely in the Member States .
2026-05-08 17:31:15,904 - INFO - joeynmt.training - Example #4
2026-05-08 17:31:15,904 - DEBUG - joeynmt.training - 	Tokenized source:     ['Berich@@', 'ten', 'zu@@', 'fol@@', 'ge', 'ho@@', 'fft', 'Indi@@', 'en', 'darüber', 'hinaus', 'auf', 'einen', 'Ver@@', 'trag', 'zur', 'Ver@@', 'tei@@', 'dig@@', 'ungs@@', 'zusammen@@', 'arbeit', 'zwischen', 'den', 'beiden', 'N@@', 'ationen', '.']
2026-05-08 17:31:15,904 - DEBUG - joeynmt.training - 	Tokenized reference:  ['Indi@@', 'a', 'is', 'also', 're@@', 'porte@@', 'dly', 'hop@@', 'ing', 'for', 'a', 'de@@', 'al', 'on', 'def@@', 'ence', 'c@@', 'oll@@', 'ab@@', 'or@@', 'ation', 'between', 'the', 'two', 'n@@', 'ations', '.']
2026-05-08 17:31:15,904 - DEBUG - joeynmt.training - 	Tokenized hypothesis: ['this', 'is', 'a', 'very', 'very', 'very', 'very', 'very', 'very', 'very', 'very', 'very', 'very', 'very', 'very', 'to', 'be', 're@@', 'la@@', 'y', 'to', 'be', 'able', 'to', 'be', 'be', 'taken', '.', '</s>']
2026-05-08 17:31:15,904 - INFO - joeynmt.training - 	Source:     Berichten zufolge hofft Indien darüber hinaus auf einen Vertrag zur Verteidigungszusammenarbeit zwischen den beiden Nationen .
2026-05-08 17:31:15,904 - INFO - joeynmt.training - 	Reference:  India is also reportedly hoping for a deal on defence collaboration between the two nations .
2026-05-08 17:31:15,904 - INFO - joeynmt.training - 	Hypothesis: this is a very very very very very very very very very very very very to be relay to be able to be be taken .
2026-05-08 17:31:31,886 - INFO - joeynmt.training - Epoch   1, Step:     1600, Batch Loss:     2.968807, Batch Acc: 0.235472, Tokens per Sec:     5806, Lr: 0.000300
2026-05-08 17:31:48,081 - INFO - joeynmt.training - Epoch   1, Step:     1700, Batch Loss:     2.884991, Batch Acc: 0.240647, Tokens per Sec:     5620, Lr: 0.000300
2026-05-08 17:32:04,249 - INFO - joeynmt.training - Epoch   1, Step:     1800, Batch Loss:     2.910560, Batch Acc: 0.242852, Tokens per Sec:     5670, Lr: 0.000300
2026-05-08 17:32:20,381 - INFO - joeynmt.training - Epoch   1, Step:     1900, Batch Loss:     2.850007, Batch Acc: 0.251283, Tokens per Sec:     5701, Lr: 0.000300
2026-05-08 17:32:36,341 - INFO - joeynmt.training - Epoch   1, Step:     2000, Batch Loss:     2.776836, Batch Acc: 0.254637, Tokens per Sec:     5730, Lr: 0.000300
2026-05-08 17:32:36,341 - INFO - joeynmt.prediction - Predicting 500 example(s)... (Greedy decoding with min_output_length=1, max_output_length=-1, return_prob='none', generate_unk=True, repetition_penalty=-1, no_repeat_ngram_size=-1)
2026-05-08 17:33:21,112 - INFO - joeynmt.prediction - Evaluation result (greedy) loss:   3.16, ppl:  23.58, acc:   0.20, generation: 44.7668[sec], evaluation: 0.0000[sec]
2026-05-08 17:33:21,114 - INFO - joeynmt.training - Hooray! New best validation result [ppl]!
2026-05-08 17:33:21,197 - INFO - joeynmt.training - Example #0
2026-05-08 17:33:21,198 - DEBUG - joeynmt.training - 	Tokenized source:     ['die', 'Pre@@', 'mi@@', 'er@@', 'minist@@', 'er', 'Indi@@', 'ens', 'und', 'J@@', 'ap@@', 'ans', 'tra@@', 'fen', 'sich', 'in', 'T@@', 'ok@@', 'i@@', 'o', '.']
2026-05-08 17:33:21,198 - DEBUG - joeynmt.training - 	Tokenized reference:  ['Indi@@', 'a', 'and', 'J@@', 'ap@@', 'an', 'pri@@', 'me', 'minist@@', 'ers', 'me@@', 'et', 'in', 'T@@', 'ok@@', 'y@@', 'o']
2026-05-08 17:33:21,198 - DEBUG - joeynmt.training - 	Tokenized hypothesis: ['the', 'b@@', 'ack@@', '-@@', 'and', 'the', 'b@@', 'l@@', 'ack', 'of', 'the', 'S@@', 'ec@@', 'urity', 'and', '.', '</s>']
2026-05-08 17:33:21,198 - INFO - joeynmt.training - 	Source:     die Premierminister Indiens und Japans trafen sich in Tokio .
2026-05-08 17:33:21,198 - INFO - joeynmt.training - 	Reference:  India and Japan prime ministers meet in Tokyo
2026-05-08 17:33:21,198 - INFO - joeynmt.training - 	Hypothesis: the back-and the black of the Security and .
2026-05-08 17:33:21,198 - INFO - joeynmt.training - Example #1
2026-05-08 17:33:21,198 - DEBUG - joeynmt.training - 	Tokenized source:     ['Indi@@', 'ens', 'neu@@', 'er', 'Pre@@', 'mi@@', 'er@@', 'minist@@', 'er', 'N@@', 'ar@@', 'end@@', 'ra', 'Mo@@', 'd@@', 'i', 'tri@@', 'fft', 'bei', 's@@', 'einem', 'ersten', 'wichti@@', 'gen', 'Aus@@', 'land@@', 's@@', 'bes@@', 'u@@', 'ch', 'seit', 's@@', 'einem', 'W@@', 'ah@@', 'l@@', 'si@@', 'e@@', 'g', 'im', 'Ma@@', 'i', 'seinen', 'j@@', 'ap@@', 'an@@', 'ischen', 'Am@@', 'ts@@', 'k@@', 'olle@@', 'gen', 'S@@', 'hin@@', 'z@@', 'o', 'A@@', 'be', 'in', 'T@@', 'ok@@', 'o', ',', 'um', 'wirtschaf@@', 'tliche', 'und', 'sicher@@', 'heits@@', 'politische', 'Be@@', 'zieh@@', 'ungen', 'zu', 'bes@@', 'pre@@', 'chen', '.']
2026-05-08 17:33:21,198 - DEBUG - joeynmt.training - 	Tokenized reference:  ['Indi@@', 'a', '&apos;s', 'new', 'pri@@', 'me', 'minist@@', 'er', ',', 'N@@', 'ar@@', 'end@@', 'ra', 'Mo@@', 'd@@', 'i', ',', 'is', 'me@@', 'eting', 'his', 'J@@', 'ap@@', 'an@@', 'ese', 'coun@@', 'ter@@', 'part', ',', 'S@@', 'hin@@', 'z@@', 'o', 'A@@', 'be', ',', 'in', 'T@@', 'ok@@', 'y@@', 'o', 'to', 'disc@@', 'uss', 'economic', 'and', 'security', 'ties', ',', 'on', 'his', 'first', 'major', 'fore@@', 'ign', 'visi@@', 't', 'since', 'w@@', 'inn@@', 'ing', 'Ma@@', 'y', '&apos;s', 'elec@@', 'tion', '.']
2026-05-08 17:33:21,198 - DEBUG - joeynmt.training - 	Tokenized hypothesis: ['the', 'first', 'of', 'the', 'C@@', 'a@@', 'a@@', 'in', 'the', 'C@@', 'an@@', 'an@@', 'an@@', 'o', 'is', 'a', 'good', 'good', 'of', 'the', 'first', 'of', 'the', 'first', 'of', 'the', 'first', 'of', 'the', 'S@@', 'ec@@', 'u@@', 'z@@', 'z@@', 'z@@', 'z@@', 'z@@', 'z@@', 'z@@', 'z@@', 'z@@', 'z@@', 'z@@', 'z@@', 'z@@', 'z@@', 'z@@', 'z@@', 'z@@', 'z@@', 'z@@', 'z@@', 'z@@', 'z@@', 'z@@', 'z@@', 'z@@', 'z@@', 'z@@', 'z@@', 'z@@', 'z@@', 'z@@', 'z@@', 'z@@', 'z@@', 'z@@', 'z@@', 'z@@', 'z@@', 'z@@', 'z@@', 'z@@', 'z@@', 'z@@', 'z@@', 'z@@', 'z@@', 'z@@', 'z@@', 'z@@', 'z@@', 'z@@', 'z@@', 'z@@', 'a', '.', '</s>']
2026-05-08 17:33:21,198 - INFO - joeynmt.training - 	Source:     Indiens neuer Premierminister Narendra Modi trifft bei seinem ersten wichtigen Auslandsbesuch seit seinem Wahlsieg im Mai seinen japanischen Amtskollegen Shinzo Abe in Toko , um wirtschaftliche und sicherheitspolitische Beziehungen zu besprechen .
2026-05-08 17:33:21,198 - INFO - joeynmt.training - 	Reference:  India &apos;s new prime minister , Narendra Modi , is meeting his Japanese counterpart , Shinzo Abe , in Tokyo to discuss economic and security ties , on his first major foreign visit since winning May &apos;s election .
2026-05-08 17:33:21,198 - INFO - joeynmt.training - 	Hypothesis: the first of the Caain the Cananano is a good good of the first of the first of the first of the Secuzzzzzzzzzzzzzzzzzzzzzzzzzzzzzzzzzzzzzzzzzzzzzzzzzzzzza .
2026-05-08 17:33:21,198 - INFO - joeynmt.training - Example #2
2026-05-08 17:33:21,198 - DEBUG - joeynmt.training - 	Tokenized source:     ['Herr', 'Mo@@', 'd@@', 'i', 'befindet', 'sich', 'auf', 'einer', 'fü@@', 'n@@', 'f@@', 'tä@@', 'gi@@', 'gen', 'Rei@@', 'se', 'nach', 'J@@', 'ap@@', 'an', ',', 'um', 'die', 'wirtschaf@@', 'tlichen', 'Be@@', 'zieh@@', 'ungen', 'mit', 'der', 'd@@', 'rit@@', 't@@', 'größ@@', 'ten', 'Wirtschafts@@', 'n@@', 'ation', 'der', 'Welt', 'zu', 'fes@@', 'tigen', '.']
2026-05-08 17:33:21,198 - DEBUG - joeynmt.training - 	Tokenized reference:  ['Mr', 'Mo@@', 'd@@', 'i', 'is', 'on', 'a', 'fi@@', 've', '@@@', '-@@', '@', 'day', 'tri@@', 'p', 'to', 'J@@', 'ap@@', 'an', 'to', 'streng@@', 'then', 'economic', 'ties', 'with', 'the', 'third', 'lar@@', 'ges@@', 't', 'econom@@', 'y', 'in', 'the', 'world', '.']
2026-05-08 17:33:21,198 - DEBUG - joeynmt.training - 	Tokenized hypothesis: ['Mr', 'President', ',', 'the', 'most', 'important', 'of', 'a', 'a', 'di@@', 'di@@', 'st@@', 'ation', 'of', 'the', 'C@@', 'or@@', 't@@', 'al', 'is', 'the', 'con@@', 'ven@@', 'i@@', 'ent', 'of', 'the', 'EU', '&apos;s', 'pro@@', 'per@@', 'ty', 'of', 'the', 'EU', '&apos;s', 'pro@@', 'gress', '.', '</s>']
2026-05-08 17:33:21,198 - INFO - joeynmt.training - 	Source:     Herr Modi befindet sich auf einer fünftägigen Reise nach Japan , um die wirtschaftlichen Beziehungen mit der drittgrößten Wirtschaftsnation der Welt zu festigen .
2026-05-08 17:33:21,198 - INFO - joeynmt.training - 	Reference:  Mr Modi is on a five @-@ day trip to Japan to strengthen economic ties with the third largest economy in the world .
2026-05-08 17:33:21,198 - INFO - joeynmt.training - 	Hypothesis: Mr President , the most important of a a didistation of the Cortal is the convenient of the EU &apos;s property of the EU &apos;s progress .
2026-05-08 17:33:21,198 - INFO - joeynmt.training - Example #3
2026-05-08 17:33:21,198 - DEBUG - joeynmt.training - 	Tokenized source:     ['P@@', 'län@@', 'e', 'für', 'eine', 'stärk@@', 'ere', 'k@@', 'ern@@', 'techn@@', 'ische', 'Zusammenarbeit', 'stehen', 'ganz', 'ob@@', 'en', 'auf', 'der', 'Tag@@', 'es@@', 'ordnung', '.']
2026-05-08 17:33:21,198 - DEBUG - joeynmt.training - 	Tokenized reference:  ['high', 'on', 'the', 'agen@@', 'da', 'are', 'pl@@', 'ans', 'for', 'gre@@', 'ater', 'nu@@', 'clear', 'c@@', 'o', '@@@', '-@@', '@', 'operation', '.']
2026-05-08 17:33:21,198 - DEBUG - joeynmt.training - 	Tokenized hypothesis: ['the', 'new', 'new', 'new', 'new', 'new', 'new', 'new', 'new', 'new', 'new', 'new', 'new', 'new', 'new', 'new', 'new', 'new', 'new', 'new', 'new', '.', '</s>']
2026-05-08 17:33:21,198 - INFO - joeynmt.training - 	Source:     Pläne für eine stärkere kerntechnische Zusammenarbeit stehen ganz oben auf der Tagesordnung .
2026-05-08 17:33:21,198 - INFO - joeynmt.training - 	Reference:  high on the agenda are plans for greater nuclear co @-@ operation .
2026-05-08 17:33:21,198 - INFO - joeynmt.training - 	Hypothesis: the new new new new new new new new new new new new new new new new new new new new .
2026-05-08 17:33:21,198 - INFO - joeynmt.training - Example #4
2026-05-08 17:33:21,199 - DEBUG - joeynmt.training - 	Tokenized source:     ['Berich@@', 'ten', 'zu@@', 'fol@@', 'ge', 'ho@@', 'fft', 'Indi@@', 'en', 'darüber', 'hinaus', 'auf', 'einen', 'Ver@@', 'trag', 'zur', 'Ver@@', 'tei@@', 'dig@@', 'ungs@@', 'zusammen@@', 'arbeit', 'zwischen', 'den', 'beiden', 'N@@', 'ationen', '.']
2026-05-08 17:33:21,199 - DEBUG - joeynmt.training - 	Tokenized reference:  ['Indi@@', 'a', 'is', 'also', 're@@', 'porte@@', 'dly', 'hop@@', 'ing', 'for', 'a', 'de@@', 'al', 'on', 'def@@', 'ence', 'c@@', 'oll@@', 'ab@@', 'or@@', 'ation', 'between', 'the', 'two', 'n@@', 'ations', '.']
2026-05-08 17:33:21,199 - DEBUG - joeynmt.training - 	Tokenized hypothesis: ['the', 'vote', 'will', 'be', 'used', 'to', 'the', 're@@', 'mo@@', 've', 'the', 're@@', 'form', 'of', 'the', 'new', 'new', 'new', 'new', 'new', 'new', 'new', 'new', '.', '</s>']
2026-05-08 17:33:21,199 - INFO - joeynmt.training - 	Source:     Berichten zufolge hofft Indien darüber hinaus auf einen Vertrag zur Verteidigungszusammenarbeit zwischen den beiden Nationen .
2026-05-08 17:33:21,199 - INFO - joeynmt.training - 	Reference:  India is also reportedly hoping for a deal on defence collaboration between the two nations .
2026-05-08 17:33:21,199 - INFO - joeynmt.training - 	Hypothesis: the vote will be used to the remove the reform of the new new new new new new new new .
2026-05-08 17:33:37,141 - INFO - joeynmt.training - Epoch   1, Step:     2100, Batch Loss:     2.733836, Batch Acc: 0.259194, Tokens per Sec:     5742, Lr: 0.000300
2026-05-08 17:33:53,110 - INFO - joeynmt.training - Epoch   1, Step:     2200, Batch Loss:     2.771300, Batch Acc: 0.261318, Tokens per Sec:     5721, Lr: 0.000300
2026-05-08 17:34:08,957 - INFO - joeynmt.training - Epoch   1, Step:     2300, Batch Loss:     2.978719, Batch Acc: 0.265118, Tokens per Sec:     5758, Lr: 0.000300
2026-05-08 17:34:24,709 - INFO - joeynmt.training - Epoch   1, Step:     2400, Batch Loss:     2.826034, Batch Acc: 0.276612, Tokens per Sec:     5698, Lr: 0.000300
2026-05-08 17:34:40,650 - INFO - joeynmt.training - Epoch   1, Step:     2500, Batch Loss:     2.806010, Batch Acc: 0.272674, Tokens per Sec:     5648, Lr: 0.000300
2026-05-08 17:34:40,650 - INFO - joeynmt.prediction - Predicting 500 example(s)... (Greedy decoding with min_output_length=1, max_output_length=-1, return_prob='none', generate_unk=True, repetition_penalty=-1, no_repeat_ngram_size=-1)
2026-05-08 17:35:34,293 - INFO - joeynmt.prediction - Evaluation result (greedy) loss:   3.08, ppl:  21.84, acc:   0.21, generation: 53.6383[sec], evaluation: 0.0000[sec]
2026-05-08 17:35:34,295 - INFO - joeynmt.training - Hooray! New best validation result [ppl]!
2026-05-08 17:35:34,378 - INFO - joeynmt.training - Example #0
2026-05-08 17:35:34,378 - DEBUG - joeynmt.training - 	Tokenized source:     ['die', 'Pre@@', 'mi@@', 'er@@', 'minist@@', 'er', 'Indi@@', 'ens', 'und', 'J@@', 'ap@@', 'ans', 'tra@@', 'fen', 'sich', 'in', 'T@@', 'ok@@', 'i@@', 'o', '.']
2026-05-08 17:35:34,378 - DEBUG - joeynmt.training - 	Tokenized reference:  ['Indi@@', 'a', 'and', 'J@@', 'ap@@', 'an', 'pri@@', 'me', 'minist@@', 'ers', 'me@@', 'et', 'in', 'T@@', 'ok@@', 'y@@', 'o']
2026-05-08 17:35:34,378 - DEBUG - joeynmt.training - 	Tokenized hypothesis: ['the', 'S@@', 'wi@@', 'se', 'of', 'the', 'C@@', 'ol@@', 'and', 'the', 'S@@', 'on@@', 'o', '.', '</s>']
2026-05-08 17:35:34,378 - INFO - joeynmt.training - 	Source:     die Premierminister Indiens und Japans trafen sich in Tokio .
2026-05-08 17:35:34,378 - INFO - joeynmt.training - 	Reference:  India and Japan prime ministers meet in Tokyo
2026-05-08 17:35:34,378 - INFO - joeynmt.training - 	Hypothesis: the Swise of the Coland the Sono .
2026-05-08 17:35:34,378 - INFO - joeynmt.training - Example #1
2026-05-08 17:35:34,378 - DEBUG - joeynmt.training - 	Tokenized source:     ['Indi@@', 'ens', 'neu@@', 'er', 'Pre@@', 'mi@@', 'er@@', 'minist@@', 'er', 'N@@', 'ar@@', 'end@@', 'ra', 'Mo@@', 'd@@', 'i', 'tri@@', 'fft', 'bei', 's@@', 'einem', 'ersten', 'wichti@@', 'gen', 'Aus@@', 'land@@', 's@@', 'bes@@', 'u@@', 'ch', 'seit', 's@@', 'einem', 'W@@', 'ah@@', 'l@@', 'si@@', 'e@@', 'g', 'im', 'Ma@@', 'i', 'seinen', 'j@@', 'ap@@', 'an@@', 'ischen', 'Am@@', 'ts@@', 'k@@', 'olle@@', 'gen', 'S@@', 'hin@@', 'z@@', 'o', 'A@@', 'be', 'in', 'T@@', 'ok@@', 'o', ',', 'um', 'wirtschaf@@', 'tliche', 'und', 'sicher@@', 'heits@@', 'politische', 'Be@@', 'zieh@@', 'ungen', 'zu', 'bes@@', 'pre@@', 'chen', '.']
2026-05-08 17:35:34,378 - DEBUG - joeynmt.training - 	Tokenized reference:  ['Indi@@', 'a', '&apos;s', 'new', 'pri@@', 'me', 'minist@@', 'er', ',', 'N@@', 'ar@@', 'end@@', 'ra', 'Mo@@', 'd@@', 'i', ',', 'is', 'me@@', 'eting', 'his', 'J@@', 'ap@@', 'an@@', 'ese', 'coun@@', 'ter@@', 'part', ',', 'S@@', 'hin@@', 'z@@', 'o', 'A@@', 'be', ',', 'in', 'T@@', 'ok@@', 'y@@', 'o', 'to', 'disc@@', 'uss', 'economic', 'and', 'security', 'ties', ',', 'on', 'his', 'first', 'major', 'fore@@', 'ign', 'visi@@', 't', 'since', 'w@@', 'inn@@', 'ing', 'Ma@@', 'y', '&apos;s', 'elec@@', 'tion', '.']
2026-05-08 17:35:34,378 - DEBUG - joeynmt.training - 	Tokenized hypothesis: ['in', 'the', 'first', 'of', 'the', 'first', 'time', 'of', 'the', 'first', 'time', ',', 'the', 'first', 'time', ',', 'a', 'very', 'very', 'very', 'important', 'for', 'a', 'few', 'years', ',', 'the', 'first', 'time', 'of', 'the', 'first', 'time', 'of', 'the', 'S@@', 'wi@@', 'd@@', 'd@@', 'd@@', 'i', ',', 'the', 'S@@', 'ep@@', 'tem@@', 'ber', ',', 'the', 'S@@', 'at@@', 'o', ',', 'the', 'most', 'important', 'important', 'and', 'the', 'C@@', 'li@@', 'li@@', 'o', ',', 'the', 'most', 'important', 'important', 'of', 'the', 'S@@', 'ep@@', 'tem@@', 'tem@@', 'tem@@', 'ber', '.', '</s>']
2026-05-08 17:35:34,378 - INFO - joeynmt.training - 	Source:     Indiens neuer Premierminister Narendra Modi trifft bei seinem ersten wichtigen Auslandsbesuch seit seinem Wahlsieg im Mai seinen japanischen Amtskollegen Shinzo Abe in Toko , um wirtschaftliche und sicherheitspolitische Beziehungen zu besprechen .
2026-05-08 17:35:34,378 - INFO - joeynmt.training - 	Reference:  India &apos;s new prime minister , Narendra Modi , is meeting his Japanese counterpart , Shinzo Abe , in Tokyo to discuss economic and security ties , on his first major foreign visit since winning May &apos;s election .
2026-05-08 17:35:34,378 - INFO - joeynmt.training - 	Hypothesis: in the first of the first time of the first time , the first time , a very very very important for a few years , the first time of the first time of the Swidddi , the September , the Sato , the most important important and the Clilio , the most important important of the Septemtemtember .
2026-05-08 17:35:34,378 - INFO - joeynmt.training - Example #2
2026-05-08 17:35:34,378 - DEBUG - joeynmt.training - 	Tokenized source:     ['Herr', 'Mo@@', 'd@@', 'i', 'befindet', 'sich', 'auf', 'einer', 'fü@@', 'n@@', 'f@@', 'tä@@', 'gi@@', 'gen', 'Rei@@', 'se', 'nach', 'J@@', 'ap@@', 'an', ',', 'um', 'die', 'wirtschaf@@', 'tlichen', 'Be@@', 'zieh@@', 'ungen', 'mit', 'der', 'd@@', 'rit@@', 't@@', 'größ@@', 'ten', 'Wirtschafts@@', 'n@@', 'ation', 'der', 'Welt', 'zu', 'fes@@', 'tigen', '.']
2026-05-08 17:35:34,378 - DEBUG - joeynmt.training - 	Tokenized reference:  ['Mr', 'Mo@@', 'd@@', 'i', 'is', 'on', 'a', 'fi@@', 've', '@@@', '-@@', '@', 'day', 'tri@@', 'p', 'to', 'J@@', 'ap@@', 'an', 'to', 'streng@@', 'then', 'economic', 'ties', 'with', 'the', 'third', 'lar@@', 'ges@@', 't', 'econom@@', 'y', 'in', 'the', 'world', '.']
2026-05-08 17:35:34,378 - DEBUG - joeynmt.training - 	Tokenized hypothesis: ['Mr', 'President', ',', 'Mr', 'President', ',', 'a', 'is', 'a', 'great', 'de@@', 'al', 'of', 'the', 'most', 'important', 'of', 'the', 'most', 'important', 'important', 'of', 'the', 'European', 'Union', ',', 'the', 'European', 'Union', '.', '</s>']
2026-05-08 17:35:34,378 - INFO - joeynmt.training - 	Source:     Herr Modi befindet sich auf einer fünftägigen Reise nach Japan , um die wirtschaftlichen Beziehungen mit der drittgrößten Wirtschaftsnation der Welt zu festigen .
2026-05-08 17:35:34,378 - INFO - joeynmt.training - 	Reference:  Mr Modi is on a five @-@ day trip to Japan to strengthen economic ties with the third largest economy in the world .
2026-05-08 17:35:34,378 - INFO - joeynmt.training - 	Hypothesis: Mr President , Mr President , a is a great deal of the most important of the most important important of the European Union , the European Union .
2026-05-08 17:35:34,378 - INFO - joeynmt.training - Example #3
2026-05-08 17:35:34,378 - DEBUG - joeynmt.training - 	Tokenized source:     ['P@@', 'län@@', 'e', 'für', 'eine', 'stärk@@', 'ere', 'k@@', 'ern@@', 'techn@@', 'ische', 'Zusammenarbeit', 'stehen', 'ganz', 'ob@@', 'en', 'auf', 'der', 'Tag@@', 'es@@', 'ordnung', '.']
2026-05-08 17:35:34,378 - DEBUG - joeynmt.training - 	Tokenized reference:  ['high', 'on', 'the', 'agen@@', 'da', 'are', 'pl@@', 'ans', 'for', 'gre@@', 'ater', 'nu@@', 'clear', 'c@@', 'o', '@@@', '-@@', '@', 'operation', '.']
2026-05-08 17:35:34,378 - DEBUG - joeynmt.training - 	Tokenized hypothesis: ['S@@', 'wi@@', 'se', 'is', 'a', 'new', 'new', 'services', '.', '</s>']
2026-05-08 17:35:34,379 - INFO - joeynmt.training - 	Source:     Pläne für eine stärkere kerntechnische Zusammenarbeit stehen ganz oben auf der Tagesordnung .
2026-05-08 17:35:34,379 - INFO - joeynmt.training - 	Reference:  high on the agenda are plans for greater nuclear co @-@ operation .
2026-05-08 17:35:34,379 - INFO - joeynmt.training - 	Hypothesis: Swise is a new new services .
2026-05-08 17:35:34,379 - INFO - joeynmt.training - Example #4
2026-05-08 17:35:34,379 - DEBUG - joeynmt.training - 	Tokenized source:     ['Berich@@', 'ten', 'zu@@', 'fol@@', 'ge', 'ho@@', 'fft', 'Indi@@', 'en', 'darüber', 'hinaus', 'auf', 'einen', 'Ver@@', 'trag', 'zur', 'Ver@@', 'tei@@', 'dig@@', 'ungs@@', 'zusammen@@', 'arbeit', 'zwischen', 'den', 'beiden', 'N@@', 'ationen', '.']
2026-05-08 17:35:34,379 - DEBUG - joeynmt.training - 	Tokenized reference:  ['Indi@@', 'a', 'is', 'also', 're@@', 'porte@@', 'dly', 'hop@@', 'ing', 'for', 'a', 'de@@', 'al', 'on', 'def@@', 'ence', 'c@@', 'oll@@', 'ab@@', 'or@@', 'ation', 'between', 'the', 'two', 'n@@', 'ations', '.']
2026-05-08 17:35:34,379 - DEBUG - joeynmt.training - 	Tokenized hypothesis: ['report', 'on', 'the', 'report', 'is', 'a', 'result', 'of', 'the', 'report', ',', 'the', 'propos@@', 'als', 'of', 'the', 'new', 'new', 'new', 'new', 'new', 'new', 'new', 'new', 'new', 'new', 'new', 'new', 'new', 'new', '.', '</s>']
2026-05-08 17:35:34,379 - INFO - joeynmt.training - 	Source:     Berichten zufolge hofft Indien darüber hinaus auf einen Vertrag zur Verteidigungszusammenarbeit zwischen den beiden Nationen .
2026-05-08 17:35:34,379 - INFO - joeynmt.training - 	Reference:  India is also reportedly hoping for a deal on defence collaboration between the two nations .
2026-05-08 17:35:34,379 - INFO - joeynmt.training - 	Hypothesis: report on the report is a result of the report , the proposals of the new new new new new new new new new new new new new new .
2026-05-08 17:35:50,137 - INFO - joeynmt.training - Epoch   1, Step:     2600, Batch Loss:     2.658062, Batch Acc: 0.281073, Tokens per Sec:     5835, Lr: 0.000300
2026-05-08 17:36:06,232 - INFO - joeynmt.training - Epoch   1, Step:     2700, Batch Loss:     2.729413, Batch Acc: 0.281125, Tokens per Sec:     5742, Lr: 0.000300
2026-05-08 17:36:21,788 - INFO - joeynmt.training - Epoch   1, Step:     2800, Batch Loss:     2.727697, Batch Acc: 0.281559, Tokens per Sec:     5913, Lr: 0.000300
2026-05-08 17:36:37,452 - INFO - joeynmt.training - Epoch   1, Step:     2900, Batch Loss:     2.683452, Batch Acc: 0.288566, Tokens per Sec:     5829, Lr: 0.000300
2026-05-08 17:36:52,969 - INFO - joeynmt.training - Epoch   1, Step:     3000, Batch Loss:     2.593508, Batch Acc: 0.290897, Tokens per Sec:     5939, Lr: 0.000300
2026-05-08 17:36:52,969 - INFO - joeynmt.prediction - Predicting 500 example(s)... (Greedy decoding with min_output_length=1, max_output_length=-1, return_prob='none', generate_unk=True, repetition_penalty=-1, no_repeat_ngram_size=-1)
2026-05-08 17:37:43,116 - INFO - joeynmt.prediction - Evaluation result (greedy) loss:   3.01, ppl:  20.37, acc:   0.23, generation: 50.1422[sec], evaluation: 0.0000[sec]
2026-05-08 17:37:43,118 - INFO - joeynmt.training - Hooray! New best validation result [ppl]!
2026-05-08 17:37:43,200 - INFO - joeynmt.helpers - delete models/deen_transformer_pre/500.ckpt
2026-05-08 17:37:43,204 - INFO - joeynmt.training - Example #0
2026-05-08 17:37:43,204 - DEBUG - joeynmt.training - 	Tokenized source:     ['die', 'Pre@@', 'mi@@', 'er@@', 'minist@@', 'er', 'Indi@@', 'ens', 'und', 'J@@', 'ap@@', 'ans', 'tra@@', 'fen', 'sich', 'in', 'T@@', 'ok@@', 'i@@', 'o', '.']
2026-05-08 17:37:43,204 - DEBUG - joeynmt.training - 	Tokenized reference:  ['Indi@@', 'a', 'and', 'J@@', 'ap@@', 'an', 'pri@@', 'me', 'minist@@', 'ers', 'me@@', 'et', 'in', 'T@@', 'ok@@', 'y@@', 'o']
2026-05-08 17:37:43,204 - DEBUG - joeynmt.training - 	Tokenized hypothesis: ['the', 'C@@', 'as@@', 'as@@', 'o', ',', 'and', 'the', 'C@@', 'as@@', 'o', 'and', 'the', 'c@@', 'am@@', 'era', '.', '</s>']
2026-05-08 17:37:43,204 - INFO - joeynmt.training - 	Source:     die Premierminister Indiens und Japans trafen sich in Tokio .
2026-05-08 17:37:43,204 - INFO - joeynmt.training - 	Reference:  India and Japan prime ministers meet in Tokyo
2026-05-08 17:37:43,204 - INFO - joeynmt.training - 	Hypothesis: the Casaso , and the Caso and the camera .
2026-05-08 17:37:43,204 - INFO - joeynmt.training - Example #1
2026-05-08 17:37:43,204 - DEBUG - joeynmt.training - 	Tokenized source:     ['Indi@@', 'ens', 'neu@@', 'er', 'Pre@@', 'mi@@', 'er@@', 'minist@@', 'er', 'N@@', 'ar@@', 'end@@', 'ra', 'Mo@@', 'd@@', 'i', 'tri@@', 'fft', 'bei', 's@@', 'einem', 'ersten', 'wichti@@', 'gen', 'Aus@@', 'land@@', 's@@', 'bes@@', 'u@@', 'ch', 'seit', 's@@', 'einem', 'W@@', 'ah@@', 'l@@', 'si@@', 'e@@', 'g', 'im', 'Ma@@', 'i', 'seinen', 'j@@', 'ap@@', 'an@@', 'ischen', 'Am@@', 'ts@@', 'k@@', 'olle@@', 'gen', 'S@@', 'hin@@', 'z@@', 'o', 'A@@', 'be', 'in', 'T@@', 'ok@@', 'o', ',', 'um', 'wirtschaf@@', 'tliche', 'und', 'sicher@@', 'heits@@', 'politische', 'Be@@', 'zieh@@', 'ungen', 'zu', 'bes@@', 'pre@@', 'chen', '.']
2026-05-08 17:37:43,204 - DEBUG - joeynmt.training - 	Tokenized reference:  ['Indi@@', 'a', '&apos;s', 'new', 'pri@@', 'me', 'minist@@', 'er', ',', 'N@@', 'ar@@', 'end@@', 'ra', 'Mo@@', 'd@@', 'i', ',', 'is', 'me@@', 'eting', 'his', 'J@@', 'ap@@', 'an@@', 'ese', 'coun@@', 'ter@@', 'part', ',', 'S@@', 'hin@@', 'z@@', 'o', 'A@@', 'be', ',', 'in', 'T@@', 'ok@@', 'y@@', 'o', 'to', 'disc@@', 'uss', 'economic', 'and', 'security', 'ties', ',', 'on', 'his', 'first', 'major', 'fore@@', 'ign', 'visi@@', 't', 'since', 'w@@', 'inn@@', 'ing', 'Ma@@', 'y', '&apos;s', 'elec@@', 'tion', '.']
2026-05-08 17:37:43,204 - DEBUG - joeynmt.training - 	Tokenized hypothesis: ['the', 'new', 'new', 'S@@', 'ep@@', 'tem@@', 'ber', ',', 'the', 'S@@', 'outh', 'A@@', 'c@@', 'c@@', 'o', ',', 'the', 'first', 'first', 'of', 'the', 'first', 'first', 'time', 'in', 'the', 'first', 'time', 'of', 'the', 'first', 'time', 'of', 'the', 'first', 'time', 'of', 'the', 'first', 'time', 'of', 'the', 'C@@', 'at@@', 'o', ',', 'and', 'the', 'C@@', 'at@@', 'o', ',', 'and', 'the', 'e@@', 'as@@', 'y', 'of', 'the', 'European', 'C@@', 'an@@', 'o', ',', 'and', 'the', 'European', 'Union', '.', '</s>']
2026-05-08 17:37:43,204 - INFO - joeynmt.training - 	Source:     Indiens neuer Premierminister Narendra Modi trifft bei seinem ersten wichtigen Auslandsbesuch seit seinem Wahlsieg im Mai seinen japanischen Amtskollegen Shinzo Abe in Toko , um wirtschaftliche und sicherheitspolitische Beziehungen zu besprechen .
2026-05-08 17:37:43,204 - INFO - joeynmt.training - 	Reference:  India &apos;s new prime minister , Narendra Modi , is meeting his Japanese counterpart , Shinzo Abe , in Tokyo to discuss economic and security ties , on his first major foreign visit since winning May &apos;s election .
2026-05-08 17:37:43,204 - INFO - joeynmt.training - 	Hypothesis: the new new September , the South Acco , the first first of the first first time in the first time of the first time of the first time of the first time of the Cato , and the Cato , and the easy of the European Cano , and the European Union .
2026-05-08 17:37:43,204 - INFO - joeynmt.training - Example #2
2026-05-08 17:37:43,204 - DEBUG - joeynmt.training - 	Tokenized source:     ['Herr', 'Mo@@', 'd@@', 'i', 'befindet', 'sich', 'auf', 'einer', 'fü@@', 'n@@', 'f@@', 'tä@@', 'gi@@', 'gen', 'Rei@@', 'se', 'nach', 'J@@', 'ap@@', 'an', ',', 'um', 'die', 'wirtschaf@@', 'tlichen', 'Be@@', 'zieh@@', 'ungen', 'mit', 'der', 'd@@', 'rit@@', 't@@', 'größ@@', 'ten', 'Wirtschafts@@', 'n@@', 'ation', 'der', 'Welt', 'zu', 'fes@@', 'tigen', '.']
2026-05-08 17:37:43,205 - DEBUG - joeynmt.training - 	Tokenized reference:  ['Mr', 'Mo@@', 'd@@', 'i', 'is', 'on', 'a', 'fi@@', 've', '@@@', '-@@', '@', 'day', 'tri@@', 'p', 'to', 'J@@', 'ap@@', 'an', 'to', 'streng@@', 'then', 'economic', 'ties', 'with', 'the', 'third', 'lar@@', 'ges@@', 't', 'econom@@', 'y', 'in', 'the', 'world', '.']
2026-05-08 17:37:43,205 - DEBUG - joeynmt.training - 	Tokenized hypothesis: ['Mr', 'President', ',', 'a', 'is', 'a', 'very', 'important', 'of', 'a', 'large', 'number', 'of', 'the', 'C@@', 'our@@', 't', 'of', 'the', 'C@@', 'our@@', 't', 'of', 'the', 'world', '&apos;s', 'economic', 'and', 'economic', 'economic', 'growth', '.', '</s>']
2026-05-08 17:37:43,205 - INFO - joeynmt.training - 	Source:     Herr Modi befindet sich auf einer fünftägigen Reise nach Japan , um die wirtschaftlichen Beziehungen mit der drittgrößten Wirtschaftsnation der Welt zu festigen .
2026-05-08 17:37:43,205 - INFO - joeynmt.training - 	Reference:  Mr Modi is on a five @-@ day trip to Japan to strengthen economic ties with the third largest economy in the world .
2026-05-08 17:37:43,205 - INFO - joeynmt.training - 	Hypothesis: Mr President , a is a very important of a large number of the Court of the Court of the world &apos;s economic and economic economic growth .
2026-05-08 17:37:43,205 - INFO - joeynmt.training - Example #3
2026-05-08 17:37:43,205 - DEBUG - joeynmt.training - 	Tokenized source:     ['P@@', 'län@@', 'e', 'für', 'eine', 'stärk@@', 'ere', 'k@@', 'ern@@', 'techn@@', 'ische', 'Zusammenarbeit', 'stehen', 'ganz', 'ob@@', 'en', 'auf', 'der', 'Tag@@', 'es@@', 'ordnung', '.']
2026-05-08 17:37:43,205 - DEBUG - joeynmt.training - 	Tokenized reference:  ['high', 'on', 'the', 'agen@@', 'da', 'are', 'pl@@', 'ans', 'for', 'gre@@', 'ater', 'nu@@', 'clear', 'c@@', 'o', '@@@', '-@@', '@', 'operation', '.']
2026-05-08 17:37:43,205 - DEBUG - joeynmt.training - 	Tokenized hypothesis: ['P@@', 'P@@', 'ubli@@', 'c', 'is', 'a', 'more', 'more', 'more', 'more', 'more', 'than', 'the', 'same', '.', '</s>']
2026-05-08 17:37:43,205 - INFO - joeynmt.training - 	Source:     Pläne für eine stärkere kerntechnische Zusammenarbeit stehen ganz oben auf der Tagesordnung .
2026-05-08 17:37:43,205 - INFO - joeynmt.training - 	Reference:  high on the agenda are plans for greater nuclear co @-@ operation .
2026-05-08 17:37:43,205 - INFO - joeynmt.training - 	Hypothesis: PPublic is a more more more more more than the same .
2026-05-08 17:37:43,205 - INFO - joeynmt.training - Example #4
2026-05-08 17:37:43,205 - DEBUG - joeynmt.training - 	Tokenized source:     ['Berich@@', 'ten', 'zu@@', 'fol@@', 'ge', 'ho@@', 'fft', 'Indi@@', 'en', 'darüber', 'hinaus', 'auf', 'einen', 'Ver@@', 'trag', 'zur', 'Ver@@', 'tei@@', 'dig@@', 'ungs@@', 'zusammen@@', 'arbeit', 'zwischen', 'den', 'beiden', 'N@@', 'ationen', '.']
2026-05-08 17:37:43,205 - DEBUG - joeynmt.training - 	Tokenized reference:  ['Indi@@', 'a', 'is', 'also', 're@@', 'porte@@', 'dly', 'hop@@', 'ing', 'for', 'a', 'de@@', 'al', 'on', 'def@@', 'ence', 'c@@', 'oll@@', 'ab@@', 'or@@', 'ation', 'between', 'the', 'two', 'n@@', 'ations', '.']
2026-05-08 17:37:43,205 - DEBUG - joeynmt.training - 	Tokenized hypothesis: ['the', 'report', 'is', 'also', 'also', 'a', 'very', 'important', 'for', 'a', 'result', 'of', 'the', 'next', 'year', '.', '</s>']
2026-05-08 17:37:43,205 - INFO - joeynmt.training - 	Source:     Berichten zufolge hofft Indien darüber hinaus auf einen Vertrag zur Verteidigungszusammenarbeit zwischen den beiden Nationen .
2026-05-08 17:37:43,205 - INFO - joeynmt.training - 	Reference:  India is also reportedly hoping for a deal on defence collaboration between the two nations .
2026-05-08 17:37:43,205 - INFO - joeynmt.training - 	Hypothesis: the report is also also a very important for a result of the next year .
2026-05-08 17:37:58,648 - INFO - joeynmt.training - Epoch   1, Step:     3100, Batch Loss:     2.646833, Batch Acc: 0.297557, Tokens per Sec:     5984, Lr: 0.000300
2026-05-08 17:38:13,991 - INFO - joeynmt.training - Epoch   1, Step:     3200, Batch Loss:     2.533631, Batch Acc: 0.300357, Tokens per Sec:     5936, Lr: 0.000300
2026-05-08 17:38:29,453 - INFO - joeynmt.training - Epoch   1, Step:     3300, Batch Loss:     2.625357, Batch Acc: 0.302394, Tokens per Sec:     5902, Lr: 0.000300
2026-05-08 17:38:44,968 - INFO - joeynmt.training - Epoch   1, Step:     3400, Batch Loss:     2.476504, Batch Acc: 0.308258, Tokens per Sec:     5990, Lr: 0.000300
2026-05-08 17:39:00,614 - INFO - joeynmt.training - Epoch   1, Step:     3500, Batch Loss:     2.463856, Batch Acc: 0.305039, Tokens per Sec:     5862, Lr: 0.000300
2026-05-08 17:39:00,614 - INFO - joeynmt.prediction - Predicting 500 example(s)... (Greedy decoding with min_output_length=1, max_output_length=-1, return_prob='none', generate_unk=True, repetition_penalty=-1, no_repeat_ngram_size=-1)
2026-05-08 17:39:44,590 - INFO - joeynmt.prediction - Evaluation result (greedy) loss:   2.96, ppl:  19.29, acc:   0.24, generation: 43.9717[sec], evaluation: 0.0000[sec]
2026-05-08 17:39:44,592 - INFO - joeynmt.training - Hooray! New best validation result [ppl]!
2026-05-08 17:39:44,672 - INFO - joeynmt.helpers - delete models/deen_transformer_pre/1000.ckpt
2026-05-08 17:39:44,675 - INFO - joeynmt.training - Example #0
2026-05-08 17:39:44,675 - DEBUG - joeynmt.training - 	Tokenized source:     ['die', 'Pre@@', 'mi@@', 'er@@', 'minist@@', 'er', 'Indi@@', 'ens', 'und', 'J@@', 'ap@@', 'ans', 'tra@@', 'fen', 'sich', 'in', 'T@@', 'ok@@', 'i@@', 'o', '.']
2026-05-08 17:39:44,675 - DEBUG - joeynmt.training - 	Tokenized reference:  ['Indi@@', 'a', 'and', 'J@@', 'ap@@', 'an', 'pri@@', 'me', 'minist@@', 'ers', 'me@@', 'et', 'in', 'T@@', 'ok@@', 'y@@', 'o']
2026-05-08 17:39:44,675 - DEBUG - joeynmt.training - 	Tokenized hypothesis: ['the', 'F@@', 'ren@@', 'ch', 'and', 'J@@', 'ap@@', 'an', 'and', 'J@@', 'ap@@', 'an', '.', '</s>']
2026-05-08 17:39:44,675 - INFO - joeynmt.training - 	Source:     die Premierminister Indiens und Japans trafen sich in Tokio .
2026-05-08 17:39:44,675 - INFO - joeynmt.training - 	Reference:  India and Japan prime ministers meet in Tokyo
2026-05-08 17:39:44,675 - INFO - joeynmt.training - 	Hypothesis: the French and Japan and Japan .
2026-05-08 17:39:44,675 - INFO - joeynmt.training - Example #1
2026-05-08 17:39:44,675 - DEBUG - joeynmt.training - 	Tokenized source:     ['Indi@@', 'ens', 'neu@@', 'er', 'Pre@@', 'mi@@', 'er@@', 'minist@@', 'er', 'N@@', 'ar@@', 'end@@', 'ra', 'Mo@@', 'd@@', 'i', 'tri@@', 'fft', 'bei', 's@@', 'einem', 'ersten', 'wichti@@', 'gen', 'Aus@@', 'land@@', 's@@', 'bes@@', 'u@@', 'ch', 'seit', 's@@', 'einem', 'W@@', 'ah@@', 'l@@', 'si@@', 'e@@', 'g', 'im', 'Ma@@', 'i', 'seinen', 'j@@', 'ap@@', 'an@@', 'ischen', 'Am@@', 'ts@@', 'k@@', 'olle@@', 'gen', 'S@@', 'hin@@', 'z@@', 'o', 'A@@', 'be', 'in', 'T@@', 'ok@@', 'o', ',', 'um', 'wirtschaf@@', 'tliche', 'und', 'sicher@@', 'heits@@', 'politische', 'Be@@', 'zieh@@', 'ungen', 'zu', 'bes@@', 'pre@@', 'chen', '.']
2026-05-08 17:39:44,675 - DEBUG - joeynmt.training - 	Tokenized reference:  ['Indi@@', 'a', '&apos;s', 'new', 'pri@@', 'me', 'minist@@', 'er', ',', 'N@@', 'ar@@', 'end@@', 'ra', 'Mo@@', 'd@@', 'i', ',', 'is', 'me@@', 'eting', 'his', 'J@@', 'ap@@', 'an@@', 'ese', 'coun@@', 'ter@@', 'part', ',', 'S@@', 'hin@@', 'z@@', 'o', 'A@@', 'be', ',', 'in', 'T@@', 'ok@@', 'y@@', 'o', 'to', 'disc@@', 'uss', 'economic', 'and', 'security', 'ties', ',', 'on', 'his', 'first', 'major', 'fore@@', 'ign', 'visi@@', 't', 'since', 'w@@', 'inn@@', 'ing', 'Ma@@', 'y', '&apos;s', 'elec@@', 'tion', '.']
2026-05-08 17:39:44,675 - DEBUG - joeynmt.training - 	Tokenized hypothesis: ['the', 'new', 'C@@', 'as@@', 'in@@', 'o', 'N@@', 'i@@', 'i@@', 'i@@', 'r', 'C@@', 'our@@', 't', 'C@@', 'our@@', 't', '&apos;s', 'first', 'part', 'of', 'the', 'first', 'time', 'of', 'the', 'first', 'time', 'of', 'the', 'first', 'time', 'of', 'the', 'S@@', 'an@@', 'an@@', 'i', '&apos;s', 're@@', 'ali@@', 'sed', 'in', 'the', 'C@@', 'an@@', 'o', '.', '</s>']
2026-05-08 17:39:44,675 - INFO - joeynmt.training - 	Source:     Indiens neuer Premierminister Narendra Modi trifft bei seinem ersten wichtigen Auslandsbesuch seit seinem Wahlsieg im Mai seinen japanischen Amtskollegen Shinzo Abe in Toko , um wirtschaftliche und sicherheitspolitische Beziehungen zu besprechen .
2026-05-08 17:39:44,675 - INFO - joeynmt.training - 	Reference:  India &apos;s new prime minister , Narendra Modi , is meeting his Japanese counterpart , Shinzo Abe , in Tokyo to discuss economic and security ties , on his first major foreign visit since winning May &apos;s election .
2026-05-08 17:39:44,675 - INFO - joeynmt.training - 	Hypothesis: the new Casino Niiir Court Court &apos;s first part of the first time of the first time of the first time of the Sanani &apos;s realised in the Cano .
2026-05-08 17:39:44,675 - INFO - joeynmt.training - Example #2
2026-05-08 17:39:44,675 - DEBUG - joeynmt.training - 	Tokenized source:     ['Herr', 'Mo@@', 'd@@', 'i', 'befindet', 'sich', 'auf', 'einer', 'fü@@', 'n@@', 'f@@', 'tä@@', 'gi@@', 'gen', 'Rei@@', 'se', 'nach', 'J@@', 'ap@@', 'an', ',', 'um', 'die', 'wirtschaf@@', 'tlichen', 'Be@@', 'zieh@@', 'ungen', 'mit', 'der', 'd@@', 'rit@@', 't@@', 'größ@@', 'ten', 'Wirtschafts@@', 'n@@', 'ation', 'der', 'Welt', 'zu', 'fes@@', 'tigen', '.']
2026-05-08 17:39:44,675 - DEBUG - joeynmt.training - 	Tokenized reference:  ['Mr', 'Mo@@', 'd@@', 'i', 'is', 'on', 'a', 'fi@@', 've', '@@@', '-@@', '@', 'day', 'tri@@', 'p', 'to', 'J@@', 'ap@@', 'an', 'to', 'streng@@', 'then', 'economic', 'ties', 'with', 'the', 'third', 'lar@@', 'ges@@', 't', 'econom@@', 'y', 'in', 'the', 'world', '.']
2026-05-08 17:39:44,675 - DEBUG - joeynmt.training - 	Tokenized hypothesis: ['Mr', 'President', ',', 'the', 'world', 'is', 'a', 'very', 'good', 'de@@', 'si@@', 're', 'to', 'the', 'economic', 'and', 'economic', 're@@', 'ali@@', 'sed', 'in', 'the', 'economic', 'economic', 'and', 'economic', 're@@', 'ali@@', 'sed', 'with', 'the', 'world', '.', '</s>']
2026-05-08 17:39:44,675 - INFO - joeynmt.training - 	Source:     Herr Modi befindet sich auf einer fünftägigen Reise nach Japan , um die wirtschaftlichen Beziehungen mit der drittgrößten Wirtschaftsnation der Welt zu festigen .
2026-05-08 17:39:44,675 - INFO - joeynmt.training - 	Reference:  Mr Modi is on a five @-@ day trip to Japan to strengthen economic ties with the third largest economy in the world .
2026-05-08 17:39:44,675 - INFO - joeynmt.training - 	Hypothesis: Mr President , the world is a very good desire to the economic and economic realised in the economic economic and economic realised with the world .
2026-05-08 17:39:44,675 - INFO - joeynmt.training - Example #3
2026-05-08 17:39:44,675 - DEBUG - joeynmt.training - 	Tokenized source:     ['P@@', 'län@@', 'e', 'für', 'eine', 'stärk@@', 'ere', 'k@@', 'ern@@', 'techn@@', 'ische', 'Zusammenarbeit', 'stehen', 'ganz', 'ob@@', 'en', 'auf', 'der', 'Tag@@', 'es@@', 'ordnung', '.']
2026-05-08 17:39:44,675 - DEBUG - joeynmt.training - 	Tokenized reference:  ['high', 'on', 'the', 'agen@@', 'da', 'are', 'pl@@', 'ans', 'for', 'gre@@', 'ater', 'nu@@', 'clear', 'c@@', 'o', '@@@', '-@@', '@', 'operation', '.']
2026-05-08 17:39:44,675 - DEBUG - joeynmt.training - 	Tokenized hypothesis: ['P@@', 'P@@', 'ol@@', 'and', 'is', 'a', 'better', 'market', 'for', 'the', 'development', 'of', 'the', 'current', 'cooperation', 'of', 'the', 'issue', 'of', 'the', 'issue', 'of', 'the', 'issue', '.', '</s>']
2026-05-08 17:39:44,676 - INFO - joeynmt.training - 	Source:     Pläne für eine stärkere kerntechnische Zusammenarbeit stehen ganz oben auf der Tagesordnung .
2026-05-08 17:39:44,676 - INFO - joeynmt.training - 	Reference:  high on the agenda are plans for greater nuclear co @-@ operation .
2026-05-08 17:39:44,676 - INFO - joeynmt.training - 	Hypothesis: PPoland is a better market for the development of the current cooperation of the issue of the issue of the issue .
2026-05-08 17:39:44,676 - INFO - joeynmt.training - Example #4
2026-05-08 17:39:44,676 - DEBUG - joeynmt.training - 	Tokenized source:     ['Berich@@', 'ten', 'zu@@', 'fol@@', 'ge', 'ho@@', 'fft', 'Indi@@', 'en', 'darüber', 'hinaus', 'auf', 'einen', 'Ver@@', 'trag', 'zur', 'Ver@@', 'tei@@', 'dig@@', 'ungs@@', 'zusammen@@', 'arbeit', 'zwischen', 'den', 'beiden', 'N@@', 'ationen', '.']
2026-05-08 17:39:44,676 - DEBUG - joeynmt.training - 	Tokenized reference:  ['Indi@@', 'a', 'is', 'also', 're@@', 'porte@@', 'dly', 'hop@@', 'ing', 'for', 'a', 'de@@', 'al', 'on', 'def@@', 'ence', 'c@@', 'oll@@', 'ab@@', 'or@@', 'ation', 'between', 'the', 'two', 'n@@', 'ations', '.']
2026-05-08 17:39:44,676 - DEBUG - joeynmt.training - 	Tokenized hypothesis: ['the', 'report', 'is', 'the', 're@@', 'ali@@', 'sed', 'in', 'the', 'Commission', '&apos;s', 'con@@', 'fi@@', 'dence', 'of', 'the', 'two', 'two', 'two', 'two', 'two', 'two', 'two', 'two', 'two', 'two', 'two', 'two', 'two', 'two', 'two', 'two', 'two', 'two', 'two', 'two', 'two', 'two', 'two', 'two', 'two', '.', '</s>']
2026-05-08 17:39:44,676 - INFO - joeynmt.training - 	Source:     Berichten zufolge hofft Indien darüber hinaus auf einen Vertrag zur Verteidigungszusammenarbeit zwischen den beiden Nationen .
2026-05-08 17:39:44,676 - INFO - joeynmt.training - 	Reference:  India is also reportedly hoping for a deal on defence collaboration between the two nations .
2026-05-08 17:39:44,676 - INFO - joeynmt.training - 	Hypothesis: the report is the realised in the Commission &apos;s confidence of the two two two two two two two two two two two two two two two two two two two two two two two two two .
2026-05-08 17:40:00,285 - INFO - joeynmt.training - Epoch   1, Step:     3600, Batch Loss:     2.867612, Batch Acc: 0.308566, Tokens per Sec:     5879, Lr: 0.000300
2026-05-08 17:40:15,907 - INFO - joeynmt.training - Epoch   1, Step:     3700, Batch Loss:     2.454378, Batch Acc: 0.307535, Tokens per Sec:     5910, Lr: 0.000300
2026-05-08 17:40:32,154 - INFO - joeynmt.training - Epoch   1, Step:     3800, Batch Loss:     2.598102, Batch Acc: 0.313562, Tokens per Sec:     5685, Lr: 0.000300
2026-05-08 17:40:47,944 - INFO - joeynmt.training - Epoch   1, Step:     3900, Batch Loss:     2.483960, Batch Acc: 0.315956, Tokens per Sec:     5887, Lr: 0.000300
2026-05-08 17:41:03,878 - INFO - joeynmt.training - Epoch   1, Step:     4000, Batch Loss:     2.442612, Batch Acc: 0.322716, Tokens per Sec:     5783, Lr: 0.000300
2026-05-08 17:41:03,879 - INFO - joeynmt.prediction - Predicting 500 example(s)... (Greedy decoding with min_output_length=1, max_output_length=-1, return_prob='none', generate_unk=True, repetition_penalty=-1, no_repeat_ngram_size=-1)
2026-05-08 17:41:36,193 - INFO - joeynmt.prediction - Evaluation result (greedy) loss:   2.90, ppl:  18.21, acc:   0.26, generation: 32.3091[sec], evaluation: 0.0000[sec]
2026-05-08 17:41:36,194 - INFO - joeynmt.training - Hooray! New best validation result [ppl]!
2026-05-08 17:41:36,275 - INFO - joeynmt.helpers - delete models/deen_transformer_pre/1500.ckpt
2026-05-08 17:41:36,278 - INFO - joeynmt.training - Example #0
2026-05-08 17:41:36,278 - DEBUG - joeynmt.training - 	Tokenized source:     ['die', 'Pre@@', 'mi@@', 'er@@', 'minist@@', 'er', 'Indi@@', 'ens', 'und', 'J@@', 'ap@@', 'ans', 'tra@@', 'fen', 'sich', 'in', 'T@@', 'ok@@', 'i@@', 'o', '.']
2026-05-08 17:41:36,278 - DEBUG - joeynmt.training - 	Tokenized reference:  ['Indi@@', 'a', 'and', 'J@@', 'ap@@', 'an', 'pri@@', 'me', 'minist@@', 'ers', 'me@@', 'et', 'in', 'T@@', 'ok@@', 'y@@', 'o']
2026-05-08 17:41:36,278 - DEBUG - joeynmt.training - 	Tokenized hypothesis: ['the', 're@@', 'ports', 'of', 'the', 'J@@', 'ap@@', 'an', 'and', 'J@@', 'ap@@', 'an', '.', '</s>']
2026-05-08 17:41:36,278 - INFO - joeynmt.training - 	Source:     die Premierminister Indiens und Japans trafen sich in Tokio .
2026-05-08 17:41:36,278 - INFO - joeynmt.training - 	Reference:  India and Japan prime ministers meet in Tokyo
2026-05-08 17:41:36,278 - INFO - joeynmt.training - 	Hypothesis: the reports of the Japan and Japan .
2026-05-08 17:41:36,278 - INFO - joeynmt.training - Example #1
2026-05-08 17:41:36,278 - DEBUG - joeynmt.training - 	Tokenized source:     ['Indi@@', 'ens', 'neu@@', 'er', 'Pre@@', 'mi@@', 'er@@', 'minist@@', 'er', 'N@@', 'ar@@', 'end@@', 'ra', 'Mo@@', 'd@@', 'i', 'tri@@', 'fft', 'bei', 's@@', 'einem', 'ersten', 'wichti@@', 'gen', 'Aus@@', 'land@@', 's@@', 'bes@@', 'u@@', 'ch', 'seit', 's@@', 'einem', 'W@@', 'ah@@', 'l@@', 'si@@', 'e@@', 'g', 'im', 'Ma@@', 'i', 'seinen', 'j@@', 'ap@@', 'an@@', 'ischen', 'Am@@', 'ts@@', 'k@@', 'olle@@', 'gen', 'S@@', 'hin@@', 'z@@', 'o', 'A@@', 'be', 'in', 'T@@', 'ok@@', 'o', ',', 'um', 'wirtschaf@@', 'tliche', 'und', 'sicher@@', 'heits@@', 'politische', 'Be@@', 'zieh@@', 'ungen', 'zu', 'bes@@', 'pre@@', 'chen', '.']
2026-05-08 17:41:36,278 - DEBUG - joeynmt.training - 	Tokenized reference:  ['Indi@@', 'a', '&apos;s', 'new', 'pri@@', 'me', 'minist@@', 'er', ',', 'N@@', 'ar@@', 'end@@', 'ra', 'Mo@@', 'd@@', 'i', ',', 'is', 'me@@', 'eting', 'his', 'J@@', 'ap@@', 'an@@', 'ese', 'coun@@', 'ter@@', 'part', ',', 'S@@', 'hin@@', 'z@@', 'o', 'A@@', 'be', ',', 'in', 'T@@', 'ok@@', 'y@@', 'o', 'to', 'disc@@', 'uss', 'economic', 'and', 'security', 'ties', ',', 'on', 'his', 'first', 'major', 'fore@@', 'ign', 'visi@@', 't', 'since', 'w@@', 'inn@@', 'ing', 'Ma@@', 'y', '&apos;s', 'elec@@', 'tion', '.']
2026-05-08 17:41:36,278 - DEBUG - joeynmt.training - 	Tokenized hypothesis: ['J@@', 'ap@@', 'an', 'A@@', 'mer@@', 'ic@@', 'a', ',', 'N@@', 'o@@', 'o@@', 'i', ',', 'in', 'a', 'first', 'first', 'of', 'the', 'first', 'first', 'of', 'the', 'first', 'first', 'of', 'the', 'first', 'first', 'of', 'the', 'S@@', 'outh', 'A@@', 'mer@@', 'ic@@', 'a', ',', 'and', 'the', 'S@@', 'outh', 'A@@', 'ra@@', 'di@@', 'o', ',', 'and', 'the', 'international', 'international', 'and', 'economic', 'and', 'economic', 'and', 'economic', 'economic', 'and', 'social', 'and', 'economic', 'and', 'social', 'and', 'social', 'and', 'social', 'social', 'and', 'economic', 'economic', 'growth', '.', '</s>']
2026-05-08 17:41:36,278 - INFO - joeynmt.training - 	Source:     Indiens neuer Premierminister Narendra Modi trifft bei seinem ersten wichtigen Auslandsbesuch seit seinem Wahlsieg im Mai seinen japanischen Amtskollegen Shinzo Abe in Toko , um wirtschaftliche und sicherheitspolitische Beziehungen zu besprechen .
2026-05-08 17:41:36,278 - INFO - joeynmt.training - 	Reference:  India &apos;s new prime minister , Narendra Modi , is meeting his Japanese counterpart , Shinzo Abe , in Tokyo to discuss economic and security ties , on his first major foreign visit since winning May &apos;s election .
2026-05-08 17:41:36,278 - INFO - joeynmt.training - 	Hypothesis: Japan America , Nooi , in a first first of the first first of the first first of the first first of the South America , and the South Aradio , and the international international and economic and economic and economic economic and social and economic and social and social and social social and economic economic growth .
2026-05-08 17:41:36,278 - INFO - joeynmt.training - Example #2
2026-05-08 17:41:36,278 - DEBUG - joeynmt.training - 	Tokenized source:     ['Herr', 'Mo@@', 'd@@', 'i', 'befindet', 'sich', 'auf', 'einer', 'fü@@', 'n@@', 'f@@', 'tä@@', 'gi@@', 'gen', 'Rei@@', 'se', 'nach', 'J@@', 'ap@@', 'an', ',', 'um', 'die', 'wirtschaf@@', 'tlichen', 'Be@@', 'zieh@@', 'ungen', 'mit', 'der', 'd@@', 'rit@@', 't@@', 'größ@@', 'ten', 'Wirtschafts@@', 'n@@', 'ation', 'der', 'Welt', 'zu', 'fes@@', 'tigen', '.']
2026-05-08 17:41:36,278 - DEBUG - joeynmt.training - 	Tokenized reference:  ['Mr', 'Mo@@', 'd@@', 'i', 'is', 'on', 'a', 'fi@@', 've', '@@@', '-@@', '@', 'day', 'tri@@', 'p', 'to', 'J@@', 'ap@@', 'an', 'to', 'streng@@', 'then', 'economic', 'ties', 'with', 'the', 'third', 'lar@@', 'ges@@', 't', 'econom@@', 'y', 'in', 'the', 'world', '.']
2026-05-08 17:41:36,278 - DEBUG - joeynmt.training - 	Tokenized hypothesis: ['Mr', 'President', ',', 'the', 'world', 'is', 'located', 'in', 'a', 'very', 'c@@', 'are@@', 'ful', 'of', 'J@@', 'ap@@', 'an', ',', 'the', 'economic', 'and', 'the', 'economic', 'economic', 'and', 'economic', 'growth', 'with', 'the', 'world', 'of', 'the', 'world', '.', '</s>']
2026-05-08 17:41:36,278 - INFO - joeynmt.training - 	Source:     Herr Modi befindet sich auf einer fünftägigen Reise nach Japan , um die wirtschaftlichen Beziehungen mit der drittgrößten Wirtschaftsnation der Welt zu festigen .
2026-05-08 17:41:36,278 - INFO - joeynmt.training - 	Reference:  Mr Modi is on a five @-@ day trip to Japan to strengthen economic ties with the third largest economy in the world .
2026-05-08 17:41:36,278 - INFO - joeynmt.training - 	Hypothesis: Mr President , the world is located in a very careful of Japan , the economic and the economic economic and economic growth with the world of the world .
2026-05-08 17:41:36,278 - INFO - joeynmt.training - Example #3
2026-05-08 17:41:36,278 - DEBUG - joeynmt.training - 	Tokenized source:     ['P@@', 'län@@', 'e', 'für', 'eine', 'stärk@@', 'ere', 'k@@', 'ern@@', 'techn@@', 'ische', 'Zusammenarbeit', 'stehen', 'ganz', 'ob@@', 'en', 'auf', 'der', 'Tag@@', 'es@@', 'ordnung', '.']
2026-05-08 17:41:36,278 - DEBUG - joeynmt.training - 	Tokenized reference:  ['high', 'on', 'the', 'agen@@', 'da', 'are', 'pl@@', 'ans', 'for', 'gre@@', 'ater', 'nu@@', 'clear', 'c@@', 'o', '@@@', '-@@', '@', 'operation', '.']
2026-05-08 17:41:36,278 - DEBUG - joeynmt.training - 	Tokenized hypothesis: ['P@@', 'P@@', 'l@@', 'ack', 'for', 'a', 'techn@@', 'ical', 'cooperation', 'in', 'the', 'area', 'of', 'development', 'of', 'the', 'next', 'it@@', 'em', '.', '</s>']
2026-05-08 17:41:36,279 - INFO - joeynmt.training - 	Source:     Pläne für eine stärkere kerntechnische Zusammenarbeit stehen ganz oben auf der Tagesordnung .
2026-05-08 17:41:36,279 - INFO - joeynmt.training - 	Reference:  high on the agenda are plans for greater nuclear co @-@ operation .
2026-05-08 17:41:36,279 - INFO - joeynmt.training - 	Hypothesis: PPlack for a technical cooperation in the area of development of the next item .
2026-05-08 17:41:36,279 - INFO - joeynmt.training - Example #4
2026-05-08 17:41:36,279 - DEBUG - joeynmt.training - 	Tokenized source:     ['Berich@@', 'ten', 'zu@@', 'fol@@', 'ge', 'ho@@', 'fft', 'Indi@@', 'en', 'darüber', 'hinaus', 'auf', 'einen', 'Ver@@', 'trag', 'zur', 'Ver@@', 'tei@@', 'dig@@', 'ungs@@', 'zusammen@@', 'arbeit', 'zwischen', 'den', 'beiden', 'N@@', 'ationen', '.']
2026-05-08 17:41:36,279 - DEBUG - joeynmt.training - 	Tokenized reference:  ['Indi@@', 'a', 'is', 'also', 're@@', 'porte@@', 'dly', 'hop@@', 'ing', 'for', 'a', 'de@@', 'al', 'on', 'def@@', 'ence', 'c@@', 'oll@@', 'ab@@', 'or@@', 'ation', 'between', 'the', 'two', 'n@@', 'ations', '.']
2026-05-08 17:41:36,279 - DEBUG - joeynmt.training - 	Tokenized hypothesis: ['report', 'is', 'also', 'the', 'same', 'time', 'in', 'the', 'Tre@@', 'aty', 'of', 'a', 're@@', 'form', 'of', 'the', 'two', 're@@', 'ports', '.', '</s>']
2026-05-08 17:41:36,279 - INFO - joeynmt.training - 	Source:     Berichten zufolge hofft Indien darüber hinaus auf einen Vertrag zur Verteidigungszusammenarbeit zwischen den beiden Nationen .
2026-05-08 17:41:36,279 - INFO - joeynmt.training - 	Reference:  India is also reportedly hoping for a deal on defence collaboration between the two nations .
2026-05-08 17:41:36,279 - INFO - joeynmt.training - 	Hypothesis: report is also the same time in the Treaty of a reform of the two reports .
2026-05-08 17:41:46,026 - INFO - joeynmt.training - Epoch   1: total training loss 12063.13
2026-05-08 17:41:46,027 - INFO - joeynmt.training - EPOCH 2
2026-05-08 17:41:51,581 - INFO - joeynmt.training - Epoch   2, Step:     4100, Batch Loss:     2.501742, Batch Acc: 0.326131, Tokens per Sec:     5975, Lr: 0.000300
2026-05-08 17:42:07,093 - INFO - joeynmt.training - Epoch   2, Step:     4200, Batch Loss:     2.550805, Batch Acc: 0.328874, Tokens per Sec:     5956, Lr: 0.000300
2026-05-08 17:42:22,602 - INFO - joeynmt.training - Epoch   2, Step:     4300, Batch Loss:     2.415780, Batch Acc: 0.332724, Tokens per Sec:     5852, Lr: 0.000300
2026-05-08 17:42:37,796 - INFO - joeynmt.training - Epoch   2, Step:     4400, Batch Loss:     2.663451, Batch Acc: 0.331039, Tokens per Sec:     6072, Lr: 0.000300
2026-05-08 17:42:52,913 - INFO - joeynmt.training - Epoch   2, Step:     4500, Batch Loss:     2.607925, Batch Acc: 0.335177, Tokens per Sec:     6124, Lr: 0.000300
2026-05-08 17:42:52,913 - INFO - joeynmt.prediction - Predicting 500 example(s)... (Greedy decoding with min_output_length=1, max_output_length=-1, return_prob='none', generate_unk=True, repetition_penalty=-1, no_repeat_ngram_size=-1)
2026-05-08 17:43:19,050 - INFO - joeynmt.prediction - Evaluation result (greedy) loss:   2.85, ppl:  17.33, acc:   0.27, generation: 26.1335[sec], evaluation: 0.0000[sec]
2026-05-08 17:43:19,052 - INFO - joeynmt.training - Hooray! New best validation result [ppl]!
2026-05-08 17:43:19,128 - INFO - joeynmt.helpers - delete models/deen_transformer_pre/2000.ckpt
2026-05-08 17:43:19,129 - INFO - joeynmt.training - Example #0
2026-05-08 17:43:19,129 - DEBUG - joeynmt.training - 	Tokenized source:     ['die', 'Pre@@', 'mi@@', 'er@@', 'minist@@', 'er', 'Indi@@', 'ens', 'und', 'J@@', 'ap@@', 'ans', 'tra@@', 'fen', 'sich', 'in', 'T@@', 'ok@@', 'i@@', 'o', '.']
2026-05-08 17:43:19,129 - DEBUG - joeynmt.training - 	Tokenized reference:  ['Indi@@', 'a', 'and', 'J@@', 'ap@@', 'an', 'pri@@', 'me', 'minist@@', 'ers', 'me@@', 'et', 'in', 'T@@', 'ok@@', 'y@@', 'o']
2026-05-08 17:43:19,129 - DEBUG - joeynmt.training - 	Tokenized hypothesis: ['the', 're@@', 'pres@@', 'ents', 'in', 'the', 'p@@', 'ast', 'and', 'J@@', 'ap@@', 'an', '.', '</s>']
2026-05-08 17:43:19,129 - INFO - joeynmt.training - 	Source:     die Premierminister Indiens und Japans trafen sich in Tokio .
2026-05-08 17:43:19,129 - INFO - joeynmt.training - 	Reference:  India and Japan prime ministers meet in Tokyo
2026-05-08 17:43:19,129 - INFO - joeynmt.training - 	Hypothesis: the represents in the past and Japan .
2026-05-08 17:43:19,129 - INFO - joeynmt.training - Example #1
2026-05-08 17:43:19,129 - DEBUG - joeynmt.training - 	Tokenized source:     ['Indi@@', 'ens', 'neu@@', 'er', 'Pre@@', 'mi@@', 'er@@', 'minist@@', 'er', 'N@@', 'ar@@', 'end@@', 'ra', 'Mo@@', 'd@@', 'i', 'tri@@', 'fft', 'bei', 's@@', 'einem', 'ersten', 'wichti@@', 'gen', 'Aus@@', 'land@@', 's@@', 'bes@@', 'u@@', 'ch', 'seit', 's@@', 'einem', 'W@@', 'ah@@', 'l@@', 'si@@', 'e@@', 'g', 'im', 'Ma@@', 'i', 'seinen', 'j@@', 'ap@@', 'an@@', 'ischen', 'Am@@', 'ts@@', 'k@@', 'olle@@', 'gen', 'S@@', 'hin@@', 'z@@', 'o', 'A@@', 'be', 'in', 'T@@', 'ok@@', 'o', ',', 'um', 'wirtschaf@@', 'tliche', 'und', 'sicher@@', 'heits@@', 'politische', 'Be@@', 'zieh@@', 'ungen', 'zu', 'bes@@', 'pre@@', 'chen', '.']
2026-05-08 17:43:19,129 - DEBUG - joeynmt.training - 	Tokenized reference:  ['Indi@@', 'a', '&apos;s', 'new', 'pri@@', 'me', 'minist@@', 'er', ',', 'N@@', 'ar@@', 'end@@', 'ra', 'Mo@@', 'd@@', 'i', ',', 'is', 'me@@', 'eting', 'his', 'J@@', 'ap@@', 'an@@', 'ese', 'coun@@', 'ter@@', 'part', ',', 'S@@', 'hin@@', 'z@@', 'o', 'A@@', 'be', ',', 'in', 'T@@', 'ok@@', 'y@@', 'o', 'to', 'disc@@', 'uss', 'economic', 'and', 'security', 'ties', ',', 'on', 'his', 'first', 'major', 'fore@@', 'ign', 'visi@@', 't', 'since', 'w@@', 'inn@@', 'ing', 'Ma@@', 'y', '&apos;s', 'elec@@', 'tion', '.']
2026-05-08 17:43:19,129 - DEBUG - joeynmt.training - 	Tokenized hypothesis: ['J@@', 'ap@@', 'an', 'S@@', 'ant@@', 'i', 'N@@', 'ar@@', 'i', 'S@@', 'um@@', 'mit', ',', 'the', 'first', 'first', 'of', 'the', 'first', 'first', 'of', 'the', 'first', 'first', 'of', 'the', 'first', 'first', 'of', 'the', 'S@@', 'an@@', 'i', '&apos;s', 're@@', 'st', 'in', 'the', 'S@@', 'an@@', 'i', 'S@@', 'an@@', 'i', 'S@@', 'an@@', 'i', 'S@@', 'an@@', 'i', 'S@@', 'an@@', 'i', '.', '</s>']
2026-05-08 17:43:19,130 - INFO - joeynmt.training - 	Source:     Indiens neuer Premierminister Narendra Modi trifft bei seinem ersten wichtigen Auslandsbesuch seit seinem Wahlsieg im Mai seinen japanischen Amtskollegen Shinzo Abe in Toko , um wirtschaftliche und sicherheitspolitische Beziehungen zu besprechen .
2026-05-08 17:43:19,130 - INFO - joeynmt.training - 	Reference:  India &apos;s new prime minister , Narendra Modi , is meeting his Japanese counterpart , Shinzo Abe , in Tokyo to discuss economic and security ties , on his first major foreign visit since winning May &apos;s election .
2026-05-08 17:43:19,130 - INFO - joeynmt.training - 	Hypothesis: Japan Santi Nari Summit , the first first of the first first of the first first of the first first of the Sani &apos;s rest in the Sani Sani Sani Sani Sani .
2026-05-08 17:43:19,130 - INFO - joeynmt.training - Example #2
2026-05-08 17:43:19,130 - DEBUG - joeynmt.training - 	Tokenized source:     ['Herr', 'Mo@@', 'd@@', 'i', 'befindet', 'sich', 'auf', 'einer', 'fü@@', 'n@@', 'f@@', 'tä@@', 'gi@@', 'gen', 'Rei@@', 'se', 'nach', 'J@@', 'ap@@', 'an', ',', 'um', 'die', 'wirtschaf@@', 'tlichen', 'Be@@', 'zieh@@', 'ungen', 'mit', 'der', 'd@@', 'rit@@', 't@@', 'größ@@', 'ten', 'Wirtschafts@@', 'n@@', 'ation', 'der', 'Welt', 'zu', 'fes@@', 'tigen', '.']
2026-05-08 17:43:19,130 - DEBUG - joeynmt.training - 	Tokenized reference:  ['Mr', 'Mo@@', 'd@@', 'i', 'is', 'on', 'a', 'fi@@', 've', '@@@', '-@@', '@', 'day', 'tri@@', 'p', 'to', 'J@@', 'ap@@', 'an', 'to', 'streng@@', 'then', 'economic', 'ties', 'with', 'the', 'third', 'lar@@', 'ges@@', 't', 'econom@@', 'y', 'in', 'the', 'world', '.']
2026-05-08 17:43:19,130 - DEBUG - joeynmt.training - 	Tokenized hypothesis: ['Mr', 'President', ',', 'Mr', 'Bar@@', 'd@@', 'i', 'is', 'a', 'number', 'of', 'J@@', 'ap@@', 'an', ',', 'which', 'is', 'the', 'economic', 'economic', 'growth', ',', 'which', 'is', 'the', 'economic', 'growth', 'of', 'economic', 'growth', '.', '</s>']
2026-05-08 17:43:19,130 - INFO - joeynmt.training - 	Source:     Herr Modi befindet sich auf einer fünftägigen Reise nach Japan , um die wirtschaftlichen Beziehungen mit der drittgrößten Wirtschaftsnation der Welt zu festigen .
2026-05-08 17:43:19,130 - INFO - joeynmt.training - 	Reference:  Mr Modi is on a five @-@ day trip to Japan to strengthen economic ties with the third largest economy in the world .
2026-05-08 17:43:19,130 - INFO - joeynmt.training - 	Hypothesis: Mr President , Mr Bardi is a number of Japan , which is the economic economic growth , which is the economic growth of economic growth .
2026-05-08 17:43:19,130 - INFO - joeynmt.training - Example #3
2026-05-08 17:43:19,130 - DEBUG - joeynmt.training - 	Tokenized source:     ['P@@', 'län@@', 'e', 'für', 'eine', 'stärk@@', 'ere', 'k@@', 'ern@@', 'techn@@', 'ische', 'Zusammenarbeit', 'stehen', 'ganz', 'ob@@', 'en', 'auf', 'der', 'Tag@@', 'es@@', 'ordnung', '.']
2026-05-08 17:43:19,130 - DEBUG - joeynmt.training - 	Tokenized reference:  ['high', 'on', 'the', 'agen@@', 'da', 'are', 'pl@@', 'ans', 'for', 'gre@@', 'ater', 'nu@@', 'clear', 'c@@', 'o', '@@@', '-@@', '@', 'operation', '.']
2026-05-08 17:43:19,130 - DEBUG - joeynmt.training - 	Tokenized hypothesis: ['the', 'C@@', 'our@@', 't', 'of', 'the', 'environ@@', 'mental', 'techn@@', 'ology', ',', 'cooperation', 'on', 'the', 'basis', 'of', 'the', 'next', 'to', 'the', 'next', 'it@@', 'em', '.', '</s>']
2026-05-08 17:43:19,130 - INFO - joeynmt.training - 	Source:     Pläne für eine stärkere kerntechnische Zusammenarbeit stehen ganz oben auf der Tagesordnung .
2026-05-08 17:43:19,130 - INFO - joeynmt.training - 	Reference:  high on the agenda are plans for greater nuclear co @-@ operation .
2026-05-08 17:43:19,130 - INFO - joeynmt.training - 	Hypothesis: the Court of the environmental technology , cooperation on the basis of the next to the next item .
2026-05-08 17:43:19,130 - INFO - joeynmt.training - Example #4
2026-05-08 17:43:19,130 - DEBUG - joeynmt.training - 	Tokenized source:     ['Berich@@', 'ten', 'zu@@', 'fol@@', 'ge', 'ho@@', 'fft', 'Indi@@', 'en', 'darüber', 'hinaus', 'auf', 'einen', 'Ver@@', 'trag', 'zur', 'Ver@@', 'tei@@', 'dig@@', 'ungs@@', 'zusammen@@', 'arbeit', 'zwischen', 'den', 'beiden', 'N@@', 'ationen', '.']
2026-05-08 17:43:19,130 - DEBUG - joeynmt.training - 	Tokenized reference:  ['Indi@@', 'a', 'is', 'also', 're@@', 'porte@@', 'dly', 'hop@@', 'ing', 'for', 'a', 'de@@', 'al', 'on', 'def@@', 'ence', 'c@@', 'oll@@', 'ab@@', 'or@@', 'ation', 'between', 'the', 'two', 'n@@', 'ations', '.']
2026-05-08 17:43:19,130 - DEBUG - joeynmt.training - 	Tokenized hypothesis: ['report', ',', 'the', 're@@', 'ma@@', 'ins', 'is', 'also', 'important', 'to', 'the', 'Tre@@', 'aty', 'of', 'the', 'Tre@@', 'aty', 'of', 'the', 'N@@', 'ational', 'A@@', 'N@@', 'N@@', 'N@@', 'N@@', 'N@@', 'N@@', 'N@@', 'N@@', 'N@@', 'N@@', 'N@@', 'ov@@', 'ember', '.', '</s>']
2026-05-08 17:43:19,130 - INFO - joeynmt.training - 	Source:     Berichten zufolge hofft Indien darüber hinaus auf einen Vertrag zur Verteidigungszusammenarbeit zwischen den beiden Nationen .
2026-05-08 17:43:19,130 - INFO - joeynmt.training - 	Reference:  India is also reportedly hoping for a deal on defence collaboration between the two nations .
2026-05-08 17:43:19,130 - INFO - joeynmt.training - 	Hypothesis: report , the remains is also important to the Treaty of the Treaty of the National ANNNNNNNNNNNovember .
2026-05-08 17:43:34,051 - INFO - joeynmt.training - Epoch   2, Step:     4600, Batch Loss:     2.352734, Batch Acc: 0.340285, Tokens per Sec:     6214, Lr: 0.000300
2026-05-08 17:43:48,948 - INFO - joeynmt.training - Epoch   2, Step:     4700, Batch Loss:     2.408499, Batch Acc: 0.341116, Tokens per Sec:     6148, Lr: 0.000300
2026-05-08 17:44:04,014 - INFO - joeynmt.training - Epoch   2, Step:     4800, Batch Loss:     2.436718, Batch Acc: 0.345513, Tokens per Sec:     6200, Lr: 0.000300
2026-05-08 17:44:18,919 - INFO - joeynmt.training - Epoch   2, Step:     4900, Batch Loss:     2.389581, Batch Acc: 0.347660, Tokens per Sec:     6149, Lr: 0.000300
2026-05-08 17:44:33,854 - INFO - joeynmt.training - Epoch   2, Step:     5000, Batch Loss:     2.321187, Batch Acc: 0.352041, Tokens per Sec:     6114, Lr: 0.000300
2026-05-08 17:44:33,855 - INFO - joeynmt.prediction - Predicting 500 example(s)... (Greedy decoding with min_output_length=1, max_output_length=-1, return_prob='none', generate_unk=True, repetition_penalty=-1, no_repeat_ngram_size=-1)
2026-05-08 17:44:56,588 - INFO - joeynmt.prediction - Evaluation result (greedy) loss:   2.79, ppl:  16.27, acc:   0.29, generation: 22.7296[sec], evaluation: 0.0000[sec]
2026-05-08 17:44:56,590 - INFO - joeynmt.training - Hooray! New best validation result [ppl]!
2026-05-08 17:44:56,667 - INFO - joeynmt.helpers - delete models/deen_transformer_pre/2500.ckpt
2026-05-08 17:44:56,669 - INFO - joeynmt.training - Example #0
2026-05-08 17:44:56,669 - DEBUG - joeynmt.training - 	Tokenized source:     ['die', 'Pre@@', 'mi@@', 'er@@', 'minist@@', 'er', 'Indi@@', 'ens', 'und', 'J@@', 'ap@@', 'ans', 'tra@@', 'fen', 'sich', 'in', 'T@@', 'ok@@', 'i@@', 'o', '.']
2026-05-08 17:44:56,669 - DEBUG - joeynmt.training - 	Tokenized reference:  ['Indi@@', 'a', 'and', 'J@@', 'ap@@', 'an', 'pri@@', 'me', 'minist@@', 'ers', 'me@@', 'et', 'in', 'T@@', 'ok@@', 'y@@', 'o']
2026-05-08 17:44:56,669 - DEBUG - joeynmt.training - 	Tokenized hypothesis: ['the', 're@@', 'pres@@', 'ents', 'a', 'b@@', 'ig@@', 'ges@@', 't', ',', 'J@@', 'ap@@', 'an@@', 'o', '.', '</s>']
2026-05-08 17:44:56,669 - INFO - joeynmt.training - 	Source:     die Premierminister Indiens und Japans trafen sich in Tokio .
2026-05-08 17:44:56,669 - INFO - joeynmt.training - 	Reference:  India and Japan prime ministers meet in Tokyo
2026-05-08 17:44:56,669 - INFO - joeynmt.training - 	Hypothesis: the represents a biggest , Japano .
2026-05-08 17:44:56,669 - INFO - joeynmt.training - Example #1
2026-05-08 17:44:56,669 - DEBUG - joeynmt.training - 	Tokenized source:     ['Indi@@', 'ens', 'neu@@', 'er', 'Pre@@', 'mi@@', 'er@@', 'minist@@', 'er', 'N@@', 'ar@@', 'end@@', 'ra', 'Mo@@', 'd@@', 'i', 'tri@@', 'fft', 'bei', 's@@', 'einem', 'ersten', 'wichti@@', 'gen', 'Aus@@', 'land@@', 's@@', 'bes@@', 'u@@', 'ch', 'seit', 's@@', 'einem', 'W@@', 'ah@@', 'l@@', 'si@@', 'e@@', 'g', 'im', 'Ma@@', 'i', 'seinen', 'j@@', 'ap@@', 'an@@', 'ischen', 'Am@@', 'ts@@', 'k@@', 'olle@@', 'gen', 'S@@', 'hin@@', 'z@@', 'o', 'A@@', 'be', 'in', 'T@@', 'ok@@', 'o', ',', 'um', 'wirtschaf@@', 'tliche', 'und', 'sicher@@', 'heits@@', 'politische', 'Be@@', 'zieh@@', 'ungen', 'zu', 'bes@@', 'pre@@', 'chen', '.']
2026-05-08 17:44:56,669 - DEBUG - joeynmt.training - 	Tokenized reference:  ['Indi@@', 'a', '&apos;s', 'new', 'pri@@', 'me', 'minist@@', 'er', ',', 'N@@', 'ar@@', 'end@@', 'ra', 'Mo@@', 'd@@', 'i', ',', 'is', 'me@@', 'eting', 'his', 'J@@', 'ap@@', 'an@@', 'ese', 'coun@@', 'ter@@', 'part', ',', 'S@@', 'hin@@', 'z@@', 'o', 'A@@', 'be', ',', 'in', 'T@@', 'ok@@', 'y@@', 'o', 'to', 'disc@@', 'uss', 'economic', 'and', 'security', 'ties', ',', 'on', 'his', 'first', 'major', 'fore@@', 'ign', 'visi@@', 't', 'since', 'w@@', 'inn@@', 'ing', 'Ma@@', 'y', '&apos;s', 'elec@@', 'tion', '.']
2026-05-08 17:44:56,669 - DEBUG - joeynmt.training - 	Tokenized hypothesis: ['J@@', 'ap@@', 'an', ',', 'the', 'S@@', 'on@@', 'd@@', 'i', ',', 'the', 'S@@', 'on@@', 'd@@', 'i', ',', 'the', 'first', 'of', 'the', 'S@@', 'outh', 'A@@', 'mer@@', 'ic@@', 'a', 'has', 'a', 'first', 'first', 'of', 'his', 'first', 'and', 'a', 'very', 'important', 'role', 'in', 'the', 'S@@', 'on@@', 'ia', ',', 'and', 'the', 'economic', 're@@', 'mo@@', 've', 'and', 'the', 'economic', 're@@', 'lev@@', 'ant', 'and', 'economic', 're@@', 'lev@@', 'ant', 'and', 'the', 'political', 're@@', 'lev@@', 'ant', 'and', 'economic', 're@@', 'ali@@', 'sti@@', 'c', '.', '</s>']
2026-05-08 17:44:56,669 - INFO - joeynmt.training - 	Source:     Indiens neuer Premierminister Narendra Modi trifft bei seinem ersten wichtigen Auslandsbesuch seit seinem Wahlsieg im Mai seinen japanischen Amtskollegen Shinzo Abe in Toko , um wirtschaftliche und sicherheitspolitische Beziehungen zu besprechen .
2026-05-08 17:44:56,669 - INFO - joeynmt.training - 	Reference:  India &apos;s new prime minister , Narendra Modi , is meeting his Japanese counterpart , Shinzo Abe , in Tokyo to discuss economic and security ties , on his first major foreign visit since winning May &apos;s election .
2026-05-08 17:44:56,669 - INFO - joeynmt.training - 	Hypothesis: Japan , the Sondi , the Sondi , the first of the South America has a first first of his first and a very important role in the Sonia , and the economic remove and the economic relevant and economic relevant and the political relevant and economic realistic .
2026-05-08 17:44:56,669 - INFO - joeynmt.training - Example #2
2026-05-08 17:44:56,669 - DEBUG - joeynmt.training - 	Tokenized source:     ['Herr', 'Mo@@', 'd@@', 'i', 'befindet', 'sich', 'auf', 'einer', 'fü@@', 'n@@', 'f@@', 'tä@@', 'gi@@', 'gen', 'Rei@@', 'se', 'nach', 'J@@', 'ap@@', 'an', ',', 'um', 'die', 'wirtschaf@@', 'tlichen', 'Be@@', 'zieh@@', 'ungen', 'mit', 'der', 'd@@', 'rit@@', 't@@', 'größ@@', 'ten', 'Wirtschafts@@', 'n@@', 'ation', 'der', 'Welt', 'zu', 'fes@@', 'tigen', '.']
2026-05-08 17:44:56,669 - DEBUG - joeynmt.training - 	Tokenized reference:  ['Mr', 'Mo@@', 'd@@', 'i', 'is', 'on', 'a', 'fi@@', 've', '@@@', '-@@', '@', 'day', 'tri@@', 'p', 'to', 'J@@', 'ap@@', 'an', 'to', 'streng@@', 'then', 'economic', 'ties', 'with', 'the', 'third', 'lar@@', 'ges@@', 't', 'econom@@', 'y', 'in', 'the', 'world', '.']
2026-05-08 17:44:56,669 - DEBUG - joeynmt.training - 	Tokenized hypothesis: ['Mr', 'President', ',', 'Mr', 'M@@', 'ap@@', 'an', ',', 'Mr', 'K@@', 'ap@@', 'ap@@', 'an', 'to', 'J@@', 'ap@@', 'an', 'J@@', 'ap@@', 'an', 'J@@', 'ap@@', 'an', 'J@@', 'ap@@', 'an', ',', 'the', 'econom@@', 'y', 'with', 'the', 'world', 'of', 'the', 'world', '.', '</s>']
2026-05-08 17:44:56,669 - INFO - joeynmt.training - 	Source:     Herr Modi befindet sich auf einer fünftägigen Reise nach Japan , um die wirtschaftlichen Beziehungen mit der drittgrößten Wirtschaftsnation der Welt zu festigen .
2026-05-08 17:44:56,669 - INFO - joeynmt.training - 	Reference:  Mr Modi is on a five @-@ day trip to Japan to strengthen economic ties with the third largest economy in the world .
2026-05-08 17:44:56,669 - INFO - joeynmt.training - 	Hypothesis: Mr President , Mr Mapan , Mr Kapapan to Japan Japan Japan Japan , the economy with the world of the world .
2026-05-08 17:44:56,669 - INFO - joeynmt.training - Example #3
2026-05-08 17:44:56,669 - DEBUG - joeynmt.training - 	Tokenized source:     ['P@@', 'län@@', 'e', 'für', 'eine', 'stärk@@', 'ere', 'k@@', 'ern@@', 'techn@@', 'ische', 'Zusammenarbeit', 'stehen', 'ganz', 'ob@@', 'en', 'auf', 'der', 'Tag@@', 'es@@', 'ordnung', '.']
2026-05-08 17:44:56,669 - DEBUG - joeynmt.training - 	Tokenized reference:  ['high', 'on', 'the', 'agen@@', 'da', 'are', 'pl@@', 'ans', 'for', 'gre@@', 'ater', 'nu@@', 'clear', 'c@@', 'o', '@@@', '-@@', '@', 'operation', '.']
2026-05-08 17:44:56,669 - DEBUG - joeynmt.training - 	Tokenized hypothesis: ['P@@', 'ap@@', 'e', 'for', 'a', 'techn@@', 'ical', 'cooperation', 'with', 'a', 'techn@@', 'ical', 'cooperation', 'on', 'the', 'basis', 'of', 'the', 'A@@', 'mer@@', 'ic@@', 'a', '.', '</s>']
2026-05-08 17:44:56,669 - INFO - joeynmt.training - 	Source:     Pläne für eine stärkere kerntechnische Zusammenarbeit stehen ganz oben auf der Tagesordnung .
2026-05-08 17:44:56,669 - INFO - joeynmt.training - 	Reference:  high on the agenda are plans for greater nuclear co @-@ operation .
2026-05-08 17:44:56,669 - INFO - joeynmt.training - 	Hypothesis: Pape for a technical cooperation with a technical cooperation on the basis of the America .
2026-05-08 17:44:56,669 - INFO - joeynmt.training - Example #4
2026-05-08 17:44:56,670 - DEBUG - joeynmt.training - 	Tokenized source:     ['Berich@@', 'ten', 'zu@@', 'fol@@', 'ge', 'ho@@', 'fft', 'Indi@@', 'en', 'darüber', 'hinaus', 'auf', 'einen', 'Ver@@', 'trag', 'zur', 'Ver@@', 'tei@@', 'dig@@', 'ungs@@', 'zusammen@@', 'arbeit', 'zwischen', 'den', 'beiden', 'N@@', 'ationen', '.']
2026-05-08 17:44:56,670 - DEBUG - joeynmt.training - 	Tokenized reference:  ['Indi@@', 'a', 'is', 'also', 're@@', 'porte@@', 'dly', 'hop@@', 'ing', 'for', 'a', 'de@@', 'al', 'on', 'def@@', 'ence', 'c@@', 'oll@@', 'ab@@', 'or@@', 'ation', 'between', 'the', 'two', 'n@@', 'ations', '.']
2026-05-08 17:44:56,670 - DEBUG - joeynmt.training - 	Tokenized hypothesis: ['report', 'on', 'the', 're@@', 'view', 'of', 'the', 'D@@', 'ec@@', 'ember', 'of', 'the', 're@@', 'ference', 'to', 'the', 'two', 'par@@', 'ties', '.', '</s>']
2026-05-08 17:44:56,670 - INFO - joeynmt.training - 	Source:     Berichten zufolge hofft Indien darüber hinaus auf einen Vertrag zur Verteidigungszusammenarbeit zwischen den beiden Nationen .
2026-05-08 17:44:56,670 - INFO - joeynmt.training - 	Reference:  India is also reportedly hoping for a deal on defence collaboration between the two nations .
2026-05-08 17:44:56,670 - INFO - joeynmt.training - 	Hypothesis: report on the review of the December of the reference to the two parties .
2026-05-08 17:45:11,978 - INFO - joeynmt.training - Epoch   2, Step:     5100, Batch Loss:     2.445049, Batch Acc: 0.350320, Tokens per Sec:     5960, Lr: 0.000300
2026-05-08 17:45:27,668 - INFO - joeynmt.training - Epoch   2, Step:     5200, Batch Loss:     2.340477, Batch Acc: 0.357320, Tokens per Sec:     6050, Lr: 0.000300
2026-05-08 17:45:43,516 - INFO - joeynmt.training - Epoch   2, Step:     5300, Batch Loss:     2.283197, Batch Acc: 0.360924, Tokens per Sec:     5779, Lr: 0.000300
2026-05-08 17:45:59,391 - INFO - joeynmt.training - Epoch   2, Step:     5400, Batch Loss:     2.320606, Batch Acc: 0.367016, Tokens per Sec:     5850, Lr: 0.000300
2026-05-08 17:46:16,480 - INFO - joeynmt.training - Epoch   2, Step:     5500, Batch Loss:     2.317611, Batch Acc: 0.367105, Tokens per Sec:     5435, Lr: 0.000300
2026-05-08 17:46:16,480 - INFO - joeynmt.prediction - Predicting 500 example(s)... (Greedy decoding with min_output_length=1, max_output_length=-1, return_prob='none', generate_unk=True, repetition_penalty=-1, no_repeat_ngram_size=-1)
2026-05-08 18:11:29,358 - INFO - joeynmt.prediction - Evaluation result (greedy) loss:   2.70, ppl:  14.81, acc:   0.31, generation: 1512.8718[sec], evaluation: 0.0000[sec]
2026-05-08 18:11:29,362 - INFO - joeynmt.training - Hooray! New best validation result [ppl]!
2026-05-08 18:11:29,462 - INFO - joeynmt.helpers - delete models/deen_transformer_pre/3000.ckpt
2026-05-08 18:11:29,463 - INFO - joeynmt.training - Example #0
2026-05-08 18:11:29,464 - DEBUG - joeynmt.training - 	Tokenized source:     ['die', 'Pre@@', 'mi@@', 'er@@', 'minist@@', 'er', 'Indi@@', 'ens', 'und', 'J@@', 'ap@@', 'ans', 'tra@@', 'fen', 'sich', 'in', 'T@@', 'ok@@', 'i@@', 'o', '.']
2026-05-08 18:11:29,464 - DEBUG - joeynmt.training - 	Tokenized reference:  ['Indi@@', 'a', 'and', 'J@@', 'ap@@', 'an', 'pri@@', 'me', 'minist@@', 'ers', 'me@@', 'et', 'in', 'T@@', 'ok@@', 'y@@', 'o']
2026-05-08 18:11:29,464 - DEBUG - joeynmt.training - 	Tokenized hypothesis: ['the', 'price', 'of', 'the', 'price', 'of', 'J@@', 'ap@@', 'an', 'and', 'J@@', 'ap@@', 'an', '.', '</s>']
2026-05-08 18:11:29,464 - INFO - joeynmt.training - 	Source:     die Premierminister Indiens und Japans trafen sich in Tokio .
2026-05-08 18:11:29,464 - INFO - joeynmt.training - 	Reference:  India and Japan prime ministers meet in Tokyo
2026-05-08 18:11:29,464 - INFO - joeynmt.training - 	Hypothesis: the price of the price of Japan and Japan .
2026-05-08 18:11:29,464 - INFO - joeynmt.training - Example #1
2026-05-08 18:11:29,464 - DEBUG - joeynmt.training - 	Tokenized source:     ['Indi@@', 'ens', 'neu@@', 'er', 'Pre@@', 'mi@@', 'er@@', 'minist@@', 'er', 'N@@', 'ar@@', 'end@@', 'ra', 'Mo@@', 'd@@', 'i', 'tri@@', 'fft', 'bei', 's@@', 'einem', 'ersten', 'wichti@@', 'gen', 'Aus@@', 'land@@', 's@@', 'bes@@', 'u@@', 'ch', 'seit', 's@@', 'einem', 'W@@', 'ah@@', 'l@@', 'si@@', 'e@@', 'g', 'im', 'Ma@@', 'i', 'seinen', 'j@@', 'ap@@', 'an@@', 'ischen', 'Am@@', 'ts@@', 'k@@', 'olle@@', 'gen', 'S@@', 'hin@@', 'z@@', 'o', 'A@@', 'be', 'in', 'T@@', 'ok@@', 'o', ',', 'um', 'wirtschaf@@', 'tliche', 'und', 'sicher@@', 'heits@@', 'politische', 'Be@@', 'zieh@@', 'ungen', 'zu', 'bes@@', 'pre@@', 'chen', '.']
2026-05-08 18:11:29,464 - DEBUG - joeynmt.training - 	Tokenized reference:  ['Indi@@', 'a', '&apos;s', 'new', 'pri@@', 'me', 'minist@@', 'er', ',', 'N@@', 'ar@@', 'end@@', 'ra', 'Mo@@', 'd@@', 'i', ',', 'is', 'me@@', 'eting', 'his', 'J@@', 'ap@@', 'an@@', 'ese', 'coun@@', 'ter@@', 'part', ',', 'S@@', 'hin@@', 'z@@', 'o', 'A@@', 'be', ',', 'in', 'T@@', 'ok@@', 'y@@', 'o', 'to', 'disc@@', 'uss', 'economic', 'and', 'security', 'ties', ',', 'on', 'his', 'first', 'major', 'fore@@', 'ign', 'visi@@', 't', 'since', 'w@@', 'inn@@', 'ing', 'Ma@@', 'y', '&apos;s', 'elec@@', 'tion', '.']
2026-05-08 18:11:29,464 - DEBUG - joeynmt.training - 	Tokenized hypothesis: ['the', 'first', 'read@@', 'ing', ',', 'the', 'first', 'time', ',', 'the', 'first', 'read@@', 'ing', 'of', 'the', 'first', 'read@@', 'ing', ',', 'in', 'the', 'first', 'read@@', 'ing', ',', 'has', 'been', 'a', 'first', 'read@@', 'ing', 'in', 'the', 'S@@', 'outh', 'A@@', 'v@@', 'an', 'A@@', 'T@@', 'O', 'S@@', 'outh', 'A@@', 'T@@', 'O', 'S@@', 'ig@@', 'h', 'S@@', 'an', 'A@@', 'T@@', 'O', 'S@@', 'outh', 'A@@', 'v@@', 'an', 'A@@', 'T@@', 'O', 'S@@', 'ec@@', 're@@', 'di@@', 'o', 'S@@', 'ec@@', 'urity', '.', '</s>']
2026-05-08 18:11:29,464 - INFO - joeynmt.training - 	Source:     Indiens neuer Premierminister Narendra Modi trifft bei seinem ersten wichtigen Auslandsbesuch seit seinem Wahlsieg im Mai seinen japanischen Amtskollegen Shinzo Abe in Toko , um wirtschaftliche und sicherheitspolitische Beziehungen zu besprechen .
2026-05-08 18:11:29,464 - INFO - joeynmt.training - 	Reference:  India &apos;s new prime minister , Narendra Modi , is meeting his Japanese counterpart , Shinzo Abe , in Tokyo to discuss economic and security ties , on his first major foreign visit since winning May &apos;s election .
2026-05-08 18:11:29,464 - INFO - joeynmt.training - 	Hypothesis: the first reading , the first time , the first reading of the first reading , in the first reading , has been a first reading in the South Avan ATO South ATO Sigh San ATO South Avan ATO Secredio Security .
2026-05-08 18:11:29,464 - INFO - joeynmt.training - Example #2
2026-05-08 18:11:29,465 - DEBUG - joeynmt.training - 	Tokenized source:     ['Herr', 'Mo@@', 'd@@', 'i', 'befindet', 'sich', 'auf', 'einer', 'fü@@', 'n@@', 'f@@', 'tä@@', 'gi@@', 'gen', 'Rei@@', 'se', 'nach', 'J@@', 'ap@@', 'an', ',', 'um', 'die', 'wirtschaf@@', 'tlichen', 'Be@@', 'zieh@@', 'ungen', 'mit', 'der', 'd@@', 'rit@@', 't@@', 'größ@@', 'ten', 'Wirtschafts@@', 'n@@', 'ation', 'der', 'Welt', 'zu', 'fes@@', 'tigen', '.']
2026-05-08 18:11:29,465 - DEBUG - joeynmt.training - 	Tokenized reference:  ['Mr', 'Mo@@', 'd@@', 'i', 'is', 'on', 'a', 'fi@@', 've', '@@@', '-@@', '@', 'day', 'tri@@', 'p', 'to', 'J@@', 'ap@@', 'an', 'to', 'streng@@', 'then', 'economic', 'ties', 'with', 'the', 'third', 'lar@@', 'ges@@', 't', 'econom@@', 'y', 'in', 'the', 'world', '.']
2026-05-08 18:11:29,465 - DEBUG - joeynmt.training - 	Tokenized hypothesis: ['Mr', 'Mo@@', 'd@@', 'i', 'is', 'is', 'on', 'a', 'fi@@', 'le', 'of', 'the', 'world', '&apos;s', 're@@', 'ports', ',', 'the', 'economic', 'rel@@', 'ations', 'with', 'the', 'economic', 're@@', 'ports', 'of', 'the', 'world', '.', '</s>']
2026-05-08 18:11:29,465 - INFO - joeynmt.training - 	Source:     Herr Modi befindet sich auf einer fünftägigen Reise nach Japan , um die wirtschaftlichen Beziehungen mit der drittgrößten Wirtschaftsnation der Welt zu festigen .
2026-05-08 18:11:29,465 - INFO - joeynmt.training - 	Reference:  Mr Modi is on a five @-@ day trip to Japan to strengthen economic ties with the third largest economy in the world .
2026-05-08 18:11:29,465 - INFO - joeynmt.training - 	Hypothesis: Mr Modi is is on a file of the world &apos;s reports , the economic relations with the economic reports of the world .
2026-05-08 18:11:29,465 - INFO - joeynmt.training - Example #3
2026-05-08 18:11:29,465 - DEBUG - joeynmt.training - 	Tokenized source:     ['P@@', 'län@@', 'e', 'für', 'eine', 'stärk@@', 'ere', 'k@@', 'ern@@', 'techn@@', 'ische', 'Zusammenarbeit', 'stehen', 'ganz', 'ob@@', 'en', 'auf', 'der', 'Tag@@', 'es@@', 'ordnung', '.']
2026-05-08 18:11:29,465 - DEBUG - joeynmt.training - 	Tokenized reference:  ['high', 'on', 'the', 'agen@@', 'da', 'are', 'pl@@', 'ans', 'for', 'gre@@', 'ater', 'nu@@', 'clear', 'c@@', 'o', '@@@', '-@@', '@', 'operation', '.']
2026-05-08 18:11:29,465 - DEBUG - joeynmt.training - 	Tokenized hypothesis: ['the', 'C@@', 'our@@', 't', 'of', 'the', 'A@@', 'gen@@', 'cy', ',', 'the', 'subject', 'of', 'the', 'agen@@', 'da', '.', '</s>']
2026-05-08 18:11:29,466 - INFO - joeynmt.training - 	Source:     Pläne für eine stärkere kerntechnische Zusammenarbeit stehen ganz oben auf der Tagesordnung .
2026-05-08 18:11:29,466 - INFO - joeynmt.training - 	Reference:  high on the agenda are plans for greater nuclear co @-@ operation .
2026-05-08 18:11:29,466 - INFO - joeynmt.training - 	Hypothesis: the Court of the Agency , the subject of the agenda .
2026-05-08 18:11:29,466 - INFO - joeynmt.training - Example #4
2026-05-08 18:11:29,466 - DEBUG - joeynmt.training - 	Tokenized source:     ['Berich@@', 'ten', 'zu@@', 'fol@@', 'ge', 'ho@@', 'fft', 'Indi@@', 'en', 'darüber', 'hinaus', 'auf', 'einen', 'Ver@@', 'trag', 'zur', 'Ver@@', 'tei@@', 'dig@@', 'ungs@@', 'zusammen@@', 'arbeit', 'zwischen', 'den', 'beiden', 'N@@', 'ationen', '.']
2026-05-08 18:11:29,466 - DEBUG - joeynmt.training - 	Tokenized reference:  ['Indi@@', 'a', 'is', 'also', 're@@', 'porte@@', 'dly', 'hop@@', 'ing', 'for', 'a', 'de@@', 'al', 'on', 'def@@', 'ence', 'c@@', 'oll@@', 'ab@@', 'or@@', 'ation', 'between', 'the', 'two', 'n@@', 'ations', '.']
2026-05-08 18:11:29,466 - DEBUG - joeynmt.training - 	Tokenized hypothesis: ['the', 'report', 'is', 'also', 'also', 'also', 'also', 'also', 'also', 'in', 'the', 'con@@', 'text', 'of', 'the', 'two', 'N@@', 'ations', '.', '</s>']
2026-05-08 18:11:29,466 - INFO - joeynmt.training - 	Source:     Berichten zufolge hofft Indien darüber hinaus auf einen Vertrag zur Verteidigungszusammenarbeit zwischen den beiden Nationen .
2026-05-08 18:11:29,466 - INFO - joeynmt.training - 	Reference:  India is also reportedly hoping for a deal on defence collaboration between the two nations .
2026-05-08 18:11:29,466 - INFO - joeynmt.training - 	Hypothesis: the report is also also also also also also in the context of the two Nations .
2026-05-08 18:11:43,828 - INFO - joeynmt.training - Epoch   2, Step:     5600, Batch Loss:     2.261716, Batch Acc: 0.376293, Tokens per Sec:     6166, Lr: 0.000300
2026-05-08 18:11:57,374 - INFO - joeynmt.training - Epoch   2, Step:     5700, Batch Loss:     2.183358, Batch Acc: 0.375256, Tokens per Sec:     6714, Lr: 0.000300
2026-05-08 18:12:11,464 - INFO - joeynmt.training - Epoch   2, Step:     5800, Batch Loss:     2.444404, Batch Acc: 0.381009, Tokens per Sec:     6601, Lr: 0.000300
2026-05-08 18:12:24,855 - INFO - joeynmt.training - Epoch   2, Step:     5900, Batch Loss:     2.396926, Batch Acc: 0.386674, Tokens per Sec:     6814, Lr: 0.000300
2026-05-08 18:12:38,311 - INFO - joeynmt.training - Epoch   2, Step:     6000, Batch Loss:     2.279345, Batch Acc: 0.392092, Tokens per Sec:     6903, Lr: 0.000300
2026-05-08 18:12:38,312 - INFO - joeynmt.prediction - Predicting 500 example(s)... (Greedy decoding with min_output_length=1, max_output_length=-1, return_prob='none', generate_unk=True, repetition_penalty=-1, no_repeat_ngram_size=-1)
2026-05-08 18:13:04,400 - INFO - joeynmt.prediction - Evaluation result (greedy) loss:   2.61, ppl:  13.59, acc:   0.33, generation: 26.0835[sec], evaluation: 0.0000[sec]
2026-05-08 18:13:04,401 - INFO - joeynmt.training - Hooray! New best validation result [ppl]!
2026-05-08 18:13:04,470 - INFO - joeynmt.helpers - delete models/deen_transformer_pre/3500.ckpt
2026-05-08 18:13:04,473 - INFO - joeynmt.training - Example #0
2026-05-08 18:13:04,473 - DEBUG - joeynmt.training - 	Tokenized source:     ['die', 'Pre@@', 'mi@@', 'er@@', 'minist@@', 'er', 'Indi@@', 'ens', 'und', 'J@@', 'ap@@', 'ans', 'tra@@', 'fen', 'sich', 'in', 'T@@', 'ok@@', 'i@@', 'o', '.']
2026-05-08 18:13:04,473 - DEBUG - joeynmt.training - 	Tokenized reference:  ['Indi@@', 'a', 'and', 'J@@', 'ap@@', 'an', 'pri@@', 'me', 'minist@@', 'ers', 'me@@', 'et', 'in', 'T@@', 'ok@@', 'y@@', 'o']
2026-05-08 18:13:04,473 - DEBUG - joeynmt.training - 	Tokenized hypothesis: ['the', 'price', 'of', 'the', 'pri@@', 'ces', 'of', 'the', 'price', 'of', 'the', 're@@', 'siden@@', 'ce', 'of', 'the', 'docum@@', 'ent@@', 'ation', 'of', 'the', 'P@@', 'u@@', 'tin', '.', '</s>']
2026-05-08 18:13:04,473 - INFO - joeynmt.training - 	Source:     die Premierminister Indiens und Japans trafen sich in Tokio .
2026-05-08 18:13:04,473 - INFO - joeynmt.training - 	Reference:  India and Japan prime ministers meet in Tokyo
2026-05-08 18:13:04,473 - INFO - joeynmt.training - 	Hypothesis: the price of the prices of the price of the residence of the documentation of the Putin .
2026-05-08 18:13:04,473 - INFO - joeynmt.training - Example #1
2026-05-08 18:13:04,473 - DEBUG - joeynmt.training - 	Tokenized source:     ['Indi@@', 'ens', 'neu@@', 'er', 'Pre@@', 'mi@@', 'er@@', 'minist@@', 'er', 'N@@', 'ar@@', 'end@@', 'ra', 'Mo@@', 'd@@', 'i', 'tri@@', 'fft', 'bei', 's@@', 'einem', 'ersten', 'wichti@@', 'gen', 'Aus@@', 'land@@', 's@@', 'bes@@', 'u@@', 'ch', 'seit', 's@@', 'einem', 'W@@', 'ah@@', 'l@@', 'si@@', 'e@@', 'g', 'im', 'Ma@@', 'i', 'seinen', 'j@@', 'ap@@', 'an@@', 'ischen', 'Am@@', 'ts@@', 'k@@', 'olle@@', 'gen', 'S@@', 'hin@@', 'z@@', 'o', 'A@@', 'be', 'in', 'T@@', 'ok@@', 'o', ',', 'um', 'wirtschaf@@', 'tliche', 'und', 'sicher@@', 'heits@@', 'politische', 'Be@@', 'zieh@@', 'ungen', 'zu', 'bes@@', 'pre@@', 'chen', '.']
2026-05-08 18:13:04,473 - DEBUG - joeynmt.training - 	Tokenized reference:  ['Indi@@', 'a', '&apos;s', 'new', 'pri@@', 'me', 'minist@@', 'er', ',', 'N@@', 'ar@@', 'end@@', 'ra', 'Mo@@', 'd@@', 'i', ',', 'is', 'me@@', 'eting', 'his', 'J@@', 'ap@@', 'an@@', 'ese', 'coun@@', 'ter@@', 'part', ',', 'S@@', 'hin@@', 'z@@', 'o', 'A@@', 'be', ',', 'in', 'T@@', 'ok@@', 'y@@', 'o', 'to', 'disc@@', 'uss', 'economic', 'and', 'security', 'ties', ',', 'on', 'his', 'first', 'major', 'fore@@', 'ign', 'visi@@', 't', 'since', 'w@@', 'inn@@', 'ing', 'Ma@@', 'y', '&apos;s', 'elec@@', 'tion', '.']
2026-05-08 18:13:04,473 - DEBUG - joeynmt.training - 	Tokenized hypothesis: ['Indi@@', 'an', 'ex@@', 'clu@@', 'si@@', 'vely', ',', 'the', 'N@@', 'ar@@', 'i', 'Mo@@', 'd@@', 'i', '&apos;s', 'first', 'first', 'important', 'ex@@', 'clu@@', 'sion', ',', 'a', 'first', 'part', 'of', 'the', 'S@@', 'outh', 'A@@', 's@@', 'soci@@', 'ated', 'in', 'the', 'S@@', 'outh', 'A@@', 'z@@', 'an', ',', 'the', 'S@@', 'wi@@', 'tz@@', 'er@@', 'land', ',', 'and', 'economic', 'rel@@', 'ations', ',', 'economic', 'and', 'economic', 'poli@@', 'cies', '.', '</s>']
2026-05-08 18:13:04,473 - INFO - joeynmt.training - 	Source:     Indiens neuer Premierminister Narendra Modi trifft bei seinem ersten wichtigen Auslandsbesuch seit seinem Wahlsieg im Mai seinen japanischen Amtskollegen Shinzo Abe in Toko , um wirtschaftliche und sicherheitspolitische Beziehungen zu besprechen .
2026-05-08 18:13:04,474 - INFO - joeynmt.training - 	Reference:  India &apos;s new prime minister , Narendra Modi , is meeting his Japanese counterpart , Shinzo Abe , in Tokyo to discuss economic and security ties , on his first major foreign visit since winning May &apos;s election .
2026-05-08 18:13:04,474 - INFO - joeynmt.training - 	Hypothesis: Indian exclusively , the Nari Modi &apos;s first first important exclusion , a first part of the South Associated in the South Azan , the Switzerland , and economic relations , economic and economic policies .
2026-05-08 18:13:04,474 - INFO - joeynmt.training - Example #2
2026-05-08 18:13:04,474 - DEBUG - joeynmt.training - 	Tokenized source:     ['Herr', 'Mo@@', 'd@@', 'i', 'befindet', 'sich', 'auf', 'einer', 'fü@@', 'n@@', 'f@@', 'tä@@', 'gi@@', 'gen', 'Rei@@', 'se', 'nach', 'J@@', 'ap@@', 'an', ',', 'um', 'die', 'wirtschaf@@', 'tlichen', 'Be@@', 'zieh@@', 'ungen', 'mit', 'der', 'd@@', 'rit@@', 't@@', 'größ@@', 'ten', 'Wirtschafts@@', 'n@@', 'ation', 'der', 'Welt', 'zu', 'fes@@', 'tigen', '.']
2026-05-08 18:13:04,474 - DEBUG - joeynmt.training - 	Tokenized reference:  ['Mr', 'Mo@@', 'd@@', 'i', 'is', 'on', 'a', 'fi@@', 've', '@@@', '-@@', '@', 'day', 'tri@@', 'p', 'to', 'J@@', 'ap@@', 'an', 'to', 'streng@@', 'then', 'economic', 'ties', 'with', 'the', 'third', 'lar@@', 'ges@@', 't', 'econom@@', 'y', 'in', 'the', 'world', '.']
2026-05-08 18:13:04,474 - DEBUG - joeynmt.training - 	Tokenized hypothesis: ['Mr', 'Mo@@', 'd@@', 'i', 'is', 'on', 'a', 'fi@@', 'le', 'of', 'the', 'world', '&apos;s', 'own', 'tra@@', 'ining', 'with', 'the', 'economic', 'rel@@', 'ations', 'with', 'the', 'global', 'economic', 'rel@@', 'ations', 'with', 'the', 'world', '&apos;s', 'most', 'most', 'economic', 're@@', 'mo@@', 'ving', 'the', 'world', '.', '</s>']
2026-05-08 18:13:04,474 - INFO - joeynmt.training - 	Source:     Herr Modi befindet sich auf einer fünftägigen Reise nach Japan , um die wirtschaftlichen Beziehungen mit der drittgrößten Wirtschaftsnation der Welt zu festigen .
2026-05-08 18:13:04,474 - INFO - joeynmt.training - 	Reference:  Mr Modi is on a five @-@ day trip to Japan to strengthen economic ties with the third largest economy in the world .
2026-05-08 18:13:04,474 - INFO - joeynmt.training - 	Hypothesis: Mr Modi is on a file of the world &apos;s own training with the economic relations with the global economic relations with the world &apos;s most most economic removing the world .
2026-05-08 18:13:04,474 - INFO - joeynmt.training - Example #3
2026-05-08 18:13:04,474 - DEBUG - joeynmt.training - 	Tokenized source:     ['P@@', 'län@@', 'e', 'für', 'eine', 'stärk@@', 'ere', 'k@@', 'ern@@', 'techn@@', 'ische', 'Zusammenarbeit', 'stehen', 'ganz', 'ob@@', 'en', 'auf', 'der', 'Tag@@', 'es@@', 'ordnung', '.']
2026-05-08 18:13:04,474 - DEBUG - joeynmt.training - 	Tokenized reference:  ['high', 'on', 'the', 'agen@@', 'da', 'are', 'pl@@', 'ans', 'for', 'gre@@', 'ater', 'nu@@', 'clear', 'c@@', 'o', '@@@', '-@@', '@', 'operation', '.']
2026-05-08 18:13:04,474 - DEBUG - joeynmt.training - 	Tokenized hypothesis: ['P@@', 'P@@', 's', 'for', 'a', 'more', 'than', 'a', 'great', 'de@@', 'al', 'with', 'the', 'future', 'of', 'the', 'Committee', 'on', 'the', 'A@@', 'gri@@', 'culture', '.', '</s>']
2026-05-08 18:13:04,474 - INFO - joeynmt.training - 	Source:     Pläne für eine stärkere kerntechnische Zusammenarbeit stehen ganz oben auf der Tagesordnung .
2026-05-08 18:13:04,474 - INFO - joeynmt.training - 	Reference:  high on the agenda are plans for greater nuclear co @-@ operation .
2026-05-08 18:13:04,474 - INFO - joeynmt.training - 	Hypothesis: PPs for a more than a great deal with the future of the Committee on the Agriculture .
2026-05-08 18:13:04,474 - INFO - joeynmt.training - Example #4
2026-05-08 18:13:04,474 - DEBUG - joeynmt.training - 	Tokenized source:     ['Berich@@', 'ten', 'zu@@', 'fol@@', 'ge', 'ho@@', 'fft', 'Indi@@', 'en', 'darüber', 'hinaus', 'auf', 'einen', 'Ver@@', 'trag', 'zur', 'Ver@@', 'tei@@', 'dig@@', 'ungs@@', 'zusammen@@', 'arbeit', 'zwischen', 'den', 'beiden', 'N@@', 'ationen', '.']
2026-05-08 18:13:04,474 - DEBUG - joeynmt.training - 	Tokenized reference:  ['Indi@@', 'a', 'is', 'also', 're@@', 'porte@@', 'dly', 'hop@@', 'ing', 'for', 'a', 'de@@', 'al', 'on', 'def@@', 'ence', 'c@@', 'oll@@', 'ab@@', 'or@@', 'ation', 'between', 'the', 'two', 'n@@', 'ations', '.']
2026-05-08 18:13:04,474 - DEBUG - joeynmt.training - 	Tokenized hypothesis: ['re@@', 'p@@', 'ut@@', 'ting', 'the', 're@@', 'view', 'of', 'the', 'Commission', '&apos;s', 'proposal', 'to', 'the', 're@@', 'mo@@', 've', 'to', 'the', 'two', 'N@@', 'ations', '.', '</s>']
2026-05-08 18:13:04,474 - INFO - joeynmt.training - 	Source:     Berichten zufolge hofft Indien darüber hinaus auf einen Vertrag zur Verteidigungszusammenarbeit zwischen den beiden Nationen .
2026-05-08 18:13:04,474 - INFO - joeynmt.training - 	Reference:  India is also reportedly hoping for a deal on defence collaboration between the two nations .
2026-05-08 18:13:04,474 - INFO - joeynmt.training - 	Hypothesis: reputting the review of the Commission &apos;s proposal to the remove to the two Nations .
2026-05-08 18:13:17,968 - INFO - joeynmt.training - Epoch   2, Step:     6100, Batch Loss:     2.168169, Batch Acc: 0.384646, Tokens per Sec:     6768, Lr: 0.000300
2026-05-08 18:13:31,459 - INFO - joeynmt.training - Epoch   2, Step:     6200, Batch Loss:     2.273372, Batch Acc: 0.390877, Tokens per Sec:     6793, Lr: 0.000300
2026-05-08 18:13:45,104 - INFO - joeynmt.training - Epoch   2, Step:     6300, Batch Loss:     2.116133, Batch Acc: 0.397888, Tokens per Sec:     6794, Lr: 0.000300
2026-05-08 18:13:58,602 - INFO - joeynmt.training - Epoch   2, Step:     6400, Batch Loss:     2.047096, Batch Acc: 0.404633, Tokens per Sec:     6761, Lr: 0.000300
2026-05-08 18:14:12,205 - INFO - joeynmt.training - Epoch   2, Step:     6500, Batch Loss:     2.270695, Batch Acc: 0.402269, Tokens per Sec:     6584, Lr: 0.000300
2026-05-08 18:14:12,205 - INFO - joeynmt.prediction - Predicting 500 example(s)... (Greedy decoding with min_output_length=1, max_output_length=-1, return_prob='none', generate_unk=True, repetition_penalty=-1, no_repeat_ngram_size=-1)
2026-05-08 18:14:33,491 - INFO - joeynmt.prediction - Evaluation result (greedy) loss:   2.57, ppl:  13.00, acc:   0.34, generation: 21.2822[sec], evaluation: 0.0000[sec]
2026-05-08 18:14:33,493 - INFO - joeynmt.training - Hooray! New best validation result [ppl]!
2026-05-08 18:14:33,561 - INFO - joeynmt.helpers - delete models/deen_transformer_pre/4000.ckpt
2026-05-08 18:14:33,564 - INFO - joeynmt.training - Example #0
2026-05-08 18:14:33,564 - DEBUG - joeynmt.training - 	Tokenized source:     ['die', 'Pre@@', 'mi@@', 'er@@', 'minist@@', 'er', 'Indi@@', 'ens', 'und', 'J@@', 'ap@@', 'ans', 'tra@@', 'fen', 'sich', 'in', 'T@@', 'ok@@', 'i@@', 'o', '.']
2026-05-08 18:14:33,564 - DEBUG - joeynmt.training - 	Tokenized reference:  ['Indi@@', 'a', 'and', 'J@@', 'ap@@', 'an', 'pri@@', 'me', 'minist@@', 'ers', 'me@@', 'et', 'in', 'T@@', 'ok@@', 'y@@', 'o']
2026-05-08 18:14:33,564 - DEBUG - joeynmt.training - 	Tokenized hypothesis: ['the', 'pri@@', 'm@@', 'ari@@', 'ly', 'Indi@@', 'a', 'and', 'J@@', 'ap@@', 'an', 'A@@', 'gen@@', 'cy', '.', '</s>']
2026-05-08 18:14:33,564 - INFO - joeynmt.training - 	Source:     die Premierminister Indiens und Japans trafen sich in Tokio .
2026-05-08 18:14:33,564 - INFO - joeynmt.training - 	Reference:  India and Japan prime ministers meet in Tokyo
2026-05-08 18:14:33,564 - INFO - joeynmt.training - 	Hypothesis: the primarily India and Japan Agency .
2026-05-08 18:14:33,564 - INFO - joeynmt.training - Example #1
2026-05-08 18:14:33,564 - DEBUG - joeynmt.training - 	Tokenized source:     ['Indi@@', 'ens', 'neu@@', 'er', 'Pre@@', 'mi@@', 'er@@', 'minist@@', 'er', 'N@@', 'ar@@', 'end@@', 'ra', 'Mo@@', 'd@@', 'i', 'tri@@', 'fft', 'bei', 's@@', 'einem', 'ersten', 'wichti@@', 'gen', 'Aus@@', 'land@@', 's@@', 'bes@@', 'u@@', 'ch', 'seit', 's@@', 'einem', 'W@@', 'ah@@', 'l@@', 'si@@', 'e@@', 'g', 'im', 'Ma@@', 'i', 'seinen', 'j@@', 'ap@@', 'an@@', 'ischen', 'Am@@', 'ts@@', 'k@@', 'olle@@', 'gen', 'S@@', 'hin@@', 'z@@', 'o', 'A@@', 'be', 'in', 'T@@', 'ok@@', 'o', ',', 'um', 'wirtschaf@@', 'tliche', 'und', 'sicher@@', 'heits@@', 'politische', 'Be@@', 'zieh@@', 'ungen', 'zu', 'bes@@', 'pre@@', 'chen', '.']
2026-05-08 18:14:33,564 - DEBUG - joeynmt.training - 	Tokenized reference:  ['Indi@@', 'a', '&apos;s', 'new', 'pri@@', 'me', 'minist@@', 'er', ',', 'N@@', 'ar@@', 'end@@', 'ra', 'Mo@@', 'd@@', 'i', ',', 'is', 'me@@', 'eting', 'his', 'J@@', 'ap@@', 'an@@', 'ese', 'coun@@', 'ter@@', 'part', ',', 'S@@', 'hin@@', 'z@@', 'o', 'A@@', 'be', ',', 'in', 'T@@', 'ok@@', 'y@@', 'o', 'to', 'disc@@', 'uss', 'economic', 'and', 'security', 'ties', ',', 'on', 'his', 'first', 'major', 'fore@@', 'ign', 'visi@@', 't', 'since', 'w@@', 'inn@@', 'ing', 'Ma@@', 'y', '&apos;s', 'elec@@', 'tion', '.']
2026-05-08 18:14:33,564 - DEBUG - joeynmt.training - 	Tokenized hypothesis: ['Indi@@', 'a', '&apos;s', 'pri@@', 'm@@', 'ari@@', 'ly', 're@@', 'pres@@', 'ents', 'a', 'first', 'important', 'ex@@', 'change', 'in', 'a', 'first', 'important', 'ex@@', 'per@@', 'im@@', 'ent', 'in', 'the', 'first', 'important', 'ex@@', 'per@@', 'im@@', 'ent', 'in', 'the', 'M@@', 'ap@@', 'an@@', 'ese', 'of', 'the', 'M@@', 'ap@@', 'an@@', 'ese', 'S@@', 'wi@@', 'tz@@', 'er@@', 'land', ',', 'and', 'the', 'political', 'rel@@', 'ations', ',', 'economic', 'and', 'political', 'rel@@', 'ations', '.', '</s>']
2026-05-08 18:14:33,564 - INFO - joeynmt.training - 	Source:     Indiens neuer Premierminister Narendra Modi trifft bei seinem ersten wichtigen Auslandsbesuch seit seinem Wahlsieg im Mai seinen japanischen Amtskollegen Shinzo Abe in Toko , um wirtschaftliche und sicherheitspolitische Beziehungen zu besprechen .
2026-05-08 18:14:33,564 - INFO - joeynmt.training - 	Reference:  India &apos;s new prime minister , Narendra Modi , is meeting his Japanese counterpart , Shinzo Abe , in Tokyo to discuss economic and security ties , on his first major foreign visit since winning May &apos;s election .
2026-05-08 18:14:33,564 - INFO - joeynmt.training - 	Hypothesis: India &apos;s primarily represents a first important exchange in a first important experiment in the first important experiment in the Mapanese of the Mapanese Switzerland , and the political relations , economic and political relations .
2026-05-08 18:14:33,564 - INFO - joeynmt.training - Example #2
2026-05-08 18:14:33,564 - DEBUG - joeynmt.training - 	Tokenized source:     ['Herr', 'Mo@@', 'd@@', 'i', 'befindet', 'sich', 'auf', 'einer', 'fü@@', 'n@@', 'f@@', 'tä@@', 'gi@@', 'gen', 'Rei@@', 'se', 'nach', 'J@@', 'ap@@', 'an', ',', 'um', 'die', 'wirtschaf@@', 'tlichen', 'Be@@', 'zieh@@', 'ungen', 'mit', 'der', 'd@@', 'rit@@', 't@@', 'größ@@', 'ten', 'Wirtschafts@@', 'n@@', 'ation', 'der', 'Welt', 'zu', 'fes@@', 'tigen', '.']
2026-05-08 18:14:33,564 - DEBUG - joeynmt.training - 	Tokenized reference:  ['Mr', 'Mo@@', 'd@@', 'i', 'is', 'on', 'a', 'fi@@', 've', '@@@', '-@@', '@', 'day', 'tri@@', 'p', 'to', 'J@@', 'ap@@', 'an', 'to', 'streng@@', 'then', 'economic', 'ties', 'with', 'the', 'third', 'lar@@', 'ges@@', 't', 'econom@@', 'y', 'in', 'the', 'world', '.']
2026-05-08 18:14:33,564 - DEBUG - joeynmt.training - 	Tokenized hypothesis: ['Mr', 'Mo@@', 'd@@', 'i', 'is', 'on', 'a', 'fi@@', 'f@@', 'th', 'of', 'the', 'world', '&apos;s', 'economic', 'rel@@', 'ations', ',', 'the', 'economic', 'rel@@', 'ations', 'with', 'the', 'economic', 'rel@@', 'ations', 'with', 'the', 'world', '&apos;s', 'economic', 'rel@@', 'ations', '.', '</s>']
2026-05-08 18:14:33,565 - INFO - joeynmt.training - 	Source:     Herr Modi befindet sich auf einer fünftägigen Reise nach Japan , um die wirtschaftlichen Beziehungen mit der drittgrößten Wirtschaftsnation der Welt zu festigen .
2026-05-08 18:14:33,565 - INFO - joeynmt.training - 	Reference:  Mr Modi is on a five @-@ day trip to Japan to strengthen economic ties with the third largest economy in the world .
2026-05-08 18:14:33,565 - INFO - joeynmt.training - 	Hypothesis: Mr Modi is on a fifth of the world &apos;s economic relations , the economic relations with the economic relations with the world &apos;s economic relations .
2026-05-08 18:14:33,565 - INFO - joeynmt.training - Example #3
2026-05-08 18:14:33,565 - DEBUG - joeynmt.training - 	Tokenized source:     ['P@@', 'län@@', 'e', 'für', 'eine', 'stärk@@', 'ere', 'k@@', 'ern@@', 'techn@@', 'ische', 'Zusammenarbeit', 'stehen', 'ganz', 'ob@@', 'en', 'auf', 'der', 'Tag@@', 'es@@', 'ordnung', '.']
2026-05-08 18:14:33,565 - DEBUG - joeynmt.training - 	Tokenized reference:  ['high', 'on', 'the', 'agen@@', 'da', 'are', 'pl@@', 'ans', 'for', 'gre@@', 'ater', 'nu@@', 'clear', 'c@@', 'o', '@@@', '-@@', '@', 'operation', '.']
2026-05-08 18:14:33,565 - DEBUG - joeynmt.training - 	Tokenized hypothesis: ['P@@', 'ap@@', 'er', 'for', 'a', 'more', 'more', 'effective', 'techn@@', 'ical', 'cooperation', '.', '</s>']
2026-05-08 18:14:33,565 - INFO - joeynmt.training - 	Source:     Pläne für eine stärkere kerntechnische Zusammenarbeit stehen ganz oben auf der Tagesordnung .
2026-05-08 18:14:33,565 - INFO - joeynmt.training - 	Reference:  high on the agenda are plans for greater nuclear co @-@ operation .
2026-05-08 18:14:33,565 - INFO - joeynmt.training - 	Hypothesis: Paper for a more more effective technical cooperation .
2026-05-08 18:14:33,565 - INFO - joeynmt.training - Example #4
2026-05-08 18:14:33,565 - DEBUG - joeynmt.training - 	Tokenized source:     ['Berich@@', 'ten', 'zu@@', 'fol@@', 'ge', 'ho@@', 'fft', 'Indi@@', 'en', 'darüber', 'hinaus', 'auf', 'einen', 'Ver@@', 'trag', 'zur', 'Ver@@', 'tei@@', 'dig@@', 'ungs@@', 'zusammen@@', 'arbeit', 'zwischen', 'den', 'beiden', 'N@@', 'ationen', '.']
2026-05-08 18:14:33,565 - DEBUG - joeynmt.training - 	Tokenized reference:  ['Indi@@', 'a', 'is', 'also', 're@@', 'porte@@', 'dly', 'hop@@', 'ing', 'for', 'a', 'de@@', 'al', 'on', 'def@@', 'ence', 'c@@', 'oll@@', 'ab@@', 'or@@', 'ation', 'between', 'the', 'two', 'n@@', 'ations', '.']
2026-05-08 18:14:33,565 - DEBUG - joeynmt.training - 	Tokenized hypothesis: ['the', 're@@', 'ports', 'is', 'the', 're@@', 'mo@@', 'ved', ',', 'the', 'con@@', 'text', 'of', 'the', 'Commission', '&apos;s', 'con@@', 'text', 'on', 'the', 'two', 'two', 'N@@', 'ations', '.', '</s>']
2026-05-08 18:14:33,565 - INFO - joeynmt.training - 	Source:     Berichten zufolge hofft Indien darüber hinaus auf einen Vertrag zur Verteidigungszusammenarbeit zwischen den beiden Nationen .
2026-05-08 18:14:33,565 - INFO - joeynmt.training - 	Reference:  India is also reportedly hoping for a deal on defence collaboration between the two nations .
2026-05-08 18:14:33,565 - INFO - joeynmt.training - 	Hypothesis: the reports is the removed , the context of the Commission &apos;s context on the two two Nations .
2026-05-08 18:14:47,469 - INFO - joeynmt.training - Epoch   2, Step:     6600, Batch Loss:     2.154217, Batch Acc: 0.403210, Tokens per Sec:     6567, Lr: 0.000300
2026-05-08 18:15:01,639 - INFO - joeynmt.training - Epoch   2, Step:     6700, Batch Loss:     2.103547, Batch Acc: 0.407885, Tokens per Sec:     6482, Lr: 0.000300
2026-05-08 18:15:15,391 - INFO - joeynmt.training - Epoch   2, Step:     6800, Batch Loss:     2.115757, Batch Acc: 0.408504, Tokens per Sec:     6681, Lr: 0.000300
2026-05-08 18:15:29,251 - INFO - joeynmt.training - Epoch   2, Step:     6900, Batch Loss:     2.153053, Batch Acc: 0.407274, Tokens per Sec:     6611, Lr: 0.000300
2026-05-08 18:15:43,364 - INFO - joeynmt.training - Epoch   2, Step:     7000, Batch Loss:     2.252275, Batch Acc: 0.410335, Tokens per Sec:     6497, Lr: 0.000300
2026-05-08 18:15:43,365 - INFO - joeynmt.prediction - Predicting 500 example(s)... (Greedy decoding with min_output_length=1, max_output_length=-1, return_prob='none', generate_unk=True, repetition_penalty=-1, no_repeat_ngram_size=-1)
2026-05-08 18:16:09,860 - INFO - joeynmt.prediction - Evaluation result (greedy) loss:   2.51, ppl:  12.32, acc:   0.36, generation: 26.4916[sec], evaluation: 0.0000[sec]
2026-05-08 18:16:09,862 - INFO - joeynmt.training - Hooray! New best validation result [ppl]!
2026-05-08 18:16:09,936 - INFO - joeynmt.helpers - delete models/deen_transformer_pre/4500.ckpt
2026-05-08 18:16:09,938 - INFO - joeynmt.training - Example #0
2026-05-08 18:16:09,938 - DEBUG - joeynmt.training - 	Tokenized source:     ['die', 'Pre@@', 'mi@@', 'er@@', 'minist@@', 'er', 'Indi@@', 'ens', 'und', 'J@@', 'ap@@', 'ans', 'tra@@', 'fen', 'sich', 'in', 'T@@', 'ok@@', 'i@@', 'o', '.']
2026-05-08 18:16:09,938 - DEBUG - joeynmt.training - 	Tokenized reference:  ['Indi@@', 'a', 'and', 'J@@', 'ap@@', 'an', 'pri@@', 'me', 'minist@@', 'ers', 'me@@', 'et', 'in', 'T@@', 'ok@@', 'y@@', 'o']
2026-05-08 18:16:09,938 - DEBUG - joeynmt.training - 	Tokenized hypothesis: ['the', 'price', 'of', 'the', 'pri@@', 'm@@', 'ari@@', 'ly', 'and', 'J@@', 'ap@@', 'an', ',', 'the', 'price', 'of', 'the', 'price', '.', '</s>']
2026-05-08 18:16:09,938 - INFO - joeynmt.training - 	Source:     die Premierminister Indiens und Japans trafen sich in Tokio .
2026-05-08 18:16:09,938 - INFO - joeynmt.training - 	Reference:  India and Japan prime ministers meet in Tokyo
2026-05-08 18:16:09,938 - INFO - joeynmt.training - 	Hypothesis: the price of the primarily and Japan , the price of the price .
2026-05-08 18:16:09,938 - INFO - joeynmt.training - Example #1
2026-05-08 18:16:09,938 - DEBUG - joeynmt.training - 	Tokenized source:     ['Indi@@', 'ens', 'neu@@', 'er', 'Pre@@', 'mi@@', 'er@@', 'minist@@', 'er', 'N@@', 'ar@@', 'end@@', 'ra', 'Mo@@', 'd@@', 'i', 'tri@@', 'fft', 'bei', 's@@', 'einem', 'ersten', 'wichti@@', 'gen', 'Aus@@', 'land@@', 's@@', 'bes@@', 'u@@', 'ch', 'seit', 's@@', 'einem', 'W@@', 'ah@@', 'l@@', 'si@@', 'e@@', 'g', 'im', 'Ma@@', 'i', 'seinen', 'j@@', 'ap@@', 'an@@', 'ischen', 'Am@@', 'ts@@', 'k@@', 'olle@@', 'gen', 'S@@', 'hin@@', 'z@@', 'o', 'A@@', 'be', 'in', 'T@@', 'ok@@', 'o', ',', 'um', 'wirtschaf@@', 'tliche', 'und', 'sicher@@', 'heits@@', 'politische', 'Be@@', 'zieh@@', 'ungen', 'zu', 'bes@@', 'pre@@', 'chen', '.']
2026-05-08 18:16:09,938 - DEBUG - joeynmt.training - 	Tokenized reference:  ['Indi@@', 'a', '&apos;s', 'new', 'pri@@', 'me', 'minist@@', 'er', ',', 'N@@', 'ar@@', 'end@@', 'ra', 'Mo@@', 'd@@', 'i', ',', 'is', 'me@@', 'eting', 'his', 'J@@', 'ap@@', 'an@@', 'ese', 'coun@@', 'ter@@', 'part', ',', 'S@@', 'hin@@', 'z@@', 'o', 'A@@', 'be', ',', 'in', 'T@@', 'ok@@', 'y@@', 'o', 'to', 'disc@@', 'uss', 'economic', 'and', 'security', 'ties', ',', 'on', 'his', 'first', 'major', 'fore@@', 'ign', 'visi@@', 't', 'since', 'w@@', 'inn@@', 'ing', 'Ma@@', 'y', '&apos;s', 'elec@@', 'tion', '.']
2026-05-08 18:16:09,938 - DEBUG - joeynmt.training - 	Tokenized hypothesis: ['Indi@@', 'a', '&apos;s', 'pri@@', 'm@@', 'ari@@', 'ly', 're@@', 'mi@@', 'd@@', 'd@@', 'le', 'of', 'the', 'first', 'first', 'of', 'the', 'first', 'ex@@', 'per@@', 'ts', 'of', 'the', 'E@@', 'ast', ',', 'since', 'the', 'S@@', 'lo@@', 'v@@', 'o', 'of', 'the', 'S@@', 'lo@@', 'v@@', 'o', 'of', 'the', 'S@@', 'lo@@', 'v@@', 'o', 'of', 'the', 'S@@', 'lo@@', 'v@@', 'o', 'of', 'the', 'S@@', 'lo@@', 'v@@', 'o', 'of', 'the', 'S@@', 'lo@@', 'v@@', 'o', ',', 'and', 'political', 'rel@@', 'ations', '.', '</s>']
2026-05-08 18:16:09,938 - INFO - joeynmt.training - 	Source:     Indiens neuer Premierminister Narendra Modi trifft bei seinem ersten wichtigen Auslandsbesuch seit seinem Wahlsieg im Mai seinen japanischen Amtskollegen Shinzo Abe in Toko , um wirtschaftliche und sicherheitspolitische Beziehungen zu besprechen .
2026-05-08 18:16:09,938 - INFO - joeynmt.training - 	Reference:  India &apos;s new prime minister , Narendra Modi , is meeting his Japanese counterpart , Shinzo Abe , in Tokyo to discuss economic and security ties , on his first major foreign visit since winning May &apos;s election .
2026-05-08 18:16:09,938 - INFO - joeynmt.training - 	Hypothesis: India &apos;s primarily remiddle of the first first of the first experts of the East , since the Slovo of the Slovo of the Slovo of the Slovo of the Slovo of the Slovo , and political relations .
2026-05-08 18:16:09,938 - INFO - joeynmt.training - Example #2
2026-05-08 18:16:09,938 - DEBUG - joeynmt.training - 	Tokenized source:     ['Herr', 'Mo@@', 'd@@', 'i', 'befindet', 'sich', 'auf', 'einer', 'fü@@', 'n@@', 'f@@', 'tä@@', 'gi@@', 'gen', 'Rei@@', 'se', 'nach', 'J@@', 'ap@@', 'an', ',', 'um', 'die', 'wirtschaf@@', 'tlichen', 'Be@@', 'zieh@@', 'ungen', 'mit', 'der', 'd@@', 'rit@@', 't@@', 'größ@@', 'ten', 'Wirtschafts@@', 'n@@', 'ation', 'der', 'Welt', 'zu', 'fes@@', 'tigen', '.']
2026-05-08 18:16:09,938 - DEBUG - joeynmt.training - 	Tokenized reference:  ['Mr', 'Mo@@', 'd@@', 'i', 'is', 'on', 'a', 'fi@@', 've', '@@@', '-@@', '@', 'day', 'tri@@', 'p', 'to', 'J@@', 'ap@@', 'an', 'to', 'streng@@', 'then', 'economic', 'ties', 'with', 'the', 'third', 'lar@@', 'ges@@', 't', 'econom@@', 'y', 'in', 'the', 'world', '.']
2026-05-08 18:16:09,938 - DEBUG - joeynmt.training - 	Tokenized hypothesis: ['Mr', 'Mo@@', 'd@@', 'i', 'is', 'on', 'a', 'fi@@', 'f@@', 'th', 'of', 'the', 'world', '&apos;s', 'economic', 'rel@@', 'ations', 'with', 'the', 'global', 'economic', 'rel@@', 'ations', 'with', 'the', 'third', 'lar@@', 'ges@@', 't', 'economic', 'rel@@', 'ations', 'with', 'the', 'world', '.', '</s>']
2026-05-08 18:16:09,938 - INFO - joeynmt.training - 	Source:     Herr Modi befindet sich auf einer fünftägigen Reise nach Japan , um die wirtschaftlichen Beziehungen mit der drittgrößten Wirtschaftsnation der Welt zu festigen .
2026-05-08 18:16:09,938 - INFO - joeynmt.training - 	Reference:  Mr Modi is on a five @-@ day trip to Japan to strengthen economic ties with the third largest economy in the world .
2026-05-08 18:16:09,938 - INFO - joeynmt.training - 	Hypothesis: Mr Modi is on a fifth of the world &apos;s economic relations with the global economic relations with the third largest economic relations with the world .
2026-05-08 18:16:09,939 - INFO - joeynmt.training - Example #3
2026-05-08 18:16:09,939 - DEBUG - joeynmt.training - 	Tokenized source:     ['P@@', 'län@@', 'e', 'für', 'eine', 'stärk@@', 'ere', 'k@@', 'ern@@', 'techn@@', 'ische', 'Zusammenarbeit', 'stehen', 'ganz', 'ob@@', 'en', 'auf', 'der', 'Tag@@', 'es@@', 'ordnung', '.']
2026-05-08 18:16:09,939 - DEBUG - joeynmt.training - 	Tokenized reference:  ['high', 'on', 'the', 'agen@@', 'da', 'are', 'pl@@', 'ans', 'for', 'gre@@', 'ater', 'nu@@', 'clear', 'c@@', 'o', '@@@', '-@@', '@', 'operation', '.']
2026-05-08 18:16:09,939 - DEBUG - joeynmt.training - 	Tokenized hypothesis: ['P@@', 'ap@@', 'e', 'for', 'a', 'more', 'more', 'than', 'the', 'same', 'techn@@', 'ical', 'cooperation', 'are', 'very', 'e@@', 'as@@', 'y', '.', '</s>']
2026-05-08 18:16:09,939 - INFO - joeynmt.training - 	Source:     Pläne für eine stärkere kerntechnische Zusammenarbeit stehen ganz oben auf der Tagesordnung .
2026-05-08 18:16:09,939 - INFO - joeynmt.training - 	Reference:  high on the agenda are plans for greater nuclear co @-@ operation .
2026-05-08 18:16:09,939 - INFO - joeynmt.training - 	Hypothesis: Pape for a more more than the same technical cooperation are very easy .
2026-05-08 18:16:09,939 - INFO - joeynmt.training - Example #4
2026-05-08 18:16:09,939 - DEBUG - joeynmt.training - 	Tokenized source:     ['Berich@@', 'ten', 'zu@@', 'fol@@', 'ge', 'ho@@', 'fft', 'Indi@@', 'en', 'darüber', 'hinaus', 'auf', 'einen', 'Ver@@', 'trag', 'zur', 'Ver@@', 'tei@@', 'dig@@', 'ungs@@', 'zusammen@@', 'arbeit', 'zwischen', 'den', 'beiden', 'N@@', 'ationen', '.']
2026-05-08 18:16:09,939 - DEBUG - joeynmt.training - 	Tokenized reference:  ['Indi@@', 'a', 'is', 'also', 're@@', 'porte@@', 'dly', 'hop@@', 'ing', 'for', 'a', 'de@@', 'al', 'on', 'def@@', 'ence', 'c@@', 'oll@@', 'ab@@', 'or@@', 'ation', 'between', 'the', 'two', 'n@@', 'ations', '.']
2026-05-08 18:16:09,939 - DEBUG - joeynmt.training - 	Tokenized hypothesis: ['re@@', 'ports', 'are', 'now', 'high', 'level', 'of', 'the', 'Tre@@', 'aty', 'on', 'the', 'two', 'legisl@@', 'ation', 'on', 'the', 'two', 'N@@', 'ations', '.', '</s>']
2026-05-08 18:16:09,939 - INFO - joeynmt.training - 	Source:     Berichten zufolge hofft Indien darüber hinaus auf einen Vertrag zur Verteidigungszusammenarbeit zwischen den beiden Nationen .
2026-05-08 18:16:09,939 - INFO - joeynmt.training - 	Reference:  India is also reportedly hoping for a deal on defence collaboration between the two nations .
2026-05-08 18:16:09,939 - INFO - joeynmt.training - 	Hypothesis: reports are now high level of the Treaty on the two legislation on the two Nations .
2026-05-08 18:16:23,516 - INFO - joeynmt.training - Epoch   2, Step:     7100, Batch Loss:     2.105645, Batch Acc: 0.416952, Tokens per Sec:     6764, Lr: 0.000300
2026-05-08 18:16:37,416 - INFO - joeynmt.training - Epoch   2, Step:     7200, Batch Loss:     2.086391, Batch Acc: 0.414720, Tokens per Sec:     6671, Lr: 0.000300
2026-05-08 18:16:51,404 - INFO - joeynmt.training - Epoch   2, Step:     7300, Batch Loss:     2.318400, Batch Acc: 0.417196, Tokens per Sec:     6513, Lr: 0.000300
2026-05-08 18:17:05,408 - INFO - joeynmt.training - Epoch   2, Step:     7400, Batch Loss:     2.120584, Batch Acc: 0.421912, Tokens per Sec:     6437, Lr: 0.000300
2026-05-08 18:17:19,802 - INFO - joeynmt.training - Epoch   2, Step:     7500, Batch Loss:     2.173260, Batch Acc: 0.418633, Tokens per Sec:     6478, Lr: 0.000300
2026-05-08 18:17:19,803 - INFO - joeynmt.prediction - Predicting 500 example(s)... (Greedy decoding with min_output_length=1, max_output_length=-1, return_prob='none', generate_unk=True, repetition_penalty=-1, no_repeat_ngram_size=-1)
2026-05-08 18:17:46,857 - INFO - joeynmt.prediction - Evaluation result (greedy) loss:   2.46, ppl:  11.68, acc:   0.37, generation: 27.0512[sec], evaluation: 0.0000[sec]
2026-05-08 18:17:46,859 - INFO - joeynmt.training - Hooray! New best validation result [ppl]!
2026-05-08 18:17:46,930 - INFO - joeynmt.helpers - delete models/deen_transformer_pre/5000.ckpt
2026-05-08 18:17:46,934 - INFO - joeynmt.training - Example #0
2026-05-08 18:17:46,934 - DEBUG - joeynmt.training - 	Tokenized source:     ['die', 'Pre@@', 'mi@@', 'er@@', 'minist@@', 'er', 'Indi@@', 'ens', 'und', 'J@@', 'ap@@', 'ans', 'tra@@', 'fen', 'sich', 'in', 'T@@', 'ok@@', 'i@@', 'o', '.']
2026-05-08 18:17:46,934 - DEBUG - joeynmt.training - 	Tokenized reference:  ['Indi@@', 'a', 'and', 'J@@', 'ap@@', 'an', 'pri@@', 'me', 'minist@@', 'ers', 'me@@', 'et', 'in', 'T@@', 'ok@@', 'y@@', 'o']
2026-05-08 18:17:46,934 - DEBUG - joeynmt.training - 	Tokenized hypothesis: ['the', 'price', 'of', 'the', 'pri@@', 'm@@', 'ari@@', 'ly', 'and', 'J@@', 'ap@@', 'an', '.', '</s>']
2026-05-08 18:17:46,934 - INFO - joeynmt.training - 	Source:     die Premierminister Indiens und Japans trafen sich in Tokio .
2026-05-08 18:17:46,934 - INFO - joeynmt.training - 	Reference:  India and Japan prime ministers meet in Tokyo
2026-05-08 18:17:46,934 - INFO - joeynmt.training - 	Hypothesis: the price of the primarily and Japan .
2026-05-08 18:17:46,934 - INFO - joeynmt.training - Example #1
2026-05-08 18:17:46,934 - DEBUG - joeynmt.training - 	Tokenized source:     ['Indi@@', 'ens', 'neu@@', 'er', 'Pre@@', 'mi@@', 'er@@', 'minist@@', 'er', 'N@@', 'ar@@', 'end@@', 'ra', 'Mo@@', 'd@@', 'i', 'tri@@', 'fft', 'bei', 's@@', 'einem', 'ersten', 'wichti@@', 'gen', 'Aus@@', 'land@@', 's@@', 'bes@@', 'u@@', 'ch', 'seit', 's@@', 'einem', 'W@@', 'ah@@', 'l@@', 'si@@', 'e@@', 'g', 'im', 'Ma@@', 'i', 'seinen', 'j@@', 'ap@@', 'an@@', 'ischen', 'Am@@', 'ts@@', 'k@@', 'olle@@', 'gen', 'S@@', 'hin@@', 'z@@', 'o', 'A@@', 'be', 'in', 'T@@', 'ok@@', 'o', ',', 'um', 'wirtschaf@@', 'tliche', 'und', 'sicher@@', 'heits@@', 'politische', 'Be@@', 'zieh@@', 'ungen', 'zu', 'bes@@', 'pre@@', 'chen', '.']
2026-05-08 18:17:46,934 - DEBUG - joeynmt.training - 	Tokenized reference:  ['Indi@@', 'a', '&apos;s', 'new', 'pri@@', 'me', 'minist@@', 'er', ',', 'N@@', 'ar@@', 'end@@', 'ra', 'Mo@@', 'd@@', 'i', ',', 'is', 'me@@', 'eting', 'his', 'J@@', 'ap@@', 'an@@', 'ese', 'coun@@', 'ter@@', 'part', ',', 'S@@', 'hin@@', 'z@@', 'o', 'A@@', 'be', ',', 'in', 'T@@', 'ok@@', 'y@@', 'o', 'to', 'disc@@', 'uss', 'economic', 'and', 'security', 'ties', ',', 'on', 'his', 'first', 'major', 'fore@@', 'ign', 'visi@@', 't', 'since', 'w@@', 'inn@@', 'ing', 'Ma@@', 'y', '&apos;s', 'elec@@', 'tion', '.']
2026-05-08 18:17:46,934 - DEBUG - joeynmt.training - 	Tokenized hypothesis: ['Indi@@', 'a', '&apos;s', 'pri@@', 'm@@', 'ari@@', 'ly', ',', 'the', 'N@@', 'ar@@', 'end@@', 'ra', 'Mo@@', 'd@@', 'i', ',', 'in', 'the', 'first', 'time', ',', 'the', 'first', 'time', 'since', 'the', 'S@@', 'ec@@', 're@@', 't@@', 'ate', ',', 'in', 'the', 'Ma@@', 'y', 'of', 'the', 'M@@', 'or@@', 'ri@@', 'o', 'A@@', 'be', 'in', 'T@@', 'ok@@', 'o', 'A@@', 'be', 'in', 'T@@', 'ok@@', 'o', 'A@@', 'be', 'in', 'T@@', 'ok@@', 'o', ',', 'and', 'economic', 'rel@@', 'ations', '.', '</s>']
2026-05-08 18:17:46,934 - INFO - joeynmt.training - 	Source:     Indiens neuer Premierminister Narendra Modi trifft bei seinem ersten wichtigen Auslandsbesuch seit seinem Wahlsieg im Mai seinen japanischen Amtskollegen Shinzo Abe in Toko , um wirtschaftliche und sicherheitspolitische Beziehungen zu besprechen .
2026-05-08 18:17:46,934 - INFO - joeynmt.training - 	Reference:  India &apos;s new prime minister , Narendra Modi , is meeting his Japanese counterpart , Shinzo Abe , in Tokyo to discuss economic and security ties , on his first major foreign visit since winning May &apos;s election .
2026-05-08 18:17:46,934 - INFO - joeynmt.training - 	Hypothesis: India &apos;s primarily , the Narendra Modi , in the first time , the first time since the Secretate , in the May of the Morrio Abe in Toko Abe in Toko Abe in Toko , and economic relations .
2026-05-08 18:17:46,934 - INFO - joeynmt.training - Example #2
2026-05-08 18:17:46,934 - DEBUG - joeynmt.training - 	Tokenized source:     ['Herr', 'Mo@@', 'd@@', 'i', 'befindet', 'sich', 'auf', 'einer', 'fü@@', 'n@@', 'f@@', 'tä@@', 'gi@@', 'gen', 'Rei@@', 'se', 'nach', 'J@@', 'ap@@', 'an', ',', 'um', 'die', 'wirtschaf@@', 'tlichen', 'Be@@', 'zieh@@', 'ungen', 'mit', 'der', 'd@@', 'rit@@', 't@@', 'größ@@', 'ten', 'Wirtschafts@@', 'n@@', 'ation', 'der', 'Welt', 'zu', 'fes@@', 'tigen', '.']
2026-05-08 18:17:46,934 - DEBUG - joeynmt.training - 	Tokenized reference:  ['Mr', 'Mo@@', 'd@@', 'i', 'is', 'on', 'a', 'fi@@', 've', '@@@', '-@@', '@', 'day', 'tri@@', 'p', 'to', 'J@@', 'ap@@', 'an', 'to', 'streng@@', 'then', 'economic', 'ties', 'with', 'the', 'third', 'lar@@', 'ges@@', 't', 'econom@@', 'y', 'in', 'the', 'world', '.']
2026-05-08 18:17:46,934 - DEBUG - joeynmt.training - 	Tokenized hypothesis: ['Mr', 'Mo@@', 'd@@', 'i', 'is', 'on', 'a', 'fi@@', 'f@@', 'th', 'cent@@', 'r@@', 'ally', ',', 'Mr', 'Mo@@', 'd@@', 'i', ',', 'the', 'economic', 'rel@@', 'ations', 'with', 'the', 'third', 'lar@@', 'ges@@', 't', 'economic', 'rel@@', 'ations', '.', '</s>']
2026-05-08 18:17:46,934 - INFO - joeynmt.training - 	Source:     Herr Modi befindet sich auf einer fünftägigen Reise nach Japan , um die wirtschaftlichen Beziehungen mit der drittgrößten Wirtschaftsnation der Welt zu festigen .
2026-05-08 18:17:46,934 - INFO - joeynmt.training - 	Reference:  Mr Modi is on a five @-@ day trip to Japan to strengthen economic ties with the third largest economy in the world .
2026-05-08 18:17:46,935 - INFO - joeynmt.training - 	Hypothesis: Mr Modi is on a fifth centrally , Mr Modi , the economic relations with the third largest economic relations .
2026-05-08 18:17:46,935 - INFO - joeynmt.training - Example #3
2026-05-08 18:17:46,935 - DEBUG - joeynmt.training - 	Tokenized source:     ['P@@', 'län@@', 'e', 'für', 'eine', 'stärk@@', 'ere', 'k@@', 'ern@@', 'techn@@', 'ische', 'Zusammenarbeit', 'stehen', 'ganz', 'ob@@', 'en', 'auf', 'der', 'Tag@@', 'es@@', 'ordnung', '.']
2026-05-08 18:17:46,935 - DEBUG - joeynmt.training - 	Tokenized reference:  ['high', 'on', 'the', 'agen@@', 'da', 'are', 'pl@@', 'ans', 'for', 'gre@@', 'ater', 'nu@@', 'clear', 'c@@', 'o', '@@@', '-@@', '@', 'operation', '.']
2026-05-08 18:17:46,935 - DEBUG - joeynmt.training - 	Tokenized hypothesis: ['P@@', 'lan@@', 'e', 'is', 'a', 'more', 'techn@@', 'ical', 'cooperation', 'are', 'still', 'still', 'still', 'in', 'the', 'next', 'it@@', 'em', 'to', 'be', 'able', 'to', 'be', 'able', 'to', 'be', 'able', 'to', 're@@', 'main', '.', '</s>']
2026-05-08 18:17:46,935 - INFO - joeynmt.training - 	Source:     Pläne für eine stärkere kerntechnische Zusammenarbeit stehen ganz oben auf der Tagesordnung .
2026-05-08 18:17:46,935 - INFO - joeynmt.training - 	Reference:  high on the agenda are plans for greater nuclear co @-@ operation .
2026-05-08 18:17:46,935 - INFO - joeynmt.training - 	Hypothesis: Plane is a more technical cooperation are still still still in the next item to be able to be able to be able to remain .
2026-05-08 18:17:46,935 - INFO - joeynmt.training - Example #4
2026-05-08 18:17:46,935 - DEBUG - joeynmt.training - 	Tokenized source:     ['Berich@@', 'ten', 'zu@@', 'fol@@', 'ge', 'ho@@', 'fft', 'Indi@@', 'en', 'darüber', 'hinaus', 'auf', 'einen', 'Ver@@', 'trag', 'zur', 'Ver@@', 'tei@@', 'dig@@', 'ungs@@', 'zusammen@@', 'arbeit', 'zwischen', 'den', 'beiden', 'N@@', 'ationen', '.']
2026-05-08 18:17:46,935 - DEBUG - joeynmt.training - 	Tokenized reference:  ['Indi@@', 'a', 'is', 'also', 're@@', 'porte@@', 'dly', 'hop@@', 'ing', 'for', 'a', 'de@@', 'al', 'on', 'def@@', 'ence', 'c@@', 'oll@@', 'ab@@', 'or@@', 'ation', 'between', 'the', 'two', 'n@@', 'ations', '.']
2026-05-08 18:17:46,935 - DEBUG - joeynmt.training - 	Tokenized hypothesis: ['the', 'succ@@', 'ess', 'of', 'the', 'succ@@', 'ess', 'of', 'the', 'Tre@@', 'aty', 'of', 'the', 'Tre@@', 'aty', 'between', 'the', 'two', 'N@@', 'ations', '.', '</s>']
2026-05-08 18:17:46,935 - INFO - joeynmt.training - 	Source:     Berichten zufolge hofft Indien darüber hinaus auf einen Vertrag zur Verteidigungszusammenarbeit zwischen den beiden Nationen .
2026-05-08 18:17:46,935 - INFO - joeynmt.training - 	Reference:  India is also reportedly hoping for a deal on defence collaboration between the two nations .
2026-05-08 18:17:46,935 - INFO - joeynmt.training - 	Hypothesis: the success of the success of the Treaty of the Treaty between the two Nations .
2026-05-08 18:18:01,293 - INFO - joeynmt.training - Epoch   2, Step:     7600, Batch Loss:     2.225356, Batch Acc: 0.424303, Tokens per Sec:     6369, Lr: 0.000300
2026-05-08 18:18:15,921 - INFO - joeynmt.training - Epoch   2, Step:     7700, Batch Loss:     2.224863, Batch Acc: 0.424631, Tokens per Sec:     6347, Lr: 0.000300
2026-05-08 18:18:31,249 - INFO - joeynmt.training - Epoch   2, Step:     7800, Batch Loss:     2.204289, Batch Acc: 0.431821, Tokens per Sec:     5955, Lr: 0.000300
2026-05-08 18:18:46,193 - INFO - joeynmt.training - Epoch   2, Step:     7900, Batch Loss:     2.064713, Batch Acc: 0.427519, Tokens per Sec:     6169, Lr: 0.000300
2026-05-08 18:19:00,818 - INFO - joeynmt.training - Epoch   2, Step:     8000, Batch Loss:     2.082657, Batch Acc: 0.432686, Tokens per Sec:     6244, Lr: 0.000300
2026-05-08 18:19:00,818 - INFO - joeynmt.prediction - Predicting 500 example(s)... (Greedy decoding with min_output_length=1, max_output_length=-1, return_prob='none', generate_unk=True, repetition_penalty=-1, no_repeat_ngram_size=-1)
2026-05-08 18:19:28,183 - INFO - joeynmt.prediction - Evaluation result (greedy) loss:   2.43, ppl:  11.41, acc:   0.38, generation: 27.3605[sec], evaluation: 0.0000[sec]
2026-05-08 18:19:28,184 - INFO - joeynmt.training - Hooray! New best validation result [ppl]!
2026-05-08 18:19:28,262 - INFO - joeynmt.helpers - delete models/deen_transformer_pre/5500.ckpt
2026-05-08 18:19:28,264 - INFO - joeynmt.training - Example #0
2026-05-08 18:19:28,264 - DEBUG - joeynmt.training - 	Tokenized source:     ['die', 'Pre@@', 'mi@@', 'er@@', 'minist@@', 'er', 'Indi@@', 'ens', 'und', 'J@@', 'ap@@', 'ans', 'tra@@', 'fen', 'sich', 'in', 'T@@', 'ok@@', 'i@@', 'o', '.']
2026-05-08 18:19:28,264 - DEBUG - joeynmt.training - 	Tokenized reference:  ['Indi@@', 'a', 'and', 'J@@', 'ap@@', 'an', 'pri@@', 'me', 'minist@@', 'ers', 'me@@', 'et', 'in', 'T@@', 'ok@@', 'y@@', 'o']
2026-05-08 18:19:28,264 - DEBUG - joeynmt.training - 	Tokenized hypothesis: ['the', 'price', 'of', 'the', 'price', 'of', 'the', 'price', 'of', 'the', 'city', ',', 'and', 'J@@', 'ap@@', 'tice', '.', '</s>']
2026-05-08 18:19:28,264 - INFO - joeynmt.training - 	Source:     die Premierminister Indiens und Japans trafen sich in Tokio .
2026-05-08 18:19:28,264 - INFO - joeynmt.training - 	Reference:  India and Japan prime ministers meet in Tokyo
2026-05-08 18:19:28,264 - INFO - joeynmt.training - 	Hypothesis: the price of the price of the price of the city , and Japtice .
2026-05-08 18:19:28,264 - INFO - joeynmt.training - Example #1
2026-05-08 18:19:28,265 - DEBUG - joeynmt.training - 	Tokenized source:     ['Indi@@', 'ens', 'neu@@', 'er', 'Pre@@', 'mi@@', 'er@@', 'minist@@', 'er', 'N@@', 'ar@@', 'end@@', 'ra', 'Mo@@', 'd@@', 'i', 'tri@@', 'fft', 'bei', 's@@', 'einem', 'ersten', 'wichti@@', 'gen', 'Aus@@', 'land@@', 's@@', 'bes@@', 'u@@', 'ch', 'seit', 's@@', 'einem', 'W@@', 'ah@@', 'l@@', 'si@@', 'e@@', 'g', 'im', 'Ma@@', 'i', 'seinen', 'j@@', 'ap@@', 'an@@', 'ischen', 'Am@@', 'ts@@', 'k@@', 'olle@@', 'gen', 'S@@', 'hin@@', 'z@@', 'o', 'A@@', 'be', 'in', 'T@@', 'ok@@', 'o', ',', 'um', 'wirtschaf@@', 'tliche', 'und', 'sicher@@', 'heits@@', 'politische', 'Be@@', 'zieh@@', 'ungen', 'zu', 'bes@@', 'pre@@', 'chen', '.']
2026-05-08 18:19:28,265 - DEBUG - joeynmt.training - 	Tokenized reference:  ['Indi@@', 'a', '&apos;s', 'new', 'pri@@', 'me', 'minist@@', 'er', ',', 'N@@', 'ar@@', 'end@@', 'ra', 'Mo@@', 'd@@', 'i', ',', 'is', 'me@@', 'eting', 'his', 'J@@', 'ap@@', 'an@@', 'ese', 'coun@@', 'ter@@', 'part', ',', 'S@@', 'hin@@', 'z@@', 'o', 'A@@', 'be', ',', 'in', 'T@@', 'ok@@', 'y@@', 'o', 'to', 'disc@@', 'uss', 'economic', 'and', 'security', 'ties', ',', 'on', 'his', 'first', 'major', 'fore@@', 'ign', 'visi@@', 't', 'since', 'w@@', 'inn@@', 'ing', 'Ma@@', 'y', '&apos;s', 'elec@@', 'tion', '.']
2026-05-08 18:19:28,265 - DEBUG - joeynmt.training - 	Tokenized hypothesis: ['Indi@@', 'a', '&apos;s', 'pri@@', 'm@@', 'ary', 'minist@@', 'er', 'N@@', 'ar@@', 'end@@', 'ra', 'Mo@@', 'd@@', 'i', ',', 'in', 'the', 'first', 'important', 'ex@@', 'clu@@', 'sive', ',', 'since', 'the', 'S@@', 'lo@@', 'e@@', 'g', 'in', 'the', 'Ma@@', 'y', 'of', 'his', 'first', 'year', 'in', 'the', 'Ma@@', 'y', 'of', 'his', 'own', 'own', 'own', 'own', ',', 'economic', 'and', 'saf@@', 'ety', ',', 'political', 'and', 'security', 'and', 'saf@@', 'ety', 'ety', 'ety', 'of', 'political', 'and', 'security', '.', '</s>']
2026-05-08 18:19:28,265 - INFO - joeynmt.training - 	Source:     Indiens neuer Premierminister Narendra Modi trifft bei seinem ersten wichtigen Auslandsbesuch seit seinem Wahlsieg im Mai seinen japanischen Amtskollegen Shinzo Abe in Toko , um wirtschaftliche und sicherheitspolitische Beziehungen zu besprechen .
2026-05-08 18:19:28,265 - INFO - joeynmt.training - 	Reference:  India &apos;s new prime minister , Narendra Modi , is meeting his Japanese counterpart , Shinzo Abe , in Tokyo to discuss economic and security ties , on his first major foreign visit since winning May &apos;s election .
2026-05-08 18:19:28,265 - INFO - joeynmt.training - 	Hypothesis: India &apos;s primary minister Narendra Modi , in the first important exclusive , since the Sloeg in the May of his first year in the May of his own own own own , economic and safety , political and security and safety ety ety of political and security .
2026-05-08 18:19:28,265 - INFO - joeynmt.training - Example #2
2026-05-08 18:19:28,265 - DEBUG - joeynmt.training - 	Tokenized source:     ['Herr', 'Mo@@', 'd@@', 'i', 'befindet', 'sich', 'auf', 'einer', 'fü@@', 'n@@', 'f@@', 'tä@@', 'gi@@', 'gen', 'Rei@@', 'se', 'nach', 'J@@', 'ap@@', 'an', ',', 'um', 'die', 'wirtschaf@@', 'tlichen', 'Be@@', 'zieh@@', 'ungen', 'mit', 'der', 'd@@', 'rit@@', 't@@', 'größ@@', 'ten', 'Wirtschafts@@', 'n@@', 'ation', 'der', 'Welt', 'zu', 'fes@@', 'tigen', '.']
2026-05-08 18:19:28,265 - DEBUG - joeynmt.training - 	Tokenized reference:  ['Mr', 'Mo@@', 'd@@', 'i', 'is', 'on', 'a', 'fi@@', 've', '@@@', '-@@', '@', 'day', 'tri@@', 'p', 'to', 'J@@', 'ap@@', 'an', 'to', 'streng@@', 'then', 'economic', 'ties', 'with', 'the', 'third', 'lar@@', 'ges@@', 't', 'econom@@', 'y', 'in', 'the', 'world', '.']
2026-05-08 18:19:28,265 - DEBUG - joeynmt.training - 	Tokenized hypothesis: ['Mr', 'Mo@@', 'd@@', 'i', 'is', 'on', 'a', 'fi@@', 'f@@', 'th', 'number', 'of', 'j@@', 'ap@@', 'an', 'to', 'J@@', 'ap@@', 'an', ',', 'to', 'the', 'economic', 'rel@@', 'ations', 'with', 'the', 'third', 'lar@@', 'ges@@', 't', 'economic', 'rel@@', 'ations', 'with', 'the', 'third', 'lar@@', 'ges@@', 't', 'economic', 'rel@@', 'ations', '.', '</s>']
2026-05-08 18:19:28,265 - INFO - joeynmt.training - 	Source:     Herr Modi befindet sich auf einer fünftägigen Reise nach Japan , um die wirtschaftlichen Beziehungen mit der drittgrößten Wirtschaftsnation der Welt zu festigen .
2026-05-08 18:19:28,265 - INFO - joeynmt.training - 	Reference:  Mr Modi is on a five @-@ day trip to Japan to strengthen economic ties with the third largest economy in the world .
2026-05-08 18:19:28,265 - INFO - joeynmt.training - 	Hypothesis: Mr Modi is on a fifth number of japan to Japan , to the economic relations with the third largest economic relations with the third largest economic relations .
2026-05-08 18:19:28,265 - INFO - joeynmt.training - Example #3
2026-05-08 18:19:28,265 - DEBUG - joeynmt.training - 	Tokenized source:     ['P@@', 'län@@', 'e', 'für', 'eine', 'stärk@@', 'ere', 'k@@', 'ern@@', 'techn@@', 'ische', 'Zusammenarbeit', 'stehen', 'ganz', 'ob@@', 'en', 'auf', 'der', 'Tag@@', 'es@@', 'ordnung', '.']
2026-05-08 18:19:28,265 - DEBUG - joeynmt.training - 	Tokenized reference:  ['high', 'on', 'the', 'agen@@', 'da', 'are', 'pl@@', 'ans', 'for', 'gre@@', 'ater', 'nu@@', 'clear', 'c@@', 'o', '@@@', '-@@', '@', 'operation', '.']
2026-05-08 18:19:28,265 - DEBUG - joeynmt.training - 	Tokenized hypothesis: ['P@@', 'ubli@@', 'c', 'countries', 'are', 'still', 'more', 'more', 'techn@@', 'ical', 'cooperation', 'are', 'concer@@', 'ned', '.', '</s>']
2026-05-08 18:19:28,265 - INFO - joeynmt.training - 	Source:     Pläne für eine stärkere kerntechnische Zusammenarbeit stehen ganz oben auf der Tagesordnung .
2026-05-08 18:19:28,265 - INFO - joeynmt.training - 	Reference:  high on the agenda are plans for greater nuclear co @-@ operation .
2026-05-08 18:19:28,265 - INFO - joeynmt.training - 	Hypothesis: Public countries are still more more technical cooperation are concerned .
2026-05-08 18:19:28,265 - INFO - joeynmt.training - Example #4
2026-05-08 18:19:28,265 - DEBUG - joeynmt.training - 	Tokenized source:     ['Berich@@', 'ten', 'zu@@', 'fol@@', 'ge', 'ho@@', 'fft', 'Indi@@', 'en', 'darüber', 'hinaus', 'auf', 'einen', 'Ver@@', 'trag', 'zur', 'Ver@@', 'tei@@', 'dig@@', 'ungs@@', 'zusammen@@', 'arbeit', 'zwischen', 'den', 'beiden', 'N@@', 'ationen', '.']
2026-05-08 18:19:28,265 - DEBUG - joeynmt.training - 	Tokenized reference:  ['Indi@@', 'a', 'is', 'also', 're@@', 'porte@@', 'dly', 'hop@@', 'ing', 'for', 'a', 'de@@', 'al', 'on', 'def@@', 'ence', 'c@@', 'oll@@', 'ab@@', 'or@@', 'ation', 'between', 'the', 'two', 'n@@', 'ations', '.']
2026-05-08 18:19:28,265 - DEBUG - joeynmt.training - 	Tokenized hypothesis: ['re@@', 'ports', 'on', 'the', 'same', 'as', 'well', 'as', 'as', 'the', 'result', 'of', 'the', 'two', 'N@@', 'ations', '.', '</s>']
2026-05-08 18:19:28,265 - INFO - joeynmt.training - 	Source:     Berichten zufolge hofft Indien darüber hinaus auf einen Vertrag zur Verteidigungszusammenarbeit zwischen den beiden Nationen .
2026-05-08 18:19:28,265 - INFO - joeynmt.training - 	Reference:  India is also reportedly hoping for a deal on defence collaboration between the two nations .
2026-05-08 18:19:28,265 - INFO - joeynmt.training - 	Hypothesis: reports on the same as well as as the result of the two Nations .
2026-05-08 18:19:42,906 - INFO - joeynmt.training - Epoch   2, Step:     8100, Batch Loss:     2.058567, Batch Acc: 0.431730, Tokens per Sec:     6104, Lr: 0.000300
2026-05-08 18:19:47,432 - INFO - joeynmt.training - Epoch   2: total training loss 9321.80
2026-05-08 18:19:47,432 - INFO - joeynmt.training - EPOCH 3
2026-05-08 18:19:57,595 - INFO - joeynmt.training - Epoch   3, Step:     8200, Batch Loss:     2.206995, Batch Acc: 0.439174, Tokens per Sec:     6351, Lr: 0.000300
2026-05-08 18:20:12,270 - INFO - joeynmt.training - Epoch   3, Step:     8300, Batch Loss:     1.869648, Batch Acc: 0.443380, Tokens per Sec:     6222, Lr: 0.000300
2026-05-08 18:20:26,947 - INFO - joeynmt.training - Epoch   3, Step:     8400, Batch Loss:     2.077222, Batch Acc: 0.444658, Tokens per Sec:     6194, Lr: 0.000300
2026-05-08 18:20:41,710 - INFO - joeynmt.training - Epoch   3, Step:     8500, Batch Loss:     2.250348, Batch Acc: 0.445703, Tokens per Sec:     6225, Lr: 0.000300
2026-05-08 18:20:41,710 - INFO - joeynmt.prediction - Predicting 500 example(s)... (Greedy decoding with min_output_length=1, max_output_length=-1, return_prob='none', generate_unk=True, repetition_penalty=-1, no_repeat_ngram_size=-1)
2026-05-08 18:21:04,436 - INFO - joeynmt.prediction - Evaluation result (greedy) loss:   2.40, ppl:  11.06, acc:   0.39, generation: 22.7223[sec], evaluation: 0.0000[sec]
2026-05-08 18:21:04,437 - INFO - joeynmt.training - Hooray! New best validation result [ppl]!
2026-05-08 18:21:04,510 - INFO - joeynmt.helpers - delete models/deen_transformer_pre/6000.ckpt
2026-05-08 18:21:04,512 - INFO - joeynmt.training - Example #0
2026-05-08 18:21:04,512 - DEBUG - joeynmt.training - 	Tokenized source:     ['die', 'Pre@@', 'mi@@', 'er@@', 'minist@@', 'er', 'Indi@@', 'ens', 'und', 'J@@', 'ap@@', 'ans', 'tra@@', 'fen', 'sich', 'in', 'T@@', 'ok@@', 'i@@', 'o', '.']
2026-05-08 18:21:04,512 - DEBUG - joeynmt.training - 	Tokenized reference:  ['Indi@@', 'a', 'and', 'J@@', 'ap@@', 'an', 'pri@@', 'me', 'minist@@', 'ers', 'me@@', 'et', 'in', 'T@@', 'ok@@', 'y@@', 'o']
2026-05-08 18:21:04,512 - DEBUG - joeynmt.training - 	Tokenized hypothesis: ['the', 'pri@@', 'm@@', 'ari@@', 'ly', 'Indi@@', 'a', 'and', 'J@@', 'ap@@', 'ans', 'and', 'J@@', 'ap@@', 'ans', '.', '</s>']
2026-05-08 18:21:04,512 - INFO - joeynmt.training - 	Source:     die Premierminister Indiens und Japans trafen sich in Tokio .
2026-05-08 18:21:04,512 - INFO - joeynmt.training - 	Reference:  India and Japan prime ministers meet in Tokyo
2026-05-08 18:21:04,512 - INFO - joeynmt.training - 	Hypothesis: the primarily India and Japans and Japans .
2026-05-08 18:21:04,512 - INFO - joeynmt.training - Example #1
2026-05-08 18:21:04,512 - DEBUG - joeynmt.training - 	Tokenized source:     ['Indi@@', 'ens', 'neu@@', 'er', 'Pre@@', 'mi@@', 'er@@', 'minist@@', 'er', 'N@@', 'ar@@', 'end@@', 'ra', 'Mo@@', 'd@@', 'i', 'tri@@', 'fft', 'bei', 's@@', 'einem', 'ersten', 'wichti@@', 'gen', 'Aus@@', 'land@@', 's@@', 'bes@@', 'u@@', 'ch', 'seit', 's@@', 'einem', 'W@@', 'ah@@', 'l@@', 'si@@', 'e@@', 'g', 'im', 'Ma@@', 'i', 'seinen', 'j@@', 'ap@@', 'an@@', 'ischen', 'Am@@', 'ts@@', 'k@@', 'olle@@', 'gen', 'S@@', 'hin@@', 'z@@', 'o', 'A@@', 'be', 'in', 'T@@', 'ok@@', 'o', ',', 'um', 'wirtschaf@@', 'tliche', 'und', 'sicher@@', 'heits@@', 'politische', 'Be@@', 'zieh@@', 'ungen', 'zu', 'bes@@', 'pre@@', 'chen', '.']
2026-05-08 18:21:04,512 - DEBUG - joeynmt.training - 	Tokenized reference:  ['Indi@@', 'a', '&apos;s', 'new', 'pri@@', 'me', 'minist@@', 'er', ',', 'N@@', 'ar@@', 'end@@', 'ra', 'Mo@@', 'd@@', 'i', ',', 'is', 'me@@', 'eting', 'his', 'J@@', 'ap@@', 'an@@', 'ese', 'coun@@', 'ter@@', 'part', ',', 'S@@', 'hin@@', 'z@@', 'o', 'A@@', 'be', ',', 'in', 'T@@', 'ok@@', 'y@@', 'o', 'to', 'disc@@', 'uss', 'economic', 'and', 'security', 'ties', ',', 'on', 'his', 'first', 'major', 'fore@@', 'ign', 'visi@@', 't', 'since', 'w@@', 'inn@@', 'ing', 'Ma@@', 'y', '&apos;s', 'elec@@', 'tion', '.']
2026-05-08 18:21:04,512 - DEBUG - joeynmt.training - 	Tokenized hypothesis: ['Indi@@', 'a', '&apos;s', 'lat@@', 'er', 'N@@', 'ar@@', 'end@@', 'ra', 'Mo@@', 'del', ',', 'M@@', 'ari@@', 'an', 'M@@', 'ic@@', 'o', ',', 'in', 'his', 'first', 'important', 'ex@@', 'hi@@', 'bi@@', 'tion', 'for', 'a', 'elec@@', 'tion', 'of', 'the', 'M@@', 'or@@', 'occ@@', 'o', 'A@@', 'mer@@', 'ic@@', 'a', 'in', 'M@@', 'er@@', 'o', 'A@@', 'mer@@', 'ic@@', 'a', 'in', 'T@@', 'ok@@', 'o', 'A@@', 'mer@@', 'ic@@', 'a', 'in', 'T@@', 'ok@@', 'o', ',', 'and', 'saf@@', 'ety', 'ety', 'political', 'rel@@', 'ations', '.', '</s>']
2026-05-08 18:21:04,513 - INFO - joeynmt.training - 	Source:     Indiens neuer Premierminister Narendra Modi trifft bei seinem ersten wichtigen Auslandsbesuch seit seinem Wahlsieg im Mai seinen japanischen Amtskollegen Shinzo Abe in Toko , um wirtschaftliche und sicherheitspolitische Beziehungen zu besprechen .
2026-05-08 18:21:04,513 - INFO - joeynmt.training - 	Reference:  India &apos;s new prime minister , Narendra Modi , is meeting his Japanese counterpart , Shinzo Abe , in Tokyo to discuss economic and security ties , on his first major foreign visit since winning May &apos;s election .
2026-05-08 18:21:04,513 - INFO - joeynmt.training - 	Hypothesis: India &apos;s later Narendra Model , Marian Mico , in his first important exhibition for a election of the Morocco America in Mero America in Toko America in Toko , and safety ety political relations .
2026-05-08 18:21:04,513 - INFO - joeynmt.training - Example #2
2026-05-08 18:21:04,513 - DEBUG - joeynmt.training - 	Tokenized source:     ['Herr', 'Mo@@', 'd@@', 'i', 'befindet', 'sich', 'auf', 'einer', 'fü@@', 'n@@', 'f@@', 'tä@@', 'gi@@', 'gen', 'Rei@@', 'se', 'nach', 'J@@', 'ap@@', 'an', ',', 'um', 'die', 'wirtschaf@@', 'tlichen', 'Be@@', 'zieh@@', 'ungen', 'mit', 'der', 'd@@', 'rit@@', 't@@', 'größ@@', 'ten', 'Wirtschafts@@', 'n@@', 'ation', 'der', 'Welt', 'zu', 'fes@@', 'tigen', '.']
2026-05-08 18:21:04,513 - DEBUG - joeynmt.training - 	Tokenized reference:  ['Mr', 'Mo@@', 'd@@', 'i', 'is', 'on', 'a', 'fi@@', 've', '@@@', '-@@', '@', 'day', 'tri@@', 'p', 'to', 'J@@', 'ap@@', 'an', 'to', 'streng@@', 'then', 'economic', 'ties', 'with', 'the', 'third', 'lar@@', 'ges@@', 't', 'econom@@', 'y', 'in', 'the', 'world', '.']
2026-05-08 18:21:04,513 - DEBUG - joeynmt.training - 	Tokenized hypothesis: ['Mr', 'Mo@@', 'd@@', 'i', 'is', 'a', 'fi@@', 'f@@', 'te@@', 'en', 'to', 'J@@', 'ap@@', 'an', ',', 'to', 'the', 'economic', 'rel@@', 'ations', 'with', 'the', 'third', 'lar@@', 'ges@@', 't', 'economic', 'rel@@', 'ations', 'with', 'the', 'third', 'lar@@', 'ges@@', 't', 'economic', 'rel@@', 'ations', '.', '</s>']
2026-05-08 18:21:04,513 - INFO - joeynmt.training - 	Source:     Herr Modi befindet sich auf einer fünftägigen Reise nach Japan , um die wirtschaftlichen Beziehungen mit der drittgrößten Wirtschaftsnation der Welt zu festigen .
2026-05-08 18:21:04,513 - INFO - joeynmt.training - 	Reference:  Mr Modi is on a five @-@ day trip to Japan to strengthen economic ties with the third largest economy in the world .
2026-05-08 18:21:04,513 - INFO - joeynmt.training - 	Hypothesis: Mr Modi is a fifteen to Japan , to the economic relations with the third largest economic relations with the third largest economic relations .
2026-05-08 18:21:04,513 - INFO - joeynmt.training - Example #3
2026-05-08 18:21:04,513 - DEBUG - joeynmt.training - 	Tokenized source:     ['P@@', 'län@@', 'e', 'für', 'eine', 'stärk@@', 'ere', 'k@@', 'ern@@', 'techn@@', 'ische', 'Zusammenarbeit', 'stehen', 'ganz', 'ob@@', 'en', 'auf', 'der', 'Tag@@', 'es@@', 'ordnung', '.']
2026-05-08 18:21:04,513 - DEBUG - joeynmt.training - 	Tokenized reference:  ['high', 'on', 'the', 'agen@@', 'da', 'are', 'pl@@', 'ans', 'for', 'gre@@', 'ater', 'nu@@', 'clear', 'c@@', 'o', '@@@', '-@@', '@', 'operation', '.']
2026-05-08 18:21:04,513 - DEBUG - joeynmt.training - 	Tokenized hypothesis: ['P@@', 'P@@', 'l@@', 'l@@', 'or@@', 'ic', ',', 'it', 'is', 'also', 'a', 'more', 'techn@@', 'ical', 'cooperation', '.', '</s>']
2026-05-08 18:21:04,513 - INFO - joeynmt.training - 	Source:     Pläne für eine stärkere kerntechnische Zusammenarbeit stehen ganz oben auf der Tagesordnung .
2026-05-08 18:21:04,513 - INFO - joeynmt.training - 	Reference:  high on the agenda are plans for greater nuclear co @-@ operation .
2026-05-08 18:21:04,513 - INFO - joeynmt.training - 	Hypothesis: PPlloric , it is also a more technical cooperation .
2026-05-08 18:21:04,513 - INFO - joeynmt.training - Example #4
2026-05-08 18:21:04,513 - DEBUG - joeynmt.training - 	Tokenized source:     ['Berich@@', 'ten', 'zu@@', 'fol@@', 'ge', 'ho@@', 'fft', 'Indi@@', 'en', 'darüber', 'hinaus', 'auf', 'einen', 'Ver@@', 'trag', 'zur', 'Ver@@', 'tei@@', 'dig@@', 'ungs@@', 'zusammen@@', 'arbeit', 'zwischen', 'den', 'beiden', 'N@@', 'ationen', '.']
2026-05-08 18:21:04,513 - DEBUG - joeynmt.training - 	Tokenized reference:  ['Indi@@', 'a', 'is', 'also', 're@@', 'porte@@', 'dly', 'hop@@', 'ing', 'for', 'a', 'de@@', 'al', 'on', 'def@@', 'ence', 'c@@', 'oll@@', 'ab@@', 'or@@', 'ation', 'between', 'the', 'two', 'n@@', 'ations', '.']
2026-05-08 18:21:04,513 - DEBUG - joeynmt.training - 	Tokenized hypothesis: ['the', 'report', 'also', 'also', 'also', 'also', 'also', 'also', 'also', 'in', 'a', 'Tre@@', 'aty', 'on', 'a', 'Tre@@', 'aty', 'on', 'the', 'dra@@', 'ft', 'work', 'on', 'the', 'two', 'N@@', 'ations', '.', '</s>']
2026-05-08 18:21:04,513 - INFO - joeynmt.training - 	Source:     Berichten zufolge hofft Indien darüber hinaus auf einen Vertrag zur Verteidigungszusammenarbeit zwischen den beiden Nationen .
2026-05-08 18:21:04,513 - INFO - joeynmt.training - 	Reference:  India is also reportedly hoping for a deal on defence collaboration between the two nations .
2026-05-08 18:21:04,513 - INFO - joeynmt.training - 	Hypothesis: the report also also also also also also also in a Treaty on a Treaty on the draft work on the two Nations .
2026-05-08 18:21:19,213 - INFO - joeynmt.training - Epoch   3, Step:     8600, Batch Loss:     1.931129, Batch Acc: 0.451962, Tokens per Sec:     6172, Lr: 0.000300
2026-05-08 18:21:34,014 - INFO - joeynmt.training - Epoch   3, Step:     8700, Batch Loss:     2.011126, Batch Acc: 0.449956, Tokens per Sec:     6320, Lr: 0.000300
2026-05-08 18:21:48,784 - INFO - joeynmt.training - Epoch   3, Step:     8800, Batch Loss:     2.016811, Batch Acc: 0.450998, Tokens per Sec:     6387, Lr: 0.000300
2026-05-08 18:22:03,590 - INFO - joeynmt.training - Epoch   3, Step:     8900, Batch Loss:     1.951581, Batch Acc: 0.446726, Tokens per Sec:     6223, Lr: 0.000300
2026-05-08 18:22:18,535 - INFO - joeynmt.training - Epoch   3, Step:     9000, Batch Loss:     1.916513, Batch Acc: 0.454635, Tokens per Sec:     6208, Lr: 0.000300
2026-05-08 18:22:18,535 - INFO - joeynmt.prediction - Predicting 500 example(s)... (Greedy decoding with min_output_length=1, max_output_length=-1, return_prob='none', generate_unk=True, repetition_penalty=-1, no_repeat_ngram_size=-1)
2026-05-08 18:22:44,199 - INFO - joeynmt.prediction - Evaluation result (greedy) loss:   2.39, ppl:  10.95, acc:   0.39, generation: 25.6604[sec], evaluation: 0.0000[sec]
2026-05-08 18:22:44,200 - INFO - joeynmt.training - Hooray! New best validation result [ppl]!
2026-05-08 18:22:44,277 - INFO - joeynmt.helpers - delete models/deen_transformer_pre/6500.ckpt
2026-05-08 18:22:44,281 - INFO - joeynmt.training - Example #0
2026-05-08 18:22:44,281 - DEBUG - joeynmt.training - 	Tokenized source:     ['die', 'Pre@@', 'mi@@', 'er@@', 'minist@@', 'er', 'Indi@@', 'ens', 'und', 'J@@', 'ap@@', 'ans', 'tra@@', 'fen', 'sich', 'in', 'T@@', 'ok@@', 'i@@', 'o', '.']
2026-05-08 18:22:44,281 - DEBUG - joeynmt.training - 	Tokenized reference:  ['Indi@@', 'a', 'and', 'J@@', 'ap@@', 'an', 'pri@@', 'me', 'minist@@', 'ers', 'me@@', 'et', 'in', 'T@@', 'ok@@', 'y@@', 'o']
2026-05-08 18:22:44,281 - DEBUG - joeynmt.training - 	Tokenized hypothesis: ['the', 'price', 'minist@@', 'er', 'Indi@@', 'a', 'and', 'J@@', 'ap@@', 'ans', '.', '</s>']
2026-05-08 18:22:44,282 - INFO - joeynmt.training - 	Source:     die Premierminister Indiens und Japans trafen sich in Tokio .
2026-05-08 18:22:44,282 - INFO - joeynmt.training - 	Reference:  India and Japan prime ministers meet in Tokyo
2026-05-08 18:22:44,282 - INFO - joeynmt.training - 	Hypothesis: the price minister India and Japans .
2026-05-08 18:22:44,282 - INFO - joeynmt.training - Example #1
2026-05-08 18:22:44,282 - DEBUG - joeynmt.training - 	Tokenized source:     ['Indi@@', 'ens', 'neu@@', 'er', 'Pre@@', 'mi@@', 'er@@', 'minist@@', 'er', 'N@@', 'ar@@', 'end@@', 'ra', 'Mo@@', 'd@@', 'i', 'tri@@', 'fft', 'bei', 's@@', 'einem', 'ersten', 'wichti@@', 'gen', 'Aus@@', 'land@@', 's@@', 'bes@@', 'u@@', 'ch', 'seit', 's@@', 'einem', 'W@@', 'ah@@', 'l@@', 'si@@', 'e@@', 'g', 'im', 'Ma@@', 'i', 'seinen', 'j@@', 'ap@@', 'an@@', 'ischen', 'Am@@', 'ts@@', 'k@@', 'olle@@', 'gen', 'S@@', 'hin@@', 'z@@', 'o', 'A@@', 'be', 'in', 'T@@', 'ok@@', 'o', ',', 'um', 'wirtschaf@@', 'tliche', 'und', 'sicher@@', 'heits@@', 'politische', 'Be@@', 'zieh@@', 'ungen', 'zu', 'bes@@', 'pre@@', 'chen', '.']
2026-05-08 18:22:44,282 - DEBUG - joeynmt.training - 	Tokenized reference:  ['Indi@@', 'a', '&apos;s', 'new', 'pri@@', 'me', 'minist@@', 'er', ',', 'N@@', 'ar@@', 'end@@', 'ra', 'Mo@@', 'd@@', 'i', ',', 'is', 'me@@', 'eting', 'his', 'J@@', 'ap@@', 'an@@', 'ese', 'coun@@', 'ter@@', 'part', ',', 'S@@', 'hin@@', 'z@@', 'o', 'A@@', 'be', ',', 'in', 'T@@', 'ok@@', 'y@@', 'o', 'to', 'disc@@', 'uss', 'economic', 'and', 'security', 'ties', ',', 'on', 'his', 'first', 'major', 'fore@@', 'ign', 'visi@@', 't', 'since', 'w@@', 'inn@@', 'ing', 'Ma@@', 'y', '&apos;s', 'elec@@', 'tion', '.']
2026-05-08 18:22:44,282 - DEBUG - joeynmt.training - 	Tokenized hypothesis: ['Indi@@', 'a', ',', 'N@@', 'ar@@', 'end@@', 'ra', 'Mo@@', 'd@@', 'i', ',', 'M@@', 'er@@', 'a@@', 'o', ',', 'M@@', 'er@@', 'a@@', 'i', ',', 'in', 'the', 'first', 'important', 'ex@@', 'change', 'of', 'the', 'M@@', 'er@@', 'a@@', 'sis', 'of', 'the', 'M@@', 'er@@', 'a@@', 'sis', 'of', 'S@@', 'hin@@', 'z@@', 'z@@', 'o', 'A@@', 'mer@@', 'ic@@', 'a', ',', 'in', 'order', 'to', 're@@', 'ach', 'economic', 'and', 'security', 'political', 'rel@@', 'ations', '.', '</s>']
2026-05-08 18:22:44,282 - INFO - joeynmt.training - 	Source:     Indiens neuer Premierminister Narendra Modi trifft bei seinem ersten wichtigen Auslandsbesuch seit seinem Wahlsieg im Mai seinen japanischen Amtskollegen Shinzo Abe in Toko , um wirtschaftliche und sicherheitspolitische Beziehungen zu besprechen .
2026-05-08 18:22:44,282 - INFO - joeynmt.training - 	Reference:  India &apos;s new prime minister , Narendra Modi , is meeting his Japanese counterpart , Shinzo Abe , in Tokyo to discuss economic and security ties , on his first major foreign visit since winning May &apos;s election .
2026-05-08 18:22:44,282 - INFO - joeynmt.training - 	Hypothesis: India , Narendra Modi , Merao , Merai , in the first important exchange of the Merasis of the Merasis of Shinzzo America , in order to reach economic and security political relations .
2026-05-08 18:22:44,282 - INFO - joeynmt.training - Example #2
2026-05-08 18:22:44,282 - DEBUG - joeynmt.training - 	Tokenized source:     ['Herr', 'Mo@@', 'd@@', 'i', 'befindet', 'sich', 'auf', 'einer', 'fü@@', 'n@@', 'f@@', 'tä@@', 'gi@@', 'gen', 'Rei@@', 'se', 'nach', 'J@@', 'ap@@', 'an', ',', 'um', 'die', 'wirtschaf@@', 'tlichen', 'Be@@', 'zieh@@', 'ungen', 'mit', 'der', 'd@@', 'rit@@', 't@@', 'größ@@', 'ten', 'Wirtschafts@@', 'n@@', 'ation', 'der', 'Welt', 'zu', 'fes@@', 'tigen', '.']
2026-05-08 18:22:44,282 - DEBUG - joeynmt.training - 	Tokenized reference:  ['Mr', 'Mo@@', 'd@@', 'i', 'is', 'on', 'a', 'fi@@', 've', '@@@', '-@@', '@', 'day', 'tri@@', 'p', 'to', 'J@@', 'ap@@', 'an', 'to', 'streng@@', 'then', 'economic', 'ties', 'with', 'the', 'third', 'lar@@', 'ges@@', 't', 'econom@@', 'y', 'in', 'the', 'world', '.']
2026-05-08 18:22:44,282 - DEBUG - joeynmt.training - 	Tokenized hypothesis: ['Mr', 'Mo@@', 'd@@', 'i', 'is', 'on', 'a', 'fi@@', 'f@@', 'te@@', 'en', 'to', 'J@@', 'ap@@', 'an', ',', 'the', 'economic', 'rel@@', 'ations', 'with', 'the', 'third', 'lar@@', 'ges@@', 't', 'economic', 'rel@@', 'ations', 'with', 'the', 'third', 'lar@@', 'ges@@', 't', 'economic', 'rel@@', 'ations', '.', '</s>']
2026-05-08 18:22:44,282 - INFO - joeynmt.training - 	Source:     Herr Modi befindet sich auf einer fünftägigen Reise nach Japan , um die wirtschaftlichen Beziehungen mit der drittgrößten Wirtschaftsnation der Welt zu festigen .
2026-05-08 18:22:44,282 - INFO - joeynmt.training - 	Reference:  Mr Modi is on a five @-@ day trip to Japan to strengthen economic ties with the third largest economy in the world .
2026-05-08 18:22:44,282 - INFO - joeynmt.training - 	Hypothesis: Mr Modi is on a fifteen to Japan , the economic relations with the third largest economic relations with the third largest economic relations .
2026-05-08 18:22:44,282 - INFO - joeynmt.training - Example #3
2026-05-08 18:22:44,282 - DEBUG - joeynmt.training - 	Tokenized source:     ['P@@', 'län@@', 'e', 'für', 'eine', 'stärk@@', 'ere', 'k@@', 'ern@@', 'techn@@', 'ische', 'Zusammenarbeit', 'stehen', 'ganz', 'ob@@', 'en', 'auf', 'der', 'Tag@@', 'es@@', 'ordnung', '.']
2026-05-08 18:22:44,282 - DEBUG - joeynmt.training - 	Tokenized reference:  ['high', 'on', 'the', 'agen@@', 'da', 'are', 'pl@@', 'ans', 'for', 'gre@@', 'ater', 'nu@@', 'clear', 'c@@', 'o', '@@@', '-@@', '@', 'operation', '.']
2026-05-08 18:22:44,282 - DEBUG - joeynmt.training - 	Tokenized hypothesis: ['P@@', 'ubli@@', 'c', 'cooperation', 'are', 'ob@@', 'vi@@', 'ously', 'seri@@', 'ous', 'techn@@', 'ical', 'cooperation', '.', '</s>']
2026-05-08 18:22:44,282 - INFO - joeynmt.training - 	Source:     Pläne für eine stärkere kerntechnische Zusammenarbeit stehen ganz oben auf der Tagesordnung .
2026-05-08 18:22:44,282 - INFO - joeynmt.training - 	Reference:  high on the agenda are plans for greater nuclear co @-@ operation .
2026-05-08 18:22:44,282 - INFO - joeynmt.training - 	Hypothesis: Public cooperation are obviously serious technical cooperation .
2026-05-08 18:22:44,282 - INFO - joeynmt.training - Example #4
2026-05-08 18:22:44,282 - DEBUG - joeynmt.training - 	Tokenized source:     ['Berich@@', 'ten', 'zu@@', 'fol@@', 'ge', 'ho@@', 'fft', 'Indi@@', 'en', 'darüber', 'hinaus', 'auf', 'einen', 'Ver@@', 'trag', 'zur', 'Ver@@', 'tei@@', 'dig@@', 'ungs@@', 'zusammen@@', 'arbeit', 'zwischen', 'den', 'beiden', 'N@@', 'ationen', '.']
2026-05-08 18:22:44,282 - DEBUG - joeynmt.training - 	Tokenized reference:  ['Indi@@', 'a', 'is', 'also', 're@@', 'porte@@', 'dly', 'hop@@', 'ing', 'for', 'a', 'de@@', 'al', 'on', 'def@@', 'ence', 'c@@', 'oll@@', 'ab@@', 'or@@', 'ation', 'between', 'the', 'two', 'n@@', 'ations', '.']
2026-05-08 18:22:44,282 - DEBUG - joeynmt.training - 	Tokenized hypothesis: ['the', 're@@', 'ports', ',', 'it', 'is', 'also', 'a', 'con@@', 'tra@@', 'ct', 'on', 'a', 'con@@', 'tra@@', 'ct', 'on', 'the', 'work', 'of', 'the', 'two', 'N@@', 'ations', '.', '</s>']
2026-05-08 18:22:44,282 - INFO - joeynmt.training - 	Source:     Berichten zufolge hofft Indien darüber hinaus auf einen Vertrag zur Verteidigungszusammenarbeit zwischen den beiden Nationen .
2026-05-08 18:22:44,282 - INFO - joeynmt.training - 	Reference:  India is also reportedly hoping for a deal on defence collaboration between the two nations .
2026-05-08 18:22:44,283 - INFO - joeynmt.training - 	Hypothesis: the reports , it is also a contract on a contract on the work of the two Nations .
2026-05-08 18:22:59,192 - INFO - joeynmt.training - Epoch   3, Step:     9100, Batch Loss:     1.923946, Batch Acc: 0.447835, Tokens per Sec:     6068, Lr: 0.000300
2026-05-08 18:23:14,265 - INFO - joeynmt.training - Epoch   3, Step:     9200, Batch Loss:     2.131011, Batch Acc: 0.443358, Tokens per Sec:     6129, Lr: 0.000300
2026-05-08 18:23:29,384 - INFO - joeynmt.training - Epoch   3, Step:     9300, Batch Loss:     2.062233, Batch Acc: 0.447884, Tokens per Sec:     6046, Lr: 0.000300
2026-05-08 18:23:44,487 - INFO - joeynmt.training - Epoch   3, Step:     9400, Batch Loss:     2.022547, Batch Acc: 0.449040, Tokens per Sec:     6120, Lr: 0.000300
2026-05-08 18:23:59,874 - INFO - joeynmt.training - Epoch   3, Step:     9500, Batch Loss:     2.124563, Batch Acc: 0.449396, Tokens per Sec:     6020, Lr: 0.000300
2026-05-08 18:23:59,875 - INFO - joeynmt.prediction - Predicting 500 example(s)... (Greedy decoding with min_output_length=1, max_output_length=-1, return_prob='none', generate_unk=True, repetition_penalty=-1, no_repeat_ngram_size=-1)
2026-05-08 18:24:29,893 - INFO - joeynmt.prediction - Evaluation result (greedy) loss:   2.37, ppl:  10.66, acc:   0.39, generation: 30.0139[sec], evaluation: 0.0000[sec]
2026-05-08 18:24:29,896 - INFO - joeynmt.training - Hooray! New best validation result [ppl]!
2026-05-08 18:24:29,984 - INFO - joeynmt.helpers - delete models/deen_transformer_pre/7000.ckpt
2026-05-08 18:24:29,986 - INFO - joeynmt.training - Example #0
2026-05-08 18:24:29,986 - DEBUG - joeynmt.training - 	Tokenized source:     ['die', 'Pre@@', 'mi@@', 'er@@', 'minist@@', 'er', 'Indi@@', 'ens', 'und', 'J@@', 'ap@@', 'ans', 'tra@@', 'fen', 'sich', 'in', 'T@@', 'ok@@', 'i@@', 'o', '.']
2026-05-08 18:24:29,986 - DEBUG - joeynmt.training - 	Tokenized reference:  ['Indi@@', 'a', 'and', 'J@@', 'ap@@', 'an', 'pri@@', 'me', 'minist@@', 'ers', 'me@@', 'et', 'in', 'T@@', 'ok@@', 'y@@', 'o']
2026-05-08 18:24:29,986 - DEBUG - joeynmt.training - 	Tokenized hypothesis: ['the', 'price', 'minist@@', 'ers', 'of', 'Indi@@', 'a', 'and', 'J@@', 'ap@@', 'an', '&apos;s', 'pri@@', 'm@@', 'ari@@', 'ly', 'in', 'T@@', 'ok@@', 'i@@', 'o', '.', '</s>']
2026-05-08 18:24:29,986 - INFO - joeynmt.training - 	Source:     die Premierminister Indiens und Japans trafen sich in Tokio .
2026-05-08 18:24:29,986 - INFO - joeynmt.training - 	Reference:  India and Japan prime ministers meet in Tokyo
2026-05-08 18:24:29,986 - INFO - joeynmt.training - 	Hypothesis: the price ministers of India and Japan &apos;s primarily in Tokio .
2026-05-08 18:24:29,986 - INFO - joeynmt.training - Example #1
2026-05-08 18:24:29,986 - DEBUG - joeynmt.training - 	Tokenized source:     ['Indi@@', 'ens', 'neu@@', 'er', 'Pre@@', 'mi@@', 'er@@', 'minist@@', 'er', 'N@@', 'ar@@', 'end@@', 'ra', 'Mo@@', 'd@@', 'i', 'tri@@', 'fft', 'bei', 's@@', 'einem', 'ersten', 'wichti@@', 'gen', 'Aus@@', 'land@@', 's@@', 'bes@@', 'u@@', 'ch', 'seit', 's@@', 'einem', 'W@@', 'ah@@', 'l@@', 'si@@', 'e@@', 'g', 'im', 'Ma@@', 'i', 'seinen', 'j@@', 'ap@@', 'an@@', 'ischen', 'Am@@', 'ts@@', 'k@@', 'olle@@', 'gen', 'S@@', 'hin@@', 'z@@', 'o', 'A@@', 'be', 'in', 'T@@', 'ok@@', 'o', ',', 'um', 'wirtschaf@@', 'tliche', 'und', 'sicher@@', 'heits@@', 'politische', 'Be@@', 'zieh@@', 'ungen', 'zu', 'bes@@', 'pre@@', 'chen', '.']
2026-05-08 18:24:29,986 - DEBUG - joeynmt.training - 	Tokenized reference:  ['Indi@@', 'a', '&apos;s', 'new', 'pri@@', 'me', 'minist@@', 'er', ',', 'N@@', 'ar@@', 'end@@', 'ra', 'Mo@@', 'd@@', 'i', ',', 'is', 'me@@', 'eting', 'his', 'J@@', 'ap@@', 'an@@', 'ese', 'coun@@', 'ter@@', 'part', ',', 'S@@', 'hin@@', 'z@@', 'o', 'A@@', 'be', ',', 'in', 'T@@', 'ok@@', 'y@@', 'o', 'to', 'disc@@', 'uss', 'economic', 'and', 'security', 'ties', ',', 'on', 'his', 'first', 'major', 'fore@@', 'ign', 'visi@@', 't', 'since', 'w@@', 'inn@@', 'ing', 'Ma@@', 'y', '&apos;s', 'elec@@', 'tion', '.']
2026-05-08 18:24:29,986 - DEBUG - joeynmt.training - 	Tokenized hypothesis: ['Indi@@', 'a', '&apos;s', 'pri@@', 'm@@', 'ari@@', 'ly', 're@@', 'mark@@', 'able', 'Minist@@', 'er', 'N@@', 'ar@@', 'end@@', 'ra', 'Mo@@', 'd@@', 'i', ',', 'in', 'the', 'first', 'important', 'ex@@', 'hi@@', 'bi@@', 'tion', 'of', 'the', 'S@@', 'wi@@', 'tz@@', 'er@@', 'land', 'of', 'the', 'S@@', 'hin@@', 'o', 'A@@', 'be', 'in', 'T@@', 'ok@@', 'o', ',', 'and', 'the', 'political', 'rel@@', 'ations', '.', '</s>']
2026-05-08 18:24:29,986 - INFO - joeynmt.training - 	Source:     Indiens neuer Premierminister Narendra Modi trifft bei seinem ersten wichtigen Auslandsbesuch seit seinem Wahlsieg im Mai seinen japanischen Amtskollegen Shinzo Abe in Toko , um wirtschaftliche und sicherheitspolitische Beziehungen zu besprechen .
2026-05-08 18:24:29,986 - INFO - joeynmt.training - 	Reference:  India &apos;s new prime minister , Narendra Modi , is meeting his Japanese counterpart , Shinzo Abe , in Tokyo to discuss economic and security ties , on his first major foreign visit since winning May &apos;s election .
2026-05-08 18:24:29,987 - INFO - joeynmt.training - 	Hypothesis: India &apos;s primarily remarkable Minister Narendra Modi , in the first important exhibition of the Switzerland of the Shino Abe in Toko , and the political relations .
2026-05-08 18:24:29,987 - INFO - joeynmt.training - Example #2
2026-05-08 18:24:29,987 - DEBUG - joeynmt.training - 	Tokenized source:     ['Herr', 'Mo@@', 'd@@', 'i', 'befindet', 'sich', 'auf', 'einer', 'fü@@', 'n@@', 'f@@', 'tä@@', 'gi@@', 'gen', 'Rei@@', 'se', 'nach', 'J@@', 'ap@@', 'an', ',', 'um', 'die', 'wirtschaf@@', 'tlichen', 'Be@@', 'zieh@@', 'ungen', 'mit', 'der', 'd@@', 'rit@@', 't@@', 'größ@@', 'ten', 'Wirtschafts@@', 'n@@', 'ation', 'der', 'Welt', 'zu', 'fes@@', 'tigen', '.']
2026-05-08 18:24:29,987 - DEBUG - joeynmt.training - 	Tokenized reference:  ['Mr', 'Mo@@', 'd@@', 'i', 'is', 'on', 'a', 'fi@@', 've', '@@@', '-@@', '@', 'day', 'tri@@', 'p', 'to', 'J@@', 'ap@@', 'an', 'to', 'streng@@', 'then', 'economic', 'ties', 'with', 'the', 'third', 'lar@@', 'ges@@', 't', 'econom@@', 'y', 'in', 'the', 'world', '.']
2026-05-08 18:24:29,987 - DEBUG - joeynmt.training - 	Tokenized hypothesis: ['Mr', 'Mo@@', 'd@@', 'i', 'is', 'on', 'a', 'fi@@', 'f@@', 'th', 'th', 'th', 'th', 'th', 'th', 'th', 'th', 'th', 'years', ',', 'to', 'the', 'economic', 'rel@@', 'ations', 'with', 'the', 'third', 'lar@@', 'ges@@', 't', 'economic', 'rel@@', 'ations', 'with', 'the', 'third', 'lar@@', 'ges@@', 't', 'economic', 'rel@@', 'ations', '.', '</s>']
2026-05-08 18:24:29,987 - INFO - joeynmt.training - 	Source:     Herr Modi befindet sich auf einer fünftägigen Reise nach Japan , um die wirtschaftlichen Beziehungen mit der drittgrößten Wirtschaftsnation der Welt zu festigen .
2026-05-08 18:24:29,987 - INFO - joeynmt.training - 	Reference:  Mr Modi is on a five @-@ day trip to Japan to strengthen economic ties with the third largest economy in the world .
2026-05-08 18:24:29,987 - INFO - joeynmt.training - 	Hypothesis: Mr Modi is on a fifth th th th th th th th th years , to the economic relations with the third largest economic relations with the third largest economic relations .
2026-05-08 18:24:29,987 - INFO - joeynmt.training - Example #3
2026-05-08 18:24:29,987 - DEBUG - joeynmt.training - 	Tokenized source:     ['P@@', 'län@@', 'e', 'für', 'eine', 'stärk@@', 'ere', 'k@@', 'ern@@', 'techn@@', 'ische', 'Zusammenarbeit', 'stehen', 'ganz', 'ob@@', 'en', 'auf', 'der', 'Tag@@', 'es@@', 'ordnung', '.']
2026-05-08 18:24:29,987 - DEBUG - joeynmt.training - 	Tokenized reference:  ['high', 'on', 'the', 'agen@@', 'da', 'are', 'pl@@', 'ans', 'for', 'gre@@', 'ater', 'nu@@', 'clear', 'c@@', 'o', '@@@', '-@@', '@', 'operation', '.']
2026-05-08 18:24:29,987 - DEBUG - joeynmt.training - 	Tokenized hypothesis: ['P@@', 'ubli@@', 'c', ',', 'for', 'a', 'more', 'c@@', 'c@@', 'c@@', 'op@@', 'y', 'of', 'a', 'more', 'seri@@', 'ous', 'techn@@', 'ical', 'cooperation', '.', '</s>']
2026-05-08 18:24:29,987 - INFO - joeynmt.training - 	Source:     Pläne für eine stärkere kerntechnische Zusammenarbeit stehen ganz oben auf der Tagesordnung .
2026-05-08 18:24:29,987 - INFO - joeynmt.training - 	Reference:  high on the agenda are plans for greater nuclear co @-@ operation .
2026-05-08 18:24:29,987 - INFO - joeynmt.training - 	Hypothesis: Public , for a more cccopy of a more serious technical cooperation .
2026-05-08 18:24:29,987 - INFO - joeynmt.training - Example #4
2026-05-08 18:24:29,987 - DEBUG - joeynmt.training - 	Tokenized source:     ['Berich@@', 'ten', 'zu@@', 'fol@@', 'ge', 'ho@@', 'fft', 'Indi@@', 'en', 'darüber', 'hinaus', 'auf', 'einen', 'Ver@@', 'trag', 'zur', 'Ver@@', 'tei@@', 'dig@@', 'ungs@@', 'zusammen@@', 'arbeit', 'zwischen', 'den', 'beiden', 'N@@', 'ationen', '.']
2026-05-08 18:24:29,987 - DEBUG - joeynmt.training - 	Tokenized reference:  ['Indi@@', 'a', 'is', 'also', 're@@', 'porte@@', 'dly', 'hop@@', 'ing', 'for', 'a', 'de@@', 'al', 'on', 'def@@', 'ence', 'c@@', 'oll@@', 'ab@@', 'or@@', 'ation', 'between', 'the', 'two', 'n@@', 'ations', '.']
2026-05-08 18:24:29,987 - DEBUG - joeynmt.training - 	Tokenized hypothesis: ['the', 'report', 'is', 'also', 'also', 'very', 'much', 'more', 'than', 'a', 'Tre@@', 'aty', 'on', 'a', 'Tre@@', 'aty', 'on', 'the', 'basis', 'of', 'the', 'two', 'N@@', 'ations', '.', '</s>']
2026-05-08 18:24:29,987 - INFO - joeynmt.training - 	Source:     Berichten zufolge hofft Indien darüber hinaus auf einen Vertrag zur Verteidigungszusammenarbeit zwischen den beiden Nationen .
2026-05-08 18:24:29,987 - INFO - joeynmt.training - 	Reference:  India is also reportedly hoping for a deal on defence collaboration between the two nations .
2026-05-08 18:24:29,987 - INFO - joeynmt.training - 	Hypothesis: the report is also also very much more than a Treaty on a Treaty on the basis of the two Nations .
2026-05-08 18:24:45,148 - INFO - joeynmt.training - Epoch   3, Step:     9600, Batch Loss:     2.077244, Batch Acc: 0.450983, Tokens per Sec:     5930, Lr: 0.000300
2026-05-08 18:25:00,254 - INFO - joeynmt.training - Epoch   3, Step:     9700, Batch Loss:     1.876438, Batch Acc: 0.460682, Tokens per Sec:     5945, Lr: 0.000300
2026-05-08 18:25:15,537 - INFO - joeynmt.training - Epoch   3, Step:     9800, Batch Loss:     2.038124, Batch Acc: 0.447513, Tokens per Sec:     6127, Lr: 0.000300
2026-05-08 18:25:31,114 - INFO - joeynmt.training - Epoch   3, Step:     9900, Batch Loss:     1.978806, Batch Acc: 0.455299, Tokens per Sec:     5923, Lr: 0.000300
2026-05-08 18:25:46,571 - INFO - joeynmt.training - Epoch   3, Step:    10000, Batch Loss:     2.076243, Batch Acc: 0.455972, Tokens per Sec:     5984, Lr: 0.000300
2026-05-08 18:25:46,571 - INFO - joeynmt.prediction - Predicting 500 example(s)... (Greedy decoding with min_output_length=1, max_output_length=-1, return_prob='none', generate_unk=True, repetition_penalty=-1, no_repeat_ngram_size=-1)
2026-05-08 18:26:10,591 - INFO - joeynmt.prediction - Evaluation result (greedy) loss:   2.35, ppl:  10.52, acc:   0.40, generation: 24.0165[sec], evaluation: 0.0000[sec]
2026-05-08 18:26:10,593 - INFO - joeynmt.training - Hooray! New best validation result [ppl]!
2026-05-08 18:26:10,673 - INFO - joeynmt.helpers - delete models/deen_transformer_pre/7500.ckpt
2026-05-08 18:26:10,674 - INFO - joeynmt.training - Example #0
2026-05-08 18:26:10,674 - DEBUG - joeynmt.training - 	Tokenized source:     ['die', 'Pre@@', 'mi@@', 'er@@', 'minist@@', 'er', 'Indi@@', 'ens', 'und', 'J@@', 'ap@@', 'ans', 'tra@@', 'fen', 'sich', 'in', 'T@@', 'ok@@', 'i@@', 'o', '.']
2026-05-08 18:26:10,674 - DEBUG - joeynmt.training - 	Tokenized reference:  ['Indi@@', 'a', 'and', 'J@@', 'ap@@', 'an', 'pri@@', 'me', 'minist@@', 'ers', 'me@@', 'et', 'in', 'T@@', 'ok@@', 'y@@', 'o']
2026-05-08 18:26:10,674 - DEBUG - joeynmt.training - 	Tokenized hypothesis: ['the', 'price', 'minist@@', 'er', 'Indi@@', 'a', 'and', 'J@@', 'ap@@', 'ans', 'and', 'J@@', 'ap@@', 'ans', '.', '</s>']
2026-05-08 18:26:10,675 - INFO - joeynmt.training - 	Source:     die Premierminister Indiens und Japans trafen sich in Tokio .
2026-05-08 18:26:10,675 - INFO - joeynmt.training - 	Reference:  India and Japan prime ministers meet in Tokyo
2026-05-08 18:26:10,675 - INFO - joeynmt.training - 	Hypothesis: the price minister India and Japans and Japans .
2026-05-08 18:26:10,675 - INFO - joeynmt.training - Example #1
2026-05-08 18:26:10,675 - DEBUG - joeynmt.training - 	Tokenized source:     ['Indi@@', 'ens', 'neu@@', 'er', 'Pre@@', 'mi@@', 'er@@', 'minist@@', 'er', 'N@@', 'ar@@', 'end@@', 'ra', 'Mo@@', 'd@@', 'i', 'tri@@', 'fft', 'bei', 's@@', 'einem', 'ersten', 'wichti@@', 'gen', 'Aus@@', 'land@@', 's@@', 'bes@@', 'u@@', 'ch', 'seit', 's@@', 'einem', 'W@@', 'ah@@', 'l@@', 'si@@', 'e@@', 'g', 'im', 'Ma@@', 'i', 'seinen', 'j@@', 'ap@@', 'an@@', 'ischen', 'Am@@', 'ts@@', 'k@@', 'olle@@', 'gen', 'S@@', 'hin@@', 'z@@', 'o', 'A@@', 'be', 'in', 'T@@', 'ok@@', 'o', ',', 'um', 'wirtschaf@@', 'tliche', 'und', 'sicher@@', 'heits@@', 'politische', 'Be@@', 'zieh@@', 'ungen', 'zu', 'bes@@', 'pre@@', 'chen', '.']
2026-05-08 18:26:10,675 - DEBUG - joeynmt.training - 	Tokenized reference:  ['Indi@@', 'a', '&apos;s', 'new', 'pri@@', 'me', 'minist@@', 'er', ',', 'N@@', 'ar@@', 'end@@', 'ra', 'Mo@@', 'd@@', 'i', ',', 'is', 'me@@', 'eting', 'his', 'J@@', 'ap@@', 'an@@', 'ese', 'coun@@', 'ter@@', 'part', ',', 'S@@', 'hin@@', 'z@@', 'o', 'A@@', 'be', ',', 'in', 'T@@', 'ok@@', 'y@@', 'o', 'to', 'disc@@', 'uss', 'economic', 'and', 'security', 'ties', ',', 'on', 'his', 'first', 'major', 'fore@@', 'ign', 'visi@@', 't', 'since', 'w@@', 'inn@@', 'ing', 'Ma@@', 'y', '&apos;s', 'elec@@', 'tion', '.']
2026-05-08 18:26:10,675 - DEBUG - joeynmt.training - 	Tokenized hypothesis: ['Indi@@', 'a', '&apos;s', 'pri@@', 'm@@', 'ari@@', 'ly', 're@@', 'mi@@', 'er@@', 'ate', 'pri@@', 'or', 'N@@', 'ar@@', 'end@@', 'ra', 'Mo@@', 'del', ',', 'and', 'S@@', 'at@@', 'ur@@', 's@@', 'an', 'E@@', 'ast', ',', 'has', 'been', 'the', 'first', 'of', 'the', 'M@@', 'un@@', 'ich', '&apos;s', 'M@@', 'un@@', 'ich', '&apos;s', 'M@@', 'un@@', 'ich', 'A@@', 'be', 'in', 'T@@', 'ok@@', 'o', 'A@@', 'be', 'in', 'T@@', 'ok@@', 'o', 'A@@', 'be', 'in', 'T@@', 'ok@@', 'o', 'A@@', 'be', 'in', 'T@@', 'ok@@', 'o', 'A@@', 'be', 'in', 'T@@', 'ok@@', 'o', 'A@@', 'be', 'in', 'T@@', 'ok@@', 'o', 'A@@', 'be', 'in', 'T@@', 'ok@@', 'o', 'A@@', 'li@@', 'an', 'A@@', 'be', 'in', 'T@@', 'ok@@', 'o', 'A@@', 'ok@@', 'o', '.', '.', '</s>']
2026-05-08 18:26:10,675 - INFO - joeynmt.training - 	Source:     Indiens neuer Premierminister Narendra Modi trifft bei seinem ersten wichtigen Auslandsbesuch seit seinem Wahlsieg im Mai seinen japanischen Amtskollegen Shinzo Abe in Toko , um wirtschaftliche und sicherheitspolitische Beziehungen zu besprechen .
2026-05-08 18:26:10,675 - INFO - joeynmt.training - 	Reference:  India &apos;s new prime minister , Narendra Modi , is meeting his Japanese counterpart , Shinzo Abe , in Tokyo to discuss economic and security ties , on his first major foreign visit since winning May &apos;s election .
2026-05-08 18:26:10,675 - INFO - joeynmt.training - 	Hypothesis: India &apos;s primarily remierate prior Narendra Model , and Satursan East , has been the first of the Munich &apos;s Munich &apos;s Munich Abe in Toko Abe in Toko Abe in Toko Abe in Toko Abe in Toko Abe in Toko Abe in Toko Alian Abe in Toko Aoko . .
2026-05-08 18:26:10,675 - INFO - joeynmt.training - Example #2
2026-05-08 18:26:10,675 - DEBUG - joeynmt.training - 	Tokenized source:     ['Herr', 'Mo@@', 'd@@', 'i', 'befindet', 'sich', 'auf', 'einer', 'fü@@', 'n@@', 'f@@', 'tä@@', 'gi@@', 'gen', 'Rei@@', 'se', 'nach', 'J@@', 'ap@@', 'an', ',', 'um', 'die', 'wirtschaf@@', 'tlichen', 'Be@@', 'zieh@@', 'ungen', 'mit', 'der', 'd@@', 'rit@@', 't@@', 'größ@@', 'ten', 'Wirtschafts@@', 'n@@', 'ation', 'der', 'Welt', 'zu', 'fes@@', 'tigen', '.']
2026-05-08 18:26:10,675 - DEBUG - joeynmt.training - 	Tokenized reference:  ['Mr', 'Mo@@', 'd@@', 'i', 'is', 'on', 'a', 'fi@@', 've', '@@@', '-@@', '@', 'day', 'tri@@', 'p', 'to', 'J@@', 'ap@@', 'an', 'to', 'streng@@', 'then', 'economic', 'ties', 'with', 'the', 'third', 'lar@@', 'ges@@', 't', 'econom@@', 'y', 'in', 'the', 'world', '.']
2026-05-08 18:26:10,675 - DEBUG - joeynmt.training - 	Tokenized hypothesis: ['Mr', 'Mo@@', 'd@@', 'i', 'is', 'located', 'on', 'a', 'fi@@', 'f@@', 'te@@', 'en', 'to', 'J@@', 'ap@@', 'an', 'to', 'J@@', 'ap@@', 'an', 'to', 'the', 'economic', 'rel@@', 'ations', 'with', 'third', 'lar@@', 'ges@@', 't', 'economic', 'rel@@', 'ations', 'with', 'the', 'third', 'lar@@', 'ges@@', 't', 'economic', 'rel@@', 'ations', '.', '</s>']
2026-05-08 18:26:10,675 - INFO - joeynmt.training - 	Source:     Herr Modi befindet sich auf einer fünftägigen Reise nach Japan , um die wirtschaftlichen Beziehungen mit der drittgrößten Wirtschaftsnation der Welt zu festigen .
2026-05-08 18:26:10,675 - INFO - joeynmt.training - 	Reference:  Mr Modi is on a five @-@ day trip to Japan to strengthen economic ties with the third largest economy in the world .
2026-05-08 18:26:10,675 - INFO - joeynmt.training - 	Hypothesis: Mr Modi is located on a fifteen to Japan to Japan to the economic relations with third largest economic relations with the third largest economic relations .
2026-05-08 18:26:10,675 - INFO - joeynmt.training - Example #3
2026-05-08 18:26:10,675 - DEBUG - joeynmt.training - 	Tokenized source:     ['P@@', 'län@@', 'e', 'für', 'eine', 'stärk@@', 'ere', 'k@@', 'ern@@', 'techn@@', 'ische', 'Zusammenarbeit', 'stehen', 'ganz', 'ob@@', 'en', 'auf', 'der', 'Tag@@', 'es@@', 'ordnung', '.']
2026-05-08 18:26:10,675 - DEBUG - joeynmt.training - 	Tokenized reference:  ['high', 'on', 'the', 'agen@@', 'da', 'are', 'pl@@', 'ans', 'for', 'gre@@', 'ater', 'nu@@', 'clear', 'c@@', 'o', '@@@', '-@@', '@', 'operation', '.']
2026-05-08 18:26:10,675 - DEBUG - joeynmt.training - 	Tokenized hypothesis: ['P@@', 'lan@@', 'e', 'for', 'a', 'more', 'seri@@', 'ous', 'techn@@', 'ical', 'cooperation', '.', '</s>']
2026-05-08 18:26:10,675 - INFO - joeynmt.training - 	Source:     Pläne für eine stärkere kerntechnische Zusammenarbeit stehen ganz oben auf der Tagesordnung .
2026-05-08 18:26:10,675 - INFO - joeynmt.training - 	Reference:  high on the agenda are plans for greater nuclear co @-@ operation .
2026-05-08 18:26:10,675 - INFO - joeynmt.training - 	Hypothesis: Plane for a more serious technical cooperation .
2026-05-08 18:26:10,675 - INFO - joeynmt.training - Example #4
2026-05-08 18:26:10,675 - DEBUG - joeynmt.training - 	Tokenized source:     ['Berich@@', 'ten', 'zu@@', 'fol@@', 'ge', 'ho@@', 'fft', 'Indi@@', 'en', 'darüber', 'hinaus', 'auf', 'einen', 'Ver@@', 'trag', 'zur', 'Ver@@', 'tei@@', 'dig@@', 'ungs@@', 'zusammen@@', 'arbeit', 'zwischen', 'den', 'beiden', 'N@@', 'ationen', '.']
2026-05-08 18:26:10,675 - DEBUG - joeynmt.training - 	Tokenized reference:  ['Indi@@', 'a', 'is', 'also', 're@@', 'porte@@', 'dly', 'hop@@', 'ing', 'for', 'a', 'de@@', 'al', 'on', 'def@@', 'ence', 'c@@', 'oll@@', 'ab@@', 'or@@', 'ation', 'between', 'the', 'two', 'n@@', 'ations', '.']
2026-05-08 18:26:10,676 - DEBUG - joeynmt.training - 	Tokenized hypothesis: ['the', 'report', 'is', 'also', 'the', 'same', 'as', 'a', 'result', 'of', 'the', 'two', 'N@@', 'ations', '.', '</s>']
2026-05-08 18:26:10,676 - INFO - joeynmt.training - 	Source:     Berichten zufolge hofft Indien darüber hinaus auf einen Vertrag zur Verteidigungszusammenarbeit zwischen den beiden Nationen .
2026-05-08 18:26:10,676 - INFO - joeynmt.training - 	Reference:  India is also reportedly hoping for a deal on defence collaboration between the two nations .
2026-05-08 18:26:10,676 - INFO - joeynmt.training - 	Hypothesis: the report is also the same as a result of the two Nations .
2026-05-08 18:26:26,255 - INFO - joeynmt.training - Epoch   3, Step:    10100, Batch Loss:     2.138330, Batch Acc: 0.456361, Tokens per Sec:     5901, Lr: 0.000300
2026-05-08 18:26:41,864 - INFO - joeynmt.training - Epoch   3, Step:    10200, Batch Loss:     1.981175, Batch Acc: 0.458721, Tokens per Sec:     5871, Lr: 0.000300
2026-05-08 18:26:57,562 - INFO - joeynmt.training - Epoch   3, Step:    10300, Batch Loss:     1.912311, Batch Acc: 0.455803, Tokens per Sec:     5832, Lr: 0.000300
2026-05-08 18:27:13,316 - INFO - joeynmt.training - Epoch   3, Step:    10400, Batch Loss:     1.979417, Batch Acc: 0.457335, Tokens per Sec:     5895, Lr: 0.000300
2026-05-08 18:27:28,922 - INFO - joeynmt.training - Epoch   3, Step:    10500, Batch Loss:     2.002465, Batch Acc: 0.463317, Tokens per Sec:     5804, Lr: 0.000300
2026-05-08 18:27:28,922 - INFO - joeynmt.prediction - Predicting 500 example(s)... (Greedy decoding with min_output_length=1, max_output_length=-1, return_prob='none', generate_unk=True, repetition_penalty=-1, no_repeat_ngram_size=-1)
2026-05-08 18:27:56,765 - INFO - joeynmt.prediction - Evaluation result (greedy) loss:   2.34, ppl:  10.38, acc:   0.40, generation: 27.8381[sec], evaluation: 0.0000[sec]
2026-05-08 18:27:56,766 - INFO - joeynmt.training - Hooray! New best validation result [ppl]!
2026-05-08 18:27:56,855 - INFO - joeynmt.helpers - delete models/deen_transformer_pre/8000.ckpt
2026-05-08 18:27:56,858 - INFO - joeynmt.training - Example #0
2026-05-08 18:27:56,858 - DEBUG - joeynmt.training - 	Tokenized source:     ['die', 'Pre@@', 'mi@@', 'er@@', 'minist@@', 'er', 'Indi@@', 'ens', 'und', 'J@@', 'ap@@', 'ans', 'tra@@', 'fen', 'sich', 'in', 'T@@', 'ok@@', 'i@@', 'o', '.']
2026-05-08 18:27:56,858 - DEBUG - joeynmt.training - 	Tokenized reference:  ['Indi@@', 'a', 'and', 'J@@', 'ap@@', 'an', 'pri@@', 'me', 'minist@@', 'ers', 'me@@', 'et', 'in', 'T@@', 'ok@@', 'y@@', 'o']
2026-05-08 18:27:56,858 - DEBUG - joeynmt.training - 	Tokenized hypothesis: ['the', 'price', 'minist@@', 'ers', 'minist@@', 'ers', 'and', 'J@@', 'ap@@', 'ans', '.', '</s>']
2026-05-08 18:27:56,858 - INFO - joeynmt.training - 	Source:     die Premierminister Indiens und Japans trafen sich in Tokio .
2026-05-08 18:27:56,858 - INFO - joeynmt.training - 	Reference:  India and Japan prime ministers meet in Tokyo
2026-05-08 18:27:56,858 - INFO - joeynmt.training - 	Hypothesis: the price ministers ministers and Japans .
2026-05-08 18:27:56,858 - INFO - joeynmt.training - Example #1
2026-05-08 18:27:56,858 - DEBUG - joeynmt.training - 	Tokenized source:     ['Indi@@', 'ens', 'neu@@', 'er', 'Pre@@', 'mi@@', 'er@@', 'minist@@', 'er', 'N@@', 'ar@@', 'end@@', 'ra', 'Mo@@', 'd@@', 'i', 'tri@@', 'fft', 'bei', 's@@', 'einem', 'ersten', 'wichti@@', 'gen', 'Aus@@', 'land@@', 's@@', 'bes@@', 'u@@', 'ch', 'seit', 's@@', 'einem', 'W@@', 'ah@@', 'l@@', 'si@@', 'e@@', 'g', 'im', 'Ma@@', 'i', 'seinen', 'j@@', 'ap@@', 'an@@', 'ischen', 'Am@@', 'ts@@', 'k@@', 'olle@@', 'gen', 'S@@', 'hin@@', 'z@@', 'o', 'A@@', 'be', 'in', 'T@@', 'ok@@', 'o', ',', 'um', 'wirtschaf@@', 'tliche', 'und', 'sicher@@', 'heits@@', 'politische', 'Be@@', 'zieh@@', 'ungen', 'zu', 'bes@@', 'pre@@', 'chen', '.']
2026-05-08 18:27:56,858 - DEBUG - joeynmt.training - 	Tokenized reference:  ['Indi@@', 'a', '&apos;s', 'new', 'pri@@', 'me', 'minist@@', 'er', ',', 'N@@', 'ar@@', 'end@@', 'ra', 'Mo@@', 'd@@', 'i', ',', 'is', 'me@@', 'eting', 'his', 'J@@', 'ap@@', 'an@@', 'ese', 'coun@@', 'ter@@', 'part', ',', 'S@@', 'hin@@', 'z@@', 'o', 'A@@', 'be', ',', 'in', 'T@@', 'ok@@', 'y@@', 'o', 'to', 'disc@@', 'uss', 'economic', 'and', 'security', 'ties', ',', 'on', 'his', 'first', 'major', 'fore@@', 'ign', 'visi@@', 't', 'since', 'w@@', 'inn@@', 'ing', 'Ma@@', 'y', '&apos;s', 'elec@@', 'tion', '.']
2026-05-08 18:27:56,858 - DEBUG - joeynmt.training - 	Tokenized hypothesis: ['Indi@@', 'a', '&apos;s', 'ren@@', 'e@@', 'w@@', 'able', 'pri@@', 'm@@', 'ari@@', 'ly', ',', 'the', 'M@@', 'ac@@', 'i@@', 'o', 'A@@', 'li@@', 'an', 'an', 'first', 'important', 'ex@@', 'change', 'in', 'the', 'J@@', 'ap@@', 'an@@', 'ese', 'Au@@', 'stri@@', 'a', '&apos;s', 'E@@', 'j@@', 'ap@@', 'an@@', 'ese', 'Am@@', 'ts@@', 'k@@', 'ak', 'S@@', 'hin@@', 'z@@', 'o', 'A@@', 'be', 'in', 'T@@', 'ok@@', 'o', ',', 'economic', 'and', 'security', 'political', 'rel@@', 'ations', '.', '</s>']
2026-05-08 18:27:56,858 - INFO - joeynmt.training - 	Source:     Indiens neuer Premierminister Narendra Modi trifft bei seinem ersten wichtigen Auslandsbesuch seit seinem Wahlsieg im Mai seinen japanischen Amtskollegen Shinzo Abe in Toko , um wirtschaftliche und sicherheitspolitische Beziehungen zu besprechen .
2026-05-08 18:27:56,858 - INFO - joeynmt.training - 	Reference:  India &apos;s new prime minister , Narendra Modi , is meeting his Japanese counterpart , Shinzo Abe , in Tokyo to discuss economic and security ties , on his first major foreign visit since winning May &apos;s election .
2026-05-08 18:27:56,858 - INFO - joeynmt.training - 	Hypothesis: India &apos;s renewable primarily , the Macio Alian an first important exchange in the Japanese Austria &apos;s Ejapanese Amtskak Shinzo Abe in Toko , economic and security political relations .
2026-05-08 18:27:56,858 - INFO - joeynmt.training - Example #2
2026-05-08 18:27:56,858 - DEBUG - joeynmt.training - 	Tokenized source:     ['Herr', 'Mo@@', 'd@@', 'i', 'befindet', 'sich', 'auf', 'einer', 'fü@@', 'n@@', 'f@@', 'tä@@', 'gi@@', 'gen', 'Rei@@', 'se', 'nach', 'J@@', 'ap@@', 'an', ',', 'um', 'die', 'wirtschaf@@', 'tlichen', 'Be@@', 'zieh@@', 'ungen', 'mit', 'der', 'd@@', 'rit@@', 't@@', 'größ@@', 'ten', 'Wirtschafts@@', 'n@@', 'ation', 'der', 'Welt', 'zu', 'fes@@', 'tigen', '.']
2026-05-08 18:27:56,858 - DEBUG - joeynmt.training - 	Tokenized reference:  ['Mr', 'Mo@@', 'd@@', 'i', 'is', 'on', 'a', 'fi@@', 've', '@@@', '-@@', '@', 'day', 'tri@@', 'p', 'to', 'J@@', 'ap@@', 'an', 'to', 'streng@@', 'then', 'economic', 'ties', 'with', 'the', 'third', 'lar@@', 'ges@@', 't', 'econom@@', 'y', 'in', 'the', 'world', '.']
2026-05-08 18:27:56,858 - DEBUG - joeynmt.training - 	Tokenized hypothesis: ['Mr', 'Mo@@', 'del', 'is', 'located', 'on', 'a', 'fi@@', 'f@@', 'th', 'of', 'the', 'world', '&apos;s', 'econom@@', 'y', ',', 'in', 'order', 'to', 'be', 'a', 'fi@@', 'f@@', 'th', 'th', 'th', 'th', 'th', 'th', 'th', 'th', 'th', 'th', 'th', '.', '</s>']
2026-05-08 18:27:56,858 - INFO - joeynmt.training - 	Source:     Herr Modi befindet sich auf einer fünftägigen Reise nach Japan , um die wirtschaftlichen Beziehungen mit der drittgrößten Wirtschaftsnation der Welt zu festigen .
2026-05-08 18:27:56,858 - INFO - joeynmt.training - 	Reference:  Mr Modi is on a five @-@ day trip to Japan to strengthen economic ties with the third largest economy in the world .
2026-05-08 18:27:56,859 - INFO - joeynmt.training - 	Hypothesis: Mr Model is located on a fifth of the world &apos;s economy , in order to be a fifth th th th th th th th th th th .
2026-05-08 18:27:56,859 - INFO - joeynmt.training - Example #3
2026-05-08 18:27:56,859 - DEBUG - joeynmt.training - 	Tokenized source:     ['P@@', 'län@@', 'e', 'für', 'eine', 'stärk@@', 'ere', 'k@@', 'ern@@', 'techn@@', 'ische', 'Zusammenarbeit', 'stehen', 'ganz', 'ob@@', 'en', 'auf', 'der', 'Tag@@', 'es@@', 'ordnung', '.']
2026-05-08 18:27:56,859 - DEBUG - joeynmt.training - 	Tokenized reference:  ['high', 'on', 'the', 'agen@@', 'da', 'are', 'pl@@', 'ans', 'for', 'gre@@', 'ater', 'nu@@', 'clear', 'c@@', 'o', '@@@', '-@@', '@', 'operation', '.']
2026-05-08 18:27:56,859 - DEBUG - joeynmt.training - 	Tokenized hypothesis: ['P@@', 'lon@@', 'ger', 'for', 'a', 'more', 'seri@@', 'ous', 'techn@@', 'ical', 'cooperation', '.', '</s>']
2026-05-08 18:27:56,859 - INFO - joeynmt.training - 	Source:     Pläne für eine stärkere kerntechnische Zusammenarbeit stehen ganz oben auf der Tagesordnung .
2026-05-08 18:27:56,859 - INFO - joeynmt.training - 	Reference:  high on the agenda are plans for greater nuclear co @-@ operation .
2026-05-08 18:27:56,859 - INFO - joeynmt.training - 	Hypothesis: Plonger for a more serious technical cooperation .
2026-05-08 18:27:56,859 - INFO - joeynmt.training - Example #4
2026-05-08 18:27:56,859 - DEBUG - joeynmt.training - 	Tokenized source:     ['Berich@@', 'ten', 'zu@@', 'fol@@', 'ge', 'ho@@', 'fft', 'Indi@@', 'en', 'darüber', 'hinaus', 'auf', 'einen', 'Ver@@', 'trag', 'zur', 'Ver@@', 'tei@@', 'dig@@', 'ungs@@', 'zusammen@@', 'arbeit', 'zwischen', 'den', 'beiden', 'N@@', 'ationen', '.']
2026-05-08 18:27:56,859 - DEBUG - joeynmt.training - 	Tokenized reference:  ['Indi@@', 'a', 'is', 'also', 're@@', 'porte@@', 'dly', 'hop@@', 'ing', 'for', 'a', 'de@@', 'al', 'on', 'def@@', 'ence', 'c@@', 'oll@@', 'ab@@', 'or@@', 'ation', 'between', 'the', 'two', 'n@@', 'ations', '.']
2026-05-08 18:27:56,859 - DEBUG - joeynmt.training - 	Tokenized hypothesis: ['re@@', 'ports', 'are', 'also', 'the', 'Indi@@', 'a', 'is', 'also', 'a', 'con@@', 'tra@@', 'ct', 'on', 'the', 'same', 'basis', 'for', 'the', 'propos@@', 'als', 'of', 'the', 'two', 'N@@', 'ations', '.', '</s>']
2026-05-08 18:27:56,859 - INFO - joeynmt.training - 	Source:     Berichten zufolge hofft Indien darüber hinaus auf einen Vertrag zur Verteidigungszusammenarbeit zwischen den beiden Nationen .
2026-05-08 18:27:56,859 - INFO - joeynmt.training - 	Reference:  India is also reportedly hoping for a deal on defence collaboration between the two nations .
2026-05-08 18:27:56,859 - INFO - joeynmt.training - 	Hypothesis: reports are also the India is also a contract on the same basis for the proposals of the two Nations .
2026-05-08 18:28:12,701 - INFO - joeynmt.training - Epoch   3, Step:    10600, Batch Loss:     1.882637, Batch Acc: 0.450763, Tokens per Sec:     5797, Lr: 0.000300
2026-05-08 18:28:28,943 - INFO - joeynmt.training - Epoch   3, Step:    10700, Batch Loss:     1.950333, Batch Acc: 0.463467, Tokens per Sec:     5675, Lr: 0.000300
2026-05-08 18:28:45,023 - INFO - joeynmt.training - Epoch   3, Step:    10800, Batch Loss:     2.045277, Batch Acc: 0.452826, Tokens per Sec:     5687, Lr: 0.000300
2026-05-08 18:29:01,334 - INFO - joeynmt.training - Epoch   3, Step:    10900, Batch Loss:     2.049688, Batch Acc: 0.457398, Tokens per Sec:     5668, Lr: 0.000300
2026-05-08 18:29:17,688 - INFO - joeynmt.training - Epoch   3, Step:    11000, Batch Loss:     1.737159, Batch Acc: 0.459914, Tokens per Sec:     5621, Lr: 0.000300
2026-05-08 18:29:17,688 - INFO - joeynmt.prediction - Predicting 500 example(s)... (Greedy decoding with min_output_length=1, max_output_length=-1, return_prob='none', generate_unk=True, repetition_penalty=-1, no_repeat_ngram_size=-1)
2026-05-08 18:29:48,526 - INFO - joeynmt.prediction - Evaluation result (greedy) loss:   2.32, ppl:  10.22, acc:   0.40, generation: 30.8313[sec], evaluation: 0.0000[sec]
2026-05-08 18:29:48,528 - INFO - joeynmt.training - Hooray! New best validation result [ppl]!
2026-05-08 18:29:48,616 - INFO - joeynmt.helpers - delete models/deen_transformer_pre/8500.ckpt
2026-05-08 18:29:48,618 - INFO - joeynmt.training - Example #0
2026-05-08 18:29:48,618 - DEBUG - joeynmt.training - 	Tokenized source:     ['die', 'Pre@@', 'mi@@', 'er@@', 'minist@@', 'er', 'Indi@@', 'ens', 'und', 'J@@', 'ap@@', 'ans', 'tra@@', 'fen', 'sich', 'in', 'T@@', 'ok@@', 'i@@', 'o', '.']
2026-05-08 18:29:48,618 - DEBUG - joeynmt.training - 	Tokenized reference:  ['Indi@@', 'a', 'and', 'J@@', 'ap@@', 'an', 'pri@@', 'me', 'minist@@', 'ers', 'me@@', 'et', 'in', 'T@@', 'ok@@', 'y@@', 'o']
2026-05-08 18:29:48,618 - DEBUG - joeynmt.training - 	Tokenized hypothesis: ['the', 'pri@@', 'm@@', 'ary', 'minist@@', 'er', 'Indi@@', 'a', 'and', 'J@@', 'ap@@', 'ans', '.', '</s>']
2026-05-08 18:29:48,618 - INFO - joeynmt.training - 	Source:     die Premierminister Indiens und Japans trafen sich in Tokio .
2026-05-08 18:29:48,618 - INFO - joeynmt.training - 	Reference:  India and Japan prime ministers meet in Tokyo
2026-05-08 18:29:48,618 - INFO - joeynmt.training - 	Hypothesis: the primary minister India and Japans .
2026-05-08 18:29:48,618 - INFO - joeynmt.training - Example #1
2026-05-08 18:29:48,618 - DEBUG - joeynmt.training - 	Tokenized source:     ['Indi@@', 'ens', 'neu@@', 'er', 'Pre@@', 'mi@@', 'er@@', 'minist@@', 'er', 'N@@', 'ar@@', 'end@@', 'ra', 'Mo@@', 'd@@', 'i', 'tri@@', 'fft', 'bei', 's@@', 'einem', 'ersten', 'wichti@@', 'gen', 'Aus@@', 'land@@', 's@@', 'bes@@', 'u@@', 'ch', 'seit', 's@@', 'einem', 'W@@', 'ah@@', 'l@@', 'si@@', 'e@@', 'g', 'im', 'Ma@@', 'i', 'seinen', 'j@@', 'ap@@', 'an@@', 'ischen', 'Am@@', 'ts@@', 'k@@', 'olle@@', 'gen', 'S@@', 'hin@@', 'z@@', 'o', 'A@@', 'be', 'in', 'T@@', 'ok@@', 'o', ',', 'um', 'wirtschaf@@', 'tliche', 'und', 'sicher@@', 'heits@@', 'politische', 'Be@@', 'zieh@@', 'ungen', 'zu', 'bes@@', 'pre@@', 'chen', '.']
2026-05-08 18:29:48,618 - DEBUG - joeynmt.training - 	Tokenized reference:  ['Indi@@', 'a', '&apos;s', 'new', 'pri@@', 'me', 'minist@@', 'er', ',', 'N@@', 'ar@@', 'end@@', 'ra', 'Mo@@', 'd@@', 'i', ',', 'is', 'me@@', 'eting', 'his', 'J@@', 'ap@@', 'an@@', 'ese', 'coun@@', 'ter@@', 'part', ',', 'S@@', 'hin@@', 'z@@', 'o', 'A@@', 'be', ',', 'in', 'T@@', 'ok@@', 'y@@', 'o', 'to', 'disc@@', 'uss', 'economic', 'and', 'security', 'ties', ',', 'on', 'his', 'first', 'major', 'fore@@', 'ign', 'visi@@', 't', 'since', 'w@@', 'inn@@', 'ing', 'Ma@@', 'y', '&apos;s', 'elec@@', 'tion', '.']
2026-05-08 18:29:48,618 - DEBUG - joeynmt.training - 	Tokenized hypothesis: ['Indi@@', 'a', 'is', 'a', 'm@@', 'ember', 'of', 'the', 'N@@', 'ar@@', 'end@@', 'ra', 'Mo@@', 'd@@', 'i', ',', 'in', 'his', 'first', 'important', 'ex@@', 'change', 'in', 'the', 'S@@', 'hin@@', 'z@@', 'o', 'A@@', 'be', 'in', 'the', 'M@@', 'i', '&apos;s', 'J@@', 'ap@@', 'an', 'A@@', 'll', 'in', 'the', 'Ma@@', 'y', 'of', 'S@@', 'hin@@', 'z@@', 'o', 'A@@', 'be', 'in', 'T@@', 'ok@@', 'o', ',', 'and', 'saf@@', 'ety', 'political', 'rel@@', 'ations', '.', '</s>']
2026-05-08 18:29:48,618 - INFO - joeynmt.training - 	Source:     Indiens neuer Premierminister Narendra Modi trifft bei seinem ersten wichtigen Auslandsbesuch seit seinem Wahlsieg im Mai seinen japanischen Amtskollegen Shinzo Abe in Toko , um wirtschaftliche und sicherheitspolitische Beziehungen zu besprechen .
2026-05-08 18:29:48,618 - INFO - joeynmt.training - 	Reference:  India &apos;s new prime minister , Narendra Modi , is meeting his Japanese counterpart , Shinzo Abe , in Tokyo to discuss economic and security ties , on his first major foreign visit since winning May &apos;s election .
2026-05-08 18:29:48,619 - INFO - joeynmt.training - 	Hypothesis: India is a member of the Narendra Modi , in his first important exchange in the Shinzo Abe in the Mi &apos;s Japan All in the May of Shinzo Abe in Toko , and safety political relations .
2026-05-08 18:29:48,619 - INFO - joeynmt.training - Example #2
2026-05-08 18:29:48,619 - DEBUG - joeynmt.training - 	Tokenized source:     ['Herr', 'Mo@@', 'd@@', 'i', 'befindet', 'sich', 'auf', 'einer', 'fü@@', 'n@@', 'f@@', 'tä@@', 'gi@@', 'gen', 'Rei@@', 'se', 'nach', 'J@@', 'ap@@', 'an', ',', 'um', 'die', 'wirtschaf@@', 'tlichen', 'Be@@', 'zieh@@', 'ungen', 'mit', 'der', 'd@@', 'rit@@', 't@@', 'größ@@', 'ten', 'Wirtschafts@@', 'n@@', 'ation', 'der', 'Welt', 'zu', 'fes@@', 'tigen', '.']
2026-05-08 18:29:48,619 - DEBUG - joeynmt.training - 	Tokenized reference:  ['Mr', 'Mo@@', 'd@@', 'i', 'is', 'on', 'a', 'fi@@', 've', '@@@', '-@@', '@', 'day', 'tri@@', 'p', 'to', 'J@@', 'ap@@', 'an', 'to', 'streng@@', 'then', 'economic', 'ties', 'with', 'the', 'third', 'lar@@', 'ges@@', 't', 'econom@@', 'y', 'in', 'the', 'world', '.']
2026-05-08 18:29:48,619 - DEBUG - joeynmt.training - 	Tokenized hypothesis: ['Mr', 'Mo@@', 'd@@', 'i', 'is', 'on', 'a', 'fi@@', 'f@@', 'ty', 'of', 'the', 'world', '&apos;s', 't@@', 'op@@', 'ic', 'to', 'J@@', 'ap@@', 'an', 'to', 'the', 'economic', 'rel@@', 'ations', 'with', 'the', 'third', 'lar@@', 'ges@@', 't', 'economic', 'rel@@', 'ations', 'with', 'the', 'third', 'lar@@', 'ges@@', 't', 'economic', 'rel@@', 'ations', '.', '</s>']
2026-05-08 18:29:48,619 - INFO - joeynmt.training - 	Source:     Herr Modi befindet sich auf einer fünftägigen Reise nach Japan , um die wirtschaftlichen Beziehungen mit der drittgrößten Wirtschaftsnation der Welt zu festigen .
2026-05-08 18:29:48,619 - INFO - joeynmt.training - 	Reference:  Mr Modi is on a five @-@ day trip to Japan to strengthen economic ties with the third largest economy in the world .
2026-05-08 18:29:48,619 - INFO - joeynmt.training - 	Hypothesis: Mr Modi is on a fifty of the world &apos;s topic to Japan to the economic relations with the third largest economic relations with the third largest economic relations .
2026-05-08 18:29:48,619 - INFO - joeynmt.training - Example #3
2026-05-08 18:29:48,619 - DEBUG - joeynmt.training - 	Tokenized source:     ['P@@', 'län@@', 'e', 'für', 'eine', 'stärk@@', 'ere', 'k@@', 'ern@@', 'techn@@', 'ische', 'Zusammenarbeit', 'stehen', 'ganz', 'ob@@', 'en', 'auf', 'der', 'Tag@@', 'es@@', 'ordnung', '.']
2026-05-08 18:29:48,619 - DEBUG - joeynmt.training - 	Tokenized reference:  ['high', 'on', 'the', 'agen@@', 'da', 'are', 'pl@@', 'ans', 'for', 'gre@@', 'ater', 'nu@@', 'clear', 'c@@', 'o', '@@@', '-@@', '@', 'operation', '.']
2026-05-08 18:29:48,619 - DEBUG - joeynmt.training - 	Tokenized hypothesis: ['p@@', 'ru@@', 'b@@', 'ber', 'for', 'a', 'str@@', 'ong', 'c@@', 'ern@@', 'al', 'techn@@', 'ical', 'cooperation', 'are', 'very', 'much', 'more', 'c@@', 'are@@', 'fully', '.', '</s>']
2026-05-08 18:29:48,619 - INFO - joeynmt.training - 	Source:     Pläne für eine stärkere kerntechnische Zusammenarbeit stehen ganz oben auf der Tagesordnung .
2026-05-08 18:29:48,619 - INFO - joeynmt.training - 	Reference:  high on the agenda are plans for greater nuclear co @-@ operation .
2026-05-08 18:29:48,619 - INFO - joeynmt.training - 	Hypothesis: prubber for a strong cernal technical cooperation are very much more carefully .
2026-05-08 18:29:48,619 - INFO - joeynmt.training - Example #4
2026-05-08 18:29:48,619 - DEBUG - joeynmt.training - 	Tokenized source:     ['Berich@@', 'ten', 'zu@@', 'fol@@', 'ge', 'ho@@', 'fft', 'Indi@@', 'en', 'darüber', 'hinaus', 'auf', 'einen', 'Ver@@', 'trag', 'zur', 'Ver@@', 'tei@@', 'dig@@', 'ungs@@', 'zusammen@@', 'arbeit', 'zwischen', 'den', 'beiden', 'N@@', 'ationen', '.']
2026-05-08 18:29:48,619 - DEBUG - joeynmt.training - 	Tokenized reference:  ['Indi@@', 'a', 'is', 'also', 're@@', 'porte@@', 'dly', 'hop@@', 'ing', 'for', 'a', 'de@@', 'al', 'on', 'def@@', 'ence', 'c@@', 'oll@@', 'ab@@', 'or@@', 'ation', 'between', 'the', 'two', 'n@@', 'ations', '.']
2026-05-08 18:29:48,619 - DEBUG - joeynmt.training - 	Tokenized hypothesis: ['the', 'following', 'the', 'succ@@', 'ess', 'of', 'the', 'S@@', 'ec@@', 're@@', 't@@', 'ary', 'to', 'the', 'propos@@', 'als', 'on', 'the', 'con@@', 'text', 'of', 'the', 'two', 'N@@', 'ations', '.', '</s>']
2026-05-08 18:29:48,619 - INFO - joeynmt.training - 	Source:     Berichten zufolge hofft Indien darüber hinaus auf einen Vertrag zur Verteidigungszusammenarbeit zwischen den beiden Nationen .
2026-05-08 18:29:48,619 - INFO - joeynmt.training - 	Reference:  India is also reportedly hoping for a deal on defence collaboration between the two nations .
2026-05-08 18:29:48,619 - INFO - joeynmt.training - 	Hypothesis: the following the success of the Secretary to the proposals on the context of the two Nations .
2026-05-08 18:30:04,960 - INFO - joeynmt.training - Epoch   3, Step:    11100, Batch Loss:     2.182340, Batch Acc: 0.461321, Tokens per Sec:     5585, Lr: 0.000300
2026-05-08 18:30:21,433 - INFO - joeynmt.training - Epoch   3, Step:    11200, Batch Loss:     1.864682, Batch Acc: 0.454417, Tokens per Sec:     5650, Lr: 0.000300
2026-05-08 18:30:37,951 - INFO - joeynmt.training - Epoch   3, Step:    11300, Batch Loss:     2.013600, Batch Acc: 0.458906, Tokens per Sec:     5479, Lr: 0.000300
2026-05-08 18:30:54,537 - INFO - joeynmt.training - Epoch   3, Step:    11400, Batch Loss:     2.077510, Batch Acc: 0.461871, Tokens per Sec:     5528, Lr: 0.000300
2026-05-08 18:31:11,215 - INFO - joeynmt.training - Epoch   3, Step:    11500, Batch Loss:     2.102908, Batch Acc: 0.462866, Tokens per Sec:     5429, Lr: 0.000300
2026-05-08 18:31:11,215 - INFO - joeynmt.prediction - Predicting 500 example(s)... (Greedy decoding with min_output_length=1, max_output_length=-1, return_prob='none', generate_unk=True, repetition_penalty=-1, no_repeat_ngram_size=-1)
2026-05-08 18:31:44,529 - INFO - joeynmt.prediction - Evaluation result (greedy) loss:   2.29, ppl:   9.89, acc:   0.41, generation: 33.3084[sec], evaluation: 0.0000[sec]
2026-05-08 18:31:44,531 - INFO - joeynmt.training - Hooray! New best validation result [ppl]!
2026-05-08 18:31:44,619 - INFO - joeynmt.helpers - delete models/deen_transformer_pre/9000.ckpt
2026-05-08 18:31:44,622 - INFO - joeynmt.training - Example #0
2026-05-08 18:31:44,622 - DEBUG - joeynmt.training - 	Tokenized source:     ['die', 'Pre@@', 'mi@@', 'er@@', 'minist@@', 'er', 'Indi@@', 'ens', 'und', 'J@@', 'ap@@', 'ans', 'tra@@', 'fen', 'sich', 'in', 'T@@', 'ok@@', 'i@@', 'o', '.']
2026-05-08 18:31:44,622 - DEBUG - joeynmt.training - 	Tokenized reference:  ['Indi@@', 'a', 'and', 'J@@', 'ap@@', 'an', 'pri@@', 'me', 'minist@@', 'ers', 'me@@', 'et', 'in', 'T@@', 'ok@@', 'y@@', 'o']
2026-05-08 18:31:44,622 - DEBUG - joeynmt.training - 	Tokenized hypothesis: ['the', 'Pre@@', 'mi@@', 'er', 'minist@@', 'er', 'Indi@@', 'a', 'and', 'J@@', 'ap@@', 'ans', '.', '</s>']
2026-05-08 18:31:44,623 - INFO - joeynmt.training - 	Source:     die Premierminister Indiens und Japans trafen sich in Tokio .
2026-05-08 18:31:44,623 - INFO - joeynmt.training - 	Reference:  India and Japan prime ministers meet in Tokyo
2026-05-08 18:31:44,623 - INFO - joeynmt.training - 	Hypothesis: the Premier minister India and Japans .
2026-05-08 18:31:44,623 - INFO - joeynmt.training - Example #1
2026-05-08 18:31:44,623 - DEBUG - joeynmt.training - 	Tokenized source:     ['Indi@@', 'ens', 'neu@@', 'er', 'Pre@@', 'mi@@', 'er@@', 'minist@@', 'er', 'N@@', 'ar@@', 'end@@', 'ra', 'Mo@@', 'd@@', 'i', 'tri@@', 'fft', 'bei', 's@@', 'einem', 'ersten', 'wichti@@', 'gen', 'Aus@@', 'land@@', 's@@', 'bes@@', 'u@@', 'ch', 'seit', 's@@', 'einem', 'W@@', 'ah@@', 'l@@', 'si@@', 'e@@', 'g', 'im', 'Ma@@', 'i', 'seinen', 'j@@', 'ap@@', 'an@@', 'ischen', 'Am@@', 'ts@@', 'k@@', 'olle@@', 'gen', 'S@@', 'hin@@', 'z@@', 'o', 'A@@', 'be', 'in', 'T@@', 'ok@@', 'o', ',', 'um', 'wirtschaf@@', 'tliche', 'und', 'sicher@@', 'heits@@', 'politische', 'Be@@', 'zieh@@', 'ungen', 'zu', 'bes@@', 'pre@@', 'chen', '.']
2026-05-08 18:31:44,623 - DEBUG - joeynmt.training - 	Tokenized reference:  ['Indi@@', 'a', '&apos;s', 'new', 'pri@@', 'me', 'minist@@', 'er', ',', 'N@@', 'ar@@', 'end@@', 'ra', 'Mo@@', 'd@@', 'i', ',', 'is', 'me@@', 'eting', 'his', 'J@@', 'ap@@', 'an@@', 'ese', 'coun@@', 'ter@@', 'part', ',', 'S@@', 'hin@@', 'z@@', 'o', 'A@@', 'be', ',', 'in', 'T@@', 'ok@@', 'y@@', 'o', 'to', 'disc@@', 'uss', 'economic', 'and', 'security', 'ties', ',', 'on', 'his', 'first', 'major', 'fore@@', 'ign', 'visi@@', 't', 'since', 'w@@', 'inn@@', 'ing', 'Ma@@', 'y', '&apos;s', 'elec@@', 'tion', '.']
2026-05-08 18:31:44,623 - DEBUG - joeynmt.training - 	Tokenized hypothesis: ['Indi@@', 'a', '&apos;s', 'lat@@', 'est', 'pri@@', 'm@@', 'ari@@', 'ly', ',', 'the', 'M@@', 'il@@', 'an', 'A@@', 'li@@', 'gh@@', 't@@', 'est', ',', 'the', 'S@@', 'hin@@', 'e', 'of', 'the', 'S@@', 'hin@@', 'z@@', 'o', 'A@@', 'be', 'in', 'Ma@@', 'y', 'his', 'J@@', 'ap@@', 'an@@', 'ese', 'Am@@', 'ts@@', 'k@@', 'ha@@', 'z@@', 'o', 'A@@', 'be', 'in', 'T@@', 'ok@@', 'o', ',', 'in', 'T@@', 'ok@@', 'o', 'A@@', 'be', 'in', 'T@@', 'ok@@', 'o', ',', 'and', 'S@@', 'hin@@', 'z@@', 'o', 'A@@', 'be', 'in', 'T@@', 'ok@@', 'o', ',', 'and', 'the', 'saf@@', 'ety', 'political', 'rel@@', 'ations', '.', '</s>']
2026-05-08 18:31:44,623 - INFO - joeynmt.training - 	Source:     Indiens neuer Premierminister Narendra Modi trifft bei seinem ersten wichtigen Auslandsbesuch seit seinem Wahlsieg im Mai seinen japanischen Amtskollegen Shinzo Abe in Toko , um wirtschaftliche und sicherheitspolitische Beziehungen zu besprechen .
2026-05-08 18:31:44,623 - INFO - joeynmt.training - 	Reference:  India &apos;s new prime minister , Narendra Modi , is meeting his Japanese counterpart , Shinzo Abe , in Tokyo to discuss economic and security ties , on his first major foreign visit since winning May &apos;s election .
2026-05-08 18:31:44,623 - INFO - joeynmt.training - 	Hypothesis: India &apos;s latest primarily , the Milan Alightest , the Shine of the Shinzo Abe in May his Japanese Amtskhazo Abe in Toko , in Toko Abe in Toko , and Shinzo Abe in Toko , and the safety political relations .
2026-05-08 18:31:44,623 - INFO - joeynmt.training - Example #2
2026-05-08 18:31:44,623 - DEBUG - joeynmt.training - 	Tokenized source:     ['Herr', 'Mo@@', 'd@@', 'i', 'befindet', 'sich', 'auf', 'einer', 'fü@@', 'n@@', 'f@@', 'tä@@', 'gi@@', 'gen', 'Rei@@', 'se', 'nach', 'J@@', 'ap@@', 'an', ',', 'um', 'die', 'wirtschaf@@', 'tlichen', 'Be@@', 'zieh@@', 'ungen', 'mit', 'der', 'd@@', 'rit@@', 't@@', 'größ@@', 'ten', 'Wirtschafts@@', 'n@@', 'ation', 'der', 'Welt', 'zu', 'fes@@', 'tigen', '.']
2026-05-08 18:31:44,623 - DEBUG - joeynmt.training - 	Tokenized reference:  ['Mr', 'Mo@@', 'd@@', 'i', 'is', 'on', 'a', 'fi@@', 've', '@@@', '-@@', '@', 'day', 'tri@@', 'p', 'to', 'J@@', 'ap@@', 'an', 'to', 'streng@@', 'then', 'economic', 'ties', 'with', 'the', 'third', 'lar@@', 'ges@@', 't', 'econom@@', 'y', 'in', 'the', 'world', '.']
2026-05-08 18:31:44,623 - DEBUG - joeynmt.training - 	Tokenized hypothesis: ['Mr', 'Mo@@', 'd@@', 'i', 'is', 'on', 'a', 'fi@@', 'f@@', 'ty', 'of', 'the', 'world', '&apos;s', 'econom@@', 'y', 'with', 'the', 'third', 'lar@@', 'ges@@', 't', 'economic', 'rel@@', 'ations', 'with', 'the', 'third', 'lar@@', 'ges@@', 't', 'economic', 'rel@@', 'ations', 'with', 'the', 'third', 'lar@@', 'ges@@', 't', 'economic', 'rel@@', 'ations', '.', '</s>']
2026-05-08 18:31:44,623 - INFO - joeynmt.training - 	Source:     Herr Modi befindet sich auf einer fünftägigen Reise nach Japan , um die wirtschaftlichen Beziehungen mit der drittgrößten Wirtschaftsnation der Welt zu festigen .
2026-05-08 18:31:44,623 - INFO - joeynmt.training - 	Reference:  Mr Modi is on a five @-@ day trip to Japan to strengthen economic ties with the third largest economy in the world .
2026-05-08 18:31:44,623 - INFO - joeynmt.training - 	Hypothesis: Mr Modi is on a fifty of the world &apos;s economy with the third largest economic relations with the third largest economic relations with the third largest economic relations .
2026-05-08 18:31:44,623 - INFO - joeynmt.training - Example #3
2026-05-08 18:31:44,623 - DEBUG - joeynmt.training - 	Tokenized source:     ['P@@', 'län@@', 'e', 'für', 'eine', 'stärk@@', 'ere', 'k@@', 'ern@@', 'techn@@', 'ische', 'Zusammenarbeit', 'stehen', 'ganz', 'ob@@', 'en', 'auf', 'der', 'Tag@@', 'es@@', 'ordnung', '.']
2026-05-08 18:31:44,623 - DEBUG - joeynmt.training - 	Tokenized reference:  ['high', 'on', 'the', 'agen@@', 'da', 'are', 'pl@@', 'ans', 'for', 'gre@@', 'ater', 'nu@@', 'clear', 'c@@', 'o', '@@@', '-@@', '@', 'operation', '.']
2026-05-08 18:31:44,623 - DEBUG - joeynmt.training - 	Tokenized hypothesis: ['P@@', 'ru@@', 'e', 'for', 'a', 'str@@', 'ong', 'c@@', 'ern@@', 'al', 'techn@@', 'ical', 'cooperation', '.', '</s>']
2026-05-08 18:31:44,623 - INFO - joeynmt.training - 	Source:     Pläne für eine stärkere kerntechnische Zusammenarbeit stehen ganz oben auf der Tagesordnung .
2026-05-08 18:31:44,623 - INFO - joeynmt.training - 	Reference:  high on the agenda are plans for greater nuclear co @-@ operation .
2026-05-08 18:31:44,623 - INFO - joeynmt.training - 	Hypothesis: Prue for a strong cernal technical cooperation .
2026-05-08 18:31:44,623 - INFO - joeynmt.training - Example #4
2026-05-08 18:31:44,624 - DEBUG - joeynmt.training - 	Tokenized source:     ['Berich@@', 'ten', 'zu@@', 'fol@@', 'ge', 'ho@@', 'fft', 'Indi@@', 'en', 'darüber', 'hinaus', 'auf', 'einen', 'Ver@@', 'trag', 'zur', 'Ver@@', 'tei@@', 'dig@@', 'ungs@@', 'zusammen@@', 'arbeit', 'zwischen', 'den', 'beiden', 'N@@', 'ationen', '.']
2026-05-08 18:31:44,624 - DEBUG - joeynmt.training - 	Tokenized reference:  ['Indi@@', 'a', 'is', 'also', 're@@', 'porte@@', 'dly', 'hop@@', 'ing', 'for', 'a', 'de@@', 'al', 'on', 'def@@', 'ence', 'c@@', 'oll@@', 'ab@@', 'or@@', 'ation', 'between', 'the', 'two', 'n@@', 'ations', '.']
2026-05-08 18:31:44,624 - DEBUG - joeynmt.training - 	Tokenized hypothesis: ['the', 'following', 'succ@@', 'ess@@', 'ful', 'Indi@@', 'a', '&apos;s', 're@@', 'ports', 'on', 'the', 'dra@@', 'ft', 'of', 'the', 'two', 'N@@', 'ations', '.', '</s>']
2026-05-08 18:31:44,624 - INFO - joeynmt.training - 	Source:     Berichten zufolge hofft Indien darüber hinaus auf einen Vertrag zur Verteidigungszusammenarbeit zwischen den beiden Nationen .
2026-05-08 18:31:44,624 - INFO - joeynmt.training - 	Reference:  India is also reportedly hoping for a deal on defence collaboration between the two nations .
2026-05-08 18:31:44,624 - INFO - joeynmt.training - 	Hypothesis: the following successful India &apos;s reports on the draft of the two Nations .
2026-05-08 18:32:00,881 - INFO - joeynmt.training - Epoch   3, Step:    11600, Batch Loss:     1.969425, Batch Acc: 0.464906, Tokens per Sec:     5676, Lr: 0.000300
2026-05-08 18:32:17,421 - INFO - joeynmt.training - Epoch   3, Step:    11700, Batch Loss:     2.140430, Batch Acc: 0.465207, Tokens per Sec:     5538, Lr: 0.000300
2026-05-08 18:32:33,869 - INFO - joeynmt.training - Epoch   3, Step:    11800, Batch Loss:     2.091654, Batch Acc: 0.463213, Tokens per Sec:     5512, Lr: 0.000300
2026-05-08 18:32:50,294 - INFO - joeynmt.training - Epoch   3, Step:    11900, Batch Loss:     1.942758, Batch Acc: 0.465522, Tokens per Sec:     5619, Lr: 0.000300
2026-05-08 18:33:06,780 - INFO - joeynmt.training - Epoch   3, Step:    12000, Batch Loss:     2.165996, Batch Acc: 0.461504, Tokens per Sec:     5611, Lr: 0.000300
2026-05-08 18:33:06,780 - INFO - joeynmt.prediction - Predicting 500 example(s)... (Greedy decoding with min_output_length=1, max_output_length=-1, return_prob='none', generate_unk=True, repetition_penalty=-1, no_repeat_ngram_size=-1)
2026-05-08 18:33:37,249 - INFO - joeynmt.prediction - Evaluation result (greedy) loss:   2.28, ppl:   9.80, acc:   0.41, generation: 30.4644[sec], evaluation: 0.0000[sec]
2026-05-08 18:33:37,251 - INFO - joeynmt.training - Hooray! New best validation result [ppl]!
2026-05-08 18:33:37,338 - INFO - joeynmt.helpers - delete models/deen_transformer_pre/9500.ckpt
2026-05-08 18:33:37,341 - INFO - joeynmt.training - Example #0
2026-05-08 18:33:37,341 - DEBUG - joeynmt.training - 	Tokenized source:     ['die', 'Pre@@', 'mi@@', 'er@@', 'minist@@', 'er', 'Indi@@', 'ens', 'und', 'J@@', 'ap@@', 'ans', 'tra@@', 'fen', 'sich', 'in', 'T@@', 'ok@@', 'i@@', 'o', '.']
2026-05-08 18:33:37,342 - DEBUG - joeynmt.training - 	Tokenized reference:  ['Indi@@', 'a', 'and', 'J@@', 'ap@@', 'an', 'pri@@', 'me', 'minist@@', 'ers', 'me@@', 'et', 'in', 'T@@', 'ok@@', 'y@@', 'o']
2026-05-08 18:33:37,342 - DEBUG - joeynmt.training - 	Tokenized hypothesis: ['the', 'pri@@', 'mi@@', 'er@@', 'ary', 'minist@@', 'er', 'Indi@@', 'a', 'and', 'J@@', 'ap@@', 'an', '.', '</s>']
2026-05-08 18:33:37,342 - INFO - joeynmt.training - 	Source:     die Premierminister Indiens und Japans trafen sich in Tokio .
2026-05-08 18:33:37,342 - INFO - joeynmt.training - 	Reference:  India and Japan prime ministers meet in Tokyo
2026-05-08 18:33:37,342 - INFO - joeynmt.training - 	Hypothesis: the primierary minister India and Japan .
2026-05-08 18:33:37,342 - INFO - joeynmt.training - Example #1
2026-05-08 18:33:37,342 - DEBUG - joeynmt.training - 	Tokenized source:     ['Indi@@', 'ens', 'neu@@', 'er', 'Pre@@', 'mi@@', 'er@@', 'minist@@', 'er', 'N@@', 'ar@@', 'end@@', 'ra', 'Mo@@', 'd@@', 'i', 'tri@@', 'fft', 'bei', 's@@', 'einem', 'ersten', 'wichti@@', 'gen', 'Aus@@', 'land@@', 's@@', 'bes@@', 'u@@', 'ch', 'seit', 's@@', 'einem', 'W@@', 'ah@@', 'l@@', 'si@@', 'e@@', 'g', 'im', 'Ma@@', 'i', 'seinen', 'j@@', 'ap@@', 'an@@', 'ischen', 'Am@@', 'ts@@', 'k@@', 'olle@@', 'gen', 'S@@', 'hin@@', 'z@@', 'o', 'A@@', 'be', 'in', 'T@@', 'ok@@', 'o', ',', 'um', 'wirtschaf@@', 'tliche', 'und', 'sicher@@', 'heits@@', 'politische', 'Be@@', 'zieh@@', 'ungen', 'zu', 'bes@@', 'pre@@', 'chen', '.']
2026-05-08 18:33:37,342 - DEBUG - joeynmt.training - 	Tokenized reference:  ['Indi@@', 'a', '&apos;s', 'new', 'pri@@', 'me', 'minist@@', 'er', ',', 'N@@', 'ar@@', 'end@@', 'ra', 'Mo@@', 'd@@', 'i', ',', 'is', 'me@@', 'eting', 'his', 'J@@', 'ap@@', 'an@@', 'ese', 'coun@@', 'ter@@', 'part', ',', 'S@@', 'hin@@', 'z@@', 'o', 'A@@', 'be', ',', 'in', 'T@@', 'ok@@', 'y@@', 'o', 'to', 'disc@@', 'uss', 'economic', 'and', 'security', 'ties', ',', 'on', 'his', 'first', 'major', 'fore@@', 'ign', 'visi@@', 't', 'since', 'w@@', 'inn@@', 'ing', 'Ma@@', 'y', '&apos;s', 'elec@@', 'tion', '.']
2026-05-08 18:33:37,342 - DEBUG - joeynmt.training - 	Tokenized hypothesis: ['Indi@@', 'a', 'N@@', 'ar@@', 'end@@', 'ra', 'Mo@@', 'd@@', 'i', ',', 'N@@', 'ar@@', 'end@@', 'ra', 'Mo@@', 'd@@', 'i', ',', 'in', 'his', 'first', 'of', 'the', 'S@@', 'ec@@', 're@@', 't@@', 'ary', 'A@@', 'ff@@', 'air@@', 's', ',', 'has', 'been', 'a', 'm@@', 'ember', 'of', 'the', 'M@@', 'ini@@', 'stry', 'of', 'S@@', 'hin@@', 'z@@', 'on', 'A@@', 'be', 'in', 'T@@', 'ok@@', 'o', ',', 'and', 'saf@@', 'ety', 'of', 'political', 'rel@@', 'ations', '.', '</s>']
2026-05-08 18:33:37,342 - INFO - joeynmt.training - 	Source:     Indiens neuer Premierminister Narendra Modi trifft bei seinem ersten wichtigen Auslandsbesuch seit seinem Wahlsieg im Mai seinen japanischen Amtskollegen Shinzo Abe in Toko , um wirtschaftliche und sicherheitspolitische Beziehungen zu besprechen .
2026-05-08 18:33:37,342 - INFO - joeynmt.training - 	Reference:  India &apos;s new prime minister , Narendra Modi , is meeting his Japanese counterpart , Shinzo Abe , in Tokyo to discuss economic and security ties , on his first major foreign visit since winning May &apos;s election .
2026-05-08 18:33:37,342 - INFO - joeynmt.training - 	Hypothesis: India Narendra Modi , Narendra Modi , in his first of the Secretary Affairs , has been a member of the Ministry of Shinzon Abe in Toko , and safety of political relations .
2026-05-08 18:33:37,342 - INFO - joeynmt.training - Example #2
2026-05-08 18:33:37,342 - DEBUG - joeynmt.training - 	Tokenized source:     ['Herr', 'Mo@@', 'd@@', 'i', 'befindet', 'sich', 'auf', 'einer', 'fü@@', 'n@@', 'f@@', 'tä@@', 'gi@@', 'gen', 'Rei@@', 'se', 'nach', 'J@@', 'ap@@', 'an', ',', 'um', 'die', 'wirtschaf@@', 'tlichen', 'Be@@', 'zieh@@', 'ungen', 'mit', 'der', 'd@@', 'rit@@', 't@@', 'größ@@', 'ten', 'Wirtschafts@@', 'n@@', 'ation', 'der', 'Welt', 'zu', 'fes@@', 'tigen', '.']
2026-05-08 18:33:37,342 - DEBUG - joeynmt.training - 	Tokenized reference:  ['Mr', 'Mo@@', 'd@@', 'i', 'is', 'on', 'a', 'fi@@', 've', '@@@', '-@@', '@', 'day', 'tri@@', 'p', 'to', 'J@@', 'ap@@', 'an', 'to', 'streng@@', 'then', 'economic', 'ties', 'with', 'the', 'third', 'lar@@', 'ges@@', 't', 'econom@@', 'y', 'in', 'the', 'world', '.']
2026-05-08 18:33:37,342 - DEBUG - joeynmt.training - 	Tokenized hypothesis: ['Mr', 'Mo@@', 'd@@', 'i', 'is', 'on', 'a', 'fi@@', 'f@@', 'ty', 'of', 'tra@@', 'v@@', 'ell@@', 'ing', 'to', 'J@@', 'ap@@', 'an', ',', 'to', 'which', 'the', 'economic', 'rel@@', 'ations', 'with', 'the', 'third', 'lar@@', 'ges@@', 't', 'economic', 'rel@@', 'ations', 'with', 'the', 'third', 'lar@@', 'ges@@', 't', 'economic', 'rel@@', 'ations', '.', '</s>']
2026-05-08 18:33:37,342 - INFO - joeynmt.training - 	Source:     Herr Modi befindet sich auf einer fünftägigen Reise nach Japan , um die wirtschaftlichen Beziehungen mit der drittgrößten Wirtschaftsnation der Welt zu festigen .
2026-05-08 18:33:37,342 - INFO - joeynmt.training - 	Reference:  Mr Modi is on a five @-@ day trip to Japan to strengthen economic ties with the third largest economy in the world .
2026-05-08 18:33:37,342 - INFO - joeynmt.training - 	Hypothesis: Mr Modi is on a fifty of travelling to Japan , to which the economic relations with the third largest economic relations with the third largest economic relations .
2026-05-08 18:33:37,342 - INFO - joeynmt.training - Example #3
2026-05-08 18:33:37,342 - DEBUG - joeynmt.training - 	Tokenized source:     ['P@@', 'län@@', 'e', 'für', 'eine', 'stärk@@', 'ere', 'k@@', 'ern@@', 'techn@@', 'ische', 'Zusammenarbeit', 'stehen', 'ganz', 'ob@@', 'en', 'auf', 'der', 'Tag@@', 'es@@', 'ordnung', '.']
2026-05-08 18:33:37,342 - DEBUG - joeynmt.training - 	Tokenized reference:  ['high', 'on', 'the', 'agen@@', 'da', 'are', 'pl@@', 'ans', 'for', 'gre@@', 'ater', 'nu@@', 'clear', 'c@@', 'o', '@@@', '-@@', '@', 'operation', '.']
2026-05-08 18:33:37,342 - DEBUG - joeynmt.training - 	Tokenized hypothesis: ['P@@', 'l@@', 'lan@@', 'e', 'for', 'a', 'gre@@', 'ater', 'techn@@', 'ical', 'cooperation', '.', '</s>']
2026-05-08 18:33:37,342 - INFO - joeynmt.training - 	Source:     Pläne für eine stärkere kerntechnische Zusammenarbeit stehen ganz oben auf der Tagesordnung .
2026-05-08 18:33:37,342 - INFO - joeynmt.training - 	Reference:  high on the agenda are plans for greater nuclear co @-@ operation .
2026-05-08 18:33:37,342 - INFO - joeynmt.training - 	Hypothesis: Pllane for a greater technical cooperation .
2026-05-08 18:33:37,342 - INFO - joeynmt.training - Example #4
2026-05-08 18:33:37,343 - DEBUG - joeynmt.training - 	Tokenized source:     ['Berich@@', 'ten', 'zu@@', 'fol@@', 'ge', 'ho@@', 'fft', 'Indi@@', 'en', 'darüber', 'hinaus', 'auf', 'einen', 'Ver@@', 'trag', 'zur', 'Ver@@', 'tei@@', 'dig@@', 'ungs@@', 'zusammen@@', 'arbeit', 'zwischen', 'den', 'beiden', 'N@@', 'ationen', '.']
2026-05-08 18:33:37,343 - DEBUG - joeynmt.training - 	Tokenized reference:  ['Indi@@', 'a', 'is', 'also', 're@@', 'porte@@', 'dly', 'hop@@', 'ing', 'for', 'a', 'de@@', 'al', 'on', 'def@@', 'ence', 'c@@', 'oll@@', 'ab@@', 'or@@', 'ation', 'between', 'the', 'two', 'n@@', 'ations', '.']
2026-05-08 18:33:37,343 - DEBUG - joeynmt.training - 	Tokenized hypothesis: ['re@@', 'ports', ',', 'it', 'is', 'also', 'a', 'con@@', 'tra@@', 'ct', 'on', 'a', 'Tre@@', 'aty', 'on', 'the', 'con@@', 'tra@@', 'ct', 'of', 'work', 'between', 'the', 'two', 'N@@', 'ations', '.', '</s>']
2026-05-08 18:33:37,343 - INFO - joeynmt.training - 	Source:     Berichten zufolge hofft Indien darüber hinaus auf einen Vertrag zur Verteidigungszusammenarbeit zwischen den beiden Nationen .
2026-05-08 18:33:37,343 - INFO - joeynmt.training - 	Reference:  India is also reportedly hoping for a deal on defence collaboration between the two nations .
2026-05-08 18:33:37,343 - INFO - joeynmt.training - 	Hypothesis: reports , it is also a contract on a Treaty on the contract of work between the two Nations .
2026-05-08 18:33:53,807 - INFO - joeynmt.training - Epoch   3, Step:    12100, Batch Loss:     1.824014, Batch Acc: 0.465461, Tokens per Sec:     5558, Lr: 0.000300
2026-05-08 18:34:09,384 - INFO - joeynmt.training - Epoch   3: total training loss 8230.15
2026-05-08 18:34:09,384 - INFO - joeynmt.training - EPOCH 4
2026-05-08 18:34:10,232 - INFO - joeynmt.training - Epoch   4, Step:    12200, Batch Loss:     2.009910, Batch Acc: 0.480741, Tokens per Sec:     5546, Lr: 0.000300
2026-05-08 18:34:26,716 - INFO - joeynmt.training - Epoch   4, Step:    12300, Batch Loss:     1.896771, Batch Acc: 0.481026, Tokens per Sec:     5606, Lr: 0.000300
2026-05-08 18:34:43,189 - INFO - joeynmt.training - Epoch   4, Step:    12400, Batch Loss:     2.116093, Batch Acc: 0.480212, Tokens per Sec:     5597, Lr: 0.000300
2026-05-08 18:34:59,686 - INFO - joeynmt.training - Epoch   4, Step:    12500, Batch Loss:     2.126007, Batch Acc: 0.478835, Tokens per Sec:     5595, Lr: 0.000300
2026-05-08 18:34:59,686 - INFO - joeynmt.prediction - Predicting 500 example(s)... (Greedy decoding with min_output_length=1, max_output_length=-1, return_prob='none', generate_unk=True, repetition_penalty=-1, no_repeat_ngram_size=-1)
2026-05-08 18:35:26,106 - INFO - joeynmt.prediction - Evaluation result (greedy) loss:   2.28, ppl:   9.75, acc:   0.41, generation: 26.4157[sec], evaluation: 0.0000[sec]
2026-05-08 18:35:26,107 - INFO - joeynmt.training - Hooray! New best validation result [ppl]!
2026-05-08 18:35:26,195 - INFO - joeynmt.helpers - delete models/deen_transformer_pre/10000.ckpt
2026-05-08 18:35:26,198 - INFO - joeynmt.training - Example #0
2026-05-08 18:35:26,198 - DEBUG - joeynmt.training - 	Tokenized source:     ['die', 'Pre@@', 'mi@@', 'er@@', 'minist@@', 'er', 'Indi@@', 'ens', 'und', 'J@@', 'ap@@', 'ans', 'tra@@', 'fen', 'sich', 'in', 'T@@', 'ok@@', 'i@@', 'o', '.']
2026-05-08 18:35:26,198 - DEBUG - joeynmt.training - 	Tokenized reference:  ['Indi@@', 'a', 'and', 'J@@', 'ap@@', 'an', 'pri@@', 'me', 'minist@@', 'ers', 'me@@', 'et', 'in', 'T@@', 'ok@@', 'y@@', 'o']
2026-05-08 18:35:26,198 - DEBUG - joeynmt.training - 	Tokenized hypothesis: ['the', 'pri@@', 'm@@', 'ary', 'minist@@', 'er', 'Indi@@', 'a', 'and', 'J@@', 'ap@@', 'ans', '.', '</s>']
2026-05-08 18:35:26,198 - INFO - joeynmt.training - 	Source:     die Premierminister Indiens und Japans trafen sich in Tokio .
2026-05-08 18:35:26,198 - INFO - joeynmt.training - 	Reference:  India and Japan prime ministers meet in Tokyo
2026-05-08 18:35:26,198 - INFO - joeynmt.training - 	Hypothesis: the primary minister India and Japans .
2026-05-08 18:35:26,198 - INFO - joeynmt.training - Example #1
2026-05-08 18:35:26,198 - DEBUG - joeynmt.training - 	Tokenized source:     ['Indi@@', 'ens', 'neu@@', 'er', 'Pre@@', 'mi@@', 'er@@', 'minist@@', 'er', 'N@@', 'ar@@', 'end@@', 'ra', 'Mo@@', 'd@@', 'i', 'tri@@', 'fft', 'bei', 's@@', 'einem', 'ersten', 'wichti@@', 'gen', 'Aus@@', 'land@@', 's@@', 'bes@@', 'u@@', 'ch', 'seit', 's@@', 'einem', 'W@@', 'ah@@', 'l@@', 'si@@', 'e@@', 'g', 'im', 'Ma@@', 'i', 'seinen', 'j@@', 'ap@@', 'an@@', 'ischen', 'Am@@', 'ts@@', 'k@@', 'olle@@', 'gen', 'S@@', 'hin@@', 'z@@', 'o', 'A@@', 'be', 'in', 'T@@', 'ok@@', 'o', ',', 'um', 'wirtschaf@@', 'tliche', 'und', 'sicher@@', 'heits@@', 'politische', 'Be@@', 'zieh@@', 'ungen', 'zu', 'bes@@', 'pre@@', 'chen', '.']
2026-05-08 18:35:26,198 - DEBUG - joeynmt.training - 	Tokenized reference:  ['Indi@@', 'a', '&apos;s', 'new', 'pri@@', 'me', 'minist@@', 'er', ',', 'N@@', 'ar@@', 'end@@', 'ra', 'Mo@@', 'd@@', 'i', ',', 'is', 'me@@', 'eting', 'his', 'J@@', 'ap@@', 'an@@', 'ese', 'coun@@', 'ter@@', 'part', ',', 'S@@', 'hin@@', 'z@@', 'o', 'A@@', 'be', ',', 'in', 'T@@', 'ok@@', 'y@@', 'o', 'to', 'disc@@', 'uss', 'economic', 'and', 'security', 'ties', ',', 'on', 'his', 'first', 'major', 'fore@@', 'ign', 'visi@@', 't', 'since', 'w@@', 'inn@@', 'ing', 'Ma@@', 'y', '&apos;s', 'elec@@', 'tion', '.']
2026-05-08 18:35:26,198 - DEBUG - joeynmt.training - 	Tokenized hypothesis: ['Indi@@', 'a', '&apos;s', 'lat@@', 'est', 'pri@@', 'm@@', 'ari@@', 'ly', ',', 'the', 'M@@', 'ul@@', 'ul@@', 'l', 'S@@', 'hin@@', 'z@@', 'o', 'A@@', 'be', 'in', 'M@@', 'ini@@', 'stry', 'of', 'S@@', 'hin@@', 'z@@', 'o', 'A@@', 'be', 'in', 'Ma@@', 'y', 'his', 'j@@', 'ap@@', 'an@@', 'ese', 'Am@@', 'ts@@', 'k@@', 'ha@@', 'gen', 'S@@', 'hin@@', 'z@@', 'o', ',', 'in', 'T@@', 'ok@@', 'o', ',', 'and', 'S@@', 'hin@@', 'z@@', 'o', 'A@@', 'be', 'in', 'T@@', 'ok@@', 'o', ',', 'and', 'saf@@', 'ety', 'of', 'political', 'rel@@', 'ations', '.', '</s>']
2026-05-08 18:35:26,198 - INFO - joeynmt.training - 	Source:     Indiens neuer Premierminister Narendra Modi trifft bei seinem ersten wichtigen Auslandsbesuch seit seinem Wahlsieg im Mai seinen japanischen Amtskollegen Shinzo Abe in Toko , um wirtschaftliche und sicherheitspolitische Beziehungen zu besprechen .
2026-05-08 18:35:26,198 - INFO - joeynmt.training - 	Reference:  India &apos;s new prime minister , Narendra Modi , is meeting his Japanese counterpart , Shinzo Abe , in Tokyo to discuss economic and security ties , on his first major foreign visit since winning May &apos;s election .
2026-05-08 18:35:26,198 - INFO - joeynmt.training - 	Hypothesis: India &apos;s latest primarily , the Mulull Shinzo Abe in Ministry of Shinzo Abe in May his japanese Amtskhagen Shinzo , in Toko , and Shinzo Abe in Toko , and safety of political relations .
2026-05-08 18:35:26,198 - INFO - joeynmt.training - Example #2
2026-05-08 18:35:26,198 - DEBUG - joeynmt.training - 	Tokenized source:     ['Herr', 'Mo@@', 'd@@', 'i', 'befindet', 'sich', 'auf', 'einer', 'fü@@', 'n@@', 'f@@', 'tä@@', 'gi@@', 'gen', 'Rei@@', 'se', 'nach', 'J@@', 'ap@@', 'an', ',', 'um', 'die', 'wirtschaf@@', 'tlichen', 'Be@@', 'zieh@@', 'ungen', 'mit', 'der', 'd@@', 'rit@@', 't@@', 'größ@@', 'ten', 'Wirtschafts@@', 'n@@', 'ation', 'der', 'Welt', 'zu', 'fes@@', 'tigen', '.']
2026-05-08 18:35:26,198 - DEBUG - joeynmt.training - 	Tokenized reference:  ['Mr', 'Mo@@', 'd@@', 'i', 'is', 'on', 'a', 'fi@@', 've', '@@@', '-@@', '@', 'day', 'tri@@', 'p', 'to', 'J@@', 'ap@@', 'an', 'to', 'streng@@', 'then', 'economic', 'ties', 'with', 'the', 'third', 'lar@@', 'ges@@', 't', 'econom@@', 'y', 'in', 'the', 'world', '.']
2026-05-08 18:35:26,198 - DEBUG - joeynmt.training - 	Tokenized hypothesis: ['Mr', 'Mo@@', 'd@@', 'i', 'is', 'located', 'on', 'a', 'fi@@', 'f@@', 'te@@', 'en', 'tra@@', 'v@@', 'ell@@', 'ing', 'to', 'J@@', 'ap@@', 'an', ',', 'to', 'the', 'economic', 'rel@@', 'ations', 'with', 'the', 'third', 'lar@@', 'ges@@', 't', 'economic', 'rel@@', 'ations', 'with', 'the', 'third', 'lar@@', 'ges@@', 't', 'economic', 'rel@@', 'ations', '.', '</s>']
2026-05-08 18:35:26,198 - INFO - joeynmt.training - 	Source:     Herr Modi befindet sich auf einer fünftägigen Reise nach Japan , um die wirtschaftlichen Beziehungen mit der drittgrößten Wirtschaftsnation der Welt zu festigen .
2026-05-08 18:35:26,198 - INFO - joeynmt.training - 	Reference:  Mr Modi is on a five @-@ day trip to Japan to strengthen economic ties with the third largest economy in the world .
2026-05-08 18:35:26,198 - INFO - joeynmt.training - 	Hypothesis: Mr Modi is located on a fifteen travelling to Japan , to the economic relations with the third largest economic relations with the third largest economic relations .
2026-05-08 18:35:26,198 - INFO - joeynmt.training - Example #3
2026-05-08 18:35:26,199 - DEBUG - joeynmt.training - 	Tokenized source:     ['P@@', 'län@@', 'e', 'für', 'eine', 'stärk@@', 'ere', 'k@@', 'ern@@', 'techn@@', 'ische', 'Zusammenarbeit', 'stehen', 'ganz', 'ob@@', 'en', 'auf', 'der', 'Tag@@', 'es@@', 'ordnung', '.']
2026-05-08 18:35:26,199 - DEBUG - joeynmt.training - 	Tokenized reference:  ['high', 'on', 'the', 'agen@@', 'da', 'are', 'pl@@', 'ans', 'for', 'gre@@', 'ater', 'nu@@', 'clear', 'c@@', 'o', '@@@', '-@@', '@', 'operation', '.']
2026-05-08 18:35:26,199 - DEBUG - joeynmt.training - 	Tokenized hypothesis: ['P@@', 'ru@@', 'e', 'for', 'gre@@', 'ater', 'seri@@', 'ous', 'techn@@', 'ical', 'cooperation', 'are', 'very', 'ob@@', 'li@@', 'g@@', 'ations', 'on', 'the', 'agen@@', 'da', '.', '</s>']
2026-05-08 18:35:26,199 - INFO - joeynmt.training - 	Source:     Pläne für eine stärkere kerntechnische Zusammenarbeit stehen ganz oben auf der Tagesordnung .
2026-05-08 18:35:26,199 - INFO - joeynmt.training - 	Reference:  high on the agenda are plans for greater nuclear co @-@ operation .
2026-05-08 18:35:26,199 - INFO - joeynmt.training - 	Hypothesis: Prue for greater serious technical cooperation are very obligations on the agenda .
2026-05-08 18:35:26,199 - INFO - joeynmt.training - Example #4
2026-05-08 18:35:26,199 - DEBUG - joeynmt.training - 	Tokenized source:     ['Berich@@', 'ten', 'zu@@', 'fol@@', 'ge', 'ho@@', 'fft', 'Indi@@', 'en', 'darüber', 'hinaus', 'auf', 'einen', 'Ver@@', 'trag', 'zur', 'Ver@@', 'tei@@', 'dig@@', 'ungs@@', 'zusammen@@', 'arbeit', 'zwischen', 'den', 'beiden', 'N@@', 'ationen', '.']
2026-05-08 18:35:26,199 - DEBUG - joeynmt.training - 	Tokenized reference:  ['Indi@@', 'a', 'is', 'also', 're@@', 'porte@@', 'dly', 'hop@@', 'ing', 'for', 'a', 'de@@', 'al', 'on', 'def@@', 'ence', 'c@@', 'oll@@', 'ab@@', 'or@@', 'ation', 'between', 'the', 'two', 'n@@', 'ations', '.']
2026-05-08 18:35:26,199 - DEBUG - joeynmt.training - 	Tokenized hypothesis: ['the', 'following', 'hope', 'to', 'be', 'the', 'following', 'a', 'Tre@@', 'aty', 'on', 'a', 'Tre@@', 'aty', 'on', 'the', 'con@@', 'text', 'of', 'the', 'two', 'N@@', 'ations', '.', '</s>']
2026-05-08 18:35:26,199 - INFO - joeynmt.training - 	Source:     Berichten zufolge hofft Indien darüber hinaus auf einen Vertrag zur Verteidigungszusammenarbeit zwischen den beiden Nationen .
2026-05-08 18:35:26,199 - INFO - joeynmt.training - 	Reference:  India is also reportedly hoping for a deal on defence collaboration between the two nations .
2026-05-08 18:35:26,199 - INFO - joeynmt.training - 	Hypothesis: the following hope to be the following a Treaty on a Treaty on the context of the two Nations .
2026-05-08 18:35:42,944 - INFO - joeynmt.training - Epoch   4, Step:    12600, Batch Loss:     1.878233, Batch Acc: 0.476877, Tokens per Sec:     5494, Lr: 0.000300
2026-05-08 18:35:59,611 - INFO - joeynmt.training - Epoch   4, Step:    12700, Batch Loss:     1.919257, Batch Acc: 0.478690, Tokens per Sec:     5423, Lr: 0.000300
2026-05-08 18:36:16,348 - INFO - joeynmt.training - Epoch   4, Step:    12800, Batch Loss:     1.700266, Batch Acc: 0.479028, Tokens per Sec:     5486, Lr: 0.000300
2026-05-08 18:36:33,018 - INFO - joeynmt.training - Epoch   4, Step:    12900, Batch Loss:     1.749323, Batch Acc: 0.482168, Tokens per Sec:     5495, Lr: 0.000300
2026-05-08 18:36:49,913 - INFO - joeynmt.training - Epoch   4, Step:    13000, Batch Loss:     2.072366, Batch Acc: 0.476660, Tokens per Sec:     5406, Lr: 0.000300
2026-05-08 18:36:49,913 - INFO - joeynmt.prediction - Predicting 500 example(s)... (Greedy decoding with min_output_length=1, max_output_length=-1, return_prob='none', generate_unk=True, repetition_penalty=-1, no_repeat_ngram_size=-1)
2026-05-08 18:37:22,157 - INFO - joeynmt.prediction - Evaluation result (greedy) loss:   2.27, ppl:   9.72, acc:   0.42, generation: 32.2393[sec], evaluation: 0.0000[sec]
2026-05-08 18:37:22,159 - INFO - joeynmt.training - Hooray! New best validation result [ppl]!
2026-05-08 18:37:22,245 - INFO - joeynmt.helpers - delete models/deen_transformer_pre/10500.ckpt
2026-05-08 18:37:22,248 - INFO - joeynmt.training - Example #0
2026-05-08 18:37:22,248 - DEBUG - joeynmt.training - 	Tokenized source:     ['die', 'Pre@@', 'mi@@', 'er@@', 'minist@@', 'er', 'Indi@@', 'ens', 'und', 'J@@', 'ap@@', 'ans', 'tra@@', 'fen', 'sich', 'in', 'T@@', 'ok@@', 'i@@', 'o', '.']
2026-05-08 18:37:22,248 - DEBUG - joeynmt.training - 	Tokenized reference:  ['Indi@@', 'a', 'and', 'J@@', 'ap@@', 'an', 'pri@@', 'me', 'minist@@', 'ers', 'me@@', 'et', 'in', 'T@@', 'ok@@', 'y@@', 'o']
2026-05-08 18:37:22,248 - DEBUG - joeynmt.training - 	Tokenized hypothesis: ['the', 'pri@@', 'mi@@', 'er@@', 'es', 'of', 'the', 'pri@@', 'm@@', 'ari@@', 'ly', 'of', 'the', 'pri@@', 'm@@', 'ari@@', 'ly', '.', '</s>']
2026-05-08 18:37:22,248 - INFO - joeynmt.training - 	Source:     die Premierminister Indiens und Japans trafen sich in Tokio .
2026-05-08 18:37:22,248 - INFO - joeynmt.training - 	Reference:  India and Japan prime ministers meet in Tokyo
2026-05-08 18:37:22,248 - INFO - joeynmt.training - 	Hypothesis: the primieres of the primarily of the primarily .
2026-05-08 18:37:22,248 - INFO - joeynmt.training - Example #1
2026-05-08 18:37:22,248 - DEBUG - joeynmt.training - 	Tokenized source:     ['Indi@@', 'ens', 'neu@@', 'er', 'Pre@@', 'mi@@', 'er@@', 'minist@@', 'er', 'N@@', 'ar@@', 'end@@', 'ra', 'Mo@@', 'd@@', 'i', 'tri@@', 'fft', 'bei', 's@@', 'einem', 'ersten', 'wichti@@', 'gen', 'Aus@@', 'land@@', 's@@', 'bes@@', 'u@@', 'ch', 'seit', 's@@', 'einem', 'W@@', 'ah@@', 'l@@', 'si@@', 'e@@', 'g', 'im', 'Ma@@', 'i', 'seinen', 'j@@', 'ap@@', 'an@@', 'ischen', 'Am@@', 'ts@@', 'k@@', 'olle@@', 'gen', 'S@@', 'hin@@', 'z@@', 'o', 'A@@', 'be', 'in', 'T@@', 'ok@@', 'o', ',', 'um', 'wirtschaf@@', 'tliche', 'und', 'sicher@@', 'heits@@', 'politische', 'Be@@', 'zieh@@', 'ungen', 'zu', 'bes@@', 'pre@@', 'chen', '.']
2026-05-08 18:37:22,248 - DEBUG - joeynmt.training - 	Tokenized reference:  ['Indi@@', 'a', '&apos;s', 'new', 'pri@@', 'me', 'minist@@', 'er', ',', 'N@@', 'ar@@', 'end@@', 'ra', 'Mo@@', 'd@@', 'i', ',', 'is', 'me@@', 'eting', 'his', 'J@@', 'ap@@', 'an@@', 'ese', 'coun@@', 'ter@@', 'part', ',', 'S@@', 'hin@@', 'z@@', 'o', 'A@@', 'be', ',', 'in', 'T@@', 'ok@@', 'y@@', 'o', 'to', 'disc@@', 'uss', 'economic', 'and', 'security', 'ties', ',', 'on', 'his', 'first', 'major', 'fore@@', 'ign', 'visi@@', 't', 'since', 'w@@', 'inn@@', 'ing', 'Ma@@', 'y', '&apos;s', 'elec@@', 'tion', '.']
2026-05-08 18:37:22,248 - DEBUG - joeynmt.training - 	Tokenized hypothesis: ['Indi@@', 'a', '&apos;s', 'pri@@', 'mi@@', 'er@@', 'ed', 'Pri@@', 'me', 'Minist@@', 'er', 'N@@', 'ar@@', 'end@@', 'ra', 'Mo@@', 'd@@', 'i', ',', 'in', 'his', 'first', 'of', 'the', 'A@@', 'mer@@', 'ic@@', 'a', ',', 'in', 'the', 'J@@', 'ap@@', 'an', 'A@@', 'gen@@', 'cy', 'of', 'S@@', 'hin@@', 'z@@', 'o', 'A@@', 'be', 'in', 'the', 'Ma@@', 'y', 'of', 'S@@', 'hin@@', 'z@@', 'o', 'A@@', 'be', 'in', 'T@@', 'ok@@', 'o', ',', 'to', 're@@', 'mo@@', 've', 'economic', 'and', 'saf@@', 'ety', 'rel@@', 'ations', '.', '</s>']
2026-05-08 18:37:22,248 - INFO - joeynmt.training - 	Source:     Indiens neuer Premierminister Narendra Modi trifft bei seinem ersten wichtigen Auslandsbesuch seit seinem Wahlsieg im Mai seinen japanischen Amtskollegen Shinzo Abe in Toko , um wirtschaftliche und sicherheitspolitische Beziehungen zu besprechen .
2026-05-08 18:37:22,248 - INFO - joeynmt.training - 	Reference:  India &apos;s new prime minister , Narendra Modi , is meeting his Japanese counterpart , Shinzo Abe , in Tokyo to discuss economic and security ties , on his first major foreign visit since winning May &apos;s election .
2026-05-08 18:37:22,248 - INFO - joeynmt.training - 	Hypothesis: India &apos;s primiered Prime Minister Narendra Modi , in his first of the America , in the Japan Agency of Shinzo Abe in the May of Shinzo Abe in Toko , to remove economic and safety relations .
2026-05-08 18:37:22,248 - INFO - joeynmt.training - Example #2
2026-05-08 18:37:22,248 - DEBUG - joeynmt.training - 	Tokenized source:     ['Herr', 'Mo@@', 'd@@', 'i', 'befindet', 'sich', 'auf', 'einer', 'fü@@', 'n@@', 'f@@', 'tä@@', 'gi@@', 'gen', 'Rei@@', 'se', 'nach', 'J@@', 'ap@@', 'an', ',', 'um', 'die', 'wirtschaf@@', 'tlichen', 'Be@@', 'zieh@@', 'ungen', 'mit', 'der', 'd@@', 'rit@@', 't@@', 'größ@@', 'ten', 'Wirtschafts@@', 'n@@', 'ation', 'der', 'Welt', 'zu', 'fes@@', 'tigen', '.']
2026-05-08 18:37:22,248 - DEBUG - joeynmt.training - 	Tokenized reference:  ['Mr', 'Mo@@', 'd@@', 'i', 'is', 'on', 'a', 'fi@@', 've', '@@@', '-@@', '@', 'day', 'tri@@', 'p', 'to', 'J@@', 'ap@@', 'an', 'to', 'streng@@', 'then', 'economic', 'ties', 'with', 'the', 'third', 'lar@@', 'ges@@', 't', 'econom@@', 'y', 'in', 'the', 'world', '.']
2026-05-08 18:37:22,248 - DEBUG - joeynmt.training - 	Tokenized hypothesis: ['Mr', 'Mo@@', 'd@@', 'i', 'is', 'on', 'a', 'fi@@', 'f@@', 'ty', 'of', 'J@@', 'ap@@', 'an', 'to', 'J@@', 'ap@@', 'an', 'to', 'J@@', 'ap@@', 'an', 'to', 'the', 'economic', 'rel@@', 'ations', 'with', 'the', 'third', 'lar@@', 'ges@@', 't', 'economic', 'rel@@', 'ations', 'with', 'the', 'world', '.', '</s>']
2026-05-08 18:37:22,248 - INFO - joeynmt.training - 	Source:     Herr Modi befindet sich auf einer fünftägigen Reise nach Japan , um die wirtschaftlichen Beziehungen mit der drittgrößten Wirtschaftsnation der Welt zu festigen .
2026-05-08 18:37:22,248 - INFO - joeynmt.training - 	Reference:  Mr Modi is on a five @-@ day trip to Japan to strengthen economic ties with the third largest economy in the world .
2026-05-08 18:37:22,249 - INFO - joeynmt.training - 	Hypothesis: Mr Modi is on a fifty of Japan to Japan to Japan to the economic relations with the third largest economic relations with the world .
2026-05-08 18:37:22,249 - INFO - joeynmt.training - Example #3
2026-05-08 18:37:22,249 - DEBUG - joeynmt.training - 	Tokenized source:     ['P@@', 'län@@', 'e', 'für', 'eine', 'stärk@@', 'ere', 'k@@', 'ern@@', 'techn@@', 'ische', 'Zusammenarbeit', 'stehen', 'ganz', 'ob@@', 'en', 'auf', 'der', 'Tag@@', 'es@@', 'ordnung', '.']
2026-05-08 18:37:22,249 - DEBUG - joeynmt.training - 	Tokenized reference:  ['high', 'on', 'the', 'agen@@', 'da', 'are', 'pl@@', 'ans', 'for', 'gre@@', 'ater', 'nu@@', 'clear', 'c@@', 'o', '@@@', '-@@', '@', 'operation', '.']
2026-05-08 18:37:22,249 - DEBUG - joeynmt.training - 	Tokenized hypothesis: ['P@@', 'lan@@', 'e', 'for', 'a', 'gre@@', 'ater', 'seri@@', 'ous', 'techn@@', 'ical', 'cooperation', '.', '</s>']
2026-05-08 18:37:22,249 - INFO - joeynmt.training - 	Source:     Pläne für eine stärkere kerntechnische Zusammenarbeit stehen ganz oben auf der Tagesordnung .
2026-05-08 18:37:22,249 - INFO - joeynmt.training - 	Reference:  high on the agenda are plans for greater nuclear co @-@ operation .
2026-05-08 18:37:22,249 - INFO - joeynmt.training - 	Hypothesis: Plane for a greater serious technical cooperation .
2026-05-08 18:37:22,249 - INFO - joeynmt.training - Example #4
2026-05-08 18:37:22,249 - DEBUG - joeynmt.training - 	Tokenized source:     ['Berich@@', 'ten', 'zu@@', 'fol@@', 'ge', 'ho@@', 'fft', 'Indi@@', 'en', 'darüber', 'hinaus', 'auf', 'einen', 'Ver@@', 'trag', 'zur', 'Ver@@', 'tei@@', 'dig@@', 'ungs@@', 'zusammen@@', 'arbeit', 'zwischen', 'den', 'beiden', 'N@@', 'ationen', '.']
2026-05-08 18:37:22,249 - DEBUG - joeynmt.training - 	Tokenized reference:  ['Indi@@', 'a', 'is', 'also', 're@@', 'porte@@', 'dly', 'hop@@', 'ing', 'for', 'a', 'de@@', 'al', 'on', 'def@@', 'ence', 'c@@', 'oll@@', 'ab@@', 'or@@', 'ation', 'between', 'the', 'two', 'n@@', 'ations', '.']
2026-05-08 18:37:22,249 - DEBUG - joeynmt.training - 	Tokenized hypothesis: ['the', 'following', 's@@', 'ession', 'is', 'also', 'the', 'Indi@@', 'a', '&apos;s', 'a@@', 'im', 'to', 'def@@', 'end', 'on', 'the', 'basis', 'of', 'the', 'proposal', 'on', 'the', 'basis', 'of', 'the', 'two', 'N@@', 'ations', '.', '</s>']
2026-05-08 18:37:22,249 - INFO - joeynmt.training - 	Source:     Berichten zufolge hofft Indien darüber hinaus auf einen Vertrag zur Verteidigungszusammenarbeit zwischen den beiden Nationen .
2026-05-08 18:37:22,249 - INFO - joeynmt.training - 	Reference:  India is also reportedly hoping for a deal on defence collaboration between the two nations .
2026-05-08 18:37:22,249 - INFO - joeynmt.training - 	Hypothesis: the following session is also the India &apos;s aim to defend on the basis of the proposal on the basis of the two Nations .
2026-05-08 18:37:39,380 - INFO - joeynmt.training - Epoch   4, Step:    13100, Batch Loss:     2.045413, Batch Acc: 0.481200, Tokens per Sec:     5333, Lr: 0.000300
2026-05-08 18:37:56,465 - INFO - joeynmt.training - Epoch   4, Step:    13200, Batch Loss:     1.910891, Batch Acc: 0.484798, Tokens per Sec:     5373, Lr: 0.000300
2026-05-08 18:38:13,758 - INFO - joeynmt.training - Epoch   4, Step:    13300, Batch Loss:     2.059065, Batch Acc: 0.480570, Tokens per Sec:     5299, Lr: 0.000300
2026-05-08 18:38:31,048 - INFO - joeynmt.training - Epoch   4, Step:    13400, Batch Loss:     1.932047, Batch Acc: 0.482417, Tokens per Sec:     5292, Lr: 0.000300
2026-05-08 18:38:48,256 - INFO - joeynmt.training - Epoch   4, Step:    13500, Batch Loss:     2.242737, Batch Acc: 0.482142, Tokens per Sec:     5362, Lr: 0.000300
2026-05-08 18:38:48,256 - INFO - joeynmt.prediction - Predicting 500 example(s)... (Greedy decoding with min_output_length=1, max_output_length=-1, return_prob='none', generate_unk=True, repetition_penalty=-1, no_repeat_ngram_size=-1)
2026-05-08 18:39:17,456 - INFO - joeynmt.prediction - Evaluation result (greedy) loss:   2.25, ppl:   9.49, acc:   0.42, generation: 29.1950[sec], evaluation: 0.0000[sec]
2026-05-08 18:39:17,458 - INFO - joeynmt.training - Hooray! New best validation result [ppl]!
2026-05-08 18:39:17,545 - INFO - joeynmt.helpers - delete models/deen_transformer_pre/11000.ckpt
2026-05-08 18:39:17,548 - INFO - joeynmt.training - Example #0
2026-05-08 18:39:17,548 - DEBUG - joeynmt.training - 	Tokenized source:     ['die', 'Pre@@', 'mi@@', 'er@@', 'minist@@', 'er', 'Indi@@', 'ens', 'und', 'J@@', 'ap@@', 'ans', 'tra@@', 'fen', 'sich', 'in', 'T@@', 'ok@@', 'i@@', 'o', '.']
2026-05-08 18:39:17,548 - DEBUG - joeynmt.training - 	Tokenized reference:  ['Indi@@', 'a', 'and', 'J@@', 'ap@@', 'an', 'pri@@', 'me', 'minist@@', 'ers', 'me@@', 'et', 'in', 'T@@', 'ok@@', 'y@@', 'o']
2026-05-08 18:39:17,548 - DEBUG - joeynmt.training - 	Tokenized hypothesis: ['the', 'Pre@@', 'mi@@', 'er', 'Minist@@', 'er', 'Indi@@', 'a', 'and', 'J@@', 'ap@@', 'an', 'A@@', 'gre@@', 'ement', '.', '</s>']
2026-05-08 18:39:17,548 - INFO - joeynmt.training - 	Source:     die Premierminister Indiens und Japans trafen sich in Tokio .
2026-05-08 18:39:17,548 - INFO - joeynmt.training - 	Reference:  India and Japan prime ministers meet in Tokyo
2026-05-08 18:39:17,548 - INFO - joeynmt.training - 	Hypothesis: the Premier Minister India and Japan Agreement .
2026-05-08 18:39:17,548 - INFO - joeynmt.training - Example #1
2026-05-08 18:39:17,548 - DEBUG - joeynmt.training - 	Tokenized source:     ['Indi@@', 'ens', 'neu@@', 'er', 'Pre@@', 'mi@@', 'er@@', 'minist@@', 'er', 'N@@', 'ar@@', 'end@@', 'ra', 'Mo@@', 'd@@', 'i', 'tri@@', 'fft', 'bei', 's@@', 'einem', 'ersten', 'wichti@@', 'gen', 'Aus@@', 'land@@', 's@@', 'bes@@', 'u@@', 'ch', 'seit', 's@@', 'einem', 'W@@', 'ah@@', 'l@@', 'si@@', 'e@@', 'g', 'im', 'Ma@@', 'i', 'seinen', 'j@@', 'ap@@', 'an@@', 'ischen', 'Am@@', 'ts@@', 'k@@', 'olle@@', 'gen', 'S@@', 'hin@@', 'z@@', 'o', 'A@@', 'be', 'in', 'T@@', 'ok@@', 'o', ',', 'um', 'wirtschaf@@', 'tliche', 'und', 'sicher@@', 'heits@@', 'politische', 'Be@@', 'zieh@@', 'ungen', 'zu', 'bes@@', 'pre@@', 'chen', '.']
2026-05-08 18:39:17,548 - DEBUG - joeynmt.training - 	Tokenized reference:  ['Indi@@', 'a', '&apos;s', 'new', 'pri@@', 'me', 'minist@@', 'er', ',', 'N@@', 'ar@@', 'end@@', 'ra', 'Mo@@', 'd@@', 'i', ',', 'is', 'me@@', 'eting', 'his', 'J@@', 'ap@@', 'an@@', 'ese', 'coun@@', 'ter@@', 'part', ',', 'S@@', 'hin@@', 'z@@', 'o', 'A@@', 'be', ',', 'in', 'T@@', 'ok@@', 'y@@', 'o', 'to', 'disc@@', 'uss', 'economic', 'and', 'security', 'ties', ',', 'on', 'his', 'first', 'major', 'fore@@', 'ign', 'visi@@', 't', 'since', 'w@@', 'inn@@', 'ing', 'Ma@@', 'y', '&apos;s', 'elec@@', 'tion', '.']
2026-05-08 18:39:17,548 - DEBUG - joeynmt.training - 	Tokenized hypothesis: ['Indi@@', 'a', '&apos;s', 'lat@@', 'est', 'pri@@', 'm@@', 'ari@@', 'ly', ',', 'the', 'M@@', 'ol@@', 'd@@', 'i', '&apos;s', 'first', 'important', 'ex@@', 'change', 'in', 'the', 'Ma@@', 'y', 'of', 'his', 'first', 'important', 'ex@@', 'change', 'in', 'the', 'Ma@@', 'y', 'of', 'his', 'J@@', 'ap@@', 'an@@', 'ese', ',', 'in', 'Ma@@', 'y', 'his', 'J@@', 'ap@@', 'an@@', 'ese', 'S@@', 'hin@@', 'z@@', 'o', 'A@@', 'be', 'in', 'T@@', 'ok@@', 'o', ',', 'to', 're@@', 'mo@@', 'te', 'economic', 'and', 'saf@@', 'ety', '.', '</s>']
2026-05-08 18:39:17,548 - INFO - joeynmt.training - 	Source:     Indiens neuer Premierminister Narendra Modi trifft bei seinem ersten wichtigen Auslandsbesuch seit seinem Wahlsieg im Mai seinen japanischen Amtskollegen Shinzo Abe in Toko , um wirtschaftliche und sicherheitspolitische Beziehungen zu besprechen .
2026-05-08 18:39:17,548 - INFO - joeynmt.training - 	Reference:  India &apos;s new prime minister , Narendra Modi , is meeting his Japanese counterpart , Shinzo Abe , in Tokyo to discuss economic and security ties , on his first major foreign visit since winning May &apos;s election .
2026-05-08 18:39:17,549 - INFO - joeynmt.training - 	Hypothesis: India &apos;s latest primarily , the Moldi &apos;s first important exchange in the May of his first important exchange in the May of his Japanese , in May his Japanese Shinzo Abe in Toko , to remote economic and safety .
2026-05-08 18:39:17,549 - INFO - joeynmt.training - Example #2
2026-05-08 18:39:17,549 - DEBUG - joeynmt.training - 	Tokenized source:     ['Herr', 'Mo@@', 'd@@', 'i', 'befindet', 'sich', 'auf', 'einer', 'fü@@', 'n@@', 'f@@', 'tä@@', 'gi@@', 'gen', 'Rei@@', 'se', 'nach', 'J@@', 'ap@@', 'an', ',', 'um', 'die', 'wirtschaf@@', 'tlichen', 'Be@@', 'zieh@@', 'ungen', 'mit', 'der', 'd@@', 'rit@@', 't@@', 'größ@@', 'ten', 'Wirtschafts@@', 'n@@', 'ation', 'der', 'Welt', 'zu', 'fes@@', 'tigen', '.']
2026-05-08 18:39:17,549 - DEBUG - joeynmt.training - 	Tokenized reference:  ['Mr', 'Mo@@', 'd@@', 'i', 'is', 'on', 'a', 'fi@@', 've', '@@@', '-@@', '@', 'day', 'tri@@', 'p', 'to', 'J@@', 'ap@@', 'an', 'to', 'streng@@', 'then', 'economic', 'ties', 'with', 'the', 'third', 'lar@@', 'ges@@', 't', 'econom@@', 'y', 'in', 'the', 'world', '.']
2026-05-08 18:39:17,549 - DEBUG - joeynmt.training - 	Tokenized hypothesis: ['Mr', 'Mo@@', 'd@@', 'i', 'is', 'located', 'on', 'a', 'fi@@', 'f@@', 'ty', 'of', 'the', 'world', '&apos;s', 'economic', 'rel@@', 'ations', 'with', 'the', 'third', 'lar@@', 'ges@@', 't', 'economic', 'rel@@', 'ations', 'with', 'the', 'third', 'lar@@', 'ges@@', 't', 'economic', 'rel@@', 'ations', 'with', 'the', 'third', 'lar@@', 'ges@@', 't', 'economic', 'rel@@', 'ations', 'with', 'the', 'third', 'lar@@', 'ges@@', 't', 'economic', 'rel@@', 'ations', 'with', 'the', 'third', 'lar@@', 'ges@@', 't', 'economic', 'rel@@', 'ations', 'with', 'the', 'third', 'lar@@', 'ges@@', 't', 'economic', 'rel@@', 'ations', 'with', 'the', 'third', 'lar@@', 'ges@@', 't', 'economic', 'rel@@', 'ations', '.', '</s>']
2026-05-08 18:39:17,549 - INFO - joeynmt.training - 	Source:     Herr Modi befindet sich auf einer fünftägigen Reise nach Japan , um die wirtschaftlichen Beziehungen mit der drittgrößten Wirtschaftsnation der Welt zu festigen .
2026-05-08 18:39:17,549 - INFO - joeynmt.training - 	Reference:  Mr Modi is on a five @-@ day trip to Japan to strengthen economic ties with the third largest economy in the world .
2026-05-08 18:39:17,549 - INFO - joeynmt.training - 	Hypothesis: Mr Modi is located on a fifty of the world &apos;s economic relations with the third largest economic relations with the third largest economic relations with the third largest economic relations with the third largest economic relations with the third largest economic relations with the third largest economic relations with the third largest economic relations .
2026-05-08 18:39:17,549 - INFO - joeynmt.training - Example #3
2026-05-08 18:39:17,549 - DEBUG - joeynmt.training - 	Tokenized source:     ['P@@', 'län@@', 'e', 'für', 'eine', 'stärk@@', 'ere', 'k@@', 'ern@@', 'techn@@', 'ische', 'Zusammenarbeit', 'stehen', 'ganz', 'ob@@', 'en', 'auf', 'der', 'Tag@@', 'es@@', 'ordnung', '.']
2026-05-08 18:39:17,549 - DEBUG - joeynmt.training - 	Tokenized reference:  ['high', 'on', 'the', 'agen@@', 'da', 'are', 'pl@@', 'ans', 'for', 'gre@@', 'ater', 'nu@@', 'clear', 'c@@', 'o', '@@@', '-@@', '@', 'operation', '.']
2026-05-08 18:39:17,549 - DEBUG - joeynmt.training - 	Tokenized hypothesis: ['P@@', 'ru@@', 'e', 'for', 'a', 'gre@@', 'ater', 'techn@@', 'ical', 'cooperation', '.', '</s>']
2026-05-08 18:39:17,549 - INFO - joeynmt.training - 	Source:     Pläne für eine stärkere kerntechnische Zusammenarbeit stehen ganz oben auf der Tagesordnung .
2026-05-08 18:39:17,549 - INFO - joeynmt.training - 	Reference:  high on the agenda are plans for greater nuclear co @-@ operation .
2026-05-08 18:39:17,549 - INFO - joeynmt.training - 	Hypothesis: Prue for a greater technical cooperation .
2026-05-08 18:39:17,549 - INFO - joeynmt.training - Example #4
2026-05-08 18:39:17,549 - DEBUG - joeynmt.training - 	Tokenized source:     ['Berich@@', 'ten', 'zu@@', 'fol@@', 'ge', 'ho@@', 'fft', 'Indi@@', 'en', 'darüber', 'hinaus', 'auf', 'einen', 'Ver@@', 'trag', 'zur', 'Ver@@', 'tei@@', 'dig@@', 'ungs@@', 'zusammen@@', 'arbeit', 'zwischen', 'den', 'beiden', 'N@@', 'ationen', '.']
2026-05-08 18:39:17,549 - DEBUG - joeynmt.training - 	Tokenized reference:  ['Indi@@', 'a', 'is', 'also', 're@@', 'porte@@', 'dly', 'hop@@', 'ing', 'for', 'a', 'de@@', 'al', 'on', 'def@@', 'ence', 'c@@', 'oll@@', 'ab@@', 'or@@', 'ation', 'between', 'the', 'two', 'n@@', 'ations', '.']
2026-05-08 18:39:17,549 - DEBUG - joeynmt.training - 	Tokenized hypothesis: ['re@@', 'ports', ',', 'Indi@@', 'a', 'is', 'also', 'to', 'be', 'the', 'case', 'of', 'the', 'con@@', 'tra@@', 'ct', 'on', 'the', 'con@@', 'text', 'of', 'the', 'both', 'N@@', 'ations', '.', '</s>']
2026-05-08 18:39:17,549 - INFO - joeynmt.training - 	Source:     Berichten zufolge hofft Indien darüber hinaus auf einen Vertrag zur Verteidigungszusammenarbeit zwischen den beiden Nationen .
2026-05-08 18:39:17,549 - INFO - joeynmt.training - 	Reference:  India is also reportedly hoping for a deal on defence collaboration between the two nations .
2026-05-08 18:39:17,549 - INFO - joeynmt.training - 	Hypothesis: reports , India is also to be the case of the contract on the context of the both Nations .
2026-05-08 18:39:34,734 - INFO - joeynmt.training - Epoch   4, Step:    13600, Batch Loss:     1.943418, Batch Acc: 0.478984, Tokens per Sec:     5303, Lr: 0.000300
2026-05-08 18:39:51,964 - INFO - joeynmt.training - Epoch   4, Step:    13700, Batch Loss:     1.798653, Batch Acc: 0.480417, Tokens per Sec:     5326, Lr: 0.000300
2026-05-08 18:40:09,091 - INFO - joeynmt.training - Epoch   4, Step:    13800, Batch Loss:     1.963854, Batch Acc: 0.481608, Tokens per Sec:     5361, Lr: 0.000300
2026-05-08 18:40:26,190 - INFO - joeynmt.training - Epoch   4, Step:    13900, Batch Loss:     1.942504, Batch Acc: 0.484082, Tokens per Sec:     5235, Lr: 0.000300
2026-05-08 18:40:43,225 - INFO - joeynmt.training - Epoch   4, Step:    14000, Batch Loss:     2.048821, Batch Acc: 0.484296, Tokens per Sec:     5445, Lr: 0.000300
2026-05-08 18:40:43,225 - INFO - joeynmt.prediction - Predicting 500 example(s)... (Greedy decoding with min_output_length=1, max_output_length=-1, return_prob='none', generate_unk=True, repetition_penalty=-1, no_repeat_ngram_size=-1)
2026-05-08 18:41:06,650 - INFO - joeynmt.prediction - Evaluation result (greedy) loss:   2.24, ppl:   9.43, acc:   0.42, generation: 23.4208[sec], evaluation: 0.0000[sec]
2026-05-08 18:41:06,652 - INFO - joeynmt.training - Hooray! New best validation result [ppl]!
2026-05-08 18:41:06,740 - INFO - joeynmt.helpers - delete models/deen_transformer_pre/11500.ckpt
2026-05-08 18:41:06,741 - INFO - joeynmt.training - Example #0
2026-05-08 18:41:06,741 - DEBUG - joeynmt.training - 	Tokenized source:     ['die', 'Pre@@', 'mi@@', 'er@@', 'minist@@', 'er', 'Indi@@', 'ens', 'und', 'J@@', 'ap@@', 'ans', 'tra@@', 'fen', 'sich', 'in', 'T@@', 'ok@@', 'i@@', 'o', '.']
2026-05-08 18:41:06,741 - DEBUG - joeynmt.training - 	Tokenized reference:  ['Indi@@', 'a', 'and', 'J@@', 'ap@@', 'an', 'pri@@', 'me', 'minist@@', 'ers', 'me@@', 'et', 'in', 'T@@', 'ok@@', 'y@@', 'o']
2026-05-08 18:41:06,741 - DEBUG - joeynmt.training - 	Tokenized hypothesis: ['the', 'price', 'minist@@', 'ers', 'of', 'Indi@@', 'a', 'and', 'J@@', 'ap@@', 'ans', 'will', 'be', 'hel@@', 'd', 'in', 'T@@', 'ok@@', 'i@@', 'o', '.', '</s>']
2026-05-08 18:41:06,741 - INFO - joeynmt.training - 	Source:     die Premierminister Indiens und Japans trafen sich in Tokio .
2026-05-08 18:41:06,741 - INFO - joeynmt.training - 	Reference:  India and Japan prime ministers meet in Tokyo
2026-05-08 18:41:06,741 - INFO - joeynmt.training - 	Hypothesis: the price ministers of India and Japans will be held in Tokio .
2026-05-08 18:41:06,741 - INFO - joeynmt.training - Example #1
2026-05-08 18:41:06,741 - DEBUG - joeynmt.training - 	Tokenized source:     ['Indi@@', 'ens', 'neu@@', 'er', 'Pre@@', 'mi@@', 'er@@', 'minist@@', 'er', 'N@@', 'ar@@', 'end@@', 'ra', 'Mo@@', 'd@@', 'i', 'tri@@', 'fft', 'bei', 's@@', 'einem', 'ersten', 'wichti@@', 'gen', 'Aus@@', 'land@@', 's@@', 'bes@@', 'u@@', 'ch', 'seit', 's@@', 'einem', 'W@@', 'ah@@', 'l@@', 'si@@', 'e@@', 'g', 'im', 'Ma@@', 'i', 'seinen', 'j@@', 'ap@@', 'an@@', 'ischen', 'Am@@', 'ts@@', 'k@@', 'olle@@', 'gen', 'S@@', 'hin@@', 'z@@', 'o', 'A@@', 'be', 'in', 'T@@', 'ok@@', 'o', ',', 'um', 'wirtschaf@@', 'tliche', 'und', 'sicher@@', 'heits@@', 'politische', 'Be@@', 'zieh@@', 'ungen', 'zu', 'bes@@', 'pre@@', 'chen', '.']
2026-05-08 18:41:06,741 - DEBUG - joeynmt.training - 	Tokenized reference:  ['Indi@@', 'a', '&apos;s', 'new', 'pri@@', 'me', 'minist@@', 'er', ',', 'N@@', 'ar@@', 'end@@', 'ra', 'Mo@@', 'd@@', 'i', ',', 'is', 'me@@', 'eting', 'his', 'J@@', 'ap@@', 'an@@', 'ese', 'coun@@', 'ter@@', 'part', ',', 'S@@', 'hin@@', 'z@@', 'o', 'A@@', 'be', ',', 'in', 'T@@', 'ok@@', 'y@@', 'o', 'to', 'disc@@', 'uss', 'economic', 'and', 'security', 'ties', ',', 'on', 'his', 'first', 'major', 'fore@@', 'ign', 'visi@@', 't', 'since', 'w@@', 'inn@@', 'ing', 'Ma@@', 'y', '&apos;s', 'elec@@', 'tion', '.']
2026-05-08 18:41:06,741 - DEBUG - joeynmt.training - 	Tokenized hypothesis: ['Indi@@', 'a', '&apos;s', 'lat@@', 'est', 'Pri@@', 'me', 'Minist@@', 'er', 'N@@', 'ar@@', 'end@@', 'ra', 'Mo@@', 'd@@', 'i', ',', 'in', 'his', 'first', 'important', 'ex@@', 'change', 'of', 'the', 'S@@', 'hin@@', 'z@@', 'o', 'A@@', 'be', 'in', 'the', 'Ma@@', 'y', 'of', 'his', 'J@@', 'ap@@', 'an@@', 'ese', '&apos;s', '&apos;s', 'orig@@', 'in@@', 'al', 'auth@@', 'orities', 'S@@', 'hin@@', 'z@@', 'o', 'A@@', 'li@@', 'an', 'A@@', 'be', 'in', 'T@@', 'ok@@', 'o', ',', 'and', 'S@@', 'hin@@', 'z@@', 'o', 'A@@', 'ff@@', 'air@@', 's', '.', '</s>']
2026-05-08 18:41:06,742 - INFO - joeynmt.training - 	Source:     Indiens neuer Premierminister Narendra Modi trifft bei seinem ersten wichtigen Auslandsbesuch seit seinem Wahlsieg im Mai seinen japanischen Amtskollegen Shinzo Abe in Toko , um wirtschaftliche und sicherheitspolitische Beziehungen zu besprechen .
2026-05-08 18:41:06,742 - INFO - joeynmt.training - 	Reference:  India &apos;s new prime minister , Narendra Modi , is meeting his Japanese counterpart , Shinzo Abe , in Tokyo to discuss economic and security ties , on his first major foreign visit since winning May &apos;s election .
2026-05-08 18:41:06,742 - INFO - joeynmt.training - 	Hypothesis: India &apos;s latest Prime Minister Narendra Modi , in his first important exchange of the Shinzo Abe in the May of his Japanese &apos;s &apos;s original authorities Shinzo Alian Abe in Toko , and Shinzo Affairs .
2026-05-08 18:41:06,742 - INFO - joeynmt.training - Example #2
2026-05-08 18:41:06,742 - DEBUG - joeynmt.training - 	Tokenized source:     ['Herr', 'Mo@@', 'd@@', 'i', 'befindet', 'sich', 'auf', 'einer', 'fü@@', 'n@@', 'f@@', 'tä@@', 'gi@@', 'gen', 'Rei@@', 'se', 'nach', 'J@@', 'ap@@', 'an', ',', 'um', 'die', 'wirtschaf@@', 'tlichen', 'Be@@', 'zieh@@', 'ungen', 'mit', 'der', 'd@@', 'rit@@', 't@@', 'größ@@', 'ten', 'Wirtschafts@@', 'n@@', 'ation', 'der', 'Welt', 'zu', 'fes@@', 'tigen', '.']
2026-05-08 18:41:06,742 - DEBUG - joeynmt.training - 	Tokenized reference:  ['Mr', 'Mo@@', 'd@@', 'i', 'is', 'on', 'a', 'fi@@', 've', '@@@', '-@@', '@', 'day', 'tri@@', 'p', 'to', 'J@@', 'ap@@', 'an', 'to', 'streng@@', 'then', 'economic', 'ties', 'with', 'the', 'third', 'lar@@', 'ges@@', 't', 'econom@@', 'y', 'in', 'the', 'world', '.']
2026-05-08 18:41:06,742 - DEBUG - joeynmt.training - 	Tokenized hypothesis: ['Mr', 'Mo@@', 'd@@', 'i', 'is', 'located', 'on', 'a', 'fi@@', 'f@@', 'ty', 'of', 'the', 'fi@@', 'f@@', 'ty', 'of', 'J@@', 'ap@@', 'an', 'to', 'the', 'economic', 'rel@@', 'ation@@', 'ship', 'with', 'the', 'third', 'lar@@', 'ges@@', 't', 'economic', 'rel@@', 'ation@@', 'ship', 'with', 'the', 'third', 'lar@@', 'ges@@', 't', 'economic', 'rel@@', 'ation@@', 'ship', 'with', 'the', 'third', 'lar@@', 'ges@@', 't', 'economic', 'rel@@', 'ation@@', 'ship', 'with', 'the', 'third', 'lar@@', 'ges@@', 't', 'economic', 'rel@@', 'ation@@', 'ship', 'with', 'the', 'third', 'lar@@', 'ges@@', 't', 'economic', 'rel@@', 'ation@@', 'ship', '.', '</s>']
2026-05-08 18:41:06,742 - INFO - joeynmt.training - 	Source:     Herr Modi befindet sich auf einer fünftägigen Reise nach Japan , um die wirtschaftlichen Beziehungen mit der drittgrößten Wirtschaftsnation der Welt zu festigen .
2026-05-08 18:41:06,742 - INFO - joeynmt.training - 	Reference:  Mr Modi is on a five @-@ day trip to Japan to strengthen economic ties with the third largest economy in the world .
2026-05-08 18:41:06,742 - INFO - joeynmt.training - 	Hypothesis: Mr Modi is located on a fifty of the fifty of Japan to the economic relationship with the third largest economic relationship with the third largest economic relationship with the third largest economic relationship with the third largest economic relationship with the third largest economic relationship .
2026-05-08 18:41:06,742 - INFO - joeynmt.training - Example #3
2026-05-08 18:41:06,742 - DEBUG - joeynmt.training - 	Tokenized source:     ['P@@', 'län@@', 'e', 'für', 'eine', 'stärk@@', 'ere', 'k@@', 'ern@@', 'techn@@', 'ische', 'Zusammenarbeit', 'stehen', 'ganz', 'ob@@', 'en', 'auf', 'der', 'Tag@@', 'es@@', 'ordnung', '.']
2026-05-08 18:41:06,742 - DEBUG - joeynmt.training - 	Tokenized reference:  ['high', 'on', 'the', 'agen@@', 'da', 'are', 'pl@@', 'ans', 'for', 'gre@@', 'ater', 'nu@@', 'clear', 'c@@', 'o', '@@@', '-@@', '@', 'operation', '.']
2026-05-08 18:41:06,742 - DEBUG - joeynmt.training - 	Tokenized hypothesis: ['P@@', 'ru@@', 'e', 'for', 'a', 'str@@', 'ong', 'techn@@', 'ical', 'cooperation', '.', '</s>']
2026-05-08 18:41:06,742 - INFO - joeynmt.training - 	Source:     Pläne für eine stärkere kerntechnische Zusammenarbeit stehen ganz oben auf der Tagesordnung .
2026-05-08 18:41:06,742 - INFO - joeynmt.training - 	Reference:  high on the agenda are plans for greater nuclear co @-@ operation .
2026-05-08 18:41:06,742 - INFO - joeynmt.training - 	Hypothesis: Prue for a strong technical cooperation .
2026-05-08 18:41:06,742 - INFO - joeynmt.training - Example #4
2026-05-08 18:41:06,742 - DEBUG - joeynmt.training - 	Tokenized source:     ['Berich@@', 'ten', 'zu@@', 'fol@@', 'ge', 'ho@@', 'fft', 'Indi@@', 'en', 'darüber', 'hinaus', 'auf', 'einen', 'Ver@@', 'trag', 'zur', 'Ver@@', 'tei@@', 'dig@@', 'ungs@@', 'zusammen@@', 'arbeit', 'zwischen', 'den', 'beiden', 'N@@', 'ationen', '.']
2026-05-08 18:41:06,742 - DEBUG - joeynmt.training - 	Tokenized reference:  ['Indi@@', 'a', 'is', 'also', 're@@', 'porte@@', 'dly', 'hop@@', 'ing', 'for', 'a', 'de@@', 'al', 'on', 'def@@', 'ence', 'c@@', 'oll@@', 'ab@@', 'or@@', 'ation', 'between', 'the', 'two', 'n@@', 'ations', '.']
2026-05-08 18:41:06,742 - DEBUG - joeynmt.training - 	Tokenized hypothesis: ['the', 'following', 'high', 'time', 'Indi@@', 'a', 'is', 'also', 'to', 'be', 'a', 'Tre@@', 'aty', 'on', 'a', 'Tre@@', 'aty', 'on', 'the', 'basis', 'of', 'the', 'jo@@', 'int', 'net@@', 'work', 'between', 'the', 'two', 'N@@', 'ations', '.', '</s>']
2026-05-08 18:41:06,742 - INFO - joeynmt.training - 	Source:     Berichten zufolge hofft Indien darüber hinaus auf einen Vertrag zur Verteidigungszusammenarbeit zwischen den beiden Nationen .
2026-05-08 18:41:06,742 - INFO - joeynmt.training - 	Reference:  India is also reportedly hoping for a deal on defence collaboration between the two nations .
2026-05-08 18:41:06,742 - INFO - joeynmt.training - 	Hypothesis: the following high time India is also to be a Treaty on a Treaty on the basis of the joint network between the two Nations .
2026-05-08 18:41:24,032 - INFO - joeynmt.training - Epoch   4, Step:    14100, Batch Loss:     1.882071, Batch Acc: 0.482026, Tokens per Sec:     5437, Lr: 0.000300
2026-05-08 18:41:41,316 - INFO - joeynmt.training - Epoch   4, Step:    14200, Batch Loss:     1.812403, Batch Acc: 0.490261, Tokens per Sec:     5290, Lr: 0.000300
2026-05-08 18:41:58,445 - INFO - joeynmt.training - Epoch   4, Step:    14300, Batch Loss:     1.902778, Batch Acc: 0.481867, Tokens per Sec:     5388, Lr: 0.000300
2026-05-08 18:42:15,691 - INFO - joeynmt.training - Epoch   4, Step:    14400, Batch Loss:     2.024211, Batch Acc: 0.478682, Tokens per Sec:     5389, Lr: 0.000300
2026-05-08 18:42:32,956 - INFO - joeynmt.training - Epoch   4, Step:    14500, Batch Loss:     2.082295, Batch Acc: 0.486452, Tokens per Sec:     5190, Lr: 0.000300
2026-05-08 18:42:32,957 - INFO - joeynmt.prediction - Predicting 500 example(s)... (Greedy decoding with min_output_length=1, max_output_length=-1, return_prob='none', generate_unk=True, repetition_penalty=-1, no_repeat_ngram_size=-1)
2026-05-08 18:43:06,143 - INFO - joeynmt.prediction - Evaluation result (greedy) loss:   2.23, ppl:   9.26, acc:   0.43, generation: 33.1815[sec], evaluation: 0.0000[sec]
2026-05-08 18:43:06,144 - INFO - joeynmt.training - Hooray! New best validation result [ppl]!
2026-05-08 18:43:06,232 - INFO - joeynmt.helpers - delete models/deen_transformer_pre/12000.ckpt
2026-05-08 18:43:06,235 - INFO - joeynmt.training - Example #0
2026-05-08 18:43:06,235 - DEBUG - joeynmt.training - 	Tokenized source:     ['die', 'Pre@@', 'mi@@', 'er@@', 'minist@@', 'er', 'Indi@@', 'ens', 'und', 'J@@', 'ap@@', 'ans', 'tra@@', 'fen', 'sich', 'in', 'T@@', 'ok@@', 'i@@', 'o', '.']
2026-05-08 18:43:06,235 - DEBUG - joeynmt.training - 	Tokenized reference:  ['Indi@@', 'a', 'and', 'J@@', 'ap@@', 'an', 'pri@@', 'me', 'minist@@', 'ers', 'me@@', 'et', 'in', 'T@@', 'ok@@', 'y@@', 'o']
2026-05-08 18:43:06,236 - DEBUG - joeynmt.training - 	Tokenized hypothesis: ['the', 'Pre@@', 'mi@@', 'er', 'minist@@', 'er', 'Indi@@', 'a', 'and', 'J@@', 'ap@@', 'ans', 'will', 'help', 'to', 'T@@', 'ok@@', 'i@@', 'o', '.', '</s>']
2026-05-08 18:43:06,236 - INFO - joeynmt.training - 	Source:     die Premierminister Indiens und Japans trafen sich in Tokio .
2026-05-08 18:43:06,236 - INFO - joeynmt.training - 	Reference:  India and Japan prime ministers meet in Tokyo
2026-05-08 18:43:06,236 - INFO - joeynmt.training - 	Hypothesis: the Premier minister India and Japans will help to Tokio .
2026-05-08 18:43:06,236 - INFO - joeynmt.training - Example #1
2026-05-08 18:43:06,236 - DEBUG - joeynmt.training - 	Tokenized source:     ['Indi@@', 'ens', 'neu@@', 'er', 'Pre@@', 'mi@@', 'er@@', 'minist@@', 'er', 'N@@', 'ar@@', 'end@@', 'ra', 'Mo@@', 'd@@', 'i', 'tri@@', 'fft', 'bei', 's@@', 'einem', 'ersten', 'wichti@@', 'gen', 'Aus@@', 'land@@', 's@@', 'bes@@', 'u@@', 'ch', 'seit', 's@@', 'einem', 'W@@', 'ah@@', 'l@@', 'si@@', 'e@@', 'g', 'im', 'Ma@@', 'i', 'seinen', 'j@@', 'ap@@', 'an@@', 'ischen', 'Am@@', 'ts@@', 'k@@', 'olle@@', 'gen', 'S@@', 'hin@@', 'z@@', 'o', 'A@@', 'be', 'in', 'T@@', 'ok@@', 'o', ',', 'um', 'wirtschaf@@', 'tliche', 'und', 'sicher@@', 'heits@@', 'politische', 'Be@@', 'zieh@@', 'ungen', 'zu', 'bes@@', 'pre@@', 'chen', '.']
2026-05-08 18:43:06,236 - DEBUG - joeynmt.training - 	Tokenized reference:  ['Indi@@', 'a', '&apos;s', 'new', 'pri@@', 'me', 'minist@@', 'er', ',', 'N@@', 'ar@@', 'end@@', 'ra', 'Mo@@', 'd@@', 'i', ',', 'is', 'me@@', 'eting', 'his', 'J@@', 'ap@@', 'an@@', 'ese', 'coun@@', 'ter@@', 'part', ',', 'S@@', 'hin@@', 'z@@', 'o', 'A@@', 'be', ',', 'in', 'T@@', 'ok@@', 'y@@', 'o', 'to', 'disc@@', 'uss', 'economic', 'and', 'security', 'ties', ',', 'on', 'his', 'first', 'major', 'fore@@', 'ign', 'visi@@', 't', 'since', 'w@@', 'inn@@', 'ing', 'Ma@@', 'y', '&apos;s', 'elec@@', 'tion', '.']
2026-05-08 18:43:06,236 - DEBUG - joeynmt.training - 	Tokenized hypothesis: ['Indi@@', 'a', '&apos;s', 'lat@@', 'er', 'Pri@@', 'me', 'Minist@@', 'er', 'N@@', 'ar@@', 'end@@', 'ra', 'Mo@@', 'd@@', 'i', ',', 'in', 'his', 'first', 'important', 'ex@@', 'tern@@', 'al', ',', 'since', 'his', 'first', 'sign@@', 's', ',', 'in', 'the', 'Ma@@', 'y', 'of', 'his', 'J@@', 'ap@@', 'an@@', 'ese', 'Am@@', 'ts@@', 'k@@', 'o', 'A@@', 'be', 'in', 'T@@', 'ok@@', 'o', ',', 'to', 're@@', 'ach', 'economic', 'and', 'saf@@', 'ety', 'of', 'the', 'S@@', 'hin@@', 'z@@', 'o', 'A@@', 'be', 'in', 'T@@', 'ok@@', 'o', ',', 'and', 'S@@', 'hin@@', 'z@@', 'o', 'A@@', 'be', 'in', 'T@@', 'ok@@', 'o', ',', 'for', 'his', 'first', 'time', '.', '</s>']
2026-05-08 18:43:06,236 - INFO - joeynmt.training - 	Source:     Indiens neuer Premierminister Narendra Modi trifft bei seinem ersten wichtigen Auslandsbesuch seit seinem Wahlsieg im Mai seinen japanischen Amtskollegen Shinzo Abe in Toko , um wirtschaftliche und sicherheitspolitische Beziehungen zu besprechen .
2026-05-08 18:43:06,236 - INFO - joeynmt.training - 	Reference:  India &apos;s new prime minister , Narendra Modi , is meeting his Japanese counterpart , Shinzo Abe , in Tokyo to discuss economic and security ties , on his first major foreign visit since winning May &apos;s election .
2026-05-08 18:43:06,236 - INFO - joeynmt.training - 	Hypothesis: India &apos;s later Prime Minister Narendra Modi , in his first important external , since his first signs , in the May of his Japanese Amtsko Abe in Toko , to reach economic and safety of the Shinzo Abe in Toko , and Shinzo Abe in Toko , for his first time .
2026-05-08 18:43:06,236 - INFO - joeynmt.training - Example #2
2026-05-08 18:43:06,236 - DEBUG - joeynmt.training - 	Tokenized source:     ['Herr', 'Mo@@', 'd@@', 'i', 'befindet', 'sich', 'auf', 'einer', 'fü@@', 'n@@', 'f@@', 'tä@@', 'gi@@', 'gen', 'Rei@@', 'se', 'nach', 'J@@', 'ap@@', 'an', ',', 'um', 'die', 'wirtschaf@@', 'tlichen', 'Be@@', 'zieh@@', 'ungen', 'mit', 'der', 'd@@', 'rit@@', 't@@', 'größ@@', 'ten', 'Wirtschafts@@', 'n@@', 'ation', 'der', 'Welt', 'zu', 'fes@@', 'tigen', '.']
2026-05-08 18:43:06,236 - DEBUG - joeynmt.training - 	Tokenized reference:  ['Mr', 'Mo@@', 'd@@', 'i', 'is', 'on', 'a', 'fi@@', 've', '@@@', '-@@', '@', 'day', 'tri@@', 'p', 'to', 'J@@', 'ap@@', 'an', 'to', 'streng@@', 'then', 'economic', 'ties', 'with', 'the', 'third', 'lar@@', 'ges@@', 't', 'econom@@', 'y', 'in', 'the', 'world', '.']
2026-05-08 18:43:06,236 - DEBUG - joeynmt.training - 	Tokenized hypothesis: ['Mr', 'Mo@@', 'd@@', 'i', 'is', 'located', 'on', 'a', 'fi@@', 'f@@', 'ty', 'of', 'the', 'world', '&apos;s', 'most', 'important', 'rel@@', 'ations', 'with', 'the', 'third', 'lar@@', 'ges@@', 't', 'economic', 'rel@@', 'ations', 'with', 'the', 'world', '&apos;s', 'most', 'lar@@', 'ges@@', 't', 'economic', 'rel@@', 'ations', '.', '</s>']
2026-05-08 18:43:06,236 - INFO - joeynmt.training - 	Source:     Herr Modi befindet sich auf einer fünftägigen Reise nach Japan , um die wirtschaftlichen Beziehungen mit der drittgrößten Wirtschaftsnation der Welt zu festigen .
2026-05-08 18:43:06,236 - INFO - joeynmt.training - 	Reference:  Mr Modi is on a five @-@ day trip to Japan to strengthen economic ties with the third largest economy in the world .
2026-05-08 18:43:06,236 - INFO - joeynmt.training - 	Hypothesis: Mr Modi is located on a fifty of the world &apos;s most important relations with the third largest economic relations with the world &apos;s most largest economic relations .
2026-05-08 18:43:06,236 - INFO - joeynmt.training - Example #3
2026-05-08 18:43:06,236 - DEBUG - joeynmt.training - 	Tokenized source:     ['P@@', 'län@@', 'e', 'für', 'eine', 'stärk@@', 'ere', 'k@@', 'ern@@', 'techn@@', 'ische', 'Zusammenarbeit', 'stehen', 'ganz', 'ob@@', 'en', 'auf', 'der', 'Tag@@', 'es@@', 'ordnung', '.']
2026-05-08 18:43:06,236 - DEBUG - joeynmt.training - 	Tokenized reference:  ['high', 'on', 'the', 'agen@@', 'da', 'are', 'pl@@', 'ans', 'for', 'gre@@', 'ater', 'nu@@', 'clear', 'c@@', 'o', '@@@', '-@@', '@', 'operation', '.']
2026-05-08 18:43:06,236 - DEBUG - joeynmt.training - 	Tokenized hypothesis: ['p@@', 'ass@@', 'ing', 'for', 'a', 'gre@@', 'ater', 'seri@@', 'ous', 'techn@@', 'ical', 'cooperation', '.', '</s>']
2026-05-08 18:43:06,236 - INFO - joeynmt.training - 	Source:     Pläne für eine stärkere kerntechnische Zusammenarbeit stehen ganz oben auf der Tagesordnung .
2026-05-08 18:43:06,236 - INFO - joeynmt.training - 	Reference:  high on the agenda are plans for greater nuclear co @-@ operation .
2026-05-08 18:43:06,236 - INFO - joeynmt.training - 	Hypothesis: passing for a greater serious technical cooperation .
2026-05-08 18:43:06,236 - INFO - joeynmt.training - Example #4
2026-05-08 18:43:06,237 - DEBUG - joeynmt.training - 	Tokenized source:     ['Berich@@', 'ten', 'zu@@', 'fol@@', 'ge', 'ho@@', 'fft', 'Indi@@', 'en', 'darüber', 'hinaus', 'auf', 'einen', 'Ver@@', 'trag', 'zur', 'Ver@@', 'tei@@', 'dig@@', 'ungs@@', 'zusammen@@', 'arbeit', 'zwischen', 'den', 'beiden', 'N@@', 'ationen', '.']
2026-05-08 18:43:06,237 - DEBUG - joeynmt.training - 	Tokenized reference:  ['Indi@@', 'a', 'is', 'also', 're@@', 'porte@@', 'dly', 'hop@@', 'ing', 'for', 'a', 'de@@', 'al', 'on', 'def@@', 'ence', 'c@@', 'oll@@', 'ab@@', 'or@@', 'ation', 'between', 'the', 'two', 'n@@', 'ations', '.']
2026-05-08 18:43:06,237 - DEBUG - joeynmt.training - 	Tokenized hypothesis: ['re@@', 'ports', ',', 'the', 'hope', 'of', 'Indi@@', 'a', '&apos;s', 'ad@@', 'minist@@', 'ration', 'is', 'also', 'on', 'a', 'con@@', 'tra@@', 'ct', 'on', 'the', 'basis', 'of', 'the', 'two', 'N@@', 'ations', '.', '</s>']
2026-05-08 18:43:06,237 - INFO - joeynmt.training - 	Source:     Berichten zufolge hofft Indien darüber hinaus auf einen Vertrag zur Verteidigungszusammenarbeit zwischen den beiden Nationen .
2026-05-08 18:43:06,237 - INFO - joeynmt.training - 	Reference:  India is also reportedly hoping for a deal on defence collaboration between the two nations .
2026-05-08 18:43:06,237 - INFO - joeynmt.training - 	Hypothesis: reports , the hope of India &apos;s administration is also on a contract on the basis of the two Nations .
2026-05-08 18:43:23,395 - INFO - joeynmt.training - Epoch   4, Step:    14600, Batch Loss:     2.027293, Batch Acc: 0.486861, Tokens per Sec:     5283, Lr: 0.000300
2026-05-08 18:43:40,644 - INFO - joeynmt.training - Epoch   4, Step:    14700, Batch Loss:     1.923029, Batch Acc: 0.481465, Tokens per Sec:     5294, Lr: 0.000300
2026-05-08 18:43:58,017 - INFO - joeynmt.training - Epoch   4, Step:    14800, Batch Loss:     1.688962, Batch Acc: 0.480758, Tokens per Sec:     5292, Lr: 0.000300
2026-05-08 18:44:15,217 - INFO - joeynmt.training - Epoch   4, Step:    14900, Batch Loss:     1.764588, Batch Acc: 0.477317, Tokens per Sec:     5327, Lr: 0.000300
2026-05-08 18:44:32,567 - INFO - joeynmt.training - Epoch   4, Step:    15000, Batch Loss:     1.674785, Batch Acc: 0.487330, Tokens per Sec:     5195, Lr: 0.000300
2026-05-08 18:44:32,567 - INFO - joeynmt.prediction - Predicting 500 example(s)... (Greedy decoding with min_output_length=1, max_output_length=-1, return_prob='none', generate_unk=True, repetition_penalty=-1, no_repeat_ngram_size=-1)
2026-05-08 18:45:03,875 - INFO - joeynmt.prediction - Evaluation result (greedy) loss:   2.22, ppl:   9.24, acc:   0.43, generation: 31.3031[sec], evaluation: 0.0000[sec]
2026-05-08 18:45:03,876 - INFO - joeynmt.training - Hooray! New best validation result [ppl]!
2026-05-08 18:45:03,965 - INFO - joeynmt.helpers - delete models/deen_transformer_pre/12500.ckpt
2026-05-08 18:45:03,968 - INFO - joeynmt.training - Example #0
2026-05-08 18:45:03,968 - DEBUG - joeynmt.training - 	Tokenized source:     ['die', 'Pre@@', 'mi@@', 'er@@', 'minist@@', 'er', 'Indi@@', 'ens', 'und', 'J@@', 'ap@@', 'ans', 'tra@@', 'fen', 'sich', 'in', 'T@@', 'ok@@', 'i@@', 'o', '.']
2026-05-08 18:45:03,968 - DEBUG - joeynmt.training - 	Tokenized reference:  ['Indi@@', 'a', 'and', 'J@@', 'ap@@', 'an', 'pri@@', 'me', 'minist@@', 'ers', 'me@@', 'et', 'in', 'T@@', 'ok@@', 'y@@', 'o']
2026-05-08 18:45:03,968 - DEBUG - joeynmt.training - 	Tokenized hypothesis: ['the', 'pri@@', 'me', 'minist@@', 'er', 'Indi@@', 'a', 'and', 'J@@', 'ap@@', 'an', 'and', 'J@@', 'ap@@', 'an', 'and', 'J@@', 'ap@@', 'an', '.', '</s>']
2026-05-08 18:45:03,968 - INFO - joeynmt.training - 	Source:     die Premierminister Indiens und Japans trafen sich in Tokio .
2026-05-08 18:45:03,968 - INFO - joeynmt.training - 	Reference:  India and Japan prime ministers meet in Tokyo
2026-05-08 18:45:03,968 - INFO - joeynmt.training - 	Hypothesis: the prime minister India and Japan and Japan and Japan .
2026-05-08 18:45:03,968 - INFO - joeynmt.training - Example #1
2026-05-08 18:45:03,969 - DEBUG - joeynmt.training - 	Tokenized source:     ['Indi@@', 'ens', 'neu@@', 'er', 'Pre@@', 'mi@@', 'er@@', 'minist@@', 'er', 'N@@', 'ar@@', 'end@@', 'ra', 'Mo@@', 'd@@', 'i', 'tri@@', 'fft', 'bei', 's@@', 'einem', 'ersten', 'wichti@@', 'gen', 'Aus@@', 'land@@', 's@@', 'bes@@', 'u@@', 'ch', 'seit', 's@@', 'einem', 'W@@', 'ah@@', 'l@@', 'si@@', 'e@@', 'g', 'im', 'Ma@@', 'i', 'seinen', 'j@@', 'ap@@', 'an@@', 'ischen', 'Am@@', 'ts@@', 'k@@', 'olle@@', 'gen', 'S@@', 'hin@@', 'z@@', 'o', 'A@@', 'be', 'in', 'T@@', 'ok@@', 'o', ',', 'um', 'wirtschaf@@', 'tliche', 'und', 'sicher@@', 'heits@@', 'politische', 'Be@@', 'zieh@@', 'ungen', 'zu', 'bes@@', 'pre@@', 'chen', '.']
2026-05-08 18:45:03,969 - DEBUG - joeynmt.training - 	Tokenized reference:  ['Indi@@', 'a', '&apos;s', 'new', 'pri@@', 'me', 'minist@@', 'er', ',', 'N@@', 'ar@@', 'end@@', 'ra', 'Mo@@', 'd@@', 'i', ',', 'is', 'me@@', 'eting', 'his', 'J@@', 'ap@@', 'an@@', 'ese', 'coun@@', 'ter@@', 'part', ',', 'S@@', 'hin@@', 'z@@', 'o', 'A@@', 'be', ',', 'in', 'T@@', 'ok@@', 'y@@', 'o', 'to', 'disc@@', 'uss', 'economic', 'and', 'security', 'ties', ',', 'on', 'his', 'first', 'major', 'fore@@', 'ign', 'visi@@', 't', 'since', 'w@@', 'inn@@', 'ing', 'Ma@@', 'y', '&apos;s', 'elec@@', 'tion', '.']
2026-05-08 18:45:03,969 - DEBUG - joeynmt.training - 	Tokenized hypothesis: ['Indi@@', 'a', '&apos;s', 'new', 'pri@@', 'me', 'minist@@', 'er', 'N@@', 'ar@@', 'end@@', 'ra', 'Mo@@', 'd@@', 'i', ',', 'in', 'the', 'first', 'important', 'ex@@', 'tern@@', 'al', 'ex@@', 'tern@@', 'al', 'to', 'the', 'Ma@@', 'y', 'of', 'his', 'elec@@', 'tion', 'in', 'Ma@@', 'y', ',', 'in', 'Ma@@', 'y', 'its', 'J@@', 'ap@@', 'an', 'A@@', 'be', 'in', 'T@@', 'ok@@', 'o', ',', 'in', 'the', 'Ma@@', 'y', 'of', 'S@@', 'hin@@', 'z@@', 'o', 'A@@', 'be', 'in', 'T@@', 'ok@@', 'o', ',', 'in', 'the', 'Ma@@', 'y', 'of', 'S@@', 'hin@@', 'z@@', 'o', 'A@@', 'be', 'in', 'T@@', 'ok@@', 'o', ',', 'and', 'S@@', 'hin@@', 'e', '.', '</s>']
2026-05-08 18:45:03,969 - INFO - joeynmt.training - 	Source:     Indiens neuer Premierminister Narendra Modi trifft bei seinem ersten wichtigen Auslandsbesuch seit seinem Wahlsieg im Mai seinen japanischen Amtskollegen Shinzo Abe in Toko , um wirtschaftliche und sicherheitspolitische Beziehungen zu besprechen .
2026-05-08 18:45:03,969 - INFO - joeynmt.training - 	Reference:  India &apos;s new prime minister , Narendra Modi , is meeting his Japanese counterpart , Shinzo Abe , in Tokyo to discuss economic and security ties , on his first major foreign visit since winning May &apos;s election .
2026-05-08 18:45:03,969 - INFO - joeynmt.training - 	Hypothesis: India &apos;s new prime minister Narendra Modi , in the first important external external to the May of his election in May , in May its Japan Abe in Toko , in the May of Shinzo Abe in Toko , in the May of Shinzo Abe in Toko , and Shine .
2026-05-08 18:45:03,969 - INFO - joeynmt.training - Example #2
2026-05-08 18:45:03,969 - DEBUG - joeynmt.training - 	Tokenized source:     ['Herr', 'Mo@@', 'd@@', 'i', 'befindet', 'sich', 'auf', 'einer', 'fü@@', 'n@@', 'f@@', 'tä@@', 'gi@@', 'gen', 'Rei@@', 'se', 'nach', 'J@@', 'ap@@', 'an', ',', 'um', 'die', 'wirtschaf@@', 'tlichen', 'Be@@', 'zieh@@', 'ungen', 'mit', 'der', 'd@@', 'rit@@', 't@@', 'größ@@', 'ten', 'Wirtschafts@@', 'n@@', 'ation', 'der', 'Welt', 'zu', 'fes@@', 'tigen', '.']
2026-05-08 18:45:03,969 - DEBUG - joeynmt.training - 	Tokenized reference:  ['Mr', 'Mo@@', 'd@@', 'i', 'is', 'on', 'a', 'fi@@', 've', '@@@', '-@@', '@', 'day', 'tri@@', 'p', 'to', 'J@@', 'ap@@', 'an', 'to', 'streng@@', 'then', 'economic', 'ties', 'with', 'the', 'third', 'lar@@', 'ges@@', 't', 'econom@@', 'y', 'in', 'the', 'world', '.']
2026-05-08 18:45:03,969 - DEBUG - joeynmt.training - 	Tokenized hypothesis: ['Mr', 'Mo@@', 'd@@', 'i', 'is', 'located', 'on', 'a', 'fi@@', 'f@@', 'ty', 'of', 'the', 'world', '&apos;s', 'economic', 'rel@@', 'ations', 'with', 'the', 'third', 'lar@@', 'ges@@', 't', 'economic', 'rel@@', 'ations', 'with', 'the', 'world', '&apos;s', 'economic', 'rel@@', 'ations', '.', '</s>']
2026-05-08 18:45:03,969 - INFO - joeynmt.training - 	Source:     Herr Modi befindet sich auf einer fünftägigen Reise nach Japan , um die wirtschaftlichen Beziehungen mit der drittgrößten Wirtschaftsnation der Welt zu festigen .
2026-05-08 18:45:03,969 - INFO - joeynmt.training - 	Reference:  Mr Modi is on a five @-@ day trip to Japan to strengthen economic ties with the third largest economy in the world .
2026-05-08 18:45:03,969 - INFO - joeynmt.training - 	Hypothesis: Mr Modi is located on a fifty of the world &apos;s economic relations with the third largest economic relations with the world &apos;s economic relations .
2026-05-08 18:45:03,969 - INFO - joeynmt.training - Example #3
2026-05-08 18:45:03,969 - DEBUG - joeynmt.training - 	Tokenized source:     ['P@@', 'län@@', 'e', 'für', 'eine', 'stärk@@', 'ere', 'k@@', 'ern@@', 'techn@@', 'ische', 'Zusammenarbeit', 'stehen', 'ganz', 'ob@@', 'en', 'auf', 'der', 'Tag@@', 'es@@', 'ordnung', '.']
2026-05-08 18:45:03,969 - DEBUG - joeynmt.training - 	Tokenized reference:  ['high', 'on', 'the', 'agen@@', 'da', 'are', 'pl@@', 'ans', 'for', 'gre@@', 'ater', 'nu@@', 'clear', 'c@@', 'o', '@@@', '-@@', '@', 'operation', '.']
2026-05-08 18:45:03,969 - DEBUG - joeynmt.training - 	Tokenized hypothesis: ['P@@', 'lan@@', 'e', 'for', 'a', 'gre@@', 'ater', 'seri@@', 'ous', 'techn@@', 'ical', 'cooperation', '.', '</s>']
2026-05-08 18:45:03,969 - INFO - joeynmt.training - 	Source:     Pläne für eine stärkere kerntechnische Zusammenarbeit stehen ganz oben auf der Tagesordnung .
2026-05-08 18:45:03,969 - INFO - joeynmt.training - 	Reference:  high on the agenda are plans for greater nuclear co @-@ operation .
2026-05-08 18:45:03,969 - INFO - joeynmt.training - 	Hypothesis: Plane for a greater serious technical cooperation .
2026-05-08 18:45:03,969 - INFO - joeynmt.training - Example #4
2026-05-08 18:45:03,969 - DEBUG - joeynmt.training - 	Tokenized source:     ['Berich@@', 'ten', 'zu@@', 'fol@@', 'ge', 'ho@@', 'fft', 'Indi@@', 'en', 'darüber', 'hinaus', 'auf', 'einen', 'Ver@@', 'trag', 'zur', 'Ver@@', 'tei@@', 'dig@@', 'ungs@@', 'zusammen@@', 'arbeit', 'zwischen', 'den', 'beiden', 'N@@', 'ationen', '.']
2026-05-08 18:45:03,969 - DEBUG - joeynmt.training - 	Tokenized reference:  ['Indi@@', 'a', 'is', 'also', 're@@', 'porte@@', 'dly', 'hop@@', 'ing', 'for', 'a', 'de@@', 'al', 'on', 'def@@', 'ence', 'c@@', 'oll@@', 'ab@@', 'or@@', 'ation', 'between', 'the', 'two', 'n@@', 'ations', '.']
2026-05-08 18:45:03,969 - DEBUG - joeynmt.training - 	Tokenized hypothesis: ['re@@', 'ports', ',', 'Indi@@', 'a', 'has', 'also', 'sho@@', 'wn', 'Indi@@', 'a', '&apos;s', 'proposal', 'for', 'a', 'Tre@@', 'aty', 'on', 'the', 'proposal', 'for', 'a', 'con@@', 'text', '.', '</s>']
2026-05-08 18:45:03,970 - INFO - joeynmt.training - 	Source:     Berichten zufolge hofft Indien darüber hinaus auf einen Vertrag zur Verteidigungszusammenarbeit zwischen den beiden Nationen .
2026-05-08 18:45:03,970 - INFO - joeynmt.training - 	Reference:  India is also reportedly hoping for a deal on defence collaboration between the two nations .
2026-05-08 18:45:03,970 - INFO - joeynmt.training - 	Hypothesis: reports , India has also shown India &apos;s proposal for a Treaty on the proposal for a context .
2026-05-08 18:45:21,662 - INFO - joeynmt.training - Epoch   4, Step:    15100, Batch Loss:     1.978587, Batch Acc: 0.489107, Tokens per Sec:     5133, Lr: 0.000300
2026-05-08 18:45:39,111 - INFO - joeynmt.training - Epoch   4, Step:    15200, Batch Loss:     1.776623, Batch Acc: 0.487844, Tokens per Sec:     5224, Lr: 0.000300
2026-05-08 18:45:56,591 - INFO - joeynmt.training - Epoch   4, Step:    15300, Batch Loss:     1.885663, Batch Acc: 0.483143, Tokens per Sec:     5292, Lr: 0.000300
2026-05-08 18:46:14,121 - INFO - joeynmt.training - Epoch   4, Step:    15400, Batch Loss:     1.934664, Batch Acc: 0.486436, Tokens per Sec:     5220, Lr: 0.000300
2026-05-08 18:46:31,727 - INFO - joeynmt.training - Epoch   4, Step:    15500, Batch Loss:     1.877653, Batch Acc: 0.487198, Tokens per Sec:     5262, Lr: 0.000300
2026-05-08 18:46:31,727 - INFO - joeynmt.prediction - Predicting 500 example(s)... (Greedy decoding with min_output_length=1, max_output_length=-1, return_prob='none', generate_unk=True, repetition_penalty=-1, no_repeat_ngram_size=-1)
2026-05-08 18:47:04,292 - INFO - joeynmt.prediction - Evaluation result (greedy) loss:   2.22, ppl:   9.24, acc:   0.42, generation: 32.5600[sec], evaluation: 0.0000[sec]
2026-05-08 18:47:04,294 - INFO - joeynmt.training - Hooray! New best validation result [ppl]!
2026-05-08 18:47:04,380 - INFO - joeynmt.helpers - delete models/deen_transformer_pre/13000.ckpt
2026-05-08 18:47:04,383 - INFO - joeynmt.training - Example #0
2026-05-08 18:47:04,383 - DEBUG - joeynmt.training - 	Tokenized source:     ['die', 'Pre@@', 'mi@@', 'er@@', 'minist@@', 'er', 'Indi@@', 'ens', 'und', 'J@@', 'ap@@', 'ans', 'tra@@', 'fen', 'sich', 'in', 'T@@', 'ok@@', 'i@@', 'o', '.']
2026-05-08 18:47:04,383 - DEBUG - joeynmt.training - 	Tokenized reference:  ['Indi@@', 'a', 'and', 'J@@', 'ap@@', 'an', 'pri@@', 'me', 'minist@@', 'ers', 'me@@', 'et', 'in', 'T@@', 'ok@@', 'y@@', 'o']
2026-05-08 18:47:04,383 - DEBUG - joeynmt.training - 	Tokenized hypothesis: ['the', 'price', 'minist@@', 'er', 'Indi@@', 'a', 'and', 'J@@', 'ap@@', 'an', '&apos;s', 'pre@@', 'mi@@', 'um', '.', '</s>']
2026-05-08 18:47:04,383 - INFO - joeynmt.training - 	Source:     die Premierminister Indiens und Japans trafen sich in Tokio .
2026-05-08 18:47:04,383 - INFO - joeynmt.training - 	Reference:  India and Japan prime ministers meet in Tokyo
2026-05-08 18:47:04,383 - INFO - joeynmt.training - 	Hypothesis: the price minister India and Japan &apos;s premium .
2026-05-08 18:47:04,383 - INFO - joeynmt.training - Example #1
2026-05-08 18:47:04,383 - DEBUG - joeynmt.training - 	Tokenized source:     ['Indi@@', 'ens', 'neu@@', 'er', 'Pre@@', 'mi@@', 'er@@', 'minist@@', 'er', 'N@@', 'ar@@', 'end@@', 'ra', 'Mo@@', 'd@@', 'i', 'tri@@', 'fft', 'bei', 's@@', 'einem', 'ersten', 'wichti@@', 'gen', 'Aus@@', 'land@@', 's@@', 'bes@@', 'u@@', 'ch', 'seit', 's@@', 'einem', 'W@@', 'ah@@', 'l@@', 'si@@', 'e@@', 'g', 'im', 'Ma@@', 'i', 'seinen', 'j@@', 'ap@@', 'an@@', 'ischen', 'Am@@', 'ts@@', 'k@@', 'olle@@', 'gen', 'S@@', 'hin@@', 'z@@', 'o', 'A@@', 'be', 'in', 'T@@', 'ok@@', 'o', ',', 'um', 'wirtschaf@@', 'tliche', 'und', 'sicher@@', 'heits@@', 'politische', 'Be@@', 'zieh@@', 'ungen', 'zu', 'bes@@', 'pre@@', 'chen', '.']
2026-05-08 18:47:04,383 - DEBUG - joeynmt.training - 	Tokenized reference:  ['Indi@@', 'a', '&apos;s', 'new', 'pri@@', 'me', 'minist@@', 'er', ',', 'N@@', 'ar@@', 'end@@', 'ra', 'Mo@@', 'd@@', 'i', ',', 'is', 'me@@', 'eting', 'his', 'J@@', 'ap@@', 'an@@', 'ese', 'coun@@', 'ter@@', 'part', ',', 'S@@', 'hin@@', 'z@@', 'o', 'A@@', 'be', ',', 'in', 'T@@', 'ok@@', 'y@@', 'o', 'to', 'disc@@', 'uss', 'economic', 'and', 'security', 'ties', ',', 'on', 'his', 'first', 'major', 'fore@@', 'ign', 'visi@@', 't', 'since', 'w@@', 'inn@@', 'ing', 'Ma@@', 'y', '&apos;s', 'elec@@', 'tion', '.']
2026-05-08 18:47:04,383 - DEBUG - joeynmt.training - 	Tokenized hypothesis: ['Indi@@', 'a', '&apos;s', 'lat@@', 'est', 'pri@@', 'm@@', 'ari@@', 'ly', ',', 'the', 'first', 'important', 'ex@@', 'tern@@', 'al', 'A@@', 'be', 'the', 'first', 'important', 'ex@@', 'tern@@', 'al', 'A@@', 'be', 'in', 'Ma@@', 'y', ',', 'the', 'S@@', 'hin@@', 'z@@', 'o', ',', 'in', 'Ma@@', 'y', 'his', 'J@@', 'ap@@', 'an', '&apos;s', 'J@@', 'ap@@', 'an', '&apos;s', 'H@@', 'um@@', 'an', 'Ri@@', 'ghts', ',', 'and', 'S@@', 'hin@@', 'z@@', 'o', 'A@@', 'be', 'in', 'T@@', 'ok@@', 'o', ',', 'and', 'saf@@', 'ety', 'of', 'the', 'S@@', 'hin@@', 'z@@', 'o', 'A@@', 'be', 'in', 'T@@', 'ok@@', 'o', ',', 'and', 'S@@', 'hin@@', 'z@@', 'o', '.', '</s>']
2026-05-08 18:47:04,383 - INFO - joeynmt.training - 	Source:     Indiens neuer Premierminister Narendra Modi trifft bei seinem ersten wichtigen Auslandsbesuch seit seinem Wahlsieg im Mai seinen japanischen Amtskollegen Shinzo Abe in Toko , um wirtschaftliche und sicherheitspolitische Beziehungen zu besprechen .
2026-05-08 18:47:04,383 - INFO - joeynmt.training - 	Reference:  India &apos;s new prime minister , Narendra Modi , is meeting his Japanese counterpart , Shinzo Abe , in Tokyo to discuss economic and security ties , on his first major foreign visit since winning May &apos;s election .
2026-05-08 18:47:04,383 - INFO - joeynmt.training - 	Hypothesis: India &apos;s latest primarily , the first important external Abe the first important external Abe in May , the Shinzo , in May his Japan &apos;s Japan &apos;s Human Rights , and Shinzo Abe in Toko , and safety of the Shinzo Abe in Toko , and Shinzo .
2026-05-08 18:47:04,383 - INFO - joeynmt.training - Example #2
2026-05-08 18:47:04,384 - DEBUG - joeynmt.training - 	Tokenized source:     ['Herr', 'Mo@@', 'd@@', 'i', 'befindet', 'sich', 'auf', 'einer', 'fü@@', 'n@@', 'f@@', 'tä@@', 'gi@@', 'gen', 'Rei@@', 'se', 'nach', 'J@@', 'ap@@', 'an', ',', 'um', 'die', 'wirtschaf@@', 'tlichen', 'Be@@', 'zieh@@', 'ungen', 'mit', 'der', 'd@@', 'rit@@', 't@@', 'größ@@', 'ten', 'Wirtschafts@@', 'n@@', 'ation', 'der', 'Welt', 'zu', 'fes@@', 'tigen', '.']
2026-05-08 18:47:04,384 - DEBUG - joeynmt.training - 	Tokenized reference:  ['Mr', 'Mo@@', 'd@@', 'i', 'is', 'on', 'a', 'fi@@', 've', '@@@', '-@@', '@', 'day', 'tri@@', 'p', 'to', 'J@@', 'ap@@', 'an', 'to', 'streng@@', 'then', 'economic', 'ties', 'with', 'the', 'third', 'lar@@', 'ges@@', 't', 'econom@@', 'y', 'in', 'the', 'world', '.']
2026-05-08 18:47:04,384 - DEBUG - joeynmt.training - 	Tokenized hypothesis: ['Mr', 'Mo@@', 'd@@', 'i', 'is', 'on', 'a', 'fi@@', 'f@@', 'ty', 'of', 'the', 'world', '&apos;s', 'economic', 'rel@@', 'ations', 'with', 'the', 'third', 'lar@@', 'ges@@', 't', 'economic', 'rel@@', 'ations', 'with', 'the', 'third', 'lar@@', 'ges@@', 't', 'economic', 'rel@@', 'ations', 'with', 'the', 'third', 'lar@@', 'ges@@', 't', 'economic', 'rel@@', 'ations', 'with', 'the', 'third', 'lar@@', 'ges@@', 't', 'economic', 'rel@@', 'ations', '.', '</s>']
2026-05-08 18:47:04,384 - INFO - joeynmt.training - 	Source:     Herr Modi befindet sich auf einer fünftägigen Reise nach Japan , um die wirtschaftlichen Beziehungen mit der drittgrößten Wirtschaftsnation der Welt zu festigen .
2026-05-08 18:47:04,384 - INFO - joeynmt.training - 	Reference:  Mr Modi is on a five @-@ day trip to Japan to strengthen economic ties with the third largest economy in the world .
2026-05-08 18:47:04,384 - INFO - joeynmt.training - 	Hypothesis: Mr Modi is on a fifty of the world &apos;s economic relations with the third largest economic relations with the third largest economic relations with the third largest economic relations with the third largest economic relations .
2026-05-08 18:47:04,384 - INFO - joeynmt.training - Example #3
2026-05-08 18:47:04,384 - DEBUG - joeynmt.training - 	Tokenized source:     ['P@@', 'län@@', 'e', 'für', 'eine', 'stärk@@', 'ere', 'k@@', 'ern@@', 'techn@@', 'ische', 'Zusammenarbeit', 'stehen', 'ganz', 'ob@@', 'en', 'auf', 'der', 'Tag@@', 'es@@', 'ordnung', '.']
2026-05-08 18:47:04,384 - DEBUG - joeynmt.training - 	Tokenized reference:  ['high', 'on', 'the', 'agen@@', 'da', 'are', 'pl@@', 'ans', 'for', 'gre@@', 'ater', 'nu@@', 'clear', 'c@@', 'o', '@@@', '-@@', '@', 'operation', '.']
2026-05-08 18:47:04,384 - DEBUG - joeynmt.training - 	Tokenized hypothesis: ['p@@', 'ass@@', 'ed', 'for', 'a', 'gre@@', 'ater', 'more', 'more', 'seri@@', 'ous', 'techn@@', 'ical', 'cooperation', '.', '</s>']
2026-05-08 18:47:04,384 - INFO - joeynmt.training - 	Source:     Pläne für eine stärkere kerntechnische Zusammenarbeit stehen ganz oben auf der Tagesordnung .
2026-05-08 18:47:04,384 - INFO - joeynmt.training - 	Reference:  high on the agenda are plans for greater nuclear co @-@ operation .
2026-05-08 18:47:04,384 - INFO - joeynmt.training - 	Hypothesis: passed for a greater more more serious technical cooperation .
2026-05-08 18:47:04,384 - INFO - joeynmt.training - Example #4
2026-05-08 18:47:04,384 - DEBUG - joeynmt.training - 	Tokenized source:     ['Berich@@', 'ten', 'zu@@', 'fol@@', 'ge', 'ho@@', 'fft', 'Indi@@', 'en', 'darüber', 'hinaus', 'auf', 'einen', 'Ver@@', 'trag', 'zur', 'Ver@@', 'tei@@', 'dig@@', 'ungs@@', 'zusammen@@', 'arbeit', 'zwischen', 'den', 'beiden', 'N@@', 'ationen', '.']
2026-05-08 18:47:04,384 - DEBUG - joeynmt.training - 	Tokenized reference:  ['Indi@@', 'a', 'is', 'also', 're@@', 'porte@@', 'dly', 'hop@@', 'ing', 'for', 'a', 'de@@', 'al', 'on', 'def@@', 'ence', 'c@@', 'oll@@', 'ab@@', 'or@@', 'ation', 'between', 'the', 'two', 'n@@', 'ations', '.']
2026-05-08 18:47:04,384 - DEBUG - joeynmt.training - 	Tokenized hypothesis: ['re@@', 'ports', 'on', 'the', 'basis', 'of', 'the', 'S@@', 'ec@@', 'urity', 'Council', 'has', 'also', 'been', 'a', 'con@@', 'tra@@', 'ct', 'on', 'the', 'con@@', 'tr@@', 'ary', 'to', 'the', 'def@@', 'ence', 'of', 'the', 'two', 'N@@', 'ations', '.', '</s>']
2026-05-08 18:47:04,384 - INFO - joeynmt.training - 	Source:     Berichten zufolge hofft Indien darüber hinaus auf einen Vertrag zur Verteidigungszusammenarbeit zwischen den beiden Nationen .
2026-05-08 18:47:04,384 - INFO - joeynmt.training - 	Reference:  India is also reportedly hoping for a deal on defence collaboration between the two nations .
2026-05-08 18:47:04,384 - INFO - joeynmt.training - 	Hypothesis: reports on the basis of the Security Council has also been a contract on the contrary to the defence of the two Nations .
2026-05-08 18:47:21,807 - INFO - joeynmt.training - Epoch   4, Step:    15600, Batch Loss:     1.813467, Batch Acc: 0.487378, Tokens per Sec:     5216, Lr: 0.000300
2026-05-08 18:47:39,292 - INFO - joeynmt.training - Epoch   4, Step:    15700, Batch Loss:     1.833627, Batch Acc: 0.484368, Tokens per Sec:     5298, Lr: 0.000300
2026-05-08 18:47:56,660 - INFO - joeynmt.training - Epoch   4, Step:    15800, Batch Loss:     1.800171, Batch Acc: 0.489831, Tokens per Sec:     5286, Lr: 0.000300
2026-05-08 18:48:14,013 - INFO - joeynmt.training - Epoch   4, Step:    15900, Batch Loss:     1.904974, Batch Acc: 0.483316, Tokens per Sec:     5356, Lr: 0.000300
2026-05-08 18:48:31,530 - INFO - joeynmt.training - Epoch   4, Step:    16000, Batch Loss:     1.720023, Batch Acc: 0.485430, Tokens per Sec:     5270, Lr: 0.000300
2026-05-08 18:48:31,530 - INFO - joeynmt.prediction - Predicting 500 example(s)... (Greedy decoding with min_output_length=1, max_output_length=-1, return_prob='none', generate_unk=True, repetition_penalty=-1, no_repeat_ngram_size=-1)
2026-05-08 18:48:58,539 - INFO - joeynmt.prediction - Evaluation result (greedy) loss:   2.19, ppl:   8.98, acc:   0.43, generation: 27.0040[sec], evaluation: 0.0000[sec]
2026-05-08 18:48:58,540 - INFO - joeynmt.training - Hooray! New best validation result [ppl]!
2026-05-08 18:48:58,628 - INFO - joeynmt.helpers - delete models/deen_transformer_pre/13500.ckpt
2026-05-08 18:48:58,631 - INFO - joeynmt.training - Example #0
2026-05-08 18:48:58,631 - DEBUG - joeynmt.training - 	Tokenized source:     ['die', 'Pre@@', 'mi@@', 'er@@', 'minist@@', 'er', 'Indi@@', 'ens', 'und', 'J@@', 'ap@@', 'ans', 'tra@@', 'fen', 'sich', 'in', 'T@@', 'ok@@', 'i@@', 'o', '.']
2026-05-08 18:48:58,631 - DEBUG - joeynmt.training - 	Tokenized reference:  ['Indi@@', 'a', 'and', 'J@@', 'ap@@', 'an', 'pri@@', 'me', 'minist@@', 'ers', 'me@@', 'et', 'in', 'T@@', 'ok@@', 'y@@', 'o']
2026-05-08 18:48:58,631 - DEBUG - joeynmt.training - 	Tokenized hypothesis: ['the', 'Pri@@', 'me', 'Minist@@', 'er', 'Indi@@', 'a', 'and', 'J@@', 'ap@@', 'an', 'A@@', 's@@', 'soci@@', 'ation', '.', '</s>']
2026-05-08 18:48:58,631 - INFO - joeynmt.training - 	Source:     die Premierminister Indiens und Japans trafen sich in Tokio .
2026-05-08 18:48:58,631 - INFO - joeynmt.training - 	Reference:  India and Japan prime ministers meet in Tokyo
2026-05-08 18:48:58,631 - INFO - joeynmt.training - 	Hypothesis: the Prime Minister India and Japan Association .
2026-05-08 18:48:58,631 - INFO - joeynmt.training - Example #1
2026-05-08 18:48:58,631 - DEBUG - joeynmt.training - 	Tokenized source:     ['Indi@@', 'ens', 'neu@@', 'er', 'Pre@@', 'mi@@', 'er@@', 'minist@@', 'er', 'N@@', 'ar@@', 'end@@', 'ra', 'Mo@@', 'd@@', 'i', 'tri@@', 'fft', 'bei', 's@@', 'einem', 'ersten', 'wichti@@', 'gen', 'Aus@@', 'land@@', 's@@', 'bes@@', 'u@@', 'ch', 'seit', 's@@', 'einem', 'W@@', 'ah@@', 'l@@', 'si@@', 'e@@', 'g', 'im', 'Ma@@', 'i', 'seinen', 'j@@', 'ap@@', 'an@@', 'ischen', 'Am@@', 'ts@@', 'k@@', 'olle@@', 'gen', 'S@@', 'hin@@', 'z@@', 'o', 'A@@', 'be', 'in', 'T@@', 'ok@@', 'o', ',', 'um', 'wirtschaf@@', 'tliche', 'und', 'sicher@@', 'heits@@', 'politische', 'Be@@', 'zieh@@', 'ungen', 'zu', 'bes@@', 'pre@@', 'chen', '.']
2026-05-08 18:48:58,631 - DEBUG - joeynmt.training - 	Tokenized reference:  ['Indi@@', 'a', '&apos;s', 'new', 'pri@@', 'me', 'minist@@', 'er', ',', 'N@@', 'ar@@', 'end@@', 'ra', 'Mo@@', 'd@@', 'i', ',', 'is', 'me@@', 'eting', 'his', 'J@@', 'ap@@', 'an@@', 'ese', 'coun@@', 'ter@@', 'part', ',', 'S@@', 'hin@@', 'z@@', 'o', 'A@@', 'be', ',', 'in', 'T@@', 'ok@@', 'y@@', 'o', 'to', 'disc@@', 'uss', 'economic', 'and', 'security', 'ties', ',', 'on', 'his', 'first', 'major', 'fore@@', 'ign', 'visi@@', 't', 'since', 'w@@', 'inn@@', 'ing', 'Ma@@', 'y', '&apos;s', 'elec@@', 'tion', '.']
2026-05-08 18:48:58,631 - DEBUG - joeynmt.training - 	Tokenized hypothesis: ['Indi@@', 'a', '&apos;s', 'lat@@', 'er', 'Pri@@', 'me', 'Minist@@', 'er', 'N@@', 'ar@@', 'end@@', 'ra', 'Mo@@', 'd@@', 'i', ',', 'in', 'his', 'first', 'important', 'ex@@', 'land@@', 'sc@@', 'ap@@', 'e', 'since', 'his', 'first', 'first', 'important', 'ex@@', 'change', 'in', 'Ma@@', 'y', 'his', 'J@@', 'ap@@', 'an', 'Am@@', 'ts@@', 'k@@', 'o', 'A@@', 'be', 'in', 'T@@', 'ok@@', 'o', ',', 'and', 'S@@', 'hin@@', 'z@@', 'o', 'A@@', 'be', 'in', 'T@@', 'ok@@', 'o', ',', 'economic', 'and', 'saf@@', 'ety', 'political', 'and', 'saf@@', 'ety', 'political', 'and', 'saf@@', 'ety', 'policy', '.', '</s>']
2026-05-08 18:48:58,631 - INFO - joeynmt.training - 	Source:     Indiens neuer Premierminister Narendra Modi trifft bei seinem ersten wichtigen Auslandsbesuch seit seinem Wahlsieg im Mai seinen japanischen Amtskollegen Shinzo Abe in Toko , um wirtschaftliche und sicherheitspolitische Beziehungen zu besprechen .
2026-05-08 18:48:58,631 - INFO - joeynmt.training - 	Reference:  India &apos;s new prime minister , Narendra Modi , is meeting his Japanese counterpart , Shinzo Abe , in Tokyo to discuss economic and security ties , on his first major foreign visit since winning May &apos;s election .
2026-05-08 18:48:58,631 - INFO - joeynmt.training - 	Hypothesis: India &apos;s later Prime Minister Narendra Modi , in his first important exlandscape since his first first important exchange in May his Japan Amtsko Abe in Toko , and Shinzo Abe in Toko , economic and safety political and safety political and safety policy .
2026-05-08 18:48:58,631 - INFO - joeynmt.training - Example #2
2026-05-08 18:48:58,632 - DEBUG - joeynmt.training - 	Tokenized source:     ['Herr', 'Mo@@', 'd@@', 'i', 'befindet', 'sich', 'auf', 'einer', 'fü@@', 'n@@', 'f@@', 'tä@@', 'gi@@', 'gen', 'Rei@@', 'se', 'nach', 'J@@', 'ap@@', 'an', ',', 'um', 'die', 'wirtschaf@@', 'tlichen', 'Be@@', 'zieh@@', 'ungen', 'mit', 'der', 'd@@', 'rit@@', 't@@', 'größ@@', 'ten', 'Wirtschafts@@', 'n@@', 'ation', 'der', 'Welt', 'zu', 'fes@@', 'tigen', '.']
2026-05-08 18:48:58,632 - DEBUG - joeynmt.training - 	Tokenized reference:  ['Mr', 'Mo@@', 'd@@', 'i', 'is', 'on', 'a', 'fi@@', 've', '@@@', '-@@', '@', 'day', 'tri@@', 'p', 'to', 'J@@', 'ap@@', 'an', 'to', 'streng@@', 'then', 'economic', 'ties', 'with', 'the', 'third', 'lar@@', 'ges@@', 't', 'econom@@', 'y', 'in', 'the', 'world', '.']
2026-05-08 18:48:58,632 - DEBUG - joeynmt.training - 	Tokenized hypothesis: ['Mr', 'Mo@@', 'd@@', 'i', 'is', 'one', 'of', 'the', 'fi@@', 'f@@', 'ty', 'of', 'the', 'year', 'of', 'J@@', 'ap@@', 'an', ',', 'to', 'the', 'economic', 'rel@@', 'ation@@', 'ship', 'with', 'the', 'third', 'lar@@', 'ges@@', 't', 'economic', 'rel@@', 'ation@@', 'ship', 'with', 'the', 'third', 'lar@@', 'ges@@', 't', 'economic', 'rel@@', 'ation@@', 'ship', 'with', 'the', 'third', 'lar@@', 'ges@@', 't', 'economic', 'rel@@', 'ation@@', 'ship', 'with', 'the', 'third', 'lar@@', 'ges@@', 't', 'economic', 'rel@@', 'ation@@', 'ship', 'with', 'the', 'third', 'world', '.', '</s>']
2026-05-08 18:48:58,632 - INFO - joeynmt.training - 	Source:     Herr Modi befindet sich auf einer fünftägigen Reise nach Japan , um die wirtschaftlichen Beziehungen mit der drittgrößten Wirtschaftsnation der Welt zu festigen .
2026-05-08 18:48:58,632 - INFO - joeynmt.training - 	Reference:  Mr Modi is on a five @-@ day trip to Japan to strengthen economic ties with the third largest economy in the world .
2026-05-08 18:48:58,632 - INFO - joeynmt.training - 	Hypothesis: Mr Modi is one of the fifty of the year of Japan , to the economic relationship with the third largest economic relationship with the third largest economic relationship with the third largest economic relationship with the third largest economic relationship with the third world .
2026-05-08 18:48:58,632 - INFO - joeynmt.training - Example #3
2026-05-08 18:48:58,632 - DEBUG - joeynmt.training - 	Tokenized source:     ['P@@', 'län@@', 'e', 'für', 'eine', 'stärk@@', 'ere', 'k@@', 'ern@@', 'techn@@', 'ische', 'Zusammenarbeit', 'stehen', 'ganz', 'ob@@', 'en', 'auf', 'der', 'Tag@@', 'es@@', 'ordnung', '.']
2026-05-08 18:48:58,632 - DEBUG - joeynmt.training - 	Tokenized reference:  ['high', 'on', 'the', 'agen@@', 'da', 'are', 'pl@@', 'ans', 'for', 'gre@@', 'ater', 'nu@@', 'clear', 'c@@', 'o', '@@@', '-@@', '@', 'operation', '.']
2026-05-08 18:48:58,632 - DEBUG - joeynmt.training - 	Tokenized hypothesis: ['p@@', 'u@@', 're@@', '-@@', 'more', 'more', 'more', 'seri@@', 'ous', 'techn@@', 'ical', 'cooperation', '.', '</s>']
2026-05-08 18:48:58,632 - INFO - joeynmt.training - 	Source:     Pläne für eine stärkere kerntechnische Zusammenarbeit stehen ganz oben auf der Tagesordnung .
2026-05-08 18:48:58,632 - INFO - joeynmt.training - 	Reference:  high on the agenda are plans for greater nuclear co @-@ operation .
2026-05-08 18:48:58,632 - INFO - joeynmt.training - 	Hypothesis: pure-more more more serious technical cooperation .
2026-05-08 18:48:58,632 - INFO - joeynmt.training - Example #4
2026-05-08 18:48:58,632 - DEBUG - joeynmt.training - 	Tokenized source:     ['Berich@@', 'ten', 'zu@@', 'fol@@', 'ge', 'ho@@', 'fft', 'Indi@@', 'en', 'darüber', 'hinaus', 'auf', 'einen', 'Ver@@', 'trag', 'zur', 'Ver@@', 'tei@@', 'dig@@', 'ungs@@', 'zusammen@@', 'arbeit', 'zwischen', 'den', 'beiden', 'N@@', 'ationen', '.']
2026-05-08 18:48:58,632 - DEBUG - joeynmt.training - 	Tokenized reference:  ['Indi@@', 'a', 'is', 'also', 're@@', 'porte@@', 'dly', 'hop@@', 'ing', 'for', 'a', 'de@@', 'al', 'on', 'def@@', 'ence', 'c@@', 'oll@@', 'ab@@', 'or@@', 'ation', 'between', 'the', 'two', 'n@@', 'ations', '.']
2026-05-08 18:48:58,632 - DEBUG - joeynmt.training - 	Tokenized hypothesis: ['re@@', 'ports', ',', 'the', 're@@', 'ports', 'on', 'a', 'con@@', 'tra@@', 'ct', 'on', 'a', 'con@@', 'tra@@', 'ct', 'on', 'the', 'con@@', 'tra@@', 'ct', 'of', 'the', 'two', 'n@@', 'ations', '.', '</s>']
2026-05-08 18:48:58,632 - INFO - joeynmt.training - 	Source:     Berichten zufolge hofft Indien darüber hinaus auf einen Vertrag zur Verteidigungszusammenarbeit zwischen den beiden Nationen .
2026-05-08 18:48:58,632 - INFO - joeynmt.training - 	Reference:  India is also reportedly hoping for a deal on defence collaboration between the two nations .
2026-05-08 18:48:58,632 - INFO - joeynmt.training - 	Hypothesis: reports , the reports on a contract on a contract on the contract of the two nations .
2026-05-08 18:49:16,278 - INFO - joeynmt.training - Epoch   4, Step:    16100, Batch Loss:     1.994230, Batch Acc: 0.485775, Tokens per Sec:     5166, Lr: 0.000300
2026-05-08 18:49:34,181 - INFO - joeynmt.training - Epoch   4, Step:    16200, Batch Loss:     1.924675, Batch Acc: 0.489912, Tokens per Sec:     5205, Lr: 0.000300
2026-05-08 18:49:45,390 - INFO - joeynmt.training - Epoch   4: total training loss 7774.19
2026-05-08 18:49:45,391 - INFO - joeynmt.training - EPOCH 5
2026-05-08 18:49:51,729 - INFO - joeynmt.training - Epoch   5, Step:    16300, Batch Loss:     1.848485, Batch Acc: 0.503256, Tokens per Sec:     5185, Lr: 0.000300
2026-05-08 18:50:09,401 - INFO - joeynmt.training - Epoch   5, Step:    16400, Batch Loss:     1.779269, Batch Acc: 0.507114, Tokens per Sec:     5198, Lr: 0.000300
2026-05-08 18:50:26,988 - INFO - joeynmt.training - Epoch   5, Step:    16500, Batch Loss:     1.950445, Batch Acc: 0.504648, Tokens per Sec:     5297, Lr: 0.000300
2026-05-08 18:50:26,989 - INFO - joeynmt.prediction - Predicting 500 example(s)... (Greedy decoding with min_output_length=1, max_output_length=-1, return_prob='none', generate_unk=True, repetition_penalty=-1, no_repeat_ngram_size=-1)
2026-05-08 18:50:54,923 - INFO - joeynmt.prediction - Evaluation result (greedy) loss:   2.20, ppl:   9.05, acc:   0.43, generation: 27.9294[sec], evaluation: 0.0000[sec]
2026-05-08 18:50:55,013 - INFO - joeynmt.helpers - delete models/deen_transformer_pre/14000.ckpt
2026-05-08 18:50:55,015 - INFO - joeynmt.training - Example #0
2026-05-08 18:50:55,015 - DEBUG - joeynmt.training - 	Tokenized source:     ['die', 'Pre@@', 'mi@@', 'er@@', 'minist@@', 'er', 'Indi@@', 'ens', 'und', 'J@@', 'ap@@', 'ans', 'tra@@', 'fen', 'sich', 'in', 'T@@', 'ok@@', 'i@@', 'o', '.']
2026-05-08 18:50:55,015 - DEBUG - joeynmt.training - 	Tokenized reference:  ['Indi@@', 'a', 'and', 'J@@', 'ap@@', 'an', 'pri@@', 'me', 'minist@@', 'ers', 'me@@', 'et', 'in', 'T@@', 'ok@@', 'y@@', 'o']
2026-05-08 18:50:55,015 - DEBUG - joeynmt.training - 	Tokenized hypothesis: ['the', 'Pri@@', 'me', 'Minist@@', 'er', 'Indi@@', 'a', 'and', 'J@@', 'ap@@', 'an', 'A@@', 'ff@@', 'air@@', 's', 'in', 'T@@', 'ok@@', 'i@@', 'o', '.', '</s>']
2026-05-08 18:50:55,015 - INFO - joeynmt.training - 	Source:     die Premierminister Indiens und Japans trafen sich in Tokio .
2026-05-08 18:50:55,015 - INFO - joeynmt.training - 	Reference:  India and Japan prime ministers meet in Tokyo
2026-05-08 18:50:55,015 - INFO - joeynmt.training - 	Hypothesis: the Prime Minister India and Japan Affairs in Tokio .
2026-05-08 18:50:55,015 - INFO - joeynmt.training - Example #1
2026-05-08 18:50:55,015 - DEBUG - joeynmt.training - 	Tokenized source:     ['Indi@@', 'ens', 'neu@@', 'er', 'Pre@@', 'mi@@', 'er@@', 'minist@@', 'er', 'N@@', 'ar@@', 'end@@', 'ra', 'Mo@@', 'd@@', 'i', 'tri@@', 'fft', 'bei', 's@@', 'einem', 'ersten', 'wichti@@', 'gen', 'Aus@@', 'land@@', 's@@', 'bes@@', 'u@@', 'ch', 'seit', 's@@', 'einem', 'W@@', 'ah@@', 'l@@', 'si@@', 'e@@', 'g', 'im', 'Ma@@', 'i', 'seinen', 'j@@', 'ap@@', 'an@@', 'ischen', 'Am@@', 'ts@@', 'k@@', 'olle@@', 'gen', 'S@@', 'hin@@', 'z@@', 'o', 'A@@', 'be', 'in', 'T@@', 'ok@@', 'o', ',', 'um', 'wirtschaf@@', 'tliche', 'und', 'sicher@@', 'heits@@', 'politische', 'Be@@', 'zieh@@', 'ungen', 'zu', 'bes@@', 'pre@@', 'chen', '.']
2026-05-08 18:50:55,015 - DEBUG - joeynmt.training - 	Tokenized reference:  ['Indi@@', 'a', '&apos;s', 'new', 'pri@@', 'me', 'minist@@', 'er', ',', 'N@@', 'ar@@', 'end@@', 'ra', 'Mo@@', 'd@@', 'i', ',', 'is', 'me@@', 'eting', 'his', 'J@@', 'ap@@', 'an@@', 'ese', 'coun@@', 'ter@@', 'part', ',', 'S@@', 'hin@@', 'z@@', 'o', 'A@@', 'be', ',', 'in', 'T@@', 'ok@@', 'y@@', 'o', 'to', 'disc@@', 'uss', 'economic', 'and', 'security', 'ties', ',', 'on', 'his', 'first', 'major', 'fore@@', 'ign', 'visi@@', 't', 'since', 'w@@', 'inn@@', 'ing', 'Ma@@', 'y', '&apos;s', 'elec@@', 'tion', '.']
2026-05-08 18:50:55,015 - DEBUG - joeynmt.training - 	Tokenized hypothesis: ['Indi@@', 'a', '&apos;s', 'lat@@', 'er', 'Pri@@', 'me', 'Minist@@', 'er', 'N@@', 'ar@@', 'end@@', 'ra', 'Mo@@', 'd@@', 'i', ',', 'in', 'his', 'first', 'important', 'ex@@', 'tern@@', 'al', 'ex@@', 'tern@@', 'al', 'A@@', 'ff@@', 'air@@', 's', ',', 'the', 'S@@', 'hin@@', 'z@@', 'o', 'A@@', 'be', 'in', 'T@@', 'ok@@', 'o', ',', 'in', 'Ma@@', 'y', 'his', 'J@@', 'ap@@', 'an@@', 'ese', 'S@@', 'hin@@', 'z@@', 'o', 'A@@', '.', '</s>']
2026-05-08 18:50:55,015 - INFO - joeynmt.training - 	Source:     Indiens neuer Premierminister Narendra Modi trifft bei seinem ersten wichtigen Auslandsbesuch seit seinem Wahlsieg im Mai seinen japanischen Amtskollegen Shinzo Abe in Toko , um wirtschaftliche und sicherheitspolitische Beziehungen zu besprechen .
2026-05-08 18:50:55,015 - INFO - joeynmt.training - 	Reference:  India &apos;s new prime minister , Narendra Modi , is meeting his Japanese counterpart , Shinzo Abe , in Tokyo to discuss economic and security ties , on his first major foreign visit since winning May &apos;s election .
2026-05-08 18:50:55,015 - INFO - joeynmt.training - 	Hypothesis: India &apos;s later Prime Minister Narendra Modi , in his first important external external Affairs , the Shinzo Abe in Toko , in May his Japanese Shinzo A.
2026-05-08 18:50:55,015 - INFO - joeynmt.training - Example #2
2026-05-08 18:50:55,015 - DEBUG - joeynmt.training - 	Tokenized source:     ['Herr', 'Mo@@', 'd@@', 'i', 'befindet', 'sich', 'auf', 'einer', 'fü@@', 'n@@', 'f@@', 'tä@@', 'gi@@', 'gen', 'Rei@@', 'se', 'nach', 'J@@', 'ap@@', 'an', ',', 'um', 'die', 'wirtschaf@@', 'tlichen', 'Be@@', 'zieh@@', 'ungen', 'mit', 'der', 'd@@', 'rit@@', 't@@', 'größ@@', 'ten', 'Wirtschafts@@', 'n@@', 'ation', 'der', 'Welt', 'zu', 'fes@@', 'tigen', '.']
2026-05-08 18:50:55,015 - DEBUG - joeynmt.training - 	Tokenized reference:  ['Mr', 'Mo@@', 'd@@', 'i', 'is', 'on', 'a', 'fi@@', 've', '@@@', '-@@', '@', 'day', 'tri@@', 'p', 'to', 'J@@', 'ap@@', 'an', 'to', 'streng@@', 'then', 'economic', 'ties', 'with', 'the', 'third', 'lar@@', 'ges@@', 't', 'econom@@', 'y', 'in', 'the', 'world', '.']
2026-05-08 18:50:55,015 - DEBUG - joeynmt.training - 	Tokenized hypothesis: ['Mr', 'Mo@@', 'de', 'is', 'based', 'on', 'a', 'fi@@', 'f@@', 'ty', 'of', 'the', 'world', '&apos;s', 'econom@@', 'y', 'with', 'the', 'third', 'lar@@', 'ges@@', 't', 'economic', 'rel@@', 'ations', 'with', 'the', 'third', 'lar@@', 'ges@@', 't', 'economic', 'rel@@', 'ations', 'with', 'the', 'third', 'lar@@', 'ges@@', 't', 'economic', 'n@@', 'ation', 'of', 'the', 'world', '.', '</s>']
2026-05-08 18:50:55,015 - INFO - joeynmt.training - 	Source:     Herr Modi befindet sich auf einer fünftägigen Reise nach Japan , um die wirtschaftlichen Beziehungen mit der drittgrößten Wirtschaftsnation der Welt zu festigen .
2026-05-08 18:50:55,015 - INFO - joeynmt.training - 	Reference:  Mr Modi is on a five @-@ day trip to Japan to strengthen economic ties with the third largest economy in the world .
2026-05-08 18:50:55,016 - INFO - joeynmt.training - 	Hypothesis: Mr Mode is based on a fifty of the world &apos;s economy with the third largest economic relations with the third largest economic relations with the third largest economic nation of the world .
2026-05-08 18:50:55,016 - INFO - joeynmt.training - Example #3
2026-05-08 18:50:55,016 - DEBUG - joeynmt.training - 	Tokenized source:     ['P@@', 'län@@', 'e', 'für', 'eine', 'stärk@@', 'ere', 'k@@', 'ern@@', 'techn@@', 'ische', 'Zusammenarbeit', 'stehen', 'ganz', 'ob@@', 'en', 'auf', 'der', 'Tag@@', 'es@@', 'ordnung', '.']
2026-05-08 18:50:55,016 - DEBUG - joeynmt.training - 	Tokenized reference:  ['high', 'on', 'the', 'agen@@', 'da', 'are', 'pl@@', 'ans', 'for', 'gre@@', 'ater', 'nu@@', 'clear', 'c@@', 'o', '@@@', '-@@', '@', 'operation', '.']
2026-05-08 18:50:55,016 - DEBUG - joeynmt.training - 	Tokenized hypothesis: ['p@@', 'an@@', 'els', 'for', 'a', 'gre@@', 'ater', 'seri@@', 'ous', 'techn@@', 'ical', 'cooperation', '.', '</s>']
2026-05-08 18:50:55,016 - INFO - joeynmt.training - 	Source:     Pläne für eine stärkere kerntechnische Zusammenarbeit stehen ganz oben auf der Tagesordnung .
2026-05-08 18:50:55,016 - INFO - joeynmt.training - 	Reference:  high on the agenda are plans for greater nuclear co @-@ operation .
2026-05-08 18:50:55,016 - INFO - joeynmt.training - 	Hypothesis: panels for a greater serious technical cooperation .
2026-05-08 18:50:55,016 - INFO - joeynmt.training - Example #4
2026-05-08 18:50:55,016 - DEBUG - joeynmt.training - 	Tokenized source:     ['Berich@@', 'ten', 'zu@@', 'fol@@', 'ge', 'ho@@', 'fft', 'Indi@@', 'en', 'darüber', 'hinaus', 'auf', 'einen', 'Ver@@', 'trag', 'zur', 'Ver@@', 'tei@@', 'dig@@', 'ungs@@', 'zusammen@@', 'arbeit', 'zwischen', 'den', 'beiden', 'N@@', 'ationen', '.']
2026-05-08 18:50:55,016 - DEBUG - joeynmt.training - 	Tokenized reference:  ['Indi@@', 'a', 'is', 'also', 're@@', 'porte@@', 'dly', 'hop@@', 'ing', 'for', 'a', 'de@@', 'al', 'on', 'def@@', 'ence', 'c@@', 'oll@@', 'ab@@', 'or@@', 'ation', 'between', 'the', 'two', 'n@@', 'ations', '.']
2026-05-08 18:50:55,016 - DEBUG - joeynmt.training - 	Tokenized hypothesis: ['the', 'fact', 'that', 'it', 'is', 'also', 'a', 'con@@', 'tra@@', 'st', 'on', 'a', 'con@@', 'tra@@', 'ct', 'on', 'the', 'basis', 'of', 'the', 'two', 'N@@', 'ations', '.', '</s>']
2026-05-08 18:50:55,016 - INFO - joeynmt.training - 	Source:     Berichten zufolge hofft Indien darüber hinaus auf einen Vertrag zur Verteidigungszusammenarbeit zwischen den beiden Nationen .
2026-05-08 18:50:55,016 - INFO - joeynmt.training - 	Reference:  India is also reportedly hoping for a deal on defence collaboration between the two nations .
2026-05-08 18:50:55,016 - INFO - joeynmt.training - 	Hypothesis: the fact that it is also a contrast on a contract on the basis of the two Nations .
2026-05-08 18:51:12,332 - INFO - joeynmt.training - Epoch   5, Step:    16600, Batch Loss:     1.892062, Batch Acc: 0.501429, Tokens per Sec:     5245, Lr: 0.000300
2026-05-08 18:51:29,768 - INFO - joeynmt.training - Epoch   5, Step:    16700, Batch Loss:     1.886804, Batch Acc: 0.503356, Tokens per Sec:     5247, Lr: 0.000300
2026-05-08 18:51:47,417 - INFO - joeynmt.training - Epoch   5, Step:    16800, Batch Loss:     1.740251, Batch Acc: 0.504687, Tokens per Sec:     5283, Lr: 0.000300
2026-05-08 18:52:05,075 - INFO - joeynmt.training - Epoch   5, Step:    16900, Batch Loss:     1.775347, Batch Acc: 0.506604, Tokens per Sec:     5214, Lr: 0.000300
2026-05-08 18:52:22,895 - INFO - joeynmt.training - Epoch   5, Step:    17000, Batch Loss:     1.797740, Batch Acc: 0.499772, Tokens per Sec:     5301, Lr: 0.000300
2026-05-08 18:52:22,895 - INFO - joeynmt.prediction - Predicting 500 example(s)... (Greedy decoding with min_output_length=1, max_output_length=-1, return_prob='none', generate_unk=True, repetition_penalty=-1, no_repeat_ngram_size=-1)
2026-05-08 18:53:02,324 - INFO - joeynmt.prediction - Evaluation result (greedy) loss:   2.19, ppl:   8.95, acc:   0.43, generation: 39.4242[sec], evaluation: 0.0000[sec]
2026-05-08 18:53:02,326 - INFO - joeynmt.training - Hooray! New best validation result [ppl]!
2026-05-08 18:53:02,417 - INFO - joeynmt.helpers - delete models/deen_transformer_pre/14500.ckpt
2026-05-08 18:53:02,418 - INFO - joeynmt.training - Example #0
2026-05-08 18:53:02,418 - DEBUG - joeynmt.training - 	Tokenized source:     ['die', 'Pre@@', 'mi@@', 'er@@', 'minist@@', 'er', 'Indi@@', 'ens', 'und', 'J@@', 'ap@@', 'ans', 'tra@@', 'fen', 'sich', 'in', 'T@@', 'ok@@', 'i@@', 'o', '.']
2026-05-08 18:53:02,418 - DEBUG - joeynmt.training - 	Tokenized reference:  ['Indi@@', 'a', 'and', 'J@@', 'ap@@', 'an', 'pri@@', 'me', 'minist@@', 'ers', 'me@@', 'et', 'in', 'T@@', 'ok@@', 'y@@', 'o']
2026-05-08 18:53:02,418 - DEBUG - joeynmt.training - 	Tokenized hypothesis: ['the', 'Pri@@', 'me', 'Minist@@', 'er', 'Indi@@', 'a', 'and', 'J@@', 'ap@@', 'ans', 'will', 'be', 'tra@@', 'v@@', 'ell@@', 'ed', 'in', 'T@@', 'ok@@', 'i@@', 'o', '.', '</s>']
2026-05-08 18:53:02,418 - INFO - joeynmt.training - 	Source:     die Premierminister Indiens und Japans trafen sich in Tokio .
2026-05-08 18:53:02,418 - INFO - joeynmt.training - 	Reference:  India and Japan prime ministers meet in Tokyo
2026-05-08 18:53:02,418 - INFO - joeynmt.training - 	Hypothesis: the Prime Minister India and Japans will be travelled in Tokio .
2026-05-08 18:53:02,418 - INFO - joeynmt.training - Example #1
2026-05-08 18:53:02,419 - DEBUG - joeynmt.training - 	Tokenized source:     ['Indi@@', 'ens', 'neu@@', 'er', 'Pre@@', 'mi@@', 'er@@', 'minist@@', 'er', 'N@@', 'ar@@', 'end@@', 'ra', 'Mo@@', 'd@@', 'i', 'tri@@', 'fft', 'bei', 's@@', 'einem', 'ersten', 'wichti@@', 'gen', 'Aus@@', 'land@@', 's@@', 'bes@@', 'u@@', 'ch', 'seit', 's@@', 'einem', 'W@@', 'ah@@', 'l@@', 'si@@', 'e@@', 'g', 'im', 'Ma@@', 'i', 'seinen', 'j@@', 'ap@@', 'an@@', 'ischen', 'Am@@', 'ts@@', 'k@@', 'olle@@', 'gen', 'S@@', 'hin@@', 'z@@', 'o', 'A@@', 'be', 'in', 'T@@', 'ok@@', 'o', ',', 'um', 'wirtschaf@@', 'tliche', 'und', 'sicher@@', 'heits@@', 'politische', 'Be@@', 'zieh@@', 'ungen', 'zu', 'bes@@', 'pre@@', 'chen', '.']
2026-05-08 18:53:02,419 - DEBUG - joeynmt.training - 	Tokenized reference:  ['Indi@@', 'a', '&apos;s', 'new', 'pri@@', 'me', 'minist@@', 'er', ',', 'N@@', 'ar@@', 'end@@', 'ra', 'Mo@@', 'd@@', 'i', ',', 'is', 'me@@', 'eting', 'his', 'J@@', 'ap@@', 'an@@', 'ese', 'coun@@', 'ter@@', 'part', ',', 'S@@', 'hin@@', 'z@@', 'o', 'A@@', 'be', ',', 'in', 'T@@', 'ok@@', 'y@@', 'o', 'to', 'disc@@', 'uss', 'economic', 'and', 'security', 'ties', ',', 'on', 'his', 'first', 'major', 'fore@@', 'ign', 'visi@@', 't', 'since', 'w@@', 'inn@@', 'ing', 'Ma@@', 'y', '&apos;s', 'elec@@', 'tion', '.']
2026-05-08 18:53:02,419 - DEBUG - joeynmt.training - 	Tokenized hypothesis: ['Indi@@', 'a', '&apos;s', 'new', 'pri@@', 'me', 'minist@@', 'er', 'N@@', 'ar@@', 'end@@', 'ra', 'Mo@@', 'd@@', 'i', ',', 'in', 'his', 'first', 'important', 'ex@@', 'change', ',', 'since', 'his', 'first', 'and', 'fore@@', 'ign', 'visi@@', 'tors', ',', 'the', 'M@@', 'y', ',', 'on', 'his', 'first', 'and', 'fore@@', 'ign', 'S@@', 'hin@@', 'z@@', 'o', 'A@@', 'be', 'in', 'T@@', 'ok@@', 'o', ',', 'to', 're@@', 'mo@@', 've', 'economic', 'and', 'security', 'political', 'rel@@', 'ations', '.', '</s>']
2026-05-08 18:53:02,419 - INFO - joeynmt.training - 	Source:     Indiens neuer Premierminister Narendra Modi trifft bei seinem ersten wichtigen Auslandsbesuch seit seinem Wahlsieg im Mai seinen japanischen Amtskollegen Shinzo Abe in Toko , um wirtschaftliche und sicherheitspolitische Beziehungen zu besprechen .
2026-05-08 18:53:02,419 - INFO - joeynmt.training - 	Reference:  India &apos;s new prime minister , Narendra Modi , is meeting his Japanese counterpart , Shinzo Abe , in Tokyo to discuss economic and security ties , on his first major foreign visit since winning May &apos;s election .
2026-05-08 18:53:02,419 - INFO - joeynmt.training - 	Hypothesis: India &apos;s new prime minister Narendra Modi , in his first important exchange , since his first and foreign visitors , the My , on his first and foreign Shinzo Abe in Toko , to remove economic and security political relations .
2026-05-08 18:53:02,419 - INFO - joeynmt.training - Example #2
2026-05-08 18:53:02,419 - DEBUG - joeynmt.training - 	Tokenized source:     ['Herr', 'Mo@@', 'd@@', 'i', 'befindet', 'sich', 'auf', 'einer', 'fü@@', 'n@@', 'f@@', 'tä@@', 'gi@@', 'gen', 'Rei@@', 'se', 'nach', 'J@@', 'ap@@', 'an', ',', 'um', 'die', 'wirtschaf@@', 'tlichen', 'Be@@', 'zieh@@', 'ungen', 'mit', 'der', 'd@@', 'rit@@', 't@@', 'größ@@', 'ten', 'Wirtschafts@@', 'n@@', 'ation', 'der', 'Welt', 'zu', 'fes@@', 'tigen', '.']
2026-05-08 18:53:02,419 - DEBUG - joeynmt.training - 	Tokenized reference:  ['Mr', 'Mo@@', 'd@@', 'i', 'is', 'on', 'a', 'fi@@', 've', '@@@', '-@@', '@', 'day', 'tri@@', 'p', 'to', 'J@@', 'ap@@', 'an', 'to', 'streng@@', 'then', 'economic', 'ties', 'with', 'the', 'third', 'lar@@', 'ges@@', 't', 'econom@@', 'y', 'in', 'the', 'world', '.']
2026-05-08 18:53:02,419 - DEBUG - joeynmt.training - 	Tokenized hypothesis: ['Mr', 'Mo@@', 'd@@', 'i', 'is', 'on', 'a', 'fi@@', 'f@@', 'ty', 'of', 'J@@', 'ap@@', 'an', 'to', 'J@@', 'ap@@', 'an', 'to', 'J@@', 'ap@@', 'an', 'to', 'the', 'economic', 'rel@@', 'ations', 'with', 'the', 'third', 'lar@@', 'ges@@', 't', 'economic', 'rel@@', 'ations', 'with', 'the', 'third', 'lar@@', 'ges@@', 't', 'economic', 'n@@', 'ation', 'of', 'the', 'world', '.', '</s>']
2026-05-08 18:53:02,419 - INFO - joeynmt.training - 	Source:     Herr Modi befindet sich auf einer fünftägigen Reise nach Japan , um die wirtschaftlichen Beziehungen mit der drittgrößten Wirtschaftsnation der Welt zu festigen .
2026-05-08 18:53:02,419 - INFO - joeynmt.training - 	Reference:  Mr Modi is on a five @-@ day trip to Japan to strengthen economic ties with the third largest economy in the world .
2026-05-08 18:53:02,419 - INFO - joeynmt.training - 	Hypothesis: Mr Modi is on a fifty of Japan to Japan to Japan to the economic relations with the third largest economic relations with the third largest economic nation of the world .
2026-05-08 18:53:02,419 - INFO - joeynmt.training - Example #3
2026-05-08 18:53:02,419 - DEBUG - joeynmt.training - 	Tokenized source:     ['P@@', 'län@@', 'e', 'für', 'eine', 'stärk@@', 'ere', 'k@@', 'ern@@', 'techn@@', 'ische', 'Zusammenarbeit', 'stehen', 'ganz', 'ob@@', 'en', 'auf', 'der', 'Tag@@', 'es@@', 'ordnung', '.']
2026-05-08 18:53:02,419 - DEBUG - joeynmt.training - 	Tokenized reference:  ['high', 'on', 'the', 'agen@@', 'da', 'are', 'pl@@', 'ans', 'for', 'gre@@', 'ater', 'nu@@', 'clear', 'c@@', 'o', '@@@', '-@@', '@', 'operation', '.']
2026-05-08 18:53:02,419 - DEBUG - joeynmt.training - 	Tokenized hypothesis: ['p@@', 'ass@@', 'ing', 'for', 'a', 'gre@@', 'ater', 'nu@@', 'clear', 'techn@@', 'ical', 'cooperation', '.', '</s>']
2026-05-08 18:53:02,419 - INFO - joeynmt.training - 	Source:     Pläne für eine stärkere kerntechnische Zusammenarbeit stehen ganz oben auf der Tagesordnung .
2026-05-08 18:53:02,419 - INFO - joeynmt.training - 	Reference:  high on the agenda are plans for greater nuclear co @-@ operation .
2026-05-08 18:53:02,419 - INFO - joeynmt.training - 	Hypothesis: passing for a greater nuclear technical cooperation .
2026-05-08 18:53:02,419 - INFO - joeynmt.training - Example #4
2026-05-08 18:53:02,419 - DEBUG - joeynmt.training - 	Tokenized source:     ['Berich@@', 'ten', 'zu@@', 'fol@@', 'ge', 'ho@@', 'fft', 'Indi@@', 'en', 'darüber', 'hinaus', 'auf', 'einen', 'Ver@@', 'trag', 'zur', 'Ver@@', 'tei@@', 'dig@@', 'ungs@@', 'zusammen@@', 'arbeit', 'zwischen', 'den', 'beiden', 'N@@', 'ationen', '.']
2026-05-08 18:53:02,419 - DEBUG - joeynmt.training - 	Tokenized reference:  ['Indi@@', 'a', 'is', 'also', 're@@', 'porte@@', 'dly', 'hop@@', 'ing', 'for', 'a', 'de@@', 'al', 'on', 'def@@', 'ence', 'c@@', 'oll@@', 'ab@@', 'or@@', 'ation', 'between', 'the', 'two', 'n@@', 'ations', '.']
2026-05-08 18:53:02,419 - DEBUG - joeynmt.training - 	Tokenized hypothesis: ['re@@', 'ports', ',', 'Indi@@', 'a', ',', 'on', 'the', 'basis', 'of', 'the', 'proposal', 'on', 'def@@', 'ence', 'on', 'the', 'basis', 'of', 'the', 'comm@@', 'unic@@', 'ation', 'work', 'between', 'the', 'two', 'n@@', 'ations', '.', '</s>']
2026-05-08 18:53:02,419 - INFO - joeynmt.training - 	Source:     Berichten zufolge hofft Indien darüber hinaus auf einen Vertrag zur Verteidigungszusammenarbeit zwischen den beiden Nationen .
2026-05-08 18:53:02,419 - INFO - joeynmt.training - 	Reference:  India is also reportedly hoping for a deal on defence collaboration between the two nations .
2026-05-08 18:53:02,419 - INFO - joeynmt.training - 	Hypothesis: reports , India , on the basis of the proposal on defence on the basis of the communication work between the two nations .
2026-05-08 18:53:20,082 - INFO - joeynmt.training - Epoch   5, Step:    17100, Batch Loss:     1.727054, Batch Acc: 0.499351, Tokens per Sec:     5124, Lr: 0.000300
2026-05-08 18:53:37,503 - INFO - joeynmt.training - Epoch   5, Step:    17200, Batch Loss:     1.918086, Batch Acc: 0.504353, Tokens per Sec:     5210, Lr: 0.000300
2026-05-08 18:53:55,264 - INFO - joeynmt.training - Epoch   5, Step:    17300, Batch Loss:     1.978431, Batch Acc: 0.499301, Tokens per Sec:     5199, Lr: 0.000300
2026-05-08 18:54:12,968 - INFO - joeynmt.training - Epoch   5, Step:    17400, Batch Loss:     2.290869, Batch Acc: 0.505408, Tokens per Sec:     5165, Lr: 0.000300
2026-05-08 18:54:30,532 - INFO - joeynmt.training - Epoch   5, Step:    17500, Batch Loss:     1.854668, Batch Acc: 0.502824, Tokens per Sec:     5312, Lr: 0.000300
2026-05-08 18:54:30,533 - INFO - joeynmt.prediction - Predicting 500 example(s)... (Greedy decoding with min_output_length=1, max_output_length=-1, return_prob='none', generate_unk=True, repetition_penalty=-1, no_repeat_ngram_size=-1)
2026-05-08 18:54:58,693 - INFO - joeynmt.prediction - Evaluation result (greedy) loss:   2.19, ppl:   8.97, acc:   0.44, generation: 28.1550[sec], evaluation: 0.0000[sec]
2026-05-08 18:54:58,783 - INFO - joeynmt.helpers - delete models/deen_transformer_pre/15000.ckpt
2026-05-08 18:54:58,785 - INFO - joeynmt.training - Example #0
2026-05-08 18:54:58,785 - DEBUG - joeynmt.training - 	Tokenized source:     ['die', 'Pre@@', 'mi@@', 'er@@', 'minist@@', 'er', 'Indi@@', 'ens', 'und', 'J@@', 'ap@@', 'ans', 'tra@@', 'fen', 'sich', 'in', 'T@@', 'ok@@', 'i@@', 'o', '.']
2026-05-08 18:54:58,785 - DEBUG - joeynmt.training - 	Tokenized reference:  ['Indi@@', 'a', 'and', 'J@@', 'ap@@', 'an', 'pri@@', 'me', 'minist@@', 'ers', 'me@@', 'et', 'in', 'T@@', 'ok@@', 'y@@', 'o']
2026-05-08 18:54:58,785 - DEBUG - joeynmt.training - 	Tokenized hypothesis: ['the', 'Pri@@', 'me', 'Minist@@', 'er', 'Indi@@', 'a', 'and', 'J@@', 'ap@@', 'an', '&apos;s', 'ad@@', 'minist@@', 'ration', '.', '</s>']
2026-05-08 18:54:58,785 - INFO - joeynmt.training - 	Source:     die Premierminister Indiens und Japans trafen sich in Tokio .
2026-05-08 18:54:58,785 - INFO - joeynmt.training - 	Reference:  India and Japan prime ministers meet in Tokyo
2026-05-08 18:54:58,785 - INFO - joeynmt.training - 	Hypothesis: the Prime Minister India and Japan &apos;s administration .
2026-05-08 18:54:58,785 - INFO - joeynmt.training - Example #1
2026-05-08 18:54:58,785 - DEBUG - joeynmt.training - 	Tokenized source:     ['Indi@@', 'ens', 'neu@@', 'er', 'Pre@@', 'mi@@', 'er@@', 'minist@@', 'er', 'N@@', 'ar@@', 'end@@', 'ra', 'Mo@@', 'd@@', 'i', 'tri@@', 'fft', 'bei', 's@@', 'einem', 'ersten', 'wichti@@', 'gen', 'Aus@@', 'land@@', 's@@', 'bes@@', 'u@@', 'ch', 'seit', 's@@', 'einem', 'W@@', 'ah@@', 'l@@', 'si@@', 'e@@', 'g', 'im', 'Ma@@', 'i', 'seinen', 'j@@', 'ap@@', 'an@@', 'ischen', 'Am@@', 'ts@@', 'k@@', 'olle@@', 'gen', 'S@@', 'hin@@', 'z@@', 'o', 'A@@', 'be', 'in', 'T@@', 'ok@@', 'o', ',', 'um', 'wirtschaf@@', 'tliche', 'und', 'sicher@@', 'heits@@', 'politische', 'Be@@', 'zieh@@', 'ungen', 'zu', 'bes@@', 'pre@@', 'chen', '.']
2026-05-08 18:54:58,785 - DEBUG - joeynmt.training - 	Tokenized reference:  ['Indi@@', 'a', '&apos;s', 'new', 'pri@@', 'me', 'minist@@', 'er', ',', 'N@@', 'ar@@', 'end@@', 'ra', 'Mo@@', 'd@@', 'i', ',', 'is', 'me@@', 'eting', 'his', 'J@@', 'ap@@', 'an@@', 'ese', 'coun@@', 'ter@@', 'part', ',', 'S@@', 'hin@@', 'z@@', 'o', 'A@@', 'be', ',', 'in', 'T@@', 'ok@@', 'y@@', 'o', 'to', 'disc@@', 'uss', 'economic', 'and', 'security', 'ties', ',', 'on', 'his', 'first', 'major', 'fore@@', 'ign', 'visi@@', 't', 'since', 'w@@', 'inn@@', 'ing', 'Ma@@', 'y', '&apos;s', 'elec@@', 'tion', '.']
2026-05-08 18:54:58,785 - DEBUG - joeynmt.training - 	Tokenized hypothesis: ['Indi@@', 'a', '&apos;s', 'lat@@', 'er', 'Pri@@', 'me', 'Minist@@', 'er', 'N@@', 'ar@@', 'end@@', 'ra', 'Mo@@', 'd@@', 'i', 'i', ',', 'in', 'his', 'first', 'ra@@', 'ther', 'than', 'the', 'first', 'of', 'the', 'S@@', 'hin@@', 'e@@', 'g', 'in', 'Ma@@', 'y', 'his', 'elec@@', 'tion', ',', 'in', 'Ma@@', 'y', 'his', 'elec@@', 'tion', ',', 'in', 'the', 'J@@', 'ap@@', 'an@@', 'ese', 'of', 'S@@', 'hin@@', 'e@@', 'g', ',', 'in', 'the', 'first', 'time', 'of', 'the', 'A@@', 'be', 'in', 'T@@', 'ok@@', 'o', ',', 'and', 'S@@', 'ec@@', 'urity', 'Poli@@', 'cy', '.', '</s>']
2026-05-08 18:54:58,785 - INFO - joeynmt.training - 	Source:     Indiens neuer Premierminister Narendra Modi trifft bei seinem ersten wichtigen Auslandsbesuch seit seinem Wahlsieg im Mai seinen japanischen Amtskollegen Shinzo Abe in Toko , um wirtschaftliche und sicherheitspolitische Beziehungen zu besprechen .
2026-05-08 18:54:58,786 - INFO - joeynmt.training - 	Reference:  India &apos;s new prime minister , Narendra Modi , is meeting his Japanese counterpart , Shinzo Abe , in Tokyo to discuss economic and security ties , on his first major foreign visit since winning May &apos;s election .
2026-05-08 18:54:58,786 - INFO - joeynmt.training - 	Hypothesis: India &apos;s later Prime Minister Narendra Modi i , in his first rather than the first of the Shineg in May his election , in May his election , in the Japanese of Shineg , in the first time of the Abe in Toko , and Security Policy .
2026-05-08 18:54:58,786 - INFO - joeynmt.training - Example #2
2026-05-08 18:54:58,786 - DEBUG - joeynmt.training - 	Tokenized source:     ['Herr', 'Mo@@', 'd@@', 'i', 'befindet', 'sich', 'auf', 'einer', 'fü@@', 'n@@', 'f@@', 'tä@@', 'gi@@', 'gen', 'Rei@@', 'se', 'nach', 'J@@', 'ap@@', 'an', ',', 'um', 'die', 'wirtschaf@@', 'tlichen', 'Be@@', 'zieh@@', 'ungen', 'mit', 'der', 'd@@', 'rit@@', 't@@', 'größ@@', 'ten', 'Wirtschafts@@', 'n@@', 'ation', 'der', 'Welt', 'zu', 'fes@@', 'tigen', '.']
2026-05-08 18:54:58,786 - DEBUG - joeynmt.training - 	Tokenized reference:  ['Mr', 'Mo@@', 'd@@', 'i', 'is', 'on', 'a', 'fi@@', 've', '@@@', '-@@', '@', 'day', 'tri@@', 'p', 'to', 'J@@', 'ap@@', 'an', 'to', 'streng@@', 'then', 'economic', 'ties', 'with', 'the', 'third', 'lar@@', 'ges@@', 't', 'econom@@', 'y', 'in', 'the', 'world', '.']
2026-05-08 18:54:58,786 - DEBUG - joeynmt.training - 	Tokenized hypothesis: ['Mr', 'Mo@@', 'd@@', 'i', 'is', 'on', 'a', 'fi@@', 'f@@', 'ty', 'of', 'tra@@', 'v@@', 'el', 'to', 'J@@', 'ap@@', 'an', ',', 'to', 'the', 'economic', 'rel@@', 'ation@@', 'ship', 'with', 'the', 'third', 'lar@@', 'ges@@', 't', 'economic', 'n@@', 'ation', 'of', 'the', 'world', '.', '</s>']
2026-05-08 18:54:58,786 - INFO - joeynmt.training - 	Source:     Herr Modi befindet sich auf einer fünftägigen Reise nach Japan , um die wirtschaftlichen Beziehungen mit der drittgrößten Wirtschaftsnation der Welt zu festigen .
2026-05-08 18:54:58,786 - INFO - joeynmt.training - 	Reference:  Mr Modi is on a five @-@ day trip to Japan to strengthen economic ties with the third largest economy in the world .
2026-05-08 18:54:58,786 - INFO - joeynmt.training - 	Hypothesis: Mr Modi is on a fifty of travel to Japan , to the economic relationship with the third largest economic nation of the world .
2026-05-08 18:54:58,786 - INFO - joeynmt.training - Example #3
2026-05-08 18:54:58,786 - DEBUG - joeynmt.training - 	Tokenized source:     ['P@@', 'län@@', 'e', 'für', 'eine', 'stärk@@', 'ere', 'k@@', 'ern@@', 'techn@@', 'ische', 'Zusammenarbeit', 'stehen', 'ganz', 'ob@@', 'en', 'auf', 'der', 'Tag@@', 'es@@', 'ordnung', '.']
2026-05-08 18:54:58,786 - DEBUG - joeynmt.training - 	Tokenized reference:  ['high', 'on', 'the', 'agen@@', 'da', 'are', 'pl@@', 'ans', 'for', 'gre@@', 'ater', 'nu@@', 'clear', 'c@@', 'o', '@@@', '-@@', '@', 'operation', '.']
2026-05-08 18:54:58,786 - DEBUG - joeynmt.training - 	Tokenized hypothesis: ['p@@', 'lon@@', 'ger', ',', 'the', 'p@@', 'ast', 'of', 'the', 'agen@@', 'da', '.', '</s>']
2026-05-08 18:54:58,786 - INFO - joeynmt.training - 	Source:     Pläne für eine stärkere kerntechnische Zusammenarbeit stehen ganz oben auf der Tagesordnung .
2026-05-08 18:54:58,786 - INFO - joeynmt.training - 	Reference:  high on the agenda are plans for greater nuclear co @-@ operation .
2026-05-08 18:54:58,786 - INFO - joeynmt.training - 	Hypothesis: plonger , the past of the agenda .
2026-05-08 18:54:58,786 - INFO - joeynmt.training - Example #4
2026-05-08 18:54:58,786 - DEBUG - joeynmt.training - 	Tokenized source:     ['Berich@@', 'ten', 'zu@@', 'fol@@', 'ge', 'ho@@', 'fft', 'Indi@@', 'en', 'darüber', 'hinaus', 'auf', 'einen', 'Ver@@', 'trag', 'zur', 'Ver@@', 'tei@@', 'dig@@', 'ungs@@', 'zusammen@@', 'arbeit', 'zwischen', 'den', 'beiden', 'N@@', 'ationen', '.']
2026-05-08 18:54:58,786 - DEBUG - joeynmt.training - 	Tokenized reference:  ['Indi@@', 'a', 'is', 'also', 're@@', 'porte@@', 'dly', 'hop@@', 'ing', 'for', 'a', 'de@@', 'al', 'on', 'def@@', 'ence', 'c@@', 'oll@@', 'ab@@', 'or@@', 'ation', 'between', 'the', 'two', 'n@@', 'ations', '.']
2026-05-08 18:54:58,786 - DEBUG - joeynmt.training - 	Tokenized hypothesis: ['the', 'report', 'also', 'hop@@', 'ed', 'Indi@@', 'a', '&apos;s', 're@@', 'ports', 'on', 'the', 'basis', 'of', 'the', 'comm@@', 'unic@@', 'ation', 'cooperation', 'between', 'the', 'two', 'n@@', 'ations', '.', '</s>']
2026-05-08 18:54:58,786 - INFO - joeynmt.training - 	Source:     Berichten zufolge hofft Indien darüber hinaus auf einen Vertrag zur Verteidigungszusammenarbeit zwischen den beiden Nationen .
2026-05-08 18:54:58,786 - INFO - joeynmt.training - 	Reference:  India is also reportedly hoping for a deal on defence collaboration between the two nations .
2026-05-08 18:54:58,786 - INFO - joeynmt.training - 	Hypothesis: the report also hoped India &apos;s reports on the basis of the communication cooperation between the two nations .
2026-05-08 18:55:16,109 - INFO - joeynmt.training - Epoch   5, Step:    17600, Batch Loss:     1.769594, Batch Acc: 0.505017, Tokens per Sec:     5196, Lr: 0.000300
2026-05-08 18:55:33,760 - INFO - joeynmt.training - Epoch   5, Step:    17700, Batch Loss:     1.974540, Batch Acc: 0.500351, Tokens per Sec:     5159, Lr: 0.000300
2026-05-08 18:55:51,420 - INFO - joeynmt.training - Epoch   5, Step:    17800, Batch Loss:     1.761725, Batch Acc: 0.498339, Tokens per Sec:     5250, Lr: 0.000300
2026-05-08 18:56:08,790 - INFO - joeynmt.training - Epoch   5, Step:    17900, Batch Loss:     1.744022, Batch Acc: 0.503749, Tokens per Sec:     5305, Lr: 0.000300
2026-05-08 18:56:26,209 - INFO - joeynmt.training - Epoch   5, Step:    18000, Batch Loss:     1.940465, Batch Acc: 0.507088, Tokens per Sec:     5265, Lr: 0.000300
2026-05-08 18:56:26,209 - INFO - joeynmt.prediction - Predicting 500 example(s)... (Greedy decoding with min_output_length=1, max_output_length=-1, return_prob='none', generate_unk=True, repetition_penalty=-1, no_repeat_ngram_size=-1)
2026-05-08 18:56:57,594 - INFO - joeynmt.prediction - Evaluation result (greedy) loss:   2.19, ppl:   8.91, acc:   0.44, generation: 31.3801[sec], evaluation: 0.0000[sec]
2026-05-08 18:56:57,596 - INFO - joeynmt.training - Hooray! New best validation result [ppl]!
2026-05-08 18:56:57,686 - INFO - joeynmt.helpers - delete models/deen_transformer_pre/15500.ckpt
2026-05-08 18:56:57,691 - INFO - joeynmt.training - Example #0
2026-05-08 18:56:57,691 - DEBUG - joeynmt.training - 	Tokenized source:     ['die', 'Pre@@', 'mi@@', 'er@@', 'minist@@', 'er', 'Indi@@', 'ens', 'und', 'J@@', 'ap@@', 'ans', 'tra@@', 'fen', 'sich', 'in', 'T@@', 'ok@@', 'i@@', 'o', '.']
2026-05-08 18:56:57,691 - DEBUG - joeynmt.training - 	Tokenized reference:  ['Indi@@', 'a', 'and', 'J@@', 'ap@@', 'an', 'pri@@', 'me', 'minist@@', 'ers', 'me@@', 'et', 'in', 'T@@', 'ok@@', 'y@@', 'o']
2026-05-08 18:56:57,691 - DEBUG - joeynmt.training - 	Tokenized hypothesis: ['the', 'Pri@@', 'me', 'Minist@@', 'er', 'Indi@@', 'a', 'and', 'J@@', 'ap@@', 'ans', 'will', 'be', 'tra@@', 'v@@', 'ell@@', 'ed', 'in', 'T@@', 'ok@@', 'i@@', 'o', '.', '</s>']
2026-05-08 18:56:57,691 - INFO - joeynmt.training - 	Source:     die Premierminister Indiens und Japans trafen sich in Tokio .
2026-05-08 18:56:57,691 - INFO - joeynmt.training - 	Reference:  India and Japan prime ministers meet in Tokyo
2026-05-08 18:56:57,691 - INFO - joeynmt.training - 	Hypothesis: the Prime Minister India and Japans will be travelled in Tokio .
2026-05-08 18:56:57,691 - INFO - joeynmt.training - Example #1
2026-05-08 18:56:57,691 - DEBUG - joeynmt.training - 	Tokenized source:     ['Indi@@', 'ens', 'neu@@', 'er', 'Pre@@', 'mi@@', 'er@@', 'minist@@', 'er', 'N@@', 'ar@@', 'end@@', 'ra', 'Mo@@', 'd@@', 'i', 'tri@@', 'fft', 'bei', 's@@', 'einem', 'ersten', 'wichti@@', 'gen', 'Aus@@', 'land@@', 's@@', 'bes@@', 'u@@', 'ch', 'seit', 's@@', 'einem', 'W@@', 'ah@@', 'l@@', 'si@@', 'e@@', 'g', 'im', 'Ma@@', 'i', 'seinen', 'j@@', 'ap@@', 'an@@', 'ischen', 'Am@@', 'ts@@', 'k@@', 'olle@@', 'gen', 'S@@', 'hin@@', 'z@@', 'o', 'A@@', 'be', 'in', 'T@@', 'ok@@', 'o', ',', 'um', 'wirtschaf@@', 'tliche', 'und', 'sicher@@', 'heits@@', 'politische', 'Be@@', 'zieh@@', 'ungen', 'zu', 'bes@@', 'pre@@', 'chen', '.']
2026-05-08 18:56:57,691 - DEBUG - joeynmt.training - 	Tokenized reference:  ['Indi@@', 'a', '&apos;s', 'new', 'pri@@', 'me', 'minist@@', 'er', ',', 'N@@', 'ar@@', 'end@@', 'ra', 'Mo@@', 'd@@', 'i', ',', 'is', 'me@@', 'eting', 'his', 'J@@', 'ap@@', 'an@@', 'ese', 'coun@@', 'ter@@', 'part', ',', 'S@@', 'hin@@', 'z@@', 'o', 'A@@', 'be', ',', 'in', 'T@@', 'ok@@', 'y@@', 'o', 'to', 'disc@@', 'uss', 'economic', 'and', 'security', 'ties', ',', 'on', 'his', 'first', 'major', 'fore@@', 'ign', 'visi@@', 't', 'since', 'w@@', 'inn@@', 'ing', 'Ma@@', 'y', '&apos;s', 'elec@@', 'tion', '.']
2026-05-08 18:56:57,691 - DEBUG - joeynmt.training - 	Tokenized hypothesis: ['Indi@@', 'a', '&apos;s', 'lat@@', 'er', 'Pri@@', 'me', 'Minist@@', 'er', 'N@@', 'ar@@', 'end@@', 'ra', 'Mo@@', 'd@@', 'i', ',', 'in', 'his', 'first', 'important', 'ex@@', 'tern@@', 'al', 'land@@', 'sc@@', 'ap@@', 'e', 'for', 'his', 'first', 'of', 'the', 'F@@', 'e@@', 'der@@', 'al', 'S@@', 'hin@@', 'e', ',', 'in', 'M@@', 'y', ',', 'in', 'T@@', 'ok@@', 'o', ',', 'to', 'the', 'economic', 'and', 'saf@@', 'ety', 'political', 'rel@@', 'ations', 'with', 'the', 'pre@@', 'vi@@', 'ous', 'political', 'rel@@', 'ations', '.', '</s>']
2026-05-08 18:56:57,691 - INFO - joeynmt.training - 	Source:     Indiens neuer Premierminister Narendra Modi trifft bei seinem ersten wichtigen Auslandsbesuch seit seinem Wahlsieg im Mai seinen japanischen Amtskollegen Shinzo Abe in Toko , um wirtschaftliche und sicherheitspolitische Beziehungen zu besprechen .
2026-05-08 18:56:57,691 - INFO - joeynmt.training - 	Reference:  India &apos;s new prime minister , Narendra Modi , is meeting his Japanese counterpart , Shinzo Abe , in Tokyo to discuss economic and security ties , on his first major foreign visit since winning May &apos;s election .
2026-05-08 18:56:57,691 - INFO - joeynmt.training - 	Hypothesis: India &apos;s later Prime Minister Narendra Modi , in his first important external landscape for his first of the Federal Shine , in My , in Toko , to the economic and safety political relations with the previous political relations .
2026-05-08 18:56:57,691 - INFO - joeynmt.training - Example #2
2026-05-08 18:56:57,691 - DEBUG - joeynmt.training - 	Tokenized source:     ['Herr', 'Mo@@', 'd@@', 'i', 'befindet', 'sich', 'auf', 'einer', 'fü@@', 'n@@', 'f@@', 'tä@@', 'gi@@', 'gen', 'Rei@@', 'se', 'nach', 'J@@', 'ap@@', 'an', ',', 'um', 'die', 'wirtschaf@@', 'tlichen', 'Be@@', 'zieh@@', 'ungen', 'mit', 'der', 'd@@', 'rit@@', 't@@', 'größ@@', 'ten', 'Wirtschafts@@', 'n@@', 'ation', 'der', 'Welt', 'zu', 'fes@@', 'tigen', '.']
2026-05-08 18:56:57,691 - DEBUG - joeynmt.training - 	Tokenized reference:  ['Mr', 'Mo@@', 'd@@', 'i', 'is', 'on', 'a', 'fi@@', 've', '@@@', '-@@', '@', 'day', 'tri@@', 'p', 'to', 'J@@', 'ap@@', 'an', 'to', 'streng@@', 'then', 'economic', 'ties', 'with', 'the', 'third', 'lar@@', 'ges@@', 't', 'econom@@', 'y', 'in', 'the', 'world', '.']
2026-05-08 18:56:57,691 - DEBUG - joeynmt.training - 	Tokenized hypothesis: ['Mr', 'Mo@@', 'd@@', 'i', 'is', 'based', 'on', 'a', 'fi@@', 'f@@', 'ty', 'of', 'the', 'fi@@', 'f@@', 'ty', 'of', 'J@@', 'ap@@', 'an', 'to', 'the', 'economic', 'rel@@', 'ations', 'with', 'the', 'third', 'lar@@', 'ges@@', 't', 'economic', 'n@@', 'ation', 'of', 'the', 'world', '.', '</s>']
2026-05-08 18:56:57,691 - INFO - joeynmt.training - 	Source:     Herr Modi befindet sich auf einer fünftägigen Reise nach Japan , um die wirtschaftlichen Beziehungen mit der drittgrößten Wirtschaftsnation der Welt zu festigen .
2026-05-08 18:56:57,691 - INFO - joeynmt.training - 	Reference:  Mr Modi is on a five @-@ day trip to Japan to strengthen economic ties with the third largest economy in the world .
2026-05-08 18:56:57,691 - INFO - joeynmt.training - 	Hypothesis: Mr Modi is based on a fifty of the fifty of Japan to the economic relations with the third largest economic nation of the world .
2026-05-08 18:56:57,691 - INFO - joeynmt.training - Example #3
2026-05-08 18:56:57,692 - DEBUG - joeynmt.training - 	Tokenized source:     ['P@@', 'län@@', 'e', 'für', 'eine', 'stärk@@', 'ere', 'k@@', 'ern@@', 'techn@@', 'ische', 'Zusammenarbeit', 'stehen', 'ganz', 'ob@@', 'en', 'auf', 'der', 'Tag@@', 'es@@', 'ordnung', '.']
2026-05-08 18:56:57,692 - DEBUG - joeynmt.training - 	Tokenized reference:  ['high', 'on', 'the', 'agen@@', 'da', 'are', 'pl@@', 'ans', 'for', 'gre@@', 'ater', 'nu@@', 'clear', 'c@@', 'o', '@@@', '-@@', '@', 'operation', '.']
2026-05-08 18:56:57,692 - DEBUG - joeynmt.training - 	Tokenized hypothesis: ['P@@', 'lan@@', 'e', 'for', 'a', 'more', 'nu@@', 'clear', 'techn@@', 'ical', 'cooperation', '.', '</s>']
2026-05-08 18:56:57,692 - INFO - joeynmt.training - 	Source:     Pläne für eine stärkere kerntechnische Zusammenarbeit stehen ganz oben auf der Tagesordnung .
2026-05-08 18:56:57,692 - INFO - joeynmt.training - 	Reference:  high on the agenda are plans for greater nuclear co @-@ operation .
2026-05-08 18:56:57,692 - INFO - joeynmt.training - 	Hypothesis: Plane for a more nuclear technical cooperation .
2026-05-08 18:56:57,692 - INFO - joeynmt.training - Example #4
2026-05-08 18:56:57,692 - DEBUG - joeynmt.training - 	Tokenized source:     ['Berich@@', 'ten', 'zu@@', 'fol@@', 'ge', 'ho@@', 'fft', 'Indi@@', 'en', 'darüber', 'hinaus', 'auf', 'einen', 'Ver@@', 'trag', 'zur', 'Ver@@', 'tei@@', 'dig@@', 'ungs@@', 'zusammen@@', 'arbeit', 'zwischen', 'den', 'beiden', 'N@@', 'ationen', '.']
2026-05-08 18:56:57,692 - DEBUG - joeynmt.training - 	Tokenized reference:  ['Indi@@', 'a', 'is', 'also', 're@@', 'porte@@', 'dly', 'hop@@', 'ing', 'for', 'a', 'de@@', 'al', 'on', 'def@@', 'ence', 'c@@', 'oll@@', 'ab@@', 'or@@', 'ation', 'between', 'the', 'two', 'n@@', 'ations', '.']
2026-05-08 18:56:57,692 - DEBUG - joeynmt.training - 	Tokenized hypothesis: ['re@@', 'ports', 'are', 'also', 'the', 'indi@@', 'c@@', 'ated', 'to', 'the', 'con@@', 'tra@@', 'ct', 'on', 'the', 'con@@', 'tra@@', 'ct', 'on', 'the', 'con@@', 'text', 'of', 'the', 'two', 'n@@', 'ations', '.', '</s>']
2026-05-08 18:56:57,692 - INFO - joeynmt.training - 	Source:     Berichten zufolge hofft Indien darüber hinaus auf einen Vertrag zur Verteidigungszusammenarbeit zwischen den beiden Nationen .
2026-05-08 18:56:57,692 - INFO - joeynmt.training - 	Reference:  India is also reportedly hoping for a deal on defence collaboration between the two nations .
2026-05-08 18:56:57,692 - INFO - joeynmt.training - 	Hypothesis: reports are also the indicated to the contract on the contract on the context of the two nations .
2026-05-08 18:57:15,090 - INFO - joeynmt.training - Epoch   5, Step:    18100, Batch Loss:     1.826090, Batch Acc: 0.499770, Tokens per Sec:     5222, Lr: 0.000300
2026-05-08 18:57:32,657 - INFO - joeynmt.training - Epoch   5, Step:    18200, Batch Loss:     1.793719, Batch Acc: 0.505654, Tokens per Sec:     5186, Lr: 0.000300
2026-05-08 18:57:50,336 - INFO - joeynmt.training - Epoch   5, Step:    18300, Batch Loss:     1.932205, Batch Acc: 0.494615, Tokens per Sec:     5221, Lr: 0.000300
2026-05-08 18:58:08,172 - INFO - joeynmt.training - Epoch   5, Step:    18400, Batch Loss:     2.073887, Batch Acc: 0.495373, Tokens per Sec:     5162, Lr: 0.000300
2026-05-08 18:58:26,007 - INFO - joeynmt.training - Epoch   5, Step:    18500, Batch Loss:     1.847651, Batch Acc: 0.495731, Tokens per Sec:     5227, Lr: 0.000300
2026-05-08 18:58:26,007 - INFO - joeynmt.prediction - Predicting 500 example(s)... (Greedy decoding with min_output_length=1, max_output_length=-1, return_prob='none', generate_unk=True, repetition_penalty=-1, no_repeat_ngram_size=-1)
2026-05-08 18:58:54,958 - INFO - joeynmt.prediction - Evaluation result (greedy) loss:   2.19, ppl:   8.90, acc:   0.44, generation: 28.9457[sec], evaluation: 0.0000[sec]
2026-05-08 18:58:54,960 - INFO - joeynmt.training - Hooray! New best validation result [ppl]!
2026-05-08 18:58:55,048 - INFO - joeynmt.helpers - delete models/deen_transformer_pre/16500.ckpt
2026-05-08 18:58:55,051 - INFO - joeynmt.training - Example #0
2026-05-08 18:58:55,051 - DEBUG - joeynmt.training - 	Tokenized source:     ['die', 'Pre@@', 'mi@@', 'er@@', 'minist@@', 'er', 'Indi@@', 'ens', 'und', 'J@@', 'ap@@', 'ans', 'tra@@', 'fen', 'sich', 'in', 'T@@', 'ok@@', 'i@@', 'o', '.']
2026-05-08 18:58:55,051 - DEBUG - joeynmt.training - 	Tokenized reference:  ['Indi@@', 'a', 'and', 'J@@', 'ap@@', 'an', 'pri@@', 'me', 'minist@@', 'ers', 'me@@', 'et', 'in', 'T@@', 'ok@@', 'y@@', 'o']
2026-05-08 18:58:55,051 - DEBUG - joeynmt.training - 	Tokenized hypothesis: ['the', 'Pri@@', 'me', 'Minist@@', 'er', 'Indi@@', 'a', 'and', 'J@@', 'ap@@', 'an', '&apos;s', 'Pri@@', 'me', 'Minist@@', 'er', ',', 'T@@', 'ok@@', 'i@@', 'o', '.', '</s>']
2026-05-08 18:58:55,051 - INFO - joeynmt.training - 	Source:     die Premierminister Indiens und Japans trafen sich in Tokio .
2026-05-08 18:58:55,051 - INFO - joeynmt.training - 	Reference:  India and Japan prime ministers meet in Tokyo
2026-05-08 18:58:55,051 - INFO - joeynmt.training - 	Hypothesis: the Prime Minister India and Japan &apos;s Prime Minister , Tokio .
2026-05-08 18:58:55,051 - INFO - joeynmt.training - Example #1
2026-05-08 18:58:55,051 - DEBUG - joeynmt.training - 	Tokenized source:     ['Indi@@', 'ens', 'neu@@', 'er', 'Pre@@', 'mi@@', 'er@@', 'minist@@', 'er', 'N@@', 'ar@@', 'end@@', 'ra', 'Mo@@', 'd@@', 'i', 'tri@@', 'fft', 'bei', 's@@', 'einem', 'ersten', 'wichti@@', 'gen', 'Aus@@', 'land@@', 's@@', 'bes@@', 'u@@', 'ch', 'seit', 's@@', 'einem', 'W@@', 'ah@@', 'l@@', 'si@@', 'e@@', 'g', 'im', 'Ma@@', 'i', 'seinen', 'j@@', 'ap@@', 'an@@', 'ischen', 'Am@@', 'ts@@', 'k@@', 'olle@@', 'gen', 'S@@', 'hin@@', 'z@@', 'o', 'A@@', 'be', 'in', 'T@@', 'ok@@', 'o', ',', 'um', 'wirtschaf@@', 'tliche', 'und', 'sicher@@', 'heits@@', 'politische', 'Be@@', 'zieh@@', 'ungen', 'zu', 'bes@@', 'pre@@', 'chen', '.']
2026-05-08 18:58:55,051 - DEBUG - joeynmt.training - 	Tokenized reference:  ['Indi@@', 'a', '&apos;s', 'new', 'pri@@', 'me', 'minist@@', 'er', ',', 'N@@', 'ar@@', 'end@@', 'ra', 'Mo@@', 'd@@', 'i', ',', 'is', 'me@@', 'eting', 'his', 'J@@', 'ap@@', 'an@@', 'ese', 'coun@@', 'ter@@', 'part', ',', 'S@@', 'hin@@', 'z@@', 'o', 'A@@', 'be', ',', 'in', 'T@@', 'ok@@', 'y@@', 'o', 'to', 'disc@@', 'uss', 'economic', 'and', 'security', 'ties', ',', 'on', 'his', 'first', 'major', 'fore@@', 'ign', 'visi@@', 't', 'since', 'w@@', 'inn@@', 'ing', 'Ma@@', 'y', '&apos;s', 'elec@@', 'tion', '.']
2026-05-08 18:58:55,051 - DEBUG - joeynmt.training - 	Tokenized hypothesis: ['Indi@@', 'a', '&apos;s', 'lat@@', 'est', 'Pri@@', 'me', 'Minist@@', 'er', 'N@@', 'ar@@', 'end@@', 'ra', 'Mo@@', 'd@@', 'i', ',', 'in', 'his', 'first', 'important', 'ex@@', 'change', 'in', 'his', 'first', 'important', 'ex@@', 'change', 'since', 'his', 'J@@', 'ap@@', 'an', 'S@@', 'hin@@', 'z@@', 'o', 'A@@', 'be', 'in', 'T@@', 'ok@@', 'o', ',', 'in', 'T@@', 'ok@@', 'o', ',', 'to', 'economic', 'and', 'saf@@', 'ety', 'political', 'rel@@', 'ations', 'with', 'the', 'pre@@', 'vi@@', 'ous', 'and', 'saf@@', 'ety', 'political', 'rel@@', 'ations', '.', '</s>']
2026-05-08 18:58:55,052 - INFO - joeynmt.training - 	Source:     Indiens neuer Premierminister Narendra Modi trifft bei seinem ersten wichtigen Auslandsbesuch seit seinem Wahlsieg im Mai seinen japanischen Amtskollegen Shinzo Abe in Toko , um wirtschaftliche und sicherheitspolitische Beziehungen zu besprechen .
2026-05-08 18:58:55,052 - INFO - joeynmt.training - 	Reference:  India &apos;s new prime minister , Narendra Modi , is meeting his Japanese counterpart , Shinzo Abe , in Tokyo to discuss economic and security ties , on his first major foreign visit since winning May &apos;s election .
2026-05-08 18:58:55,052 - INFO - joeynmt.training - 	Hypothesis: India &apos;s latest Prime Minister Narendra Modi , in his first important exchange in his first important exchange since his Japan Shinzo Abe in Toko , in Toko , to economic and safety political relations with the previous and safety political relations .
2026-05-08 18:58:55,052 - INFO - joeynmt.training - Example #2
2026-05-08 18:58:55,052 - DEBUG - joeynmt.training - 	Tokenized source:     ['Herr', 'Mo@@', 'd@@', 'i', 'befindet', 'sich', 'auf', 'einer', 'fü@@', 'n@@', 'f@@', 'tä@@', 'gi@@', 'gen', 'Rei@@', 'se', 'nach', 'J@@', 'ap@@', 'an', ',', 'um', 'die', 'wirtschaf@@', 'tlichen', 'Be@@', 'zieh@@', 'ungen', 'mit', 'der', 'd@@', 'rit@@', 't@@', 'größ@@', 'ten', 'Wirtschafts@@', 'n@@', 'ation', 'der', 'Welt', 'zu', 'fes@@', 'tigen', '.']
2026-05-08 18:58:55,052 - DEBUG - joeynmt.training - 	Tokenized reference:  ['Mr', 'Mo@@', 'd@@', 'i', 'is', 'on', 'a', 'fi@@', 've', '@@@', '-@@', '@', 'day', 'tri@@', 'p', 'to', 'J@@', 'ap@@', 'an', 'to', 'streng@@', 'then', 'economic', 'ties', 'with', 'the', 'third', 'lar@@', 'ges@@', 't', 'econom@@', 'y', 'in', 'the', 'world', '.']
2026-05-08 18:58:55,052 - DEBUG - joeynmt.training - 	Tokenized hypothesis: ['Mr', 'Mo@@', 'd@@', 'i', 'is', 'located', 'on', 'a', 'fi@@', 'f@@', 'ty', 'of', 'the', 'world', '&apos;s', 'economic', 'rel@@', 'ations', 'with', 'the', 'third', 'lar@@', 'ges@@', 't', 'economic', 'rel@@', 'ations', 'with', 'the', 'third', 'lar@@', 'ges@@', 't', 'economic', 'rel@@', 'ations', 'with', 'the', 'third', 'lar@@', 'ges@@', 't', 'economic', 'rel@@', 'ations', '.', '</s>']
2026-05-08 18:58:55,052 - INFO - joeynmt.training - 	Source:     Herr Modi befindet sich auf einer fünftägigen Reise nach Japan , um die wirtschaftlichen Beziehungen mit der drittgrößten Wirtschaftsnation der Welt zu festigen .
2026-05-08 18:58:55,052 - INFO - joeynmt.training - 	Reference:  Mr Modi is on a five @-@ day trip to Japan to strengthen economic ties with the third largest economy in the world .
2026-05-08 18:58:55,052 - INFO - joeynmt.training - 	Hypothesis: Mr Modi is located on a fifty of the world &apos;s economic relations with the third largest economic relations with the third largest economic relations with the third largest economic relations .
2026-05-08 18:58:55,052 - INFO - joeynmt.training - Example #3
2026-05-08 18:58:55,052 - DEBUG - joeynmt.training - 	Tokenized source:     ['P@@', 'län@@', 'e', 'für', 'eine', 'stärk@@', 'ere', 'k@@', 'ern@@', 'techn@@', 'ische', 'Zusammenarbeit', 'stehen', 'ganz', 'ob@@', 'en', 'auf', 'der', 'Tag@@', 'es@@', 'ordnung', '.']
2026-05-08 18:58:55,052 - DEBUG - joeynmt.training - 	Tokenized reference:  ['high', 'on', 'the', 'agen@@', 'da', 'are', 'pl@@', 'ans', 'for', 'gre@@', 'ater', 'nu@@', 'clear', 'c@@', 'o', '@@@', '-@@', '@', 'operation', '.']
2026-05-08 18:58:55,052 - DEBUG - joeynmt.training - 	Tokenized hypothesis: ['P@@', 'ru@@', 'e', 'for', 'a', 'str@@', 'ong', 'nu@@', 'clear', 'techn@@', 'ical', 'cooperation', '.', '</s>']
2026-05-08 18:58:55,052 - INFO - joeynmt.training - 	Source:     Pläne für eine stärkere kerntechnische Zusammenarbeit stehen ganz oben auf der Tagesordnung .
2026-05-08 18:58:55,052 - INFO - joeynmt.training - 	Reference:  high on the agenda are plans for greater nuclear co @-@ operation .
2026-05-08 18:58:55,052 - INFO - joeynmt.training - 	Hypothesis: Prue for a strong nuclear technical cooperation .
2026-05-08 18:58:55,052 - INFO - joeynmt.training - Example #4
2026-05-08 18:58:55,052 - DEBUG - joeynmt.training - 	Tokenized source:     ['Berich@@', 'ten', 'zu@@', 'fol@@', 'ge', 'ho@@', 'fft', 'Indi@@', 'en', 'darüber', 'hinaus', 'auf', 'einen', 'Ver@@', 'trag', 'zur', 'Ver@@', 'tei@@', 'dig@@', 'ungs@@', 'zusammen@@', 'arbeit', 'zwischen', 'den', 'beiden', 'N@@', 'ationen', '.']
2026-05-08 18:58:55,052 - DEBUG - joeynmt.training - 	Tokenized reference:  ['Indi@@', 'a', 'is', 'also', 're@@', 'porte@@', 'dly', 'hop@@', 'ing', 'for', 'a', 'de@@', 'al', 'on', 'def@@', 'ence', 'c@@', 'oll@@', 'ab@@', 'or@@', 'ation', 'between', 'the', 'two', 'n@@', 'ations', '.']
2026-05-08 18:58:55,052 - DEBUG - joeynmt.training - 	Tokenized hypothesis: ['re@@', 'ports', 'are', 'also', 'made', 'by', 'Indi@@', 'a', 'is', 'also', 'a', 'Tre@@', 'aty', 'on', 'a', 'Tre@@', 'aty', 'on', 'the', 'basis', 'of', 'the', 'two', 'n@@', 'ations', '.', '</s>']
2026-05-08 18:58:55,052 - INFO - joeynmt.training - 	Source:     Berichten zufolge hofft Indien darüber hinaus auf einen Vertrag zur Verteidigungszusammenarbeit zwischen den beiden Nationen .
2026-05-08 18:58:55,052 - INFO - joeynmt.training - 	Reference:  India is also reportedly hoping for a deal on defence collaboration between the two nations .
2026-05-08 18:58:55,052 - INFO - joeynmt.training - 	Hypothesis: reports are also made by India is also a Treaty on a Treaty on the basis of the two nations .
2026-05-08 18:59:12,836 - INFO - joeynmt.training - Epoch   5, Step:    18600, Batch Loss:     1.707307, Batch Acc: 0.496522, Tokens per Sec:     5139, Lr: 0.000300
2026-05-08 18:59:30,608 - INFO - joeynmt.training - Epoch   5, Step:    18700, Batch Loss:     1.775227, Batch Acc: 0.500379, Tokens per Sec:     5119, Lr: 0.000300
2026-05-08 18:59:48,364 - INFO - joeynmt.training - Epoch   5, Step:    18800, Batch Loss:     1.763074, Batch Acc: 0.501458, Tokens per Sec:     5156, Lr: 0.000300
2026-05-08 19:00:06,309 - INFO - joeynmt.training - Epoch   5, Step:    18900, Batch Loss:     1.873598, Batch Acc: 0.497498, Tokens per Sec:     5246, Lr: 0.000300
2026-05-08 19:00:24,397 - INFO - joeynmt.training - Epoch   5, Step:    19000, Batch Loss:     1.773346, Batch Acc: 0.498728, Tokens per Sec:     4998, Lr: 0.000300
2026-05-08 19:00:24,397 - INFO - joeynmt.prediction - Predicting 500 example(s)... (Greedy decoding with min_output_length=1, max_output_length=-1, return_prob='none', generate_unk=True, repetition_penalty=-1, no_repeat_ngram_size=-1)
2026-05-08 19:00:54,678 - INFO - joeynmt.prediction - Evaluation result (greedy) loss:   2.18, ppl:   8.85, acc:   0.44, generation: 30.2757[sec], evaluation: 0.0000[sec]
2026-05-08 19:00:54,680 - INFO - joeynmt.training - Hooray! New best validation result [ppl]!
2026-05-08 19:00:54,768 - INFO - joeynmt.helpers - delete models/deen_transformer_pre/16000.ckpt
2026-05-08 19:00:54,770 - INFO - joeynmt.training - Example #0
2026-05-08 19:00:54,770 - DEBUG - joeynmt.training - 	Tokenized source:     ['die', 'Pre@@', 'mi@@', 'er@@', 'minist@@', 'er', 'Indi@@', 'ens', 'und', 'J@@', 'ap@@', 'ans', 'tra@@', 'fen', 'sich', 'in', 'T@@', 'ok@@', 'i@@', 'o', '.']
2026-05-08 19:00:54,770 - DEBUG - joeynmt.training - 	Tokenized reference:  ['Indi@@', 'a', 'and', 'J@@', 'ap@@', 'an', 'pri@@', 'me', 'minist@@', 'ers', 'me@@', 'et', 'in', 'T@@', 'ok@@', 'y@@', 'o']
2026-05-08 19:00:54,770 - DEBUG - joeynmt.training - 	Tokenized hypothesis: ['the', 'Pri@@', 'me', 'Minist@@', 'er', 'Indi@@', 'a', 'and', 'J@@', 'ap@@', 'an', '&apos;s', 'M@@', 'il@@', 'an', '.', '</s>']
2026-05-08 19:00:54,770 - INFO - joeynmt.training - 	Source:     die Premierminister Indiens und Japans trafen sich in Tokio .
2026-05-08 19:00:54,770 - INFO - joeynmt.training - 	Reference:  India and Japan prime ministers meet in Tokyo
2026-05-08 19:00:54,770 - INFO - joeynmt.training - 	Hypothesis: the Prime Minister India and Japan &apos;s Milan .
2026-05-08 19:00:54,770 - INFO - joeynmt.training - Example #1
2026-05-08 19:00:54,770 - DEBUG - joeynmt.training - 	Tokenized source:     ['Indi@@', 'ens', 'neu@@', 'er', 'Pre@@', 'mi@@', 'er@@', 'minist@@', 'er', 'N@@', 'ar@@', 'end@@', 'ra', 'Mo@@', 'd@@', 'i', 'tri@@', 'fft', 'bei', 's@@', 'einem', 'ersten', 'wichti@@', 'gen', 'Aus@@', 'land@@', 's@@', 'bes@@', 'u@@', 'ch', 'seit', 's@@', 'einem', 'W@@', 'ah@@', 'l@@', 'si@@', 'e@@', 'g', 'im', 'Ma@@', 'i', 'seinen', 'j@@', 'ap@@', 'an@@', 'ischen', 'Am@@', 'ts@@', 'k@@', 'olle@@', 'gen', 'S@@', 'hin@@', 'z@@', 'o', 'A@@', 'be', 'in', 'T@@', 'ok@@', 'o', ',', 'um', 'wirtschaf@@', 'tliche', 'und', 'sicher@@', 'heits@@', 'politische', 'Be@@', 'zieh@@', 'ungen', 'zu', 'bes@@', 'pre@@', 'chen', '.']
2026-05-08 19:00:54,770 - DEBUG - joeynmt.training - 	Tokenized reference:  ['Indi@@', 'a', '&apos;s', 'new', 'pri@@', 'me', 'minist@@', 'er', ',', 'N@@', 'ar@@', 'end@@', 'ra', 'Mo@@', 'd@@', 'i', ',', 'is', 'me@@', 'eting', 'his', 'J@@', 'ap@@', 'an@@', 'ese', 'coun@@', 'ter@@', 'part', ',', 'S@@', 'hin@@', 'z@@', 'o', 'A@@', 'be', ',', 'in', 'T@@', 'ok@@', 'y@@', 'o', 'to', 'disc@@', 'uss', 'economic', 'and', 'security', 'ties', ',', 'on', 'his', 'first', 'major', 'fore@@', 'ign', 'visi@@', 't', 'since', 'w@@', 'inn@@', 'ing', 'Ma@@', 'y', '&apos;s', 'elec@@', 'tion', '.']
2026-05-08 19:00:54,770 - DEBUG - joeynmt.training - 	Tokenized hypothesis: ['Indi@@', 'a', '&apos;s', 'lat@@', 'est', 'pri@@', 'me', 'minist@@', 'er', 'N@@', 'ar@@', 'end@@', 'ra', 'Mo@@', 'd@@', 'i', ',', 'in', 'his', 'first', 'first', 'first', 'ex@@', 'tern@@', 'al', 'land@@', 'sc@@', 'ap@@', 'e', ',', 'since', 'his', 'his', 'year', ',', 'his', 'first', 'first', 'year', ',', 'in', 'Ma@@', 'y', 'his', 'J@@', 'ap@@', 'an@@', 'ese', 'S@@', 'hin@@', 'z@@', 'o', ',', 'and', 'security', 'political', 'rel@@', 'ations', '.', '</s>']
2026-05-08 19:00:54,770 - INFO - joeynmt.training - 	Source:     Indiens neuer Premierminister Narendra Modi trifft bei seinem ersten wichtigen Auslandsbesuch seit seinem Wahlsieg im Mai seinen japanischen Amtskollegen Shinzo Abe in Toko , um wirtschaftliche und sicherheitspolitische Beziehungen zu besprechen .
2026-05-08 19:00:54,770 - INFO - joeynmt.training - 	Reference:  India &apos;s new prime minister , Narendra Modi , is meeting his Japanese counterpart , Shinzo Abe , in Tokyo to discuss economic and security ties , on his first major foreign visit since winning May &apos;s election .
2026-05-08 19:00:54,770 - INFO - joeynmt.training - 	Hypothesis: India &apos;s latest prime minister Narendra Modi , in his first first first external landscape , since his his year , his first first year , in May his Japanese Shinzo , and security political relations .
2026-05-08 19:00:54,770 - INFO - joeynmt.training - Example #2
2026-05-08 19:00:54,771 - DEBUG - joeynmt.training - 	Tokenized source:     ['Herr', 'Mo@@', 'd@@', 'i', 'befindet', 'sich', 'auf', 'einer', 'fü@@', 'n@@', 'f@@', 'tä@@', 'gi@@', 'gen', 'Rei@@', 'se', 'nach', 'J@@', 'ap@@', 'an', ',', 'um', 'die', 'wirtschaf@@', 'tlichen', 'Be@@', 'zieh@@', 'ungen', 'mit', 'der', 'd@@', 'rit@@', 't@@', 'größ@@', 'ten', 'Wirtschafts@@', 'n@@', 'ation', 'der', 'Welt', 'zu', 'fes@@', 'tigen', '.']
2026-05-08 19:00:54,771 - DEBUG - joeynmt.training - 	Tokenized reference:  ['Mr', 'Mo@@', 'd@@', 'i', 'is', 'on', 'a', 'fi@@', 've', '@@@', '-@@', '@', 'day', 'tri@@', 'p', 'to', 'J@@', 'ap@@', 'an', 'to', 'streng@@', 'then', 'economic', 'ties', 'with', 'the', 'third', 'lar@@', 'ges@@', 't', 'econom@@', 'y', 'in', 'the', 'world', '.']
2026-05-08 19:00:54,771 - DEBUG - joeynmt.training - 	Tokenized hypothesis: ['Mr', 'Mo@@', 'd@@', 'i', 'is', 'on', 'a', 'fi@@', 'f@@', 'ty', 'of', 'a', 'fi@@', 'f@@', 'ty', 'tra@@', 'v@@', 'ell@@', 'ing', 'of', 'the', 'world', '&apos;s', 'economic', 'rel@@', 'ations', 'with', 'the', 'third', 'lar@@', 'ges@@', 't', 'economic', 'rel@@', 'ations', 'with', 'the', 'third', 'lar@@', 'ges@@', 't', 'economic', 'n@@', 'ation', '.', '</s>']
2026-05-08 19:00:54,771 - INFO - joeynmt.training - 	Source:     Herr Modi befindet sich auf einer fünftägigen Reise nach Japan , um die wirtschaftlichen Beziehungen mit der drittgrößten Wirtschaftsnation der Welt zu festigen .
2026-05-08 19:00:54,771 - INFO - joeynmt.training - 	Reference:  Mr Modi is on a five @-@ day trip to Japan to strengthen economic ties with the third largest economy in the world .
2026-05-08 19:00:54,771 - INFO - joeynmt.training - 	Hypothesis: Mr Modi is on a fifty of a fifty travelling of the world &apos;s economic relations with the third largest economic relations with the third largest economic nation .
2026-05-08 19:00:54,771 - INFO - joeynmt.training - Example #3
2026-05-08 19:00:54,771 - DEBUG - joeynmt.training - 	Tokenized source:     ['P@@', 'län@@', 'e', 'für', 'eine', 'stärk@@', 'ere', 'k@@', 'ern@@', 'techn@@', 'ische', 'Zusammenarbeit', 'stehen', 'ganz', 'ob@@', 'en', 'auf', 'der', 'Tag@@', 'es@@', 'ordnung', '.']
2026-05-08 19:00:54,771 - DEBUG - joeynmt.training - 	Tokenized reference:  ['high', 'on', 'the', 'agen@@', 'da', 'are', 'pl@@', 'ans', 'for', 'gre@@', 'ater', 'nu@@', 'clear', 'c@@', 'o', '@@@', '-@@', '@', 'operation', '.']
2026-05-08 19:00:54,771 - DEBUG - joeynmt.training - 	Tokenized hypothesis: ['P@@', 'l@@', 'lan@@', 'e', 'for', 'more', 'c@@', 'seri@@', 'ous', 'techn@@', 'ical', 'cooperation', '.', '</s>']
2026-05-08 19:00:54,771 - INFO - joeynmt.training - 	Source:     Pläne für eine stärkere kerntechnische Zusammenarbeit stehen ganz oben auf der Tagesordnung .
2026-05-08 19:00:54,771 - INFO - joeynmt.training - 	Reference:  high on the agenda are plans for greater nuclear co @-@ operation .
2026-05-08 19:00:54,771 - INFO - joeynmt.training - 	Hypothesis: Pllane for more cserious technical cooperation .
2026-05-08 19:00:54,771 - INFO - joeynmt.training - Example #4
2026-05-08 19:00:54,771 - DEBUG - joeynmt.training - 	Tokenized source:     ['Berich@@', 'ten', 'zu@@', 'fol@@', 'ge', 'ho@@', 'fft', 'Indi@@', 'en', 'darüber', 'hinaus', 'auf', 'einen', 'Ver@@', 'trag', 'zur', 'Ver@@', 'tei@@', 'dig@@', 'ungs@@', 'zusammen@@', 'arbeit', 'zwischen', 'den', 'beiden', 'N@@', 'ationen', '.']
2026-05-08 19:00:54,771 - DEBUG - joeynmt.training - 	Tokenized reference:  ['Indi@@', 'a', 'is', 'also', 're@@', 'porte@@', 'dly', 'hop@@', 'ing', 'for', 'a', 'de@@', 'al', 'on', 'def@@', 'ence', 'c@@', 'oll@@', 'ab@@', 'or@@', 'ation', 'between', 'the', 'two', 'n@@', 'ations', '.']
2026-05-08 19:00:54,771 - DEBUG - joeynmt.training - 	Tokenized hypothesis: ['the', 'following', 're@@', 'ports', ',', 'Indi@@', 'a', 'is', 'also', 'a', 'Tre@@', 'aty', 'on', 'a', 'Tre@@', 'aty', 'on', 'the', 'con@@', 'text', 'of', 'the', 'two', 'n@@', 'ations', '.', '</s>']
2026-05-08 19:00:54,771 - INFO - joeynmt.training - 	Source:     Berichten zufolge hofft Indien darüber hinaus auf einen Vertrag zur Verteidigungszusammenarbeit zwischen den beiden Nationen .
2026-05-08 19:00:54,771 - INFO - joeynmt.training - 	Reference:  India is also reportedly hoping for a deal on defence collaboration between the two nations .
2026-05-08 19:00:54,771 - INFO - joeynmt.training - 	Hypothesis: the following reports , India is also a Treaty on a Treaty on the context of the two nations .
2026-05-08 19:01:12,543 - INFO - joeynmt.training - Epoch   5, Step:    19100, Batch Loss:     1.551698, Batch Acc: 0.501903, Tokens per Sec:     5105, Lr: 0.000300
2026-05-08 19:01:30,374 - INFO - joeynmt.training - Epoch   5, Step:    19200, Batch Loss:     1.623791, Batch Acc: 0.503848, Tokens per Sec:     5123, Lr: 0.000300
2026-05-08 19:01:48,185 - INFO - joeynmt.training - Epoch   5, Step:    19300, Batch Loss:     1.724225, Batch Acc: 0.500533, Tokens per Sec:     5109, Lr: 0.000300
2026-05-08 19:02:06,910 - INFO - joeynmt.training - Epoch   5, Step:    19400, Batch Loss:     2.016682, Batch Acc: 0.501721, Tokens per Sec:     4856, Lr: 0.000300
2026-05-08 19:02:26,230 - INFO - joeynmt.training - Epoch   5, Step:    19500, Batch Loss:     1.715182, Batch Acc: 0.500968, Tokens per Sec:     4784, Lr: 0.000300
2026-05-08 19:02:26,231 - INFO - joeynmt.prediction - Predicting 500 example(s)... (Greedy decoding with min_output_length=1, max_output_length=-1, return_prob='none', generate_unk=True, repetition_penalty=-1, no_repeat_ngram_size=-1)
2026-05-08 19:03:00,928 - INFO - joeynmt.prediction - Evaluation result (greedy) loss:   2.16, ppl:   8.67, acc:   0.44, generation: 34.6914[sec], evaluation: 0.0000[sec]
2026-05-08 19:03:00,930 - INFO - joeynmt.training - Hooray! New best validation result [ppl]!
2026-05-08 19:03:01,036 - INFO - joeynmt.helpers - delete models/deen_transformer_pre/17500.ckpt
2026-05-08 19:03:01,040 - INFO - joeynmt.training - Example #0
2026-05-08 19:03:01,040 - DEBUG - joeynmt.training - 	Tokenized source:     ['die', 'Pre@@', 'mi@@', 'er@@', 'minist@@', 'er', 'Indi@@', 'ens', 'und', 'J@@', 'ap@@', 'ans', 'tra@@', 'fen', 'sich', 'in', 'T@@', 'ok@@', 'i@@', 'o', '.']
2026-05-08 19:03:01,040 - DEBUG - joeynmt.training - 	Tokenized reference:  ['Indi@@', 'a', 'and', 'J@@', 'ap@@', 'an', 'pri@@', 'me', 'minist@@', 'ers', 'me@@', 'et', 'in', 'T@@', 'ok@@', 'y@@', 'o']
2026-05-08 19:03:01,040 - DEBUG - joeynmt.training - 	Tokenized hypothesis: ['the', 'pri@@', 'me', 'minist@@', 'er', 'Indi@@', 'a', 'and', 'J@@', 'ap@@', 'tra@@', 'ins', 'in', 'T@@', 'ok@@', 'i@@', 'o', '.', '</s>']
2026-05-08 19:03:01,040 - INFO - joeynmt.training - 	Source:     die Premierminister Indiens und Japans trafen sich in Tokio .
2026-05-08 19:03:01,040 - INFO - joeynmt.training - 	Reference:  India and Japan prime ministers meet in Tokyo
2026-05-08 19:03:01,040 - INFO - joeynmt.training - 	Hypothesis: the prime minister India and Japtrains in Tokio .
2026-05-08 19:03:01,040 - INFO - joeynmt.training - Example #1
2026-05-08 19:03:01,041 - DEBUG - joeynmt.training - 	Tokenized source:     ['Indi@@', 'ens', 'neu@@', 'er', 'Pre@@', 'mi@@', 'er@@', 'minist@@', 'er', 'N@@', 'ar@@', 'end@@', 'ra', 'Mo@@', 'd@@', 'i', 'tri@@', 'fft', 'bei', 's@@', 'einem', 'ersten', 'wichti@@', 'gen', 'Aus@@', 'land@@', 's@@', 'bes@@', 'u@@', 'ch', 'seit', 's@@', 'einem', 'W@@', 'ah@@', 'l@@', 'si@@', 'e@@', 'g', 'im', 'Ma@@', 'i', 'seinen', 'j@@', 'ap@@', 'an@@', 'ischen', 'Am@@', 'ts@@', 'k@@', 'olle@@', 'gen', 'S@@', 'hin@@', 'z@@', 'o', 'A@@', 'be', 'in', 'T@@', 'ok@@', 'o', ',', 'um', 'wirtschaf@@', 'tliche', 'und', 'sicher@@', 'heits@@', 'politische', 'Be@@', 'zieh@@', 'ungen', 'zu', 'bes@@', 'pre@@', 'chen', '.']
2026-05-08 19:03:01,041 - DEBUG - joeynmt.training - 	Tokenized reference:  ['Indi@@', 'a', '&apos;s', 'new', 'pri@@', 'me', 'minist@@', 'er', ',', 'N@@', 'ar@@', 'end@@', 'ra', 'Mo@@', 'd@@', 'i', ',', 'is', 'me@@', 'eting', 'his', 'J@@', 'ap@@', 'an@@', 'ese', 'coun@@', 'ter@@', 'part', ',', 'S@@', 'hin@@', 'z@@', 'o', 'A@@', 'be', ',', 'in', 'T@@', 'ok@@', 'y@@', 'o', 'to', 'disc@@', 'uss', 'economic', 'and', 'security', 'ties', ',', 'on', 'his', 'first', 'major', 'fore@@', 'ign', 'visi@@', 't', 'since', 'w@@', 'inn@@', 'ing', 'Ma@@', 'y', '&apos;s', 'elec@@', 'tion', '.']
2026-05-08 19:03:01,041 - DEBUG - joeynmt.training - 	Tokenized hypothesis: ['Indi@@', 'a', '&apos;s', 'lat@@', 'est', 'pri@@', 'me', 'minist@@', 'er', 'N@@', 'ar@@', 'end@@', 'ra', 'Mo@@', 'd@@', 'i', ',', 'in', 'his', 'first', 'important', 'ex@@', 'change', ',', 'since', 'his', 'first', 'important', 'ex@@', 'change', ',', 'since', 'his', 'elec@@', 'tion', ',', 'in', 'Ma@@', 'y', 'his', 'elec@@', 'tion', ',', 'in', 'the', 'S@@', 'hin@@', 'z@@', 'o', 'A@@', 'be', 'in', 'T@@', 'ok@@', 'o', ',', 'to', 'the', 'economic', 'and', 'saf@@', 'ety', 'of', 'the', 'S@@', 'hin@@', 'z@@', 'z@@', 'o', 'A@@', 'be', 'in', 'T@@', 'ok@@', 'o', ',', 'to', 'visi@@', 't', 'his', 'first', 'and', 'all', 'the', 'pre@@', 'vi@@', 'ous', 'm@@', 'embers', 'of', 'the', 'S@@', 'hin@@', 'e', '.', '</s>']
2026-05-08 19:03:01,041 - INFO - joeynmt.training - 	Source:     Indiens neuer Premierminister Narendra Modi trifft bei seinem ersten wichtigen Auslandsbesuch seit seinem Wahlsieg im Mai seinen japanischen Amtskollegen Shinzo Abe in Toko , um wirtschaftliche und sicherheitspolitische Beziehungen zu besprechen .
2026-05-08 19:03:01,041 - INFO - joeynmt.training - 	Reference:  India &apos;s new prime minister , Narendra Modi , is meeting his Japanese counterpart , Shinzo Abe , in Tokyo to discuss economic and security ties , on his first major foreign visit since winning May &apos;s election .
2026-05-08 19:03:01,041 - INFO - joeynmt.training - 	Hypothesis: India &apos;s latest prime minister Narendra Modi , in his first important exchange , since his first important exchange , since his election , in May his election , in the Shinzo Abe in Toko , to the economic and safety of the Shinzzo Abe in Toko , to visit his first and all the previous members of the Shine .
2026-05-08 19:03:01,041 - INFO - joeynmt.training - Example #2
2026-05-08 19:03:01,041 - DEBUG - joeynmt.training - 	Tokenized source:     ['Herr', 'Mo@@', 'd@@', 'i', 'befindet', 'sich', 'auf', 'einer', 'fü@@', 'n@@', 'f@@', 'tä@@', 'gi@@', 'gen', 'Rei@@', 'se', 'nach', 'J@@', 'ap@@', 'an', ',', 'um', 'die', 'wirtschaf@@', 'tlichen', 'Be@@', 'zieh@@', 'ungen', 'mit', 'der', 'd@@', 'rit@@', 't@@', 'größ@@', 'ten', 'Wirtschafts@@', 'n@@', 'ation', 'der', 'Welt', 'zu', 'fes@@', 'tigen', '.']
2026-05-08 19:03:01,041 - DEBUG - joeynmt.training - 	Tokenized reference:  ['Mr', 'Mo@@', 'd@@', 'i', 'is', 'on', 'a', 'fi@@', 've', '@@@', '-@@', '@', 'day', 'tri@@', 'p', 'to', 'J@@', 'ap@@', 'an', 'to', 'streng@@', 'then', 'economic', 'ties', 'with', 'the', 'third', 'lar@@', 'ges@@', 't', 'econom@@', 'y', 'in', 'the', 'world', '.']
2026-05-08 19:03:01,041 - DEBUG - joeynmt.training - 	Tokenized hypothesis: ['Mr', 'Mo@@', 'd@@', 'i', 'is', 'located', 'on', 'a', 'fi@@', 'f@@', 'ty', 'of', 'the', 'fi@@', 'f@@', 'ty', 'of', 'J@@', 'ap@@', 'an', ',', 'with', 'the', 'third', 'lar@@', 'ges@@', 't', 'economic', 'rel@@', 'ations', 'with', 'the', 'third', 'lar@@', 'ges@@', 't', 'economic', 'rel@@', 'ations', 'with', 'the', 'third', 'lar@@', 'ges@@', 't', 'economic', 'rel@@', 'ations', 'with', 'the', 'third', 'lar@@', 'ges@@', 't', 'economic', 'rel@@', 'ations', 'with', 'the', 'third', 'lar@@', 'ges@@', 't', 'economic', 'rel@@', 'ations', 'with', 'the', 'third', 'lar@@', 'ges@@', 't', 'economic', 'rel@@', 'ations', 'with', 'the', 'third', 'lar@@', 'ges@@', 't', 'economic', 'rel@@', 'ations', '.', '</s>']
2026-05-08 19:03:01,041 - INFO - joeynmt.training - 	Source:     Herr Modi befindet sich auf einer fünftägigen Reise nach Japan , um die wirtschaftlichen Beziehungen mit der drittgrößten Wirtschaftsnation der Welt zu festigen .
2026-05-08 19:03:01,041 - INFO - joeynmt.training - 	Reference:  Mr Modi is on a five @-@ day trip to Japan to strengthen economic ties with the third largest economy in the world .
2026-05-08 19:03:01,041 - INFO - joeynmt.training - 	Hypothesis: Mr Modi is located on a fifty of the fifty of Japan , with the third largest economic relations with the third largest economic relations with the third largest economic relations with the third largest economic relations with the third largest economic relations with the third largest economic relations with the third largest economic relations .
2026-05-08 19:03:01,041 - INFO - joeynmt.training - Example #3
2026-05-08 19:03:01,041 - DEBUG - joeynmt.training - 	Tokenized source:     ['P@@', 'län@@', 'e', 'für', 'eine', 'stärk@@', 'ere', 'k@@', 'ern@@', 'techn@@', 'ische', 'Zusammenarbeit', 'stehen', 'ganz', 'ob@@', 'en', 'auf', 'der', 'Tag@@', 'es@@', 'ordnung', '.']
2026-05-08 19:03:01,041 - DEBUG - joeynmt.training - 	Tokenized reference:  ['high', 'on', 'the', 'agen@@', 'da', 'are', 'pl@@', 'ans', 'for', 'gre@@', 'ater', 'nu@@', 'clear', 'c@@', 'o', '@@@', '-@@', '@', 'operation', '.']
2026-05-08 19:03:01,041 - DEBUG - joeynmt.training - 	Tokenized hypothesis: ['p@@', 'ass@@', 'ing', 'for', 'more', 'di@@', 'st@@', 'in@@', 'ction', ',', 'in', 'the', 'agen@@', 'da', '.', '</s>']
2026-05-08 19:03:01,041 - INFO - joeynmt.training - 	Source:     Pläne für eine stärkere kerntechnische Zusammenarbeit stehen ganz oben auf der Tagesordnung .
2026-05-08 19:03:01,041 - INFO - joeynmt.training - 	Reference:  high on the agenda are plans for greater nuclear co @-@ operation .
2026-05-08 19:03:01,041 - INFO - joeynmt.training - 	Hypothesis: passing for more distinction , in the agenda .
2026-05-08 19:03:01,041 - INFO - joeynmt.training - Example #4
2026-05-08 19:03:01,042 - DEBUG - joeynmt.training - 	Tokenized source:     ['Berich@@', 'ten', 'zu@@', 'fol@@', 'ge', 'ho@@', 'fft', 'Indi@@', 'en', 'darüber', 'hinaus', 'auf', 'einen', 'Ver@@', 'trag', 'zur', 'Ver@@', 'tei@@', 'dig@@', 'ungs@@', 'zusammen@@', 'arbeit', 'zwischen', 'den', 'beiden', 'N@@', 'ationen', '.']
2026-05-08 19:03:01,042 - DEBUG - joeynmt.training - 	Tokenized reference:  ['Indi@@', 'a', 'is', 'also', 're@@', 'porte@@', 'dly', 'hop@@', 'ing', 'for', 'a', 'de@@', 'al', 'on', 'def@@', 'ence', 'c@@', 'oll@@', 'ab@@', 'or@@', 'ation', 'between', 'the', 'two', 'n@@', 'ations', '.']
2026-05-08 19:03:01,042 - DEBUG - joeynmt.training - 	Tokenized hypothesis: ['re@@', 'ports', ',', 'in', 'ad@@', 'dition', ',', 'Indi@@', 'a', 'is', 'also', 'a', 'Tre@@', 'aty', 'on', 'a', 'Tre@@', 'aty', 'on', 'the', 'con@@', 'tr@@', 'ary', '.', '</s>']
2026-05-08 19:03:01,042 - INFO - joeynmt.training - 	Source:     Berichten zufolge hofft Indien darüber hinaus auf einen Vertrag zur Verteidigungszusammenarbeit zwischen den beiden Nationen .
2026-05-08 19:03:01,042 - INFO - joeynmt.training - 	Reference:  India is also reportedly hoping for a deal on defence collaboration between the two nations .
2026-05-08 19:03:01,042 - INFO - joeynmt.training - 	Hypothesis: reports , in addition , India is also a Treaty on a Treaty on the contrary .
2026-05-08 19:03:20,356 - INFO - joeynmt.training - Epoch   5, Step:    19600, Batch Loss:     1.912009, Batch Acc: 0.502458, Tokens per Sec:     4753, Lr: 0.000300
2026-05-08 19:03:39,976 - INFO - joeynmt.training - Epoch   5, Step:    19700, Batch Loss:     1.874012, Batch Acc: 0.503573, Tokens per Sec:     4779, Lr: 0.000300
2026-05-08 19:03:59,352 - INFO - joeynmt.training - Epoch   5, Step:    19800, Batch Loss:     1.785096, Batch Acc: 0.499929, Tokens per Sec:     4743, Lr: 0.000300
2026-05-08 19:04:18,715 - INFO - joeynmt.training - Epoch   5, Step:    19900, Batch Loss:     1.735272, Batch Acc: 0.496296, Tokens per Sec:     4796, Lr: 0.000300
2026-05-08 19:04:38,231 - INFO - joeynmt.training - Epoch   5, Step:    20000, Batch Loss:     1.789418, Batch Acc: 0.504350, Tokens per Sec:     4729, Lr: 0.000300
2026-05-08 19:04:38,231 - INFO - joeynmt.prediction - Predicting 500 example(s)... (Greedy decoding with min_output_length=1, max_output_length=-1, return_prob='none', generate_unk=True, repetition_penalty=-1, no_repeat_ngram_size=-1)
2026-05-08 19:05:23,230 - INFO - joeynmt.prediction - Evaluation result (greedy) loss:   2.15, ppl:   8.59, acc:   0.44, generation: 44.9937[sec], evaluation: 0.0000[sec]
2026-05-08 19:05:23,232 - INFO - joeynmt.training - Hooray! New best validation result [ppl]!
2026-05-08 19:05:23,329 - INFO - joeynmt.helpers - delete models/deen_transformer_pre/17000.ckpt
2026-05-08 19:05:23,332 - INFO - joeynmt.training - Example #0
2026-05-08 19:05:23,332 - DEBUG - joeynmt.training - 	Tokenized source:     ['die', 'Pre@@', 'mi@@', 'er@@', 'minist@@', 'er', 'Indi@@', 'ens', 'und', 'J@@', 'ap@@', 'ans', 'tra@@', 'fen', 'sich', 'in', 'T@@', 'ok@@', 'i@@', 'o', '.']
2026-05-08 19:05:23,332 - DEBUG - joeynmt.training - 	Tokenized reference:  ['Indi@@', 'a', 'and', 'J@@', 'ap@@', 'an', 'pri@@', 'me', 'minist@@', 'ers', 'me@@', 'et', 'in', 'T@@', 'ok@@', 'y@@', 'o']
2026-05-08 19:05:23,332 - DEBUG - joeynmt.training - 	Tokenized hypothesis: ['the', 'Pre@@', 'mi@@', 'er', 'minist@@', 'er', 'Indi@@', 'a', 'and', 'J@@', 'ap@@', 'ans', '.', '</s>']
2026-05-08 19:05:23,333 - INFO - joeynmt.training - 	Source:     die Premierminister Indiens und Japans trafen sich in Tokio .
2026-05-08 19:05:23,333 - INFO - joeynmt.training - 	Reference:  India and Japan prime ministers meet in Tokyo
2026-05-08 19:05:23,333 - INFO - joeynmt.training - 	Hypothesis: the Premier minister India and Japans .
2026-05-08 19:05:23,333 - INFO - joeynmt.training - Example #1
2026-05-08 19:05:23,333 - DEBUG - joeynmt.training - 	Tokenized source:     ['Indi@@', 'ens', 'neu@@', 'er', 'Pre@@', 'mi@@', 'er@@', 'minist@@', 'er', 'N@@', 'ar@@', 'end@@', 'ra', 'Mo@@', 'd@@', 'i', 'tri@@', 'fft', 'bei', 's@@', 'einem', 'ersten', 'wichti@@', 'gen', 'Aus@@', 'land@@', 's@@', 'bes@@', 'u@@', 'ch', 'seit', 's@@', 'einem', 'W@@', 'ah@@', 'l@@', 'si@@', 'e@@', 'g', 'im', 'Ma@@', 'i', 'seinen', 'j@@', 'ap@@', 'an@@', 'ischen', 'Am@@', 'ts@@', 'k@@', 'olle@@', 'gen', 'S@@', 'hin@@', 'z@@', 'o', 'A@@', 'be', 'in', 'T@@', 'ok@@', 'o', ',', 'um', 'wirtschaf@@', 'tliche', 'und', 'sicher@@', 'heits@@', 'politische', 'Be@@', 'zieh@@', 'ungen', 'zu', 'bes@@', 'pre@@', 'chen', '.']
2026-05-08 19:05:23,333 - DEBUG - joeynmt.training - 	Tokenized reference:  ['Indi@@', 'a', '&apos;s', 'new', 'pri@@', 'me', 'minist@@', 'er', ',', 'N@@', 'ar@@', 'end@@', 'ra', 'Mo@@', 'd@@', 'i', ',', 'is', 'me@@', 'eting', 'his', 'J@@', 'ap@@', 'an@@', 'ese', 'coun@@', 'ter@@', 'part', ',', 'S@@', 'hin@@', 'z@@', 'o', 'A@@', 'be', ',', 'in', 'T@@', 'ok@@', 'y@@', 'o', 'to', 'disc@@', 'uss', 'economic', 'and', 'security', 'ties', ',', 'on', 'his', 'first', 'major', 'fore@@', 'ign', 'visi@@', 't', 'since', 'w@@', 'inn@@', 'ing', 'Ma@@', 'y', '&apos;s', 'elec@@', 'tion', '.']
2026-05-08 19:05:23,333 - DEBUG - joeynmt.training - 	Tokenized hypothesis: ['Indi@@', 'a', ',', 'the', 'new', 'pri@@', 'me', 'minist@@', 'er', 'N@@', 'ar@@', 'end@@', 'ra', 'Mo@@', 'd@@', 'i', 'i', ',', 'in', 'his', 'first', 'important', 'fore@@', 'ign', 'A@@', 'ff@@', 'air@@', 's', ',', 'the', 'S@@', 'hin@@', 'z@@', 'o', 'A@@', 'be', 'in', 'Ma@@', 'y', 'his', 'J@@', 'ap@@', 'an@@', 'ese', ',', 'S@@', 'hin@@', 'z@@', 'o', 'A@@', 'be', 'in', 'T@@', 'ok@@', 'o', ',', 'to', 'the', 'economic', 'and', 'saf@@', 'ety', 'and', 'saf@@', 'ety', 'and', 'saf@@', 'ety', 'and', 'saf@@', 'ety', 'and', 'S@@', 'hin@@', 'z@@', 'o', 'A@@', 'be', 'in', 'T@@', 'ok@@', 'o', ',', 'to', 'visi@@', 't', 'the', 'S@@', 'hin@@', 'z@@', 'o', 'A@@', 'ff@@', 'air@@', 's', '.', '</s>']
2026-05-08 19:05:23,333 - INFO - joeynmt.training - 	Source:     Indiens neuer Premierminister Narendra Modi trifft bei seinem ersten wichtigen Auslandsbesuch seit seinem Wahlsieg im Mai seinen japanischen Amtskollegen Shinzo Abe in Toko , um wirtschaftliche und sicherheitspolitische Beziehungen zu besprechen .
2026-05-08 19:05:23,333 - INFO - joeynmt.training - 	Reference:  India &apos;s new prime minister , Narendra Modi , is meeting his Japanese counterpart , Shinzo Abe , in Tokyo to discuss economic and security ties , on his first major foreign visit since winning May &apos;s election .
2026-05-08 19:05:23,333 - INFO - joeynmt.training - 	Hypothesis: India , the new prime minister Narendra Modi i , in his first important foreign Affairs , the Shinzo Abe in May his Japanese , Shinzo Abe in Toko , to the economic and safety and safety and safety and safety and Shinzo Abe in Toko , to visit the Shinzo Affairs .
2026-05-08 19:05:23,333 - INFO - joeynmt.training - Example #2
2026-05-08 19:05:23,333 - DEBUG - joeynmt.training - 	Tokenized source:     ['Herr', 'Mo@@', 'd@@', 'i', 'befindet', 'sich', 'auf', 'einer', 'fü@@', 'n@@', 'f@@', 'tä@@', 'gi@@', 'gen', 'Rei@@', 'se', 'nach', 'J@@', 'ap@@', 'an', ',', 'um', 'die', 'wirtschaf@@', 'tlichen', 'Be@@', 'zieh@@', 'ungen', 'mit', 'der', 'd@@', 'rit@@', 't@@', 'größ@@', 'ten', 'Wirtschafts@@', 'n@@', 'ation', 'der', 'Welt', 'zu', 'fes@@', 'tigen', '.']
2026-05-08 19:05:23,333 - DEBUG - joeynmt.training - 	Tokenized reference:  ['Mr', 'Mo@@', 'd@@', 'i', 'is', 'on', 'a', 'fi@@', 've', '@@@', '-@@', '@', 'day', 'tri@@', 'p', 'to', 'J@@', 'ap@@', 'an', 'to', 'streng@@', 'then', 'economic', 'ties', 'with', 'the', 'third', 'lar@@', 'ges@@', 't', 'econom@@', 'y', 'in', 'the', 'world', '.']
2026-05-08 19:05:23,333 - DEBUG - joeynmt.training - 	Tokenized hypothesis: ['Mr', 'Mo@@', 'd@@', 'i', 'is', 'located', 'on', 'a', 'fi@@', 'f@@', 'ty', 'of', 'the', 'world', '&apos;s', 'fi@@', 'f@@', 'ty', ',', 'in', 'order', 'to', 'be', 'f@@', 'ess@@', 'ed', 'to', 'the', 'economic', 'rel@@', 'ations', 'with', 'the', 'third', 'lar@@', 'ges@@', 't', 'economic', 'n@@', 'ation', 'of', 'the', 'world', '.', '</s>']
2026-05-08 19:05:23,333 - INFO - joeynmt.training - 	Source:     Herr Modi befindet sich auf einer fünftägigen Reise nach Japan , um die wirtschaftlichen Beziehungen mit der drittgrößten Wirtschaftsnation der Welt zu festigen .
2026-05-08 19:05:23,333 - INFO - joeynmt.training - 	Reference:  Mr Modi is on a five @-@ day trip to Japan to strengthen economic ties with the third largest economy in the world .
2026-05-08 19:05:23,333 - INFO - joeynmt.training - 	Hypothesis: Mr Modi is located on a fifty of the world &apos;s fifty , in order to be fessed to the economic relations with the third largest economic nation of the world .
2026-05-08 19:05:23,333 - INFO - joeynmt.training - Example #3
2026-05-08 19:05:23,333 - DEBUG - joeynmt.training - 	Tokenized source:     ['P@@', 'län@@', 'e', 'für', 'eine', 'stärk@@', 'ere', 'k@@', 'ern@@', 'techn@@', 'ische', 'Zusammenarbeit', 'stehen', 'ganz', 'ob@@', 'en', 'auf', 'der', 'Tag@@', 'es@@', 'ordnung', '.']
2026-05-08 19:05:23,333 - DEBUG - joeynmt.training - 	Tokenized reference:  ['high', 'on', 'the', 'agen@@', 'da', 'are', 'pl@@', 'ans', 'for', 'gre@@', 'ater', 'nu@@', 'clear', 'c@@', 'o', '@@@', '-@@', '@', 'operation', '.']
2026-05-08 19:05:23,333 - DEBUG - joeynmt.training - 	Tokenized hypothesis: ['P@@', 'ru@@', 'e', 'for', 'gre@@', 'ater', 'co@@', '-@@', 'operation', ',', 'and', 'also', 'is', 'qu@@', 'ite', 'ri@@', 'gh@@', 'tly', '.', '</s>']
2026-05-08 19:05:23,333 - INFO - joeynmt.training - 	Source:     Pläne für eine stärkere kerntechnische Zusammenarbeit stehen ganz oben auf der Tagesordnung .
2026-05-08 19:05:23,334 - INFO - joeynmt.training - 	Reference:  high on the agenda are plans for greater nuclear co @-@ operation .
2026-05-08 19:05:23,334 - INFO - joeynmt.training - 	Hypothesis: Prue for greater co-operation , and also is quite rightly .
2026-05-08 19:05:23,334 - INFO - joeynmt.training - Example #4
2026-05-08 19:05:23,334 - DEBUG - joeynmt.training - 	Tokenized source:     ['Berich@@', 'ten', 'zu@@', 'fol@@', 'ge', 'ho@@', 'fft', 'Indi@@', 'en', 'darüber', 'hinaus', 'auf', 'einen', 'Ver@@', 'trag', 'zur', 'Ver@@', 'tei@@', 'dig@@', 'ungs@@', 'zusammen@@', 'arbeit', 'zwischen', 'den', 'beiden', 'N@@', 'ationen', '.']
2026-05-08 19:05:23,334 - DEBUG - joeynmt.training - 	Tokenized reference:  ['Indi@@', 'a', 'is', 'also', 're@@', 'porte@@', 'dly', 'hop@@', 'ing', 'for', 'a', 'de@@', 'al', 'on', 'def@@', 'ence', 'c@@', 'oll@@', 'ab@@', 'or@@', 'ation', 'between', 'the', 'two', 'n@@', 'ations', '.']
2026-05-08 19:05:23,334 - DEBUG - joeynmt.training - 	Tokenized hypothesis: ['re@@', 'ports', ',', 'the', 'S@@', 'ec@@', 'tion', 'is', 'also', 'a', 'Tre@@', 'aty', 'on', 'a', 'Tre@@', 'aty', 'on', 'def@@', 'ence', 'cooperation', 'between', 'the', 'two', 'n@@', 'ations', '.', '</s>']
2026-05-08 19:05:23,334 - INFO - joeynmt.training - 	Source:     Berichten zufolge hofft Indien darüber hinaus auf einen Vertrag zur Verteidigungszusammenarbeit zwischen den beiden Nationen .
2026-05-08 19:05:23,334 - INFO - joeynmt.training - 	Reference:  India is also reportedly hoping for a deal on defence collaboration between the two nations .
2026-05-08 19:05:23,334 - INFO - joeynmt.training - 	Hypothesis: reports , the Section is also a Treaty on a Treaty on defence cooperation between the two nations .
2026-05-08 19:05:42,476 - INFO - joeynmt.training - Epoch   5, Step:    20100, Batch Loss:     1.754160, Batch Acc: 0.501885, Tokens per Sec:     4783, Lr: 0.000300
2026-05-08 19:06:01,615 - INFO - joeynmt.training - Epoch   5, Step:    20200, Batch Loss:     1.755476, Batch Acc: 0.505209, Tokens per Sec:     4825, Lr: 0.000300
2026-05-08 19:06:21,131 - INFO - joeynmt.training - Epoch   5, Step:    20300, Batch Loss:     1.848905, Batch Acc: 0.497336, Tokens per Sec:     4646, Lr: 0.000300
2026-05-08 19:06:26,454 - INFO - joeynmt.training - Epoch   5: total training loss 7463.20
2026-05-08 19:06:26,454 - INFO - joeynmt.training - EPOCH 6
2026-05-08 19:06:40,420 - INFO - joeynmt.training - Epoch   6, Step:    20400, Batch Loss:     2.011214, Batch Acc: 0.526661, Tokens per Sec:     4722, Lr: 0.000300
2026-05-08 19:06:59,712 - INFO - joeynmt.training - Epoch   6, Step:    20500, Batch Loss:     1.594206, Batch Acc: 0.523293, Tokens per Sec:     4746, Lr: 0.000300
2026-05-08 19:06:59,712 - INFO - joeynmt.prediction - Predicting 500 example(s)... (Greedy decoding with min_output_length=1, max_output_length=-1, return_prob='none', generate_unk=True, repetition_penalty=-1, no_repeat_ngram_size=-1)
2026-05-08 19:07:31,163 - INFO - joeynmt.prediction - Evaluation result (greedy) loss:   2.16, ppl:   8.70, acc:   0.44, generation: 31.4463[sec], evaluation: 0.0000[sec]
2026-05-08 19:07:31,261 - INFO - joeynmt.helpers - delete models/deen_transformer_pre/18000.ckpt
2026-05-08 19:07:31,263 - INFO - joeynmt.training - Example #0
2026-05-08 19:07:31,263 - DEBUG - joeynmt.training - 	Tokenized source:     ['die', 'Pre@@', 'mi@@', 'er@@', 'minist@@', 'er', 'Indi@@', 'ens', 'und', 'J@@', 'ap@@', 'ans', 'tra@@', 'fen', 'sich', 'in', 'T@@', 'ok@@', 'i@@', 'o', '.']
2026-05-08 19:07:31,263 - DEBUG - joeynmt.training - 	Tokenized reference:  ['Indi@@', 'a', 'and', 'J@@', 'ap@@', 'an', 'pri@@', 'me', 'minist@@', 'ers', 'me@@', 'et', 'in', 'T@@', 'ok@@', 'y@@', 'o']
2026-05-08 19:07:31,263 - DEBUG - joeynmt.training - 	Tokenized hypothesis: ['the', 'Pri@@', 'me', 'Minist@@', 'er', 'Indi@@', 'a', 'and', 'J@@', 'ap@@', 'an', 'Indi@@', 'a', 'and', 'J@@', 'ap@@', 'an', '&apos;s', 'M@@', 'er@@', 'c@@', 'o', '.', '</s>']
2026-05-08 19:07:31,263 - INFO - joeynmt.training - 	Source:     die Premierminister Indiens und Japans trafen sich in Tokio .
2026-05-08 19:07:31,263 - INFO - joeynmt.training - 	Reference:  India and Japan prime ministers meet in Tokyo
2026-05-08 19:07:31,263 - INFO - joeynmt.training - 	Hypothesis: the Prime Minister India and Japan India and Japan &apos;s Merco .
2026-05-08 19:07:31,263 - INFO - joeynmt.training - Example #1
2026-05-08 19:07:31,263 - DEBUG - joeynmt.training - 	Tokenized source:     ['Indi@@', 'ens', 'neu@@', 'er', 'Pre@@', 'mi@@', 'er@@', 'minist@@', 'er', 'N@@', 'ar@@', 'end@@', 'ra', 'Mo@@', 'd@@', 'i', 'tri@@', 'fft', 'bei', 's@@', 'einem', 'ersten', 'wichti@@', 'gen', 'Aus@@', 'land@@', 's@@', 'bes@@', 'u@@', 'ch', 'seit', 's@@', 'einem', 'W@@', 'ah@@', 'l@@', 'si@@', 'e@@', 'g', 'im', 'Ma@@', 'i', 'seinen', 'j@@', 'ap@@', 'an@@', 'ischen', 'Am@@', 'ts@@', 'k@@', 'olle@@', 'gen', 'S@@', 'hin@@', 'z@@', 'o', 'A@@', 'be', 'in', 'T@@', 'ok@@', 'o', ',', 'um', 'wirtschaf@@', 'tliche', 'und', 'sicher@@', 'heits@@', 'politische', 'Be@@', 'zieh@@', 'ungen', 'zu', 'bes@@', 'pre@@', 'chen', '.']
2026-05-08 19:07:31,263 - DEBUG - joeynmt.training - 	Tokenized reference:  ['Indi@@', 'a', '&apos;s', 'new', 'pri@@', 'me', 'minist@@', 'er', ',', 'N@@', 'ar@@', 'end@@', 'ra', 'Mo@@', 'd@@', 'i', ',', 'is', 'me@@', 'eting', 'his', 'J@@', 'ap@@', 'an@@', 'ese', 'coun@@', 'ter@@', 'part', ',', 'S@@', 'hin@@', 'z@@', 'o', 'A@@', 'be', ',', 'in', 'T@@', 'ok@@', 'y@@', 'o', 'to', 'disc@@', 'uss', 'economic', 'and', 'security', 'ties', ',', 'on', 'his', 'first', 'major', 'fore@@', 'ign', 'visi@@', 't', 'since', 'w@@', 'inn@@', 'ing', 'Ma@@', 'y', '&apos;s', 'elec@@', 'tion', '.']
2026-05-08 19:07:31,263 - DEBUG - joeynmt.training - 	Tokenized hypothesis: ['Indi@@', 'a', '&apos;s', 'new', 'pri@@', 'me', 'minist@@', 'er', 'N@@', 'ar@@', 'end@@', 'ra', 'Mo@@', 'd@@', 'i', ',', 'in', 'his', 'first', 'important', 'land@@', 'sc@@', 'ap@@', 'e', 'since', 'his', 'first', 'important', 'land@@', 'sc@@', 'ap@@', 'e', 'since', 'his', 'his', 'year', ',', 'in', 'Ma@@', 'y', ',', 'his', 'first', 'of', 'all', 'the', 'economic', 'and', 'saf@@', 'ety', 'of', 'S@@', 'hin@@', 'z@@', 'o', 'A@@', 'be', 'in', 'T@@', 'ok@@', 'o', ',', 'to', 'visi@@', 't', 'his', 'own', '.', '</s>']
2026-05-08 19:07:31,264 - INFO - joeynmt.training - 	Source:     Indiens neuer Premierminister Narendra Modi trifft bei seinem ersten wichtigen Auslandsbesuch seit seinem Wahlsieg im Mai seinen japanischen Amtskollegen Shinzo Abe in Toko , um wirtschaftliche und sicherheitspolitische Beziehungen zu besprechen .
2026-05-08 19:07:31,264 - INFO - joeynmt.training - 	Reference:  India &apos;s new prime minister , Narendra Modi , is meeting his Japanese counterpart , Shinzo Abe , in Tokyo to discuss economic and security ties , on his first major foreign visit since winning May &apos;s election .
2026-05-08 19:07:31,264 - INFO - joeynmt.training - 	Hypothesis: India &apos;s new prime minister Narendra Modi , in his first important landscape since his first important landscape since his his year , in May , his first of all the economic and safety of Shinzo Abe in Toko , to visit his own .
2026-05-08 19:07:31,264 - INFO - joeynmt.training - Example #2
2026-05-08 19:07:31,264 - DEBUG - joeynmt.training - 	Tokenized source:     ['Herr', 'Mo@@', 'd@@', 'i', 'befindet', 'sich', 'auf', 'einer', 'fü@@', 'n@@', 'f@@', 'tä@@', 'gi@@', 'gen', 'Rei@@', 'se', 'nach', 'J@@', 'ap@@', 'an', ',', 'um', 'die', 'wirtschaf@@', 'tlichen', 'Be@@', 'zieh@@', 'ungen', 'mit', 'der', 'd@@', 'rit@@', 't@@', 'größ@@', 'ten', 'Wirtschafts@@', 'n@@', 'ation', 'der', 'Welt', 'zu', 'fes@@', 'tigen', '.']
2026-05-08 19:07:31,264 - DEBUG - joeynmt.training - 	Tokenized reference:  ['Mr', 'Mo@@', 'd@@', 'i', 'is', 'on', 'a', 'fi@@', 've', '@@@', '-@@', '@', 'day', 'tri@@', 'p', 'to', 'J@@', 'ap@@', 'an', 'to', 'streng@@', 'then', 'economic', 'ties', 'with', 'the', 'third', 'lar@@', 'ges@@', 't', 'econom@@', 'y', 'in', 'the', 'world', '.']
2026-05-08 19:07:31,264 - DEBUG - joeynmt.training - 	Tokenized hypothesis: ['Mr', 'Mo@@', 'd@@', 'i', 'is', 'based', 'on', 'a', 'fi@@', 'f@@', 'ty', 'of', 'j@@', 'ap@@', 'an@@', 'ese', ',', 'to', 'con@@', 'stitu@@', 'te', 'the', 'world', '&apos;s', 'economic', 'rel@@', 'ations', 'with', 'the', 'third', 'lar@@', 'ges@@', 't', 'economic', 'n@@', 'ation', '.', '</s>']
2026-05-08 19:07:31,264 - INFO - joeynmt.training - 	Source:     Herr Modi befindet sich auf einer fünftägigen Reise nach Japan , um die wirtschaftlichen Beziehungen mit der drittgrößten Wirtschaftsnation der Welt zu festigen .
2026-05-08 19:07:31,264 - INFO - joeynmt.training - 	Reference:  Mr Modi is on a five @-@ day trip to Japan to strengthen economic ties with the third largest economy in the world .
2026-05-08 19:07:31,264 - INFO - joeynmt.training - 	Hypothesis: Mr Modi is based on a fifty of japanese , to constitute the world &apos;s economic relations with the third largest economic nation .
2026-05-08 19:07:31,264 - INFO - joeynmt.training - Example #3
2026-05-08 19:07:31,264 - DEBUG - joeynmt.training - 	Tokenized source:     ['P@@', 'län@@', 'e', 'für', 'eine', 'stärk@@', 'ere', 'k@@', 'ern@@', 'techn@@', 'ische', 'Zusammenarbeit', 'stehen', 'ganz', 'ob@@', 'en', 'auf', 'der', 'Tag@@', 'es@@', 'ordnung', '.']
2026-05-08 19:07:31,264 - DEBUG - joeynmt.training - 	Tokenized reference:  ['high', 'on', 'the', 'agen@@', 'da', 'are', 'pl@@', 'ans', 'for', 'gre@@', 'ater', 'nu@@', 'clear', 'c@@', 'o', '@@@', '-@@', '@', 'operation', '.']
2026-05-08 19:07:31,264 - DEBUG - joeynmt.training - 	Tokenized hypothesis: ['P@@', 'lan@@', 'e', 'for', 'a', 'gre@@', 'ater', 'co@@', '-@@', 'operation', ',', 'in', 'fact', ',', 'the', 'agen@@', 'da', '.', '</s>']
2026-05-08 19:07:31,264 - INFO - joeynmt.training - 	Source:     Pläne für eine stärkere kerntechnische Zusammenarbeit stehen ganz oben auf der Tagesordnung .
2026-05-08 19:07:31,264 - INFO - joeynmt.training - 	Reference:  high on the agenda are plans for greater nuclear co @-@ operation .
2026-05-08 19:07:31,264 - INFO - joeynmt.training - 	Hypothesis: Plane for a greater co-operation , in fact , the agenda .
2026-05-08 19:07:31,264 - INFO - joeynmt.training - Example #4
2026-05-08 19:07:31,264 - DEBUG - joeynmt.training - 	Tokenized source:     ['Berich@@', 'ten', 'zu@@', 'fol@@', 'ge', 'ho@@', 'fft', 'Indi@@', 'en', 'darüber', 'hinaus', 'auf', 'einen', 'Ver@@', 'trag', 'zur', 'Ver@@', 'tei@@', 'dig@@', 'ungs@@', 'zusammen@@', 'arbeit', 'zwischen', 'den', 'beiden', 'N@@', 'ationen', '.']
2026-05-08 19:07:31,264 - DEBUG - joeynmt.training - 	Tokenized reference:  ['Indi@@', 'a', 'is', 'also', 're@@', 'porte@@', 'dly', 'hop@@', 'ing', 'for', 'a', 'de@@', 'al', 'on', 'def@@', 'ence', 'c@@', 'oll@@', 'ab@@', 'or@@', 'ation', 'between', 'the', 'two', 'n@@', 'ations', '.']
2026-05-08 19:07:31,264 - DEBUG - joeynmt.training - 	Tokenized hypothesis: ['re@@', 'ports', ',', 'Indi@@', 'a', 'is', 'also', 'a', 'con@@', 'tra@@', 'ct', 'on', 'a', 'con@@', 'tra@@', 'ct', 'on', 'def@@', 'ence', 'between', 'the', 'two', 'n@@', 'ations', '.', '</s>']
2026-05-08 19:07:31,264 - INFO - joeynmt.training - 	Source:     Berichten zufolge hofft Indien darüber hinaus auf einen Vertrag zur Verteidigungszusammenarbeit zwischen den beiden Nationen .
2026-05-08 19:07:31,264 - INFO - joeynmt.training - 	Reference:  India is also reportedly hoping for a deal on defence collaboration between the two nations .
2026-05-08 19:07:31,264 - INFO - joeynmt.training - 	Hypothesis: reports , India is also a contract on a contract on defence between the two nations .
2026-05-08 19:07:50,755 - INFO - joeynmt.training - Epoch   6, Step:    20600, Batch Loss:     1.810695, Batch Acc: 0.524084, Tokens per Sec:     4727, Lr: 0.000300
2026-05-08 19:08:09,988 - INFO - joeynmt.training - Epoch   6, Step:    20700, Batch Loss:     1.469077, Batch Acc: 0.516914, Tokens per Sec:     4816, Lr: 0.000300
2026-05-08 19:08:29,136 - INFO - joeynmt.training - Epoch   6, Step:    20800, Batch Loss:     1.793496, Batch Acc: 0.520283, Tokens per Sec:     4760, Lr: 0.000300
2026-05-08 19:08:48,202 - INFO - joeynmt.training - Epoch   6, Step:    20900, Batch Loss:     1.777563, Batch Acc: 0.519146, Tokens per Sec:     4872, Lr: 0.000300
2026-05-08 19:09:07,325 - INFO - joeynmt.training - Epoch   6, Step:    21000, Batch Loss:     1.629317, Batch Acc: 0.523014, Tokens per Sec:     4847, Lr: 0.000300
2026-05-08 19:09:07,325 - INFO - joeynmt.prediction - Predicting 500 example(s)... (Greedy decoding with min_output_length=1, max_output_length=-1, return_prob='none', generate_unk=True, repetition_penalty=-1, no_repeat_ngram_size=-1)
2026-05-08 19:09:36,179 - INFO - joeynmt.prediction - Evaluation result (greedy) loss:   2.16, ppl:   8.63, acc:   0.44, generation: 28.8489[sec], evaluation: 0.0000[sec]
2026-05-08 19:09:36,277 - INFO - joeynmt.helpers - delete models/deen_transformer_pre/18500.ckpt
2026-05-08 19:09:36,282 - INFO - joeynmt.training - Example #0
2026-05-08 19:09:36,282 - DEBUG - joeynmt.training - 	Tokenized source:     ['die', 'Pre@@', 'mi@@', 'er@@', 'minist@@', 'er', 'Indi@@', 'ens', 'und', 'J@@', 'ap@@', 'ans', 'tra@@', 'fen', 'sich', 'in', 'T@@', 'ok@@', 'i@@', 'o', '.']
2026-05-08 19:09:36,282 - DEBUG - joeynmt.training - 	Tokenized reference:  ['Indi@@', 'a', 'and', 'J@@', 'ap@@', 'an', 'pri@@', 'me', 'minist@@', 'ers', 'me@@', 'et', 'in', 'T@@', 'ok@@', 'y@@', 'o']
2026-05-08 19:09:36,282 - DEBUG - joeynmt.training - 	Tokenized hypothesis: ['the', 'Pri@@', 'me', 'Minist@@', 'er', 'Indi@@', 'a', 'and', 'J@@', 'ap@@', 'an', 'Indi@@', 'a', 'and', 'J@@', 'ap@@', 'an', '.', '</s>']
2026-05-08 19:09:36,282 - INFO - joeynmt.training - 	Source:     die Premierminister Indiens und Japans trafen sich in Tokio .
2026-05-08 19:09:36,282 - INFO - joeynmt.training - 	Reference:  India and Japan prime ministers meet in Tokyo
2026-05-08 19:09:36,282 - INFO - joeynmt.training - 	Hypothesis: the Prime Minister India and Japan India and Japan .
2026-05-08 19:09:36,282 - INFO - joeynmt.training - Example #1
2026-05-08 19:09:36,282 - DEBUG - joeynmt.training - 	Tokenized source:     ['Indi@@', 'ens', 'neu@@', 'er', 'Pre@@', 'mi@@', 'er@@', 'minist@@', 'er', 'N@@', 'ar@@', 'end@@', 'ra', 'Mo@@', 'd@@', 'i', 'tri@@', 'fft', 'bei', 's@@', 'einem', 'ersten', 'wichti@@', 'gen', 'Aus@@', 'land@@', 's@@', 'bes@@', 'u@@', 'ch', 'seit', 's@@', 'einem', 'W@@', 'ah@@', 'l@@', 'si@@', 'e@@', 'g', 'im', 'Ma@@', 'i', 'seinen', 'j@@', 'ap@@', 'an@@', 'ischen', 'Am@@', 'ts@@', 'k@@', 'olle@@', 'gen', 'S@@', 'hin@@', 'z@@', 'o', 'A@@', 'be', 'in', 'T@@', 'ok@@', 'o', ',', 'um', 'wirtschaf@@', 'tliche', 'und', 'sicher@@', 'heits@@', 'politische', 'Be@@', 'zieh@@', 'ungen', 'zu', 'bes@@', 'pre@@', 'chen', '.']
2026-05-08 19:09:36,282 - DEBUG - joeynmt.training - 	Tokenized reference:  ['Indi@@', 'a', '&apos;s', 'new', 'pri@@', 'me', 'minist@@', 'er', ',', 'N@@', 'ar@@', 'end@@', 'ra', 'Mo@@', 'd@@', 'i', ',', 'is', 'me@@', 'eting', 'his', 'J@@', 'ap@@', 'an@@', 'ese', 'coun@@', 'ter@@', 'part', ',', 'S@@', 'hin@@', 'z@@', 'o', 'A@@', 'be', ',', 'in', 'T@@', 'ok@@', 'y@@', 'o', 'to', 'disc@@', 'uss', 'economic', 'and', 'security', 'ties', ',', 'on', 'his', 'first', 'major', 'fore@@', 'ign', 'visi@@', 't', 'since', 'w@@', 'inn@@', 'ing', 'Ma@@', 'y', '&apos;s', 'elec@@', 'tion', '.']
2026-05-08 19:09:36,282 - DEBUG - joeynmt.training - 	Tokenized hypothesis: ['Indi@@', 'a', '&apos;s', 'new', 'Pri@@', 'me', 'Minist@@', 'er', 'N@@', 'ar@@', 'end@@', 'ra', 'Mo@@', 'd@@', 'i', ',', 'in', 'his', 'first', 'important', 'ex@@', 'change', ',', 'since', 'his', 'elec@@', 'tion', ',', 'the', 'S@@', 'hin@@', 'z@@', 'o', 'A@@', 'be', 'in', 'Ma@@', 'y', 'his', 'J@@', 'ap@@', 'an@@', 'ese', 'off@@', 'ering', 'S@@', 'hin@@', 'z@@', 'o', 'A@@', 'be', 'in', 'T@@', 'ok@@', 'o', ',', 'to', 're@@', 'm@@', 'ember', 'its', 'of', 'economic', 'and', 'saf@@', 'ety', '.', '</s>']
2026-05-08 19:09:36,282 - INFO - joeynmt.training - 	Source:     Indiens neuer Premierminister Narendra Modi trifft bei seinem ersten wichtigen Auslandsbesuch seit seinem Wahlsieg im Mai seinen japanischen Amtskollegen Shinzo Abe in Toko , um wirtschaftliche und sicherheitspolitische Beziehungen zu besprechen .
2026-05-08 19:09:36,282 - INFO - joeynmt.training - 	Reference:  India &apos;s new prime minister , Narendra Modi , is meeting his Japanese counterpart , Shinzo Abe , in Tokyo to discuss economic and security ties , on his first major foreign visit since winning May &apos;s election .
2026-05-08 19:09:36,282 - INFO - joeynmt.training - 	Hypothesis: India &apos;s new Prime Minister Narendra Modi , in his first important exchange , since his election , the Shinzo Abe in May his Japanese offering Shinzo Abe in Toko , to remember its of economic and safety .
2026-05-08 19:09:36,282 - INFO - joeynmt.training - Example #2
2026-05-08 19:09:36,282 - DEBUG - joeynmt.training - 	Tokenized source:     ['Herr', 'Mo@@', 'd@@', 'i', 'befindet', 'sich', 'auf', 'einer', 'fü@@', 'n@@', 'f@@', 'tä@@', 'gi@@', 'gen', 'Rei@@', 'se', 'nach', 'J@@', 'ap@@', 'an', ',', 'um', 'die', 'wirtschaf@@', 'tlichen', 'Be@@', 'zieh@@', 'ungen', 'mit', 'der', 'd@@', 'rit@@', 't@@', 'größ@@', 'ten', 'Wirtschafts@@', 'n@@', 'ation', 'der', 'Welt', 'zu', 'fes@@', 'tigen', '.']
2026-05-08 19:09:36,282 - DEBUG - joeynmt.training - 	Tokenized reference:  ['Mr', 'Mo@@', 'd@@', 'i', 'is', 'on', 'a', 'fi@@', 've', '@@@', '-@@', '@', 'day', 'tri@@', 'p', 'to', 'J@@', 'ap@@', 'an', 'to', 'streng@@', 'then', 'economic', 'ties', 'with', 'the', 'third', 'lar@@', 'ges@@', 't', 'econom@@', 'y', 'in', 'the', 'world', '.']
2026-05-08 19:09:36,282 - DEBUG - joeynmt.training - 	Tokenized hypothesis: ['Mr', 'Mo@@', 'd@@', 'i', 'is', 'located', 'on', 'a', 'fi@@', 'f@@', 'ty', 'of', 'j@@', 'ap@@', 'an', 'to', 'J@@', 'ap@@', 'an', 'to', 'the', 'economic', 'rel@@', 'ations', 'with', 'the', 'third', 'b@@', 'ig@@', 'ges@@', 't', 'economic', 'n@@', 'ation', '.', '</s>']
2026-05-08 19:09:36,282 - INFO - joeynmt.training - 	Source:     Herr Modi befindet sich auf einer fünftägigen Reise nach Japan , um die wirtschaftlichen Beziehungen mit der drittgrößten Wirtschaftsnation der Welt zu festigen .
2026-05-08 19:09:36,282 - INFO - joeynmt.training - 	Reference:  Mr Modi is on a five @-@ day trip to Japan to strengthen economic ties with the third largest economy in the world .
2026-05-08 19:09:36,282 - INFO - joeynmt.training - 	Hypothesis: Mr Modi is located on a fifty of japan to Japan to the economic relations with the third biggest economic nation .
2026-05-08 19:09:36,282 - INFO - joeynmt.training - Example #3
2026-05-08 19:09:36,283 - DEBUG - joeynmt.training - 	Tokenized source:     ['P@@', 'län@@', 'e', 'für', 'eine', 'stärk@@', 'ere', 'k@@', 'ern@@', 'techn@@', 'ische', 'Zusammenarbeit', 'stehen', 'ganz', 'ob@@', 'en', 'auf', 'der', 'Tag@@', 'es@@', 'ordnung', '.']
2026-05-08 19:09:36,283 - DEBUG - joeynmt.training - 	Tokenized reference:  ['high', 'on', 'the', 'agen@@', 'da', 'are', 'pl@@', 'ans', 'for', 'gre@@', 'ater', 'nu@@', 'clear', 'c@@', 'o', '@@@', '-@@', '@', 'operation', '.']
2026-05-08 19:09:36,283 - DEBUG - joeynmt.training - 	Tokenized hypothesis: ['pl@@', 'ans', 'for', 'more', 'seri@@', 'ous', 'techn@@', 'ical', 'cooperation', 'are', 'very', 'ob@@', 'vi@@', 'ously', 'on', 'the', 'agen@@', 'da', '.', '</s>']
2026-05-08 19:09:36,283 - INFO - joeynmt.training - 	Source:     Pläne für eine stärkere kerntechnische Zusammenarbeit stehen ganz oben auf der Tagesordnung .
2026-05-08 19:09:36,283 - INFO - joeynmt.training - 	Reference:  high on the agenda are plans for greater nuclear co @-@ operation .
2026-05-08 19:09:36,283 - INFO - joeynmt.training - 	Hypothesis: plans for more serious technical cooperation are very obviously on the agenda .
2026-05-08 19:09:36,283 - INFO - joeynmt.training - Example #4
2026-05-08 19:09:36,283 - DEBUG - joeynmt.training - 	Tokenized source:     ['Berich@@', 'ten', 'zu@@', 'fol@@', 'ge', 'ho@@', 'fft', 'Indi@@', 'en', 'darüber', 'hinaus', 'auf', 'einen', 'Ver@@', 'trag', 'zur', 'Ver@@', 'tei@@', 'dig@@', 'ungs@@', 'zusammen@@', 'arbeit', 'zwischen', 'den', 'beiden', 'N@@', 'ationen', '.']
2026-05-08 19:09:36,283 - DEBUG - joeynmt.training - 	Tokenized reference:  ['Indi@@', 'a', 'is', 'also', 're@@', 'porte@@', 'dly', 'hop@@', 'ing', 'for', 'a', 'de@@', 'al', 'on', 'def@@', 'ence', 'c@@', 'oll@@', 'ab@@', 'or@@', 'ation', 'between', 'the', 'two', 'n@@', 'ations', '.']
2026-05-08 19:09:36,283 - DEBUG - joeynmt.training - 	Tokenized hypothesis: ['the', 're@@', 'ports', 'are', 'also', 'high@@', 'ly', 'indi@@', 'c@@', 'ate', 'that', 'it', 'is', 'also', 'a', 'con@@', 'tra@@', 'ct', 'on', 'the', 'con@@', 'tra@@', 'ct', 'on', 'the', 'basis', 'of', 'the', 'two', 'n@@', 'ations', '.', '</s>']
2026-05-08 19:09:36,283 - INFO - joeynmt.training - 	Source:     Berichten zufolge hofft Indien darüber hinaus auf einen Vertrag zur Verteidigungszusammenarbeit zwischen den beiden Nationen .
2026-05-08 19:09:36,283 - INFO - joeynmt.training - 	Reference:  India is also reportedly hoping for a deal on defence collaboration between the two nations .
2026-05-08 19:09:36,283 - INFO - joeynmt.training - 	Hypothesis: the reports are also highly indicate that it is also a contract on the contract on the basis of the two nations .
2026-05-08 19:09:55,653 - INFO - joeynmt.training - Epoch   6, Step:    21100, Batch Loss:     1.765279, Batch Acc: 0.521779, Tokens per Sec:     4625, Lr: 0.000300
2026-05-08 19:10:14,908 - INFO - joeynmt.training - Epoch   6, Step:    21200, Batch Loss:     1.944561, Batch Acc: 0.513021, Tokens per Sec:     4786, Lr: 0.000300
2026-05-08 19:10:34,464 - INFO - joeynmt.training - Epoch   6, Step:    21300, Batch Loss:     1.884003, Batch Acc: 0.516729, Tokens per Sec:     4764, Lr: 0.000300
2026-05-08 19:10:53,821 - INFO - joeynmt.training - Epoch   6, Step:    21400, Batch Loss:     1.732517, Batch Acc: 0.515326, Tokens per Sec:     4689, Lr: 0.000300
2026-05-08 19:11:13,233 - INFO - joeynmt.training - Epoch   6, Step:    21500, Batch Loss:     1.712528, Batch Acc: 0.517825, Tokens per Sec:     4715, Lr: 0.000300
2026-05-08 19:11:13,234 - INFO - joeynmt.prediction - Predicting 500 example(s)... (Greedy decoding with min_output_length=1, max_output_length=-1, return_prob='none', generate_unk=True, repetition_penalty=-1, no_repeat_ngram_size=-1)
2026-05-08 19:11:44,729 - INFO - joeynmt.prediction - Evaluation result (greedy) loss:   2.15, ppl:   8.55, acc:   0.44, generation: 31.4900[sec], evaluation: 0.0000[sec]
2026-05-08 19:11:44,730 - INFO - joeynmt.training - Hooray! New best validation result [ppl]!
2026-05-08 19:11:44,827 - INFO - joeynmt.helpers - delete models/deen_transformer_pre/19000.ckpt
2026-05-08 19:11:44,829 - INFO - joeynmt.training - Example #0
2026-05-08 19:11:44,829 - DEBUG - joeynmt.training - 	Tokenized source:     ['die', 'Pre@@', 'mi@@', 'er@@', 'minist@@', 'er', 'Indi@@', 'ens', 'und', 'J@@', 'ap@@', 'ans', 'tra@@', 'fen', 'sich', 'in', 'T@@', 'ok@@', 'i@@', 'o', '.']
2026-05-08 19:11:44,829 - DEBUG - joeynmt.training - 	Tokenized reference:  ['Indi@@', 'a', 'and', 'J@@', 'ap@@', 'an', 'pri@@', 'me', 'minist@@', 'ers', 'me@@', 'et', 'in', 'T@@', 'ok@@', 'y@@', 'o']
2026-05-08 19:11:44,829 - DEBUG - joeynmt.training - 	Tokenized hypothesis: ['the', 'Pri@@', 'me', 'Minist@@', 'er', 'Indi@@', 'a', 'and', 'J@@', 'ap@@', 'an', ',', 'in', 'T@@', 'ok@@', 'i@@', 'o', '.', '</s>']
2026-05-08 19:11:44,829 - INFO - joeynmt.training - 	Source:     die Premierminister Indiens und Japans trafen sich in Tokio .
2026-05-08 19:11:44,829 - INFO - joeynmt.training - 	Reference:  India and Japan prime ministers meet in Tokyo
2026-05-08 19:11:44,829 - INFO - joeynmt.training - 	Hypothesis: the Prime Minister India and Japan , in Tokio .
2026-05-08 19:11:44,829 - INFO - joeynmt.training - Example #1
2026-05-08 19:11:44,830 - DEBUG - joeynmt.training - 	Tokenized source:     ['Indi@@', 'ens', 'neu@@', 'er', 'Pre@@', 'mi@@', 'er@@', 'minist@@', 'er', 'N@@', 'ar@@', 'end@@', 'ra', 'Mo@@', 'd@@', 'i', 'tri@@', 'fft', 'bei', 's@@', 'einem', 'ersten', 'wichti@@', 'gen', 'Aus@@', 'land@@', 's@@', 'bes@@', 'u@@', 'ch', 'seit', 's@@', 'einem', 'W@@', 'ah@@', 'l@@', 'si@@', 'e@@', 'g', 'im', 'Ma@@', 'i', 'seinen', 'j@@', 'ap@@', 'an@@', 'ischen', 'Am@@', 'ts@@', 'k@@', 'olle@@', 'gen', 'S@@', 'hin@@', 'z@@', 'o', 'A@@', 'be', 'in', 'T@@', 'ok@@', 'o', ',', 'um', 'wirtschaf@@', 'tliche', 'und', 'sicher@@', 'heits@@', 'politische', 'Be@@', 'zieh@@', 'ungen', 'zu', 'bes@@', 'pre@@', 'chen', '.']
2026-05-08 19:11:44,830 - DEBUG - joeynmt.training - 	Tokenized reference:  ['Indi@@', 'a', '&apos;s', 'new', 'pri@@', 'me', 'minist@@', 'er', ',', 'N@@', 'ar@@', 'end@@', 'ra', 'Mo@@', 'd@@', 'i', ',', 'is', 'me@@', 'eting', 'his', 'J@@', 'ap@@', 'an@@', 'ese', 'coun@@', 'ter@@', 'part', ',', 'S@@', 'hin@@', 'z@@', 'o', 'A@@', 'be', ',', 'in', 'T@@', 'ok@@', 'y@@', 'o', 'to', 'disc@@', 'uss', 'economic', 'and', 'security', 'ties', ',', 'on', 'his', 'first', 'major', 'fore@@', 'ign', 'visi@@', 't', 'since', 'w@@', 'inn@@', 'ing', 'Ma@@', 'y', '&apos;s', 'elec@@', 'tion', '.']
2026-05-08 19:11:44,830 - DEBUG - joeynmt.training - 	Tokenized hypothesis: ['Indi@@', 'a', '&apos;s', 'new', 'Pri@@', 'me', 'Minist@@', 'er', 'N@@', 'ar@@', 'end@@', 'ra', 'Mo@@', 'd@@', 'i', ',', 'in', 'his', 'first', 'German', 'German', 'F@@', 'e@@', 'der@@', 'al', ',', 'the', 'first', 'of', 'the', 'M@@', 'ini@@', 'stry', 'of', 'S@@', 'hin@@', 'z@@', 'o', 'A@@', 'be', 'in', 'T@@', 'ok@@', 'o', ',', 'to', 'the', 'M@@', 'ini@@', 'stry', 'of', 'S@@', 'hin@@', 'z@@', 'o', 'A@@', 'be', 'in', 'T@@', 'ok@@', 'o', ',', 'to', 're@@', 'ach', 'economic', 'and', 'security', 'policy', 'rel@@', 'ations', '.', '</s>']
2026-05-08 19:11:44,830 - INFO - joeynmt.training - 	Source:     Indiens neuer Premierminister Narendra Modi trifft bei seinem ersten wichtigen Auslandsbesuch seit seinem Wahlsieg im Mai seinen japanischen Amtskollegen Shinzo Abe in Toko , um wirtschaftliche und sicherheitspolitische Beziehungen zu besprechen .
2026-05-08 19:11:44,830 - INFO - joeynmt.training - 	Reference:  India &apos;s new prime minister , Narendra Modi , is meeting his Japanese counterpart , Shinzo Abe , in Tokyo to discuss economic and security ties , on his first major foreign visit since winning May &apos;s election .
2026-05-08 19:11:44,830 - INFO - joeynmt.training - 	Hypothesis: India &apos;s new Prime Minister Narendra Modi , in his first German German Federal , the first of the Ministry of Shinzo Abe in Toko , to the Ministry of Shinzo Abe in Toko , to reach economic and security policy relations .
2026-05-08 19:11:44,830 - INFO - joeynmt.training - Example #2
2026-05-08 19:11:44,830 - DEBUG - joeynmt.training - 	Tokenized source:     ['Herr', 'Mo@@', 'd@@', 'i', 'befindet', 'sich', 'auf', 'einer', 'fü@@', 'n@@', 'f@@', 'tä@@', 'gi@@', 'gen', 'Rei@@', 'se', 'nach', 'J@@', 'ap@@', 'an', ',', 'um', 'die', 'wirtschaf@@', 'tlichen', 'Be@@', 'zieh@@', 'ungen', 'mit', 'der', 'd@@', 'rit@@', 't@@', 'größ@@', 'ten', 'Wirtschafts@@', 'n@@', 'ation', 'der', 'Welt', 'zu', 'fes@@', 'tigen', '.']
2026-05-08 19:11:44,830 - DEBUG - joeynmt.training - 	Tokenized reference:  ['Mr', 'Mo@@', 'd@@', 'i', 'is', 'on', 'a', 'fi@@', 've', '@@@', '-@@', '@', 'day', 'tri@@', 'p', 'to', 'J@@', 'ap@@', 'an', 'to', 'streng@@', 'then', 'economic', 'ties', 'with', 'the', 'third', 'lar@@', 'ges@@', 't', 'econom@@', 'y', 'in', 'the', 'world', '.']
2026-05-08 19:11:44,830 - DEBUG - joeynmt.training - 	Tokenized hypothesis: ['Mr', 'Mo@@', 'd@@', 'i', 'is', 'based', 'on', 'a', 'fi@@', 'f@@', 'ty', 'of', 'j@@', 'ap@@', 'an', ',', 'to', 'the', 'economic', 'rel@@', 'ations', 'with', 'the', 'third', 'lar@@', 'ges@@', 't', 'economic', 'rel@@', 'ations', 'with', 'the', 'third', 'lar@@', 'ges@@', 't', 'economic', 'n@@', 'ation', 'of', 'the', 'world', '.', '</s>']
2026-05-08 19:11:44,830 - INFO - joeynmt.training - 	Source:     Herr Modi befindet sich auf einer fünftägigen Reise nach Japan , um die wirtschaftlichen Beziehungen mit der drittgrößten Wirtschaftsnation der Welt zu festigen .
2026-05-08 19:11:44,830 - INFO - joeynmt.training - 	Reference:  Mr Modi is on a five @-@ day trip to Japan to strengthen economic ties with the third largest economy in the world .
2026-05-08 19:11:44,830 - INFO - joeynmt.training - 	Hypothesis: Mr Modi is based on a fifty of japan , to the economic relations with the third largest economic relations with the third largest economic nation of the world .
2026-05-08 19:11:44,830 - INFO - joeynmt.training - Example #3
2026-05-08 19:11:44,830 - DEBUG - joeynmt.training - 	Tokenized source:     ['P@@', 'län@@', 'e', 'für', 'eine', 'stärk@@', 'ere', 'k@@', 'ern@@', 'techn@@', 'ische', 'Zusammenarbeit', 'stehen', 'ganz', 'ob@@', 'en', 'auf', 'der', 'Tag@@', 'es@@', 'ordnung', '.']
2026-05-08 19:11:44,830 - DEBUG - joeynmt.training - 	Tokenized reference:  ['high', 'on', 'the', 'agen@@', 'da', 'are', 'pl@@', 'ans', 'for', 'gre@@', 'ater', 'nu@@', 'clear', 'c@@', 'o', '@@@', '-@@', '@', 'operation', '.']
2026-05-08 19:11:44,830 - DEBUG - joeynmt.training - 	Tokenized hypothesis: ['P@@', 'l@@', 'lan@@', 'e', 'for', 'gre@@', 'ater', 'nu@@', 'clear', 'techn@@', 'ical', 'cooperation', '.', '</s>']
2026-05-08 19:11:44,830 - INFO - joeynmt.training - 	Source:     Pläne für eine stärkere kerntechnische Zusammenarbeit stehen ganz oben auf der Tagesordnung .
2026-05-08 19:11:44,830 - INFO - joeynmt.training - 	Reference:  high on the agenda are plans for greater nuclear co @-@ operation .
2026-05-08 19:11:44,830 - INFO - joeynmt.training - 	Hypothesis: Pllane for greater nuclear technical cooperation .
2026-05-08 19:11:44,830 - INFO - joeynmt.training - Example #4
2026-05-08 19:11:44,830 - DEBUG - joeynmt.training - 	Tokenized source:     ['Berich@@', 'ten', 'zu@@', 'fol@@', 'ge', 'ho@@', 'fft', 'Indi@@', 'en', 'darüber', 'hinaus', 'auf', 'einen', 'Ver@@', 'trag', 'zur', 'Ver@@', 'tei@@', 'dig@@', 'ungs@@', 'zusammen@@', 'arbeit', 'zwischen', 'den', 'beiden', 'N@@', 'ationen', '.']
2026-05-08 19:11:44,830 - DEBUG - joeynmt.training - 	Tokenized reference:  ['Indi@@', 'a', 'is', 'also', 're@@', 'porte@@', 'dly', 'hop@@', 'ing', 'for', 'a', 'de@@', 'al', 'on', 'def@@', 'ence', 'c@@', 'oll@@', 'ab@@', 'or@@', 'ation', 'between', 'the', 'two', 'n@@', 'ations', '.']
2026-05-08 19:11:44,830 - DEBUG - joeynmt.training - 	Tokenized hypothesis: ['the', 're@@', 'ports', ',', 'it', 'is', 'also', 'the', 'Indi@@', 'a', ',', 'to', 'a', 'tre@@', 'aty', 'on', 'the', 'basis', 'of', 'the', 'two', 'n@@', 'ations', '.', '</s>']
2026-05-08 19:11:44,831 - INFO - joeynmt.training - 	Source:     Berichten zufolge hofft Indien darüber hinaus auf einen Vertrag zur Verteidigungszusammenarbeit zwischen den beiden Nationen .
2026-05-08 19:11:44,831 - INFO - joeynmt.training - 	Reference:  India is also reportedly hoping for a deal on defence collaboration between the two nations .
2026-05-08 19:11:44,831 - INFO - joeynmt.training - 	Hypothesis: the reports , it is also the India , to a treaty on the basis of the two nations .
2026-05-08 19:12:04,291 - INFO - joeynmt.training - Epoch   6, Step:    21600, Batch Loss:     1.779259, Batch Acc: 0.509809, Tokens per Sec:     4586, Lr: 0.000300
2026-05-08 19:12:23,785 - INFO - joeynmt.training - Epoch   6, Step:    21700, Batch Loss:     1.807255, Batch Acc: 0.519685, Tokens per Sec:     4661, Lr: 0.000300
2026-05-08 19:12:43,327 - INFO - joeynmt.training - Epoch   6, Step:    21800, Batch Loss:     1.785252, Batch Acc: 0.513438, Tokens per Sec:     4715, Lr: 0.000300
2026-05-08 19:13:02,753 - INFO - joeynmt.training - Epoch   6, Step:    21900, Batch Loss:     1.916779, Batch Acc: 0.513798, Tokens per Sec:     4788, Lr: 0.000300
2026-05-08 19:13:22,067 - INFO - joeynmt.training - Epoch   6, Step:    22000, Batch Loss:     1.598681, Batch Acc: 0.512982, Tokens per Sec:     4698, Lr: 0.000300
2026-05-08 19:13:22,068 - INFO - joeynmt.prediction - Predicting 500 example(s)... (Greedy decoding with min_output_length=1, max_output_length=-1, return_prob='none', generate_unk=True, repetition_penalty=-1, no_repeat_ngram_size=-1)
2026-05-08 19:13:50,182 - INFO - joeynmt.prediction - Evaluation result (greedy) loss:   2.14, ppl:   8.54, acc:   0.45, generation: 28.1088[sec], evaluation: 0.0000[sec]
2026-05-08 19:13:50,183 - INFO - joeynmt.training - Hooray! New best validation result [ppl]!
2026-05-08 19:13:50,281 - INFO - joeynmt.helpers - delete models/deen_transformer_pre/20500.ckpt
2026-05-08 19:13:50,285 - INFO - joeynmt.training - Example #0
2026-05-08 19:13:50,285 - DEBUG - joeynmt.training - 	Tokenized source:     ['die', 'Pre@@', 'mi@@', 'er@@', 'minist@@', 'er', 'Indi@@', 'ens', 'und', 'J@@', 'ap@@', 'ans', 'tra@@', 'fen', 'sich', 'in', 'T@@', 'ok@@', 'i@@', 'o', '.']
2026-05-08 19:13:50,285 - DEBUG - joeynmt.training - 	Tokenized reference:  ['Indi@@', 'a', 'and', 'J@@', 'ap@@', 'an', 'pri@@', 'me', 'minist@@', 'ers', 'me@@', 'et', 'in', 'T@@', 'ok@@', 'y@@', 'o']
2026-05-08 19:13:50,285 - DEBUG - joeynmt.training - 	Tokenized hypothesis: ['the', 'Pre@@', 'mi@@', 'er', 'Minist@@', 'er', 'Indi@@', 'a', 'and', 'J@@', 'ap@@', 'an', '&apos;s', 'Pri@@', 'me', 'Minist@@', 'er', 'of', 'Indi@@', 'a', 'and', 'J@@', 'ap@@', 'an', '.', '</s>']
2026-05-08 19:13:50,285 - INFO - joeynmt.training - 	Source:     die Premierminister Indiens und Japans trafen sich in Tokio .
2026-05-08 19:13:50,285 - INFO - joeynmt.training - 	Reference:  India and Japan prime ministers meet in Tokyo
2026-05-08 19:13:50,285 - INFO - joeynmt.training - 	Hypothesis: the Premier Minister India and Japan &apos;s Prime Minister of India and Japan .
2026-05-08 19:13:50,285 - INFO - joeynmt.training - Example #1
2026-05-08 19:13:50,285 - DEBUG - joeynmt.training - 	Tokenized source:     ['Indi@@', 'ens', 'neu@@', 'er', 'Pre@@', 'mi@@', 'er@@', 'minist@@', 'er', 'N@@', 'ar@@', 'end@@', 'ra', 'Mo@@', 'd@@', 'i', 'tri@@', 'fft', 'bei', 's@@', 'einem', 'ersten', 'wichti@@', 'gen', 'Aus@@', 'land@@', 's@@', 'bes@@', 'u@@', 'ch', 'seit', 's@@', 'einem', 'W@@', 'ah@@', 'l@@', 'si@@', 'e@@', 'g', 'im', 'Ma@@', 'i', 'seinen', 'j@@', 'ap@@', 'an@@', 'ischen', 'Am@@', 'ts@@', 'k@@', 'olle@@', 'gen', 'S@@', 'hin@@', 'z@@', 'o', 'A@@', 'be', 'in', 'T@@', 'ok@@', 'o', ',', 'um', 'wirtschaf@@', 'tliche', 'und', 'sicher@@', 'heits@@', 'politische', 'Be@@', 'zieh@@', 'ungen', 'zu', 'bes@@', 'pre@@', 'chen', '.']
2026-05-08 19:13:50,285 - DEBUG - joeynmt.training - 	Tokenized reference:  ['Indi@@', 'a', '&apos;s', 'new', 'pri@@', 'me', 'minist@@', 'er', ',', 'N@@', 'ar@@', 'end@@', 'ra', 'Mo@@', 'd@@', 'i', ',', 'is', 'me@@', 'eting', 'his', 'J@@', 'ap@@', 'an@@', 'ese', 'coun@@', 'ter@@', 'part', ',', 'S@@', 'hin@@', 'z@@', 'o', 'A@@', 'be', ',', 'in', 'T@@', 'ok@@', 'y@@', 'o', 'to', 'disc@@', 'uss', 'economic', 'and', 'security', 'ties', ',', 'on', 'his', 'first', 'major', 'fore@@', 'ign', 'visi@@', 't', 'since', 'w@@', 'inn@@', 'ing', 'Ma@@', 'y', '&apos;s', 'elec@@', 'tion', '.']
2026-05-08 19:13:50,285 - DEBUG - joeynmt.training - 	Tokenized hypothesis: ['Indi@@', 'a', '&apos;s', 'new', 'Pri@@', 'me', 'Minist@@', 'er', 'N@@', 'ar@@', 'end@@', 'ra', 'Mo@@', 'd@@', 'i', ',', 'in', 'his', 'first', 'important', 'land@@', 'sc@@', 'ap@@', 'e', ',', 'in', 'M@@', 'at@@', 'ri@@', 'a', ',', 'in', 'M@@', 'at@@', 'ri@@', 'a', ',', 'in', 'M@@', 'un@@', 'ich', ',', 'in', 'M@@', 'un@@', 'ich', ',', 'in', 'T@@', 'ok@@', 'o', ',', 'to', 're@@', 'mo@@', 've', 'economic', 'and', 'saf@@', 'ety', 'policy', '.', '</s>']
2026-05-08 19:13:50,286 - INFO - joeynmt.training - 	Source:     Indiens neuer Premierminister Narendra Modi trifft bei seinem ersten wichtigen Auslandsbesuch seit seinem Wahlsieg im Mai seinen japanischen Amtskollegen Shinzo Abe in Toko , um wirtschaftliche und sicherheitspolitische Beziehungen zu besprechen .
2026-05-08 19:13:50,286 - INFO - joeynmt.training - 	Reference:  India &apos;s new prime minister , Narendra Modi , is meeting his Japanese counterpart , Shinzo Abe , in Tokyo to discuss economic and security ties , on his first major foreign visit since winning May &apos;s election .
2026-05-08 19:13:50,286 - INFO - joeynmt.training - 	Hypothesis: India &apos;s new Prime Minister Narendra Modi , in his first important landscape , in Matria , in Matria , in Munich , in Munich , in Toko , to remove economic and safety policy .
2026-05-08 19:13:50,286 - INFO - joeynmt.training - Example #2
2026-05-08 19:13:50,286 - DEBUG - joeynmt.training - 	Tokenized source:     ['Herr', 'Mo@@', 'd@@', 'i', 'befindet', 'sich', 'auf', 'einer', 'fü@@', 'n@@', 'f@@', 'tä@@', 'gi@@', 'gen', 'Rei@@', 'se', 'nach', 'J@@', 'ap@@', 'an', ',', 'um', 'die', 'wirtschaf@@', 'tlichen', 'Be@@', 'zieh@@', 'ungen', 'mit', 'der', 'd@@', 'rit@@', 't@@', 'größ@@', 'ten', 'Wirtschafts@@', 'n@@', 'ation', 'der', 'Welt', 'zu', 'fes@@', 'tigen', '.']
2026-05-08 19:13:50,286 - DEBUG - joeynmt.training - 	Tokenized reference:  ['Mr', 'Mo@@', 'd@@', 'i', 'is', 'on', 'a', 'fi@@', 've', '@@@', '-@@', '@', 'day', 'tri@@', 'p', 'to', 'J@@', 'ap@@', 'an', 'to', 'streng@@', 'then', 'economic', 'ties', 'with', 'the', 'third', 'lar@@', 'ges@@', 't', 'econom@@', 'y', 'in', 'the', 'world', '.']
2026-05-08 19:13:50,286 - DEBUG - joeynmt.training - 	Tokenized hypothesis: ['Mr', 'Mo@@', 'd@@', 'i', 'is', 'based', 'on', 'a', 'fi@@', 'f@@', 'ty', 'of', 'J@@', 'ap@@', 'an', 'to', 'J@@', 'ap@@', 'an', 'to', 'the', 'economic', 'rel@@', 'ations', 'with', 'the', 'third', 'lar@@', 'ges@@', 't', 'economic', 'n@@', 'ation', 'of', 'the', 'world', '.', '</s>']
2026-05-08 19:13:50,286 - INFO - joeynmt.training - 	Source:     Herr Modi befindet sich auf einer fünftägigen Reise nach Japan , um die wirtschaftlichen Beziehungen mit der drittgrößten Wirtschaftsnation der Welt zu festigen .
2026-05-08 19:13:50,286 - INFO - joeynmt.training - 	Reference:  Mr Modi is on a five @-@ day trip to Japan to strengthen economic ties with the third largest economy in the world .
2026-05-08 19:13:50,286 - INFO - joeynmt.training - 	Hypothesis: Mr Modi is based on a fifty of Japan to Japan to the economic relations with the third largest economic nation of the world .
2026-05-08 19:13:50,286 - INFO - joeynmt.training - Example #3
2026-05-08 19:13:50,286 - DEBUG - joeynmt.training - 	Tokenized source:     ['P@@', 'län@@', 'e', 'für', 'eine', 'stärk@@', 'ere', 'k@@', 'ern@@', 'techn@@', 'ische', 'Zusammenarbeit', 'stehen', 'ganz', 'ob@@', 'en', 'auf', 'der', 'Tag@@', 'es@@', 'ordnung', '.']
2026-05-08 19:13:50,286 - DEBUG - joeynmt.training - 	Tokenized reference:  ['high', 'on', 'the', 'agen@@', 'da', 'are', 'pl@@', 'ans', 'for', 'gre@@', 'ater', 'nu@@', 'clear', 'c@@', 'o', '@@@', '-@@', '@', 'operation', '.']
2026-05-08 19:13:50,286 - DEBUG - joeynmt.training - 	Tokenized hypothesis: ['P@@', 'lan@@', 'e', 'for', 'gre@@', 'ater', 'nu@@', 'clear', 'techn@@', 'ical', 'cooperation', '.', '</s>']
2026-05-08 19:13:50,286 - INFO - joeynmt.training - 	Source:     Pläne für eine stärkere kerntechnische Zusammenarbeit stehen ganz oben auf der Tagesordnung .
2026-05-08 19:13:50,286 - INFO - joeynmt.training - 	Reference:  high on the agenda are plans for greater nuclear co @-@ operation .
2026-05-08 19:13:50,286 - INFO - joeynmt.training - 	Hypothesis: Plane for greater nuclear technical cooperation .
2026-05-08 19:13:50,286 - INFO - joeynmt.training - Example #4
2026-05-08 19:13:50,286 - DEBUG - joeynmt.training - 	Tokenized source:     ['Berich@@', 'ten', 'zu@@', 'fol@@', 'ge', 'ho@@', 'fft', 'Indi@@', 'en', 'darüber', 'hinaus', 'auf', 'einen', 'Ver@@', 'trag', 'zur', 'Ver@@', 'tei@@', 'dig@@', 'ungs@@', 'zusammen@@', 'arbeit', 'zwischen', 'den', 'beiden', 'N@@', 'ationen', '.']
2026-05-08 19:13:50,286 - DEBUG - joeynmt.training - 	Tokenized reference:  ['Indi@@', 'a', 'is', 'also', 're@@', 'porte@@', 'dly', 'hop@@', 'ing', 'for', 'a', 'de@@', 'al', 'on', 'def@@', 'ence', 'c@@', 'oll@@', 'ab@@', 'or@@', 'ation', 'between', 'the', 'two', 'n@@', 'ations', '.']
2026-05-08 19:13:50,286 - DEBUG - joeynmt.training - 	Tokenized hypothesis: ['the', 're@@', 'ports', ',', 'the', 're@@', 'ports', 'of', 'the', 'ex@@', 'per@@', 'ti@@', 'se', 'in', 'the', 'con@@', 'tra@@', 'ct', 'together', 'between', 'the', 'two', 'n@@', 'ations', '.', '</s>']
2026-05-08 19:13:50,286 - INFO - joeynmt.training - 	Source:     Berichten zufolge hofft Indien darüber hinaus auf einen Vertrag zur Verteidigungszusammenarbeit zwischen den beiden Nationen .
2026-05-08 19:13:50,286 - INFO - joeynmt.training - 	Reference:  India is also reportedly hoping for a deal on defence collaboration between the two nations .
2026-05-08 19:13:50,286 - INFO - joeynmt.training - 	Hypothesis: the reports , the reports of the expertise in the contract together between the two nations .
2026-05-08 19:14:09,344 - INFO - joeynmt.training - Epoch   6, Step:    22100, Batch Loss:     1.687570, Batch Acc: 0.513247, Tokens per Sec:     4761, Lr: 0.000300
2026-05-08 19:14:28,562 - INFO - joeynmt.training - Epoch   6, Step:    22200, Batch Loss:     1.910021, Batch Acc: 0.513148, Tokens per Sec:     4791, Lr: 0.000300
2026-05-08 19:14:47,800 - INFO - joeynmt.training - Epoch   6, Step:    22300, Batch Loss:     1.836546, Batch Acc: 0.509226, Tokens per Sec:     4845, Lr: 0.000300
2026-05-08 19:15:07,105 - INFO - joeynmt.training - Epoch   6, Step:    22400, Batch Loss:     2.071853, Batch Acc: 0.511857, Tokens per Sec:     4712, Lr: 0.000300
2026-05-08 19:15:26,385 - INFO - joeynmt.training - Epoch   6, Step:    22500, Batch Loss:     1.913811, Batch Acc: 0.509800, Tokens per Sec:     4814, Lr: 0.000300
2026-05-08 19:15:26,386 - INFO - joeynmt.prediction - Predicting 500 example(s)... (Greedy decoding with min_output_length=1, max_output_length=-1, return_prob='none', generate_unk=True, repetition_penalty=-1, no_repeat_ngram_size=-1)
2026-05-08 19:15:58,163 - INFO - joeynmt.prediction - Evaluation result (greedy) loss:   2.15, ppl:   8.55, acc:   0.44, generation: 31.7718[sec], evaluation: 0.0000[sec]
2026-05-08 19:15:58,261 - INFO - joeynmt.helpers - delete models/deen_transformer_pre/19500.ckpt
2026-05-08 19:15:58,265 - INFO - joeynmt.training - Example #0
2026-05-08 19:15:58,265 - DEBUG - joeynmt.training - 	Tokenized source:     ['die', 'Pre@@', 'mi@@', 'er@@', 'minist@@', 'er', 'Indi@@', 'ens', 'und', 'J@@', 'ap@@', 'ans', 'tra@@', 'fen', 'sich', 'in', 'T@@', 'ok@@', 'i@@', 'o', '.']
2026-05-08 19:15:58,265 - DEBUG - joeynmt.training - 	Tokenized reference:  ['Indi@@', 'a', 'and', 'J@@', 'ap@@', 'an', 'pri@@', 'me', 'minist@@', 'ers', 'me@@', 'et', 'in', 'T@@', 'ok@@', 'y@@', 'o']
2026-05-08 19:15:58,265 - DEBUG - joeynmt.training - 	Tokenized hypothesis: ['the', 'Pre@@', 'mi@@', 'er', 'Minist@@', 'er', 'Indi@@', 'a', 'and', 'J@@', 'ap@@', 'tra@@', 'ck', 'in', 'T@@', 'ok@@', 'i@@', 'o', '.', '</s>']
2026-05-08 19:15:58,265 - INFO - joeynmt.training - 	Source:     die Premierminister Indiens und Japans trafen sich in Tokio .
2026-05-08 19:15:58,265 - INFO - joeynmt.training - 	Reference:  India and Japan prime ministers meet in Tokyo
2026-05-08 19:15:58,265 - INFO - joeynmt.training - 	Hypothesis: the Premier Minister India and Japtrack in Tokio .
2026-05-08 19:15:58,265 - INFO - joeynmt.training - Example #1
2026-05-08 19:15:58,265 - DEBUG - joeynmt.training - 	Tokenized source:     ['Indi@@', 'ens', 'neu@@', 'er', 'Pre@@', 'mi@@', 'er@@', 'minist@@', 'er', 'N@@', 'ar@@', 'end@@', 'ra', 'Mo@@', 'd@@', 'i', 'tri@@', 'fft', 'bei', 's@@', 'einem', 'ersten', 'wichti@@', 'gen', 'Aus@@', 'land@@', 's@@', 'bes@@', 'u@@', 'ch', 'seit', 's@@', 'einem', 'W@@', 'ah@@', 'l@@', 'si@@', 'e@@', 'g', 'im', 'Ma@@', 'i', 'seinen', 'j@@', 'ap@@', 'an@@', 'ischen', 'Am@@', 'ts@@', 'k@@', 'olle@@', 'gen', 'S@@', 'hin@@', 'z@@', 'o', 'A@@', 'be', 'in', 'T@@', 'ok@@', 'o', ',', 'um', 'wirtschaf@@', 'tliche', 'und', 'sicher@@', 'heits@@', 'politische', 'Be@@', 'zieh@@', 'ungen', 'zu', 'bes@@', 'pre@@', 'chen', '.']
2026-05-08 19:15:58,265 - DEBUG - joeynmt.training - 	Tokenized reference:  ['Indi@@', 'a', '&apos;s', 'new', 'pri@@', 'me', 'minist@@', 'er', ',', 'N@@', 'ar@@', 'end@@', 'ra', 'Mo@@', 'd@@', 'i', ',', 'is', 'me@@', 'eting', 'his', 'J@@', 'ap@@', 'an@@', 'ese', 'coun@@', 'ter@@', 'part', ',', 'S@@', 'hin@@', 'z@@', 'o', 'A@@', 'be', ',', 'in', 'T@@', 'ok@@', 'y@@', 'o', 'to', 'disc@@', 'uss', 'economic', 'and', 'security', 'ties', ',', 'on', 'his', 'first', 'major', 'fore@@', 'ign', 'visi@@', 't', 'since', 'w@@', 'inn@@', 'ing', 'Ma@@', 'y', '&apos;s', 'elec@@', 'tion', '.']
2026-05-08 19:15:58,265 - DEBUG - joeynmt.training - 	Tokenized hypothesis: ['Indi@@', 'a', '&apos;s', 'new', 'pri@@', 'me', 'minist@@', 'er', 'N@@', 'ar@@', 'end@@', 'ra', 'Mo@@', 'd@@', 'i', ',', 'in', 'his', 'first', 'first', 'ra@@', 'ther', 'than', 'the', 'first', 'ro@@', 'ad', 'of', 'the', 'year', ',', 'the', 'first', 'of', 'the', 'year', ',', 'the', 'M@@', 'ini@@', 'stry', 'of', 'his', 'elec@@', 'tion', ',', 'and', 'S@@', 'hin@@', 'z@@', 'o', 'A@@', 'be', 'in', 'T@@', 'ok@@', 'o', ',', 'in', 'order', 'to', 'visi@@', 't', 'the', 'C@@', 'our@@', 't', 'of', 'S@@', 'hin@@', 'z@@', 'o', 'A@@', 'be', 'in', 'T@@', 'ok@@', 'o', ',', 'and', 'S@@', 'hin@@', 'z@@', 'o', '.', '</s>']
2026-05-08 19:15:58,265 - INFO - joeynmt.training - 	Source:     Indiens neuer Premierminister Narendra Modi trifft bei seinem ersten wichtigen Auslandsbesuch seit seinem Wahlsieg im Mai seinen japanischen Amtskollegen Shinzo Abe in Toko , um wirtschaftliche und sicherheitspolitische Beziehungen zu besprechen .
2026-05-08 19:15:58,265 - INFO - joeynmt.training - 	Reference:  India &apos;s new prime minister , Narendra Modi , is meeting his Japanese counterpart , Shinzo Abe , in Tokyo to discuss economic and security ties , on his first major foreign visit since winning May &apos;s election .
2026-05-08 19:15:58,265 - INFO - joeynmt.training - 	Hypothesis: India &apos;s new prime minister Narendra Modi , in his first first rather than the first road of the year , the first of the year , the Ministry of his election , and Shinzo Abe in Toko , in order to visit the Court of Shinzo Abe in Toko , and Shinzo .
2026-05-08 19:15:58,265 - INFO - joeynmt.training - Example #2
2026-05-08 19:15:58,266 - DEBUG - joeynmt.training - 	Tokenized source:     ['Herr', 'Mo@@', 'd@@', 'i', 'befindet', 'sich', 'auf', 'einer', 'fü@@', 'n@@', 'f@@', 'tä@@', 'gi@@', 'gen', 'Rei@@', 'se', 'nach', 'J@@', 'ap@@', 'an', ',', 'um', 'die', 'wirtschaf@@', 'tlichen', 'Be@@', 'zieh@@', 'ungen', 'mit', 'der', 'd@@', 'rit@@', 't@@', 'größ@@', 'ten', 'Wirtschafts@@', 'n@@', 'ation', 'der', 'Welt', 'zu', 'fes@@', 'tigen', '.']
2026-05-08 19:15:58,266 - DEBUG - joeynmt.training - 	Tokenized reference:  ['Mr', 'Mo@@', 'd@@', 'i', 'is', 'on', 'a', 'fi@@', 've', '@@@', '-@@', '@', 'day', 'tri@@', 'p', 'to', 'J@@', 'ap@@', 'an', 'to', 'streng@@', 'then', 'economic', 'ties', 'with', 'the', 'third', 'lar@@', 'ges@@', 't', 'econom@@', 'y', 'in', 'the', 'world', '.']
2026-05-08 19:15:58,266 - DEBUG - joeynmt.training - 	Tokenized hypothesis: ['Mr', 'Mo@@', 'd@@', 'i', 'is', 'based', 'on', 'a', 'fi@@', 'f@@', 'ty', 'of', 'the', 'year', 'to', 'J@@', 'ap@@', 'an', ',', 'to', 'be', 'f@@', 'ar@@', '-@@', 'up', 'to', 'the', 'economic', 'rel@@', 'ations', 'with', 'the', 'third', 'lar@@', 'ges@@', 't', 'economic', 'n@@', 'ation', 'of', 'the', 'world', '.', '</s>']
2026-05-08 19:15:58,266 - INFO - joeynmt.training - 	Source:     Herr Modi befindet sich auf einer fünftägigen Reise nach Japan , um die wirtschaftlichen Beziehungen mit der drittgrößten Wirtschaftsnation der Welt zu festigen .
2026-05-08 19:15:58,266 - INFO - joeynmt.training - 	Reference:  Mr Modi is on a five @-@ day trip to Japan to strengthen economic ties with the third largest economy in the world .
2026-05-08 19:15:58,266 - INFO - joeynmt.training - 	Hypothesis: Mr Modi is based on a fifty of the year to Japan , to be far-up to the economic relations with the third largest economic nation of the world .
2026-05-08 19:15:58,266 - INFO - joeynmt.training - Example #3
2026-05-08 19:15:58,266 - DEBUG - joeynmt.training - 	Tokenized source:     ['P@@', 'län@@', 'e', 'für', 'eine', 'stärk@@', 'ere', 'k@@', 'ern@@', 'techn@@', 'ische', 'Zusammenarbeit', 'stehen', 'ganz', 'ob@@', 'en', 'auf', 'der', 'Tag@@', 'es@@', 'ordnung', '.']
2026-05-08 19:15:58,266 - DEBUG - joeynmt.training - 	Tokenized reference:  ['high', 'on', 'the', 'agen@@', 'da', 'are', 'pl@@', 'ans', 'for', 'gre@@', 'ater', 'nu@@', 'clear', 'c@@', 'o', '@@@', '-@@', '@', 'operation', '.']
2026-05-08 19:15:58,266 - DEBUG - joeynmt.training - 	Tokenized hypothesis: ['p@@', 'ass@@', 'ing', 'for', 'gre@@', 'ater', 'co@@', '-@@', 'operation', 'of', 'the', 'agen@@', 'da', '.', '</s>']
2026-05-08 19:15:58,266 - INFO - joeynmt.training - 	Source:     Pläne für eine stärkere kerntechnische Zusammenarbeit stehen ganz oben auf der Tagesordnung .
2026-05-08 19:15:58,266 - INFO - joeynmt.training - 	Reference:  high on the agenda are plans for greater nuclear co @-@ operation .
2026-05-08 19:15:58,266 - INFO - joeynmt.training - 	Hypothesis: passing for greater co-operation of the agenda .
2026-05-08 19:15:58,266 - INFO - joeynmt.training - Example #4
2026-05-08 19:15:58,266 - DEBUG - joeynmt.training - 	Tokenized source:     ['Berich@@', 'ten', 'zu@@', 'fol@@', 'ge', 'ho@@', 'fft', 'Indi@@', 'en', 'darüber', 'hinaus', 'auf', 'einen', 'Ver@@', 'trag', 'zur', 'Ver@@', 'tei@@', 'dig@@', 'ungs@@', 'zusammen@@', 'arbeit', 'zwischen', 'den', 'beiden', 'N@@', 'ationen', '.']
2026-05-08 19:15:58,266 - DEBUG - joeynmt.training - 	Tokenized reference:  ['Indi@@', 'a', 'is', 'also', 're@@', 'porte@@', 'dly', 'hop@@', 'ing', 'for', 'a', 'de@@', 'al', 'on', 'def@@', 'ence', 'c@@', 'oll@@', 'ab@@', 'or@@', 'ation', 'between', 'the', 'two', 'n@@', 'ations', '.']
2026-05-08 19:15:58,266 - DEBUG - joeynmt.training - 	Tokenized hypothesis: ['the', 're@@', 'ports', ',', 'the', 're@@', 'ports', 'of', 'the', 'report', 'on', 'the', 'pre@@', 'vi@@', 'ous', 'cooperation', 'between', 'the', 'two', 'n@@', 'ations', '.', '</s>']
2026-05-08 19:15:58,266 - INFO - joeynmt.training - 	Source:     Berichten zufolge hofft Indien darüber hinaus auf einen Vertrag zur Verteidigungszusammenarbeit zwischen den beiden Nationen .
2026-05-08 19:15:58,266 - INFO - joeynmt.training - 	Reference:  India is also reportedly hoping for a deal on defence collaboration between the two nations .
2026-05-08 19:15:58,266 - INFO - joeynmt.training - 	Hypothesis: the reports , the reports of the report on the previous cooperation between the two nations .
2026-05-08 19:16:17,434 - INFO - joeynmt.training - Epoch   6, Step:    22600, Batch Loss:     1.709326, Batch Acc: 0.508863, Tokens per Sec:     4752, Lr: 0.000300
2026-05-08 19:16:36,887 - INFO - joeynmt.training - Epoch   6, Step:    22700, Batch Loss:     1.886975, Batch Acc: 0.512715, Tokens per Sec:     4700, Lr: 0.000300
2026-05-08 19:16:56,262 - INFO - joeynmt.training - Epoch   6, Step:    22800, Batch Loss:     1.877934, Batch Acc: 0.513565, Tokens per Sec:     4726, Lr: 0.000300
2026-05-08 19:17:15,554 - INFO - joeynmt.training - Epoch   6, Step:    22900, Batch Loss:     1.849388, Batch Acc: 0.513805, Tokens per Sec:     4825, Lr: 0.000300
2026-05-08 19:17:34,941 - INFO - joeynmt.training - Epoch   6, Step:    23000, Batch Loss:     1.643927, Batch Acc: 0.510226, Tokens per Sec:     4714, Lr: 0.000300
2026-05-08 19:17:34,941 - INFO - joeynmt.prediction - Predicting 500 example(s)... (Greedy decoding with min_output_length=1, max_output_length=-1, return_prob='none', generate_unk=True, repetition_penalty=-1, no_repeat_ngram_size=-1)
2026-05-08 19:18:07,213 - INFO - joeynmt.prediction - Evaluation result (greedy) loss:   2.13, ppl:   8.44, acc:   0.45, generation: 32.2670[sec], evaluation: 0.0000[sec]
2026-05-08 19:18:07,214 - INFO - joeynmt.training - Hooray! New best validation result [ppl]!
2026-05-08 19:18:07,309 - INFO - joeynmt.helpers - delete models/deen_transformer_pre/21000.ckpt
2026-05-08 19:18:07,312 - INFO - joeynmt.training - Example #0
2026-05-08 19:18:07,312 - DEBUG - joeynmt.training - 	Tokenized source:     ['die', 'Pre@@', 'mi@@', 'er@@', 'minist@@', 'er', 'Indi@@', 'ens', 'und', 'J@@', 'ap@@', 'ans', 'tra@@', 'fen', 'sich', 'in', 'T@@', 'ok@@', 'i@@', 'o', '.']
2026-05-08 19:18:07,312 - DEBUG - joeynmt.training - 	Tokenized reference:  ['Indi@@', 'a', 'and', 'J@@', 'ap@@', 'an', 'pri@@', 'me', 'minist@@', 'ers', 'me@@', 'et', 'in', 'T@@', 'ok@@', 'y@@', 'o']
2026-05-08 19:18:07,312 - DEBUG - joeynmt.training - 	Tokenized hypothesis: ['the', 'Pri@@', 'me', 'Minist@@', 'er', 'Indi@@', 'a', 'and', 'J@@', 'ap@@', 'an', 'Indi@@', 'a', 'and', 'J@@', 'ap@@', 'an', '&apos;s', 'M@@', 'ini@@', 'stry', '.', '</s>']
2026-05-08 19:18:07,312 - INFO - joeynmt.training - 	Source:     die Premierminister Indiens und Japans trafen sich in Tokio .
2026-05-08 19:18:07,312 - INFO - joeynmt.training - 	Reference:  India and Japan prime ministers meet in Tokyo
2026-05-08 19:18:07,312 - INFO - joeynmt.training - 	Hypothesis: the Prime Minister India and Japan India and Japan &apos;s Ministry .
2026-05-08 19:18:07,312 - INFO - joeynmt.training - Example #1
2026-05-08 19:18:07,312 - DEBUG - joeynmt.training - 	Tokenized source:     ['Indi@@', 'ens', 'neu@@', 'er', 'Pre@@', 'mi@@', 'er@@', 'minist@@', 'er', 'N@@', 'ar@@', 'end@@', 'ra', 'Mo@@', 'd@@', 'i', 'tri@@', 'fft', 'bei', 's@@', 'einem', 'ersten', 'wichti@@', 'gen', 'Aus@@', 'land@@', 's@@', 'bes@@', 'u@@', 'ch', 'seit', 's@@', 'einem', 'W@@', 'ah@@', 'l@@', 'si@@', 'e@@', 'g', 'im', 'Ma@@', 'i', 'seinen', 'j@@', 'ap@@', 'an@@', 'ischen', 'Am@@', 'ts@@', 'k@@', 'olle@@', 'gen', 'S@@', 'hin@@', 'z@@', 'o', 'A@@', 'be', 'in', 'T@@', 'ok@@', 'o', ',', 'um', 'wirtschaf@@', 'tliche', 'und', 'sicher@@', 'heits@@', 'politische', 'Be@@', 'zieh@@', 'ungen', 'zu', 'bes@@', 'pre@@', 'chen', '.']
2026-05-08 19:18:07,312 - DEBUG - joeynmt.training - 	Tokenized reference:  ['Indi@@', 'a', '&apos;s', 'new', 'pri@@', 'me', 'minist@@', 'er', ',', 'N@@', 'ar@@', 'end@@', 'ra', 'Mo@@', 'd@@', 'i', ',', 'is', 'me@@', 'eting', 'his', 'J@@', 'ap@@', 'an@@', 'ese', 'coun@@', 'ter@@', 'part', ',', 'S@@', 'hin@@', 'z@@', 'o', 'A@@', 'be', ',', 'in', 'T@@', 'ok@@', 'y@@', 'o', 'to', 'disc@@', 'uss', 'economic', 'and', 'security', 'ties', ',', 'on', 'his', 'first', 'major', 'fore@@', 'ign', 'visi@@', 't', 'since', 'w@@', 'inn@@', 'ing', 'Ma@@', 'y', '&apos;s', 'elec@@', 'tion', '.']
2026-05-08 19:18:07,312 - DEBUG - joeynmt.training - 	Tokenized hypothesis: ['Indi@@', 'a', '&apos;s', 'lat@@', 'est', 'Pri@@', 'me', 'Minist@@', 'er', 'N@@', 'ar@@', 'end@@', 'ra', 'Mo@@', 'd@@', 'i', ',', 'in', 'his', 'first', 'important', 'land@@', 'sc@@', 'ap@@', 'e', 'since', 'his', 'year', ',', 'the', 'S@@', 'hin@@', 'z@@', 'o', 'A@@', 'be', 'in', 'Ma@@', 'y', 'his', 'J@@', 'ap@@', 'an@@', 'ese', 'S@@', 'hin@@', 'z@@', 'o', 'A@@', 'be', 'in', 'T@@', 'ok@@', 'o', ',', 'to', 're@@', 'ach', 'the', 'same', '.', '</s>']
2026-05-08 19:18:07,312 - INFO - joeynmt.training - 	Source:     Indiens neuer Premierminister Narendra Modi trifft bei seinem ersten wichtigen Auslandsbesuch seit seinem Wahlsieg im Mai seinen japanischen Amtskollegen Shinzo Abe in Toko , um wirtschaftliche und sicherheitspolitische Beziehungen zu besprechen .
2026-05-08 19:18:07,312 - INFO - joeynmt.training - 	Reference:  India &apos;s new prime minister , Narendra Modi , is meeting his Japanese counterpart , Shinzo Abe , in Tokyo to discuss economic and security ties , on his first major foreign visit since winning May &apos;s election .
2026-05-08 19:18:07,312 - INFO - joeynmt.training - 	Hypothesis: India &apos;s latest Prime Minister Narendra Modi , in his first important landscape since his year , the Shinzo Abe in May his Japanese Shinzo Abe in Toko , to reach the same .
2026-05-08 19:18:07,312 - INFO - joeynmt.training - Example #2
2026-05-08 19:18:07,312 - DEBUG - joeynmt.training - 	Tokenized source:     ['Herr', 'Mo@@', 'd@@', 'i', 'befindet', 'sich', 'auf', 'einer', 'fü@@', 'n@@', 'f@@', 'tä@@', 'gi@@', 'gen', 'Rei@@', 'se', 'nach', 'J@@', 'ap@@', 'an', ',', 'um', 'die', 'wirtschaf@@', 'tlichen', 'Be@@', 'zieh@@', 'ungen', 'mit', 'der', 'd@@', 'rit@@', 't@@', 'größ@@', 'ten', 'Wirtschafts@@', 'n@@', 'ation', 'der', 'Welt', 'zu', 'fes@@', 'tigen', '.']
2026-05-08 19:18:07,312 - DEBUG - joeynmt.training - 	Tokenized reference:  ['Mr', 'Mo@@', 'd@@', 'i', 'is', 'on', 'a', 'fi@@', 've', '@@@', '-@@', '@', 'day', 'tri@@', 'p', 'to', 'J@@', 'ap@@', 'an', 'to', 'streng@@', 'then', 'economic', 'ties', 'with', 'the', 'third', 'lar@@', 'ges@@', 't', 'econom@@', 'y', 'in', 'the', 'world', '.']
2026-05-08 19:18:07,312 - DEBUG - joeynmt.training - 	Tokenized hypothesis: ['Mr', 'Mo@@', 'd@@', 'i', 'is', 'based', 'on', 'a', 'fi@@', 'f@@', 'ty', 'of', 'J@@', 'ap@@', 'an', 'to', 'J@@', 'ap@@', 'an', 'to', 'J@@', 'ap@@', 'an', 'to', 'the', 'world', '&apos;s', 'economic', 'rel@@', 'ations', 'with', 'the', 'world', '&apos;s', 'economic', 'n@@', 'ation', 'of', 'the', 'world', '.', '</s>']
2026-05-08 19:18:07,312 - INFO - joeynmt.training - 	Source:     Herr Modi befindet sich auf einer fünftägigen Reise nach Japan , um die wirtschaftlichen Beziehungen mit der drittgrößten Wirtschaftsnation der Welt zu festigen .
2026-05-08 19:18:07,312 - INFO - joeynmt.training - 	Reference:  Mr Modi is on a five @-@ day trip to Japan to strengthen economic ties with the third largest economy in the world .
2026-05-08 19:18:07,313 - INFO - joeynmt.training - 	Hypothesis: Mr Modi is based on a fifty of Japan to Japan to Japan to the world &apos;s economic relations with the world &apos;s economic nation of the world .
2026-05-08 19:18:07,313 - INFO - joeynmt.training - Example #3
2026-05-08 19:18:07,313 - DEBUG - joeynmt.training - 	Tokenized source:     ['P@@', 'län@@', 'e', 'für', 'eine', 'stärk@@', 'ere', 'k@@', 'ern@@', 'techn@@', 'ische', 'Zusammenarbeit', 'stehen', 'ganz', 'ob@@', 'en', 'auf', 'der', 'Tag@@', 'es@@', 'ordnung', '.']
2026-05-08 19:18:07,313 - DEBUG - joeynmt.training - 	Tokenized reference:  ['high', 'on', 'the', 'agen@@', 'da', 'are', 'pl@@', 'ans', 'for', 'gre@@', 'ater', 'nu@@', 'clear', 'c@@', 'o', '@@@', '-@@', '@', 'operation', '.']
2026-05-08 19:18:07,313 - DEBUG - joeynmt.training - 	Tokenized hypothesis: ['p@@', 'an@@', 'els', 'for', 'more', 'nu@@', 'clear', 'techn@@', 'ical', 'cooperation', '.', '</s>']
2026-05-08 19:18:07,313 - INFO - joeynmt.training - 	Source:     Pläne für eine stärkere kerntechnische Zusammenarbeit stehen ganz oben auf der Tagesordnung .
2026-05-08 19:18:07,313 - INFO - joeynmt.training - 	Reference:  high on the agenda are plans for greater nuclear co @-@ operation .
2026-05-08 19:18:07,313 - INFO - joeynmt.training - 	Hypothesis: panels for more nuclear technical cooperation .
2026-05-08 19:18:07,313 - INFO - joeynmt.training - Example #4
2026-05-08 19:18:07,313 - DEBUG - joeynmt.training - 	Tokenized source:     ['Berich@@', 'ten', 'zu@@', 'fol@@', 'ge', 'ho@@', 'fft', 'Indi@@', 'en', 'darüber', 'hinaus', 'auf', 'einen', 'Ver@@', 'trag', 'zur', 'Ver@@', 'tei@@', 'dig@@', 'ungs@@', 'zusammen@@', 'arbeit', 'zwischen', 'den', 'beiden', 'N@@', 'ationen', '.']
2026-05-08 19:18:07,313 - DEBUG - joeynmt.training - 	Tokenized reference:  ['Indi@@', 'a', 'is', 'also', 're@@', 'porte@@', 'dly', 'hop@@', 'ing', 'for', 'a', 'de@@', 'al', 'on', 'def@@', 'ence', 'c@@', 'oll@@', 'ab@@', 'or@@', 'ation', 'between', 'the', 'two', 'n@@', 'ations', '.']
2026-05-08 19:18:07,313 - DEBUG - joeynmt.training - 	Tokenized hypothesis: ['the', 'report', 'also', 'has', 'the', 'following', 'the', 'fact', 'that', 'it', 'is', 'also', 'a', 'Tre@@', 'aty', 'on', 'the', 'basis', 'of', 'the', 'common', 'between', 'the', 'two', 'n@@', 'ations', '.', '</s>']
2026-05-08 19:18:07,313 - INFO - joeynmt.training - 	Source:     Berichten zufolge hofft Indien darüber hinaus auf einen Vertrag zur Verteidigungszusammenarbeit zwischen den beiden Nationen .
2026-05-08 19:18:07,313 - INFO - joeynmt.training - 	Reference:  India is also reportedly hoping for a deal on defence collaboration between the two nations .
2026-05-08 19:18:07,313 - INFO - joeynmt.training - 	Hypothesis: the report also has the following the fact that it is also a Treaty on the basis of the common between the two nations .
2026-05-08 19:18:26,628 - INFO - joeynmt.training - Epoch   6, Step:    23100, Batch Loss:     1.901175, Batch Acc: 0.513923, Tokens per Sec:     4759, Lr: 0.000300
2026-05-08 19:18:45,918 - INFO - joeynmt.training - Epoch   6, Step:    23200, Batch Loss:     1.904202, Batch Acc: 0.515668, Tokens per Sec:     4836, Lr: 0.000300
2026-05-08 19:19:05,140 - INFO - joeynmt.training - Epoch   6, Step:    23300, Batch Loss:     1.917933, Batch Acc: 0.515686, Tokens per Sec:     4723, Lr: 0.000300
2026-05-08 19:19:24,288 - INFO - joeynmt.training - Epoch   6, Step:    23400, Batch Loss:     1.826177, Batch Acc: 0.507459, Tokens per Sec:     4699, Lr: 0.000300
2026-05-08 19:19:43,307 - INFO - joeynmt.training - Epoch   6, Step:    23500, Batch Loss:     1.781543, Batch Acc: 0.514310, Tokens per Sec:     4861, Lr: 0.000300
2026-05-08 19:19:43,307 - INFO - joeynmt.prediction - Predicting 500 example(s)... (Greedy decoding with min_output_length=1, max_output_length=-1, return_prob='none', generate_unk=True, repetition_penalty=-1, no_repeat_ngram_size=-1)
2026-05-08 19:20:14,999 - INFO - joeynmt.prediction - Evaluation result (greedy) loss:   2.13, ppl:   8.43, acc:   0.45, generation: 31.6872[sec], evaluation: 0.0000[sec]
2026-05-08 19:20:15,001 - INFO - joeynmt.training - Hooray! New best validation result [ppl]!
2026-05-08 19:20:15,098 - INFO - joeynmt.helpers - delete models/deen_transformer_pre/20000.ckpt
2026-05-08 19:20:15,101 - INFO - joeynmt.training - Example #0
2026-05-08 19:20:15,101 - DEBUG - joeynmt.training - 	Tokenized source:     ['die', 'Pre@@', 'mi@@', 'er@@', 'minist@@', 'er', 'Indi@@', 'ens', 'und', 'J@@', 'ap@@', 'ans', 'tra@@', 'fen', 'sich', 'in', 'T@@', 'ok@@', 'i@@', 'o', '.']
2026-05-08 19:20:15,101 - DEBUG - joeynmt.training - 	Tokenized reference:  ['Indi@@', 'a', 'and', 'J@@', 'ap@@', 'an', 'pri@@', 'me', 'minist@@', 'ers', 'me@@', 'et', 'in', 'T@@', 'ok@@', 'y@@', 'o']
2026-05-08 19:20:15,101 - DEBUG - joeynmt.training - 	Tokenized hypothesis: ['the', 'Pri@@', 'me', 'Minist@@', 'er', 'Indi@@', 'a', 'and', 'J@@', 'ap@@', 'an', 'Indi@@', 'a', 'and', 'J@@', 'ap@@', 'an', 'Indi@@', 'a', '.', '</s>']
2026-05-08 19:20:15,101 - INFO - joeynmt.training - 	Source:     die Premierminister Indiens und Japans trafen sich in Tokio .
2026-05-08 19:20:15,101 - INFO - joeynmt.training - 	Reference:  India and Japan prime ministers meet in Tokyo
2026-05-08 19:20:15,101 - INFO - joeynmt.training - 	Hypothesis: the Prime Minister India and Japan India and Japan India .
2026-05-08 19:20:15,101 - INFO - joeynmt.training - Example #1
2026-05-08 19:20:15,101 - DEBUG - joeynmt.training - 	Tokenized source:     ['Indi@@', 'ens', 'neu@@', 'er', 'Pre@@', 'mi@@', 'er@@', 'minist@@', 'er', 'N@@', 'ar@@', 'end@@', 'ra', 'Mo@@', 'd@@', 'i', 'tri@@', 'fft', 'bei', 's@@', 'einem', 'ersten', 'wichti@@', 'gen', 'Aus@@', 'land@@', 's@@', 'bes@@', 'u@@', 'ch', 'seit', 's@@', 'einem', 'W@@', 'ah@@', 'l@@', 'si@@', 'e@@', 'g', 'im', 'Ma@@', 'i', 'seinen', 'j@@', 'ap@@', 'an@@', 'ischen', 'Am@@', 'ts@@', 'k@@', 'olle@@', 'gen', 'S@@', 'hin@@', 'z@@', 'o', 'A@@', 'be', 'in', 'T@@', 'ok@@', 'o', ',', 'um', 'wirtschaf@@', 'tliche', 'und', 'sicher@@', 'heits@@', 'politische', 'Be@@', 'zieh@@', 'ungen', 'zu', 'bes@@', 'pre@@', 'chen', '.']
2026-05-08 19:20:15,101 - DEBUG - joeynmt.training - 	Tokenized reference:  ['Indi@@', 'a', '&apos;s', 'new', 'pri@@', 'me', 'minist@@', 'er', ',', 'N@@', 'ar@@', 'end@@', 'ra', 'Mo@@', 'd@@', 'i', ',', 'is', 'me@@', 'eting', 'his', 'J@@', 'ap@@', 'an@@', 'ese', 'coun@@', 'ter@@', 'part', ',', 'S@@', 'hin@@', 'z@@', 'o', 'A@@', 'be', ',', 'in', 'T@@', 'ok@@', 'y@@', 'o', 'to', 'disc@@', 'uss', 'economic', 'and', 'security', 'ties', ',', 'on', 'his', 'first', 'major', 'fore@@', 'ign', 'visi@@', 't', 'since', 'w@@', 'inn@@', 'ing', 'Ma@@', 'y', '&apos;s', 'elec@@', 'tion', '.']
2026-05-08 19:20:15,101 - DEBUG - joeynmt.training - 	Tokenized hypothesis: ['Indi@@', 'a', '&apos;s', 'new', 'Pri@@', 'me', 'Minist@@', 'er', 'N@@', 'ar@@', 'end@@', 'ra', 'Mo@@', 'd@@', 'i', ',', 'the', 'first', 'important', 'ex@@', 'tern@@', 'al', 'land@@', 'sc@@', 'ap@@', 'e', 'since', 'his', 'year', 'his', 'elec@@', 'tion', ',', 'in', 'the', 'J@@', 'ap@@', 'an@@', 'ese', ',', 'in', 'M@@', 'us@@', 'c@@', 'o', ',', 'in', 'the', 'J@@', 'ap@@', 'an@@', 'ese', ',', 'S@@', 'hin@@', 'z@@', 'o', 'A@@', 'be', 'in', 'T@@', 'ok@@', 'o', ',', 'to', 'visi@@', 't', 'the', 'A@@', 'be', 'in', 'T@@', 'ok@@', 'o', ',', 'to', 'visi@@', 't', 'his', 'first', 'and', 'fore@@', 'ign', 'A@@', 'ff@@', 'air@@', 's', '.', '</s>']
2026-05-08 19:20:15,102 - INFO - joeynmt.training - 	Source:     Indiens neuer Premierminister Narendra Modi trifft bei seinem ersten wichtigen Auslandsbesuch seit seinem Wahlsieg im Mai seinen japanischen Amtskollegen Shinzo Abe in Toko , um wirtschaftliche und sicherheitspolitische Beziehungen zu besprechen .
2026-05-08 19:20:15,102 - INFO - joeynmt.training - 	Reference:  India &apos;s new prime minister , Narendra Modi , is meeting his Japanese counterpart , Shinzo Abe , in Tokyo to discuss economic and security ties , on his first major foreign visit since winning May &apos;s election .
2026-05-08 19:20:15,102 - INFO - joeynmt.training - 	Hypothesis: India &apos;s new Prime Minister Narendra Modi , the first important external landscape since his year his election , in the Japanese , in Musco , in the Japanese , Shinzo Abe in Toko , to visit the Abe in Toko , to visit his first and foreign Affairs .
2026-05-08 19:20:15,102 - INFO - joeynmt.training - Example #2
2026-05-08 19:20:15,102 - DEBUG - joeynmt.training - 	Tokenized source:     ['Herr', 'Mo@@', 'd@@', 'i', 'befindet', 'sich', 'auf', 'einer', 'fü@@', 'n@@', 'f@@', 'tä@@', 'gi@@', 'gen', 'Rei@@', 'se', 'nach', 'J@@', 'ap@@', 'an', ',', 'um', 'die', 'wirtschaf@@', 'tlichen', 'Be@@', 'zieh@@', 'ungen', 'mit', 'der', 'd@@', 'rit@@', 't@@', 'größ@@', 'ten', 'Wirtschafts@@', 'n@@', 'ation', 'der', 'Welt', 'zu', 'fes@@', 'tigen', '.']
2026-05-08 19:20:15,102 - DEBUG - joeynmt.training - 	Tokenized reference:  ['Mr', 'Mo@@', 'd@@', 'i', 'is', 'on', 'a', 'fi@@', 've', '@@@', '-@@', '@', 'day', 'tri@@', 'p', 'to', 'J@@', 'ap@@', 'an', 'to', 'streng@@', 'then', 'economic', 'ties', 'with', 'the', 'third', 'lar@@', 'ges@@', 't', 'econom@@', 'y', 'in', 'the', 'world', '.']
2026-05-08 19:20:15,102 - DEBUG - joeynmt.training - 	Tokenized hypothesis: ['Mr', 'Mo@@', 'd@@', 'i', 'is', 'located', 'on', 'a', 'fi@@', 'f@@', 'ty', 'of', 'j@@', 'ap@@', 'an', 'to', 'J@@', 'ap@@', 'an', ',', 'to', 'the', 'economic', 'rel@@', 'ation@@', 'ship', 'with', 'the', 'third', 'lar@@', 'ges@@', 't', 'economic', 'n@@', 'ation', 'of', 'the', 'world', '.', '</s>']
2026-05-08 19:20:15,102 - INFO - joeynmt.training - 	Source:     Herr Modi befindet sich auf einer fünftägigen Reise nach Japan , um die wirtschaftlichen Beziehungen mit der drittgrößten Wirtschaftsnation der Welt zu festigen .
2026-05-08 19:20:15,102 - INFO - joeynmt.training - 	Reference:  Mr Modi is on a five @-@ day trip to Japan to strengthen economic ties with the third largest economy in the world .
2026-05-08 19:20:15,102 - INFO - joeynmt.training - 	Hypothesis: Mr Modi is located on a fifty of japan to Japan , to the economic relationship with the third largest economic nation of the world .
2026-05-08 19:20:15,102 - INFO - joeynmt.training - Example #3
2026-05-08 19:20:15,102 - DEBUG - joeynmt.training - 	Tokenized source:     ['P@@', 'län@@', 'e', 'für', 'eine', 'stärk@@', 'ere', 'k@@', 'ern@@', 'techn@@', 'ische', 'Zusammenarbeit', 'stehen', 'ganz', 'ob@@', 'en', 'auf', 'der', 'Tag@@', 'es@@', 'ordnung', '.']
2026-05-08 19:20:15,102 - DEBUG - joeynmt.training - 	Tokenized reference:  ['high', 'on', 'the', 'agen@@', 'da', 'are', 'pl@@', 'ans', 'for', 'gre@@', 'ater', 'nu@@', 'clear', 'c@@', 'o', '@@@', '-@@', '@', 'operation', '.']
2026-05-08 19:20:15,102 - DEBUG - joeynmt.training - 	Tokenized hypothesis: ['P@@', 'lon@@', 'al', 'for', 'a', 'str@@', 'ong', 'nu@@', 'clear', 'cooperation', '.', '</s>']
2026-05-08 19:20:15,102 - INFO - joeynmt.training - 	Source:     Pläne für eine stärkere kerntechnische Zusammenarbeit stehen ganz oben auf der Tagesordnung .
2026-05-08 19:20:15,102 - INFO - joeynmt.training - 	Reference:  high on the agenda are plans for greater nuclear co @-@ operation .
2026-05-08 19:20:15,102 - INFO - joeynmt.training - 	Hypothesis: Plonal for a strong nuclear cooperation .
2026-05-08 19:20:15,102 - INFO - joeynmt.training - Example #4
2026-05-08 19:20:15,102 - DEBUG - joeynmt.training - 	Tokenized source:     ['Berich@@', 'ten', 'zu@@', 'fol@@', 'ge', 'ho@@', 'fft', 'Indi@@', 'en', 'darüber', 'hinaus', 'auf', 'einen', 'Ver@@', 'trag', 'zur', 'Ver@@', 'tei@@', 'dig@@', 'ungs@@', 'zusammen@@', 'arbeit', 'zwischen', 'den', 'beiden', 'N@@', 'ationen', '.']
2026-05-08 19:20:15,102 - DEBUG - joeynmt.training - 	Tokenized reference:  ['Indi@@', 'a', 'is', 'also', 're@@', 'porte@@', 'dly', 'hop@@', 'ing', 'for', 'a', 'de@@', 'al', 'on', 'def@@', 'ence', 'c@@', 'oll@@', 'ab@@', 'or@@', 'ation', 'between', 'the', 'two', 'n@@', 'ations', '.']
2026-05-08 19:20:15,102 - DEBUG - joeynmt.training - 	Tokenized hypothesis: ['the', 're@@', 'ports', ',', 'the', 'fact', 'that', 'Indi@@', 'a', 'is', 'also', 'the', 'con@@', 'tra@@', 'ct', 'on', 'def@@', 'ence', 'between', 'the', 'two', 'n@@', 'ations', '.', '</s>']
2026-05-08 19:20:15,102 - INFO - joeynmt.training - 	Source:     Berichten zufolge hofft Indien darüber hinaus auf einen Vertrag zur Verteidigungszusammenarbeit zwischen den beiden Nationen .
2026-05-08 19:20:15,102 - INFO - joeynmt.training - 	Reference:  India is also reportedly hoping for a deal on defence collaboration between the two nations .
2026-05-08 19:20:15,102 - INFO - joeynmt.training - 	Hypothesis: the reports , the fact that India is also the contract on defence between the two nations .
2026-05-08 19:20:34,368 - INFO - joeynmt.training - Epoch   6, Step:    23600, Batch Loss:     1.952228, Batch Acc: 0.516721, Tokens per Sec:     4738, Lr: 0.000300
2026-05-08 19:20:53,348 - INFO - joeynmt.training - Epoch   6, Step:    23700, Batch Loss:     1.823186, Batch Acc: 0.511886, Tokens per Sec:     4876, Lr: 0.000300
2026-05-08 19:21:12,584 - INFO - joeynmt.training - Epoch   6, Step:    23800, Batch Loss:     2.010560, Batch Acc: 0.514094, Tokens per Sec:     4795, Lr: 0.000300
2026-05-08 19:21:31,851 - INFO - joeynmt.training - Epoch   6, Step:    23900, Batch Loss:     1.642709, Batch Acc: 0.513677, Tokens per Sec:     4774, Lr: 0.000300
2026-05-08 19:21:50,984 - INFO - joeynmt.training - Epoch   6, Step:    24000, Batch Loss:     1.816415, Batch Acc: 0.516683, Tokens per Sec:     4792, Lr: 0.000300
2026-05-08 19:21:50,984 - INFO - joeynmt.prediction - Predicting 500 example(s)... (Greedy decoding with min_output_length=1, max_output_length=-1, return_prob='none', generate_unk=True, repetition_penalty=-1, no_repeat_ngram_size=-1)
2026-05-08 19:22:21,717 - INFO - joeynmt.prediction - Evaluation result (greedy) loss:   2.13, ppl:   8.37, acc:   0.45, generation: 30.7290[sec], evaluation: 0.0000[sec]
2026-05-08 19:22:21,719 - INFO - joeynmt.training - Hooray! New best validation result [ppl]!
2026-05-08 19:22:21,785 - INFO - joeynmt.helpers - delete models/deen_transformer_pre/21500.ckpt
2026-05-08 19:22:21,789 - INFO - joeynmt.training - Example #0
2026-05-08 19:22:21,789 - DEBUG - joeynmt.training - 	Tokenized source:     ['die', 'Pre@@', 'mi@@', 'er@@', 'minist@@', 'er', 'Indi@@', 'ens', 'und', 'J@@', 'ap@@', 'ans', 'tra@@', 'fen', 'sich', 'in', 'T@@', 'ok@@', 'i@@', 'o', '.']
2026-05-08 19:22:21,789 - DEBUG - joeynmt.training - 	Tokenized reference:  ['Indi@@', 'a', 'and', 'J@@', 'ap@@', 'an', 'pri@@', 'me', 'minist@@', 'ers', 'me@@', 'et', 'in', 'T@@', 'ok@@', 'y@@', 'o']
2026-05-08 19:22:21,789 - DEBUG - joeynmt.training - 	Tokenized hypothesis: ['the', 'Pri@@', 'me', 'Minist@@', 'er', 'Indi@@', 'a', 'and', 'J@@', 'ap@@', 'an', 'Indi@@', 'a', 'and', 'J@@', 'ap@@', 'an', '&apos;s', 'M@@', 'ini@@', 'stry', '.', '</s>']
2026-05-08 19:22:21,789 - INFO - joeynmt.training - 	Source:     die Premierminister Indiens und Japans trafen sich in Tokio .
2026-05-08 19:22:21,789 - INFO - joeynmt.training - 	Reference:  India and Japan prime ministers meet in Tokyo
2026-05-08 19:22:21,789 - INFO - joeynmt.training - 	Hypothesis: the Prime Minister India and Japan India and Japan &apos;s Ministry .
2026-05-08 19:22:21,789 - INFO - joeynmt.training - Example #1
2026-05-08 19:22:21,789 - DEBUG - joeynmt.training - 	Tokenized source:     ['Indi@@', 'ens', 'neu@@', 'er', 'Pre@@', 'mi@@', 'er@@', 'minist@@', 'er', 'N@@', 'ar@@', 'end@@', 'ra', 'Mo@@', 'd@@', 'i', 'tri@@', 'fft', 'bei', 's@@', 'einem', 'ersten', 'wichti@@', 'gen', 'Aus@@', 'land@@', 's@@', 'bes@@', 'u@@', 'ch', 'seit', 's@@', 'einem', 'W@@', 'ah@@', 'l@@', 'si@@', 'e@@', 'g', 'im', 'Ma@@', 'i', 'seinen', 'j@@', 'ap@@', 'an@@', 'ischen', 'Am@@', 'ts@@', 'k@@', 'olle@@', 'gen', 'S@@', 'hin@@', 'z@@', 'o', 'A@@', 'be', 'in', 'T@@', 'ok@@', 'o', ',', 'um', 'wirtschaf@@', 'tliche', 'und', 'sicher@@', 'heits@@', 'politische', 'Be@@', 'zieh@@', 'ungen', 'zu', 'bes@@', 'pre@@', 'chen', '.']
2026-05-08 19:22:21,789 - DEBUG - joeynmt.training - 	Tokenized reference:  ['Indi@@', 'a', '&apos;s', 'new', 'pri@@', 'me', 'minist@@', 'er', ',', 'N@@', 'ar@@', 'end@@', 'ra', 'Mo@@', 'd@@', 'i', ',', 'is', 'me@@', 'eting', 'his', 'J@@', 'ap@@', 'an@@', 'ese', 'coun@@', 'ter@@', 'part', ',', 'S@@', 'hin@@', 'z@@', 'o', 'A@@', 'be', ',', 'in', 'T@@', 'ok@@', 'y@@', 'o', 'to', 'disc@@', 'uss', 'economic', 'and', 'security', 'ties', ',', 'on', 'his', 'first', 'major', 'fore@@', 'ign', 'visi@@', 't', 'since', 'w@@', 'inn@@', 'ing', 'Ma@@', 'y', '&apos;s', 'elec@@', 'tion', '.']
2026-05-08 19:22:21,789 - DEBUG - joeynmt.training - 	Tokenized hypothesis: ['Indi@@', 'a', '&apos;s', 'new', 'Pri@@', 'me', 'Minist@@', 'er', 'N@@', 'ar@@', 'end@@', 'ra', 'Mo@@', 'd@@', 'i', ',', 'in', 'his', 'first', 'important', 'fore@@', 'ign', 'land@@', 'sc@@', 'ap@@', 'e', ',', 'since', 'his', 'J@@', 'ap@@', 'an@@', 'ese', ',', 'in', 'M@@', 'ini@@', 'stry', 'of', 'S@@', 'hin@@', 'z@@', 'o', 'A@@', 'be', 'in', 'T@@', 'ok@@', 'o', ',', 'to', 're@@', 'mo@@', 've', 'economic', 'and', 'security', 'policy', 'rel@@', 'ations', 'with', 'the', 'pre@@', 'vi@@', 'ous', 'S@@', 'hin@@', 'z@@', 'o', 'A@@', 'be', 'in', 'T@@', 'ok@@', 'o', ',', 'to', 'visi@@', 't', 'his', 'first', 'and', 'fore@@', 'ign', 'A@@', 'ff@@', 'air@@', 's', '.', '</s>']
2026-05-08 19:22:21,789 - INFO - joeynmt.training - 	Source:     Indiens neuer Premierminister Narendra Modi trifft bei seinem ersten wichtigen Auslandsbesuch seit seinem Wahlsieg im Mai seinen japanischen Amtskollegen Shinzo Abe in Toko , um wirtschaftliche und sicherheitspolitische Beziehungen zu besprechen .
2026-05-08 19:22:21,789 - INFO - joeynmt.training - 	Reference:  India &apos;s new prime minister , Narendra Modi , is meeting his Japanese counterpart , Shinzo Abe , in Tokyo to discuss economic and security ties , on his first major foreign visit since winning May &apos;s election .
2026-05-08 19:22:21,789 - INFO - joeynmt.training - 	Hypothesis: India &apos;s new Prime Minister Narendra Modi , in his first important foreign landscape , since his Japanese , in Ministry of Shinzo Abe in Toko , to remove economic and security policy relations with the previous Shinzo Abe in Toko , to visit his first and foreign Affairs .
2026-05-08 19:22:21,789 - INFO - joeynmt.training - Example #2
2026-05-08 19:22:21,789 - DEBUG - joeynmt.training - 	Tokenized source:     ['Herr', 'Mo@@', 'd@@', 'i', 'befindet', 'sich', 'auf', 'einer', 'fü@@', 'n@@', 'f@@', 'tä@@', 'gi@@', 'gen', 'Rei@@', 'se', 'nach', 'J@@', 'ap@@', 'an', ',', 'um', 'die', 'wirtschaf@@', 'tlichen', 'Be@@', 'zieh@@', 'ungen', 'mit', 'der', 'd@@', 'rit@@', 't@@', 'größ@@', 'ten', 'Wirtschafts@@', 'n@@', 'ation', 'der', 'Welt', 'zu', 'fes@@', 'tigen', '.']
2026-05-08 19:22:21,789 - DEBUG - joeynmt.training - 	Tokenized reference:  ['Mr', 'Mo@@', 'd@@', 'i', 'is', 'on', 'a', 'fi@@', 've', '@@@', '-@@', '@', 'day', 'tri@@', 'p', 'to', 'J@@', 'ap@@', 'an', 'to', 'streng@@', 'then', 'economic', 'ties', 'with', 'the', 'third', 'lar@@', 'ges@@', 't', 'econom@@', 'y', 'in', 'the', 'world', '.']
2026-05-08 19:22:21,790 - DEBUG - joeynmt.training - 	Tokenized hypothesis: ['Mr', 'Mo@@', 'd@@', 'i', 'is', 'located', 'on', 'a', 'fi@@', 'f@@', 'ty', 'tra@@', 'v@@', 'el', 'to', 'J@@', 'ap@@', 'an', ',', 'to', 'the', 'economic', 'rel@@', 'ations', 'with', 'the', 'third', 'lar@@', 'ges@@', 't', 'economic', 'rel@@', 'ations', 'with', 'the', 'the', 'third', 'lar@@', 'ges@@', 't', 'economic', 'rel@@', 'ations', 'with', 'the', 'third', 'lar@@', 'ges@@', 't', 'economic', 'rel@@', 'ations', 'with', 'the', 'the', 'world', '&apos;s', 'lar@@', 'ges@@', 't', 'economic', 'rel@@', 'ations', 'with', 'the', 'world', '&apos;s', 'third', 'par@@', 'ties', '.', '</s>']
2026-05-08 19:22:21,790 - INFO - joeynmt.training - 	Source:     Herr Modi befindet sich auf einer fünftägigen Reise nach Japan , um die wirtschaftlichen Beziehungen mit der drittgrößten Wirtschaftsnation der Welt zu festigen .
2026-05-08 19:22:21,790 - INFO - joeynmt.training - 	Reference:  Mr Modi is on a five @-@ day trip to Japan to strengthen economic ties with the third largest economy in the world .
2026-05-08 19:22:21,790 - INFO - joeynmt.training - 	Hypothesis: Mr Modi is located on a fifty travel to Japan , to the economic relations with the third largest economic relations with the the third largest economic relations with the third largest economic relations with the the world &apos;s largest economic relations with the world &apos;s third parties .
2026-05-08 19:22:21,790 - INFO - joeynmt.training - Example #3
2026-05-08 19:22:21,790 - DEBUG - joeynmt.training - 	Tokenized source:     ['P@@', 'län@@', 'e', 'für', 'eine', 'stärk@@', 'ere', 'k@@', 'ern@@', 'techn@@', 'ische', 'Zusammenarbeit', 'stehen', 'ganz', 'ob@@', 'en', 'auf', 'der', 'Tag@@', 'es@@', 'ordnung', '.']
2026-05-08 19:22:21,790 - DEBUG - joeynmt.training - 	Tokenized reference:  ['high', 'on', 'the', 'agen@@', 'da', 'are', 'pl@@', 'ans', 'for', 'gre@@', 'ater', 'nu@@', 'clear', 'c@@', 'o', '@@@', '-@@', '@', 'operation', '.']
2026-05-08 19:22:21,790 - DEBUG - joeynmt.training - 	Tokenized hypothesis: ['P@@', 'lan@@', 'e', 'for', 'gre@@', 'ater', 'nu@@', 'clear', 'cooperation', '.', '</s>']
2026-05-08 19:22:21,790 - INFO - joeynmt.training - 	Source:     Pläne für eine stärkere kerntechnische Zusammenarbeit stehen ganz oben auf der Tagesordnung .
2026-05-08 19:22:21,790 - INFO - joeynmt.training - 	Reference:  high on the agenda are plans for greater nuclear co @-@ operation .
2026-05-08 19:22:21,790 - INFO - joeynmt.training - 	Hypothesis: Plane for greater nuclear cooperation .
2026-05-08 19:22:21,790 - INFO - joeynmt.training - Example #4
2026-05-08 19:22:21,790 - DEBUG - joeynmt.training - 	Tokenized source:     ['Berich@@', 'ten', 'zu@@', 'fol@@', 'ge', 'ho@@', 'fft', 'Indi@@', 'en', 'darüber', 'hinaus', 'auf', 'einen', 'Ver@@', 'trag', 'zur', 'Ver@@', 'tei@@', 'dig@@', 'ungs@@', 'zusammen@@', 'arbeit', 'zwischen', 'den', 'beiden', 'N@@', 'ationen', '.']
2026-05-08 19:22:21,790 - DEBUG - joeynmt.training - 	Tokenized reference:  ['Indi@@', 'a', 'is', 'also', 're@@', 'porte@@', 'dly', 'hop@@', 'ing', 'for', 'a', 'de@@', 'al', 'on', 'def@@', 'ence', 'c@@', 'oll@@', 'ab@@', 'or@@', 'ation', 'between', 'the', 'two', 'n@@', 'ations', '.']
2026-05-08 19:22:21,790 - DEBUG - joeynmt.training - 	Tokenized hypothesis: ['the', 're@@', 'ports', ',', 'the', 'high@@', 'est', 'Indi@@', 'a', ',', 'on', 'which', 'we', 'have', 'been', 'able', 'to', 'def@@', 'end', 'together', 'with', 'the', 'two', 'n@@', 'ations', '.', '</s>']
2026-05-08 19:22:21,790 - INFO - joeynmt.training - 	Source:     Berichten zufolge hofft Indien darüber hinaus auf einen Vertrag zur Verteidigungszusammenarbeit zwischen den beiden Nationen .
2026-05-08 19:22:21,790 - INFO - joeynmt.training - 	Reference:  India is also reportedly hoping for a deal on defence collaboration between the two nations .
2026-05-08 19:22:21,790 - INFO - joeynmt.training - 	Hypothesis: the reports , the highest India , on which we have been able to defend together with the two nations .
2026-05-08 19:22:35,877 - INFO - joeynmt.training - Epoch   6, Step:    24100, Batch Loss:     2.003428, Batch Acc: 0.509027, Tokens per Sec:     6487, Lr: 0.000300
2026-05-08 19:22:49,728 - INFO - joeynmt.training - Epoch   6, Step:    24200, Batch Loss:     1.687446, Batch Acc: 0.516522, Tokens per Sec:     6632, Lr: 0.000300
2026-05-08 19:23:03,820 - INFO - joeynmt.training - Epoch   6, Step:    24300, Batch Loss:     1.738081, Batch Acc: 0.514639, Tokens per Sec:     6592, Lr: 0.000300
2026-05-08 19:23:17,560 - INFO - joeynmt.training - Epoch   6: total training loss 7248.22
2026-05-08 19:23:17,561 - INFO - joeynmt.training - EPOCH 7
2026-05-08 19:23:18,022 - INFO - joeynmt.training - Epoch   7, Step:    24400, Batch Loss:     1.768641, Batch Acc: 0.530872, Tokens per Sec:     6649, Lr: 0.000300
2026-05-08 19:23:32,937 - INFO - joeynmt.training - Epoch   7, Step:    24500, Batch Loss:     1.594934, Batch Acc: 0.536056, Tokens per Sec:     6225, Lr: 0.000300
2026-05-08 19:23:32,938 - INFO - joeynmt.prediction - Predicting 500 example(s)... (Greedy decoding with min_output_length=1, max_output_length=-1, return_prob='none', generate_unk=True, repetition_penalty=-1, no_repeat_ngram_size=-1)
2026-05-08 19:23:58,927 - INFO - joeynmt.prediction - Evaluation result (greedy) loss:   2.12, ppl:   8.35, acc:   0.45, generation: 25.9847[sec], evaluation: 0.0000[sec]
2026-05-08 19:23:58,929 - INFO - joeynmt.training - Hooray! New best validation result [ppl]!
2026-05-08 19:23:59,006 - INFO - joeynmt.helpers - delete models/deen_transformer_pre/22500.ckpt
2026-05-08 19:23:59,008 - INFO - joeynmt.training - Example #0
2026-05-08 19:23:59,008 - DEBUG - joeynmt.training - 	Tokenized source:     ['die', 'Pre@@', 'mi@@', 'er@@', 'minist@@', 'er', 'Indi@@', 'ens', 'und', 'J@@', 'ap@@', 'ans', 'tra@@', 'fen', 'sich', 'in', 'T@@', 'ok@@', 'i@@', 'o', '.']
2026-05-08 19:23:59,008 - DEBUG - joeynmt.training - 	Tokenized reference:  ['Indi@@', 'a', 'and', 'J@@', 'ap@@', 'an', 'pri@@', 'me', 'minist@@', 'ers', 'me@@', 'et', 'in', 'T@@', 'ok@@', 'y@@', 'o']
2026-05-08 19:23:59,008 - DEBUG - joeynmt.training - 	Tokenized hypothesis: ['the', 'Pri@@', 'me', 'Minist@@', 'er', 'Indi@@', 'a', 'and', 'J@@', 'ap@@', 'an', 'Indi@@', 'a', 'and', 'J@@', 'ap@@', 'an', ',', 'in', 'T@@', 'ok@@', 'i@@', 'o', '.', '</s>']
2026-05-08 19:23:59,008 - INFO - joeynmt.training - 	Source:     die Premierminister Indiens und Japans trafen sich in Tokio .
2026-05-08 19:23:59,008 - INFO - joeynmt.training - 	Reference:  India and Japan prime ministers meet in Tokyo
2026-05-08 19:23:59,008 - INFO - joeynmt.training - 	Hypothesis: the Prime Minister India and Japan India and Japan , in Tokio .
2026-05-08 19:23:59,008 - INFO - joeynmt.training - Example #1
2026-05-08 19:23:59,009 - DEBUG - joeynmt.training - 	Tokenized source:     ['Indi@@', 'ens', 'neu@@', 'er', 'Pre@@', 'mi@@', 'er@@', 'minist@@', 'er', 'N@@', 'ar@@', 'end@@', 'ra', 'Mo@@', 'd@@', 'i', 'tri@@', 'fft', 'bei', 's@@', 'einem', 'ersten', 'wichti@@', 'gen', 'Aus@@', 'land@@', 's@@', 'bes@@', 'u@@', 'ch', 'seit', 's@@', 'einem', 'W@@', 'ah@@', 'l@@', 'si@@', 'e@@', 'g', 'im', 'Ma@@', 'i', 'seinen', 'j@@', 'ap@@', 'an@@', 'ischen', 'Am@@', 'ts@@', 'k@@', 'olle@@', 'gen', 'S@@', 'hin@@', 'z@@', 'o', 'A@@', 'be', 'in', 'T@@', 'ok@@', 'o', ',', 'um', 'wirtschaf@@', 'tliche', 'und', 'sicher@@', 'heits@@', 'politische', 'Be@@', 'zieh@@', 'ungen', 'zu', 'bes@@', 'pre@@', 'chen', '.']
2026-05-08 19:23:59,009 - DEBUG - joeynmt.training - 	Tokenized reference:  ['Indi@@', 'a', '&apos;s', 'new', 'pri@@', 'me', 'minist@@', 'er', ',', 'N@@', 'ar@@', 'end@@', 'ra', 'Mo@@', 'd@@', 'i', ',', 'is', 'me@@', 'eting', 'his', 'J@@', 'ap@@', 'an@@', 'ese', 'coun@@', 'ter@@', 'part', ',', 'S@@', 'hin@@', 'z@@', 'o', 'A@@', 'be', ',', 'in', 'T@@', 'ok@@', 'y@@', 'o', 'to', 'disc@@', 'uss', 'economic', 'and', 'security', 'ties', ',', 'on', 'his', 'first', 'major', 'fore@@', 'ign', 'visi@@', 't', 'since', 'w@@', 'inn@@', 'ing', 'Ma@@', 'y', '&apos;s', 'elec@@', 'tion', '.']
2026-05-08 19:23:59,009 - DEBUG - joeynmt.training - 	Tokenized hypothesis: ['Indi@@', 'a', '&apos;s', 'new', 'Pri@@', 'me', 'Minist@@', 'er', 'N@@', 'ar@@', 'end@@', 'ra', 'Mo@@', 'd@@', 'i', 'M@@', 'er@@', 'r@@', 'ors', ',', 'the', 'first', 'important', 'fore@@', 'ign', 'visi@@', 'tors', ',', 'the', 'first', 'of', 'all', 'of', 'the', 'year', ',', 'in', 'Ma@@', 'y', 'his', 'J@@', 'ap@@', 'an@@', 'ese', '&apos;s', '&apos;s', 'F@@', 'e@@', 'der@@', 'al', 'S@@', 'hin@@', 'z@@', 'o', 'A@@', 'be', 'in', 'T@@', 'ok@@', 'o', ',', 'to', 're@@', 'mo@@', 've', 'economic', 'and', 'saf@@', 'ety', 'political', 'rel@@', 'ations', '.', '</s>']
2026-05-08 19:23:59,009 - INFO - joeynmt.training - 	Source:     Indiens neuer Premierminister Narendra Modi trifft bei seinem ersten wichtigen Auslandsbesuch seit seinem Wahlsieg im Mai seinen japanischen Amtskollegen Shinzo Abe in Toko , um wirtschaftliche und sicherheitspolitische Beziehungen zu besprechen .
2026-05-08 19:23:59,009 - INFO - joeynmt.training - 	Reference:  India &apos;s new prime minister , Narendra Modi , is meeting his Japanese counterpart , Shinzo Abe , in Tokyo to discuss economic and security ties , on his first major foreign visit since winning May &apos;s election .
2026-05-08 19:23:59,009 - INFO - joeynmt.training - 	Hypothesis: India &apos;s new Prime Minister Narendra Modi Merrors , the first important foreign visitors , the first of all of the year , in May his Japanese &apos;s &apos;s Federal Shinzo Abe in Toko , to remove economic and safety political relations .
2026-05-08 19:23:59,009 - INFO - joeynmt.training - Example #2
2026-05-08 19:23:59,009 - DEBUG - joeynmt.training - 	Tokenized source:     ['Herr', 'Mo@@', 'd@@', 'i', 'befindet', 'sich', 'auf', 'einer', 'fü@@', 'n@@', 'f@@', 'tä@@', 'gi@@', 'gen', 'Rei@@', 'se', 'nach', 'J@@', 'ap@@', 'an', ',', 'um', 'die', 'wirtschaf@@', 'tlichen', 'Be@@', 'zieh@@', 'ungen', 'mit', 'der', 'd@@', 'rit@@', 't@@', 'größ@@', 'ten', 'Wirtschafts@@', 'n@@', 'ation', 'der', 'Welt', 'zu', 'fes@@', 'tigen', '.']
2026-05-08 19:23:59,009 - DEBUG - joeynmt.training - 	Tokenized reference:  ['Mr', 'Mo@@', 'd@@', 'i', 'is', 'on', 'a', 'fi@@', 've', '@@@', '-@@', '@', 'day', 'tri@@', 'p', 'to', 'J@@', 'ap@@', 'an', 'to', 'streng@@', 'then', 'economic', 'ties', 'with', 'the', 'third', 'lar@@', 'ges@@', 't', 'econom@@', 'y', 'in', 'the', 'world', '.']
2026-05-08 19:23:59,009 - DEBUG - joeynmt.training - 	Tokenized hypothesis: ['Mr', 'Mo@@', 'd@@', 'i', 'is', 'based', 'on', 'a', 'fi@@', 'f@@', 'ty', 'of', 'j@@', 'ap@@', 'an@@', 'ese', ',', 'to', 'the', 'economic', 'rel@@', 'ations', 'with', 'the', 'third', 'lar@@', 'ges@@', 't', 'economic', 'rel@@', 'ations', 'with', 'the', 'third', 'lar@@', 'ges@@', 't', 'economic', 'rel@@', 'ations', '.', '</s>']
2026-05-08 19:23:59,009 - INFO - joeynmt.training - 	Source:     Herr Modi befindet sich auf einer fünftägigen Reise nach Japan , um die wirtschaftlichen Beziehungen mit der drittgrößten Wirtschaftsnation der Welt zu festigen .
2026-05-08 19:23:59,009 - INFO - joeynmt.training - 	Reference:  Mr Modi is on a five @-@ day trip to Japan to strengthen economic ties with the third largest economy in the world .
2026-05-08 19:23:59,009 - INFO - joeynmt.training - 	Hypothesis: Mr Modi is based on a fifty of japanese , to the economic relations with the third largest economic relations with the third largest economic relations .
2026-05-08 19:23:59,009 - INFO - joeynmt.training - Example #3
2026-05-08 19:23:59,009 - DEBUG - joeynmt.training - 	Tokenized source:     ['P@@', 'län@@', 'e', 'für', 'eine', 'stärk@@', 'ere', 'k@@', 'ern@@', 'techn@@', 'ische', 'Zusammenarbeit', 'stehen', 'ganz', 'ob@@', 'en', 'auf', 'der', 'Tag@@', 'es@@', 'ordnung', '.']
2026-05-08 19:23:59,009 - DEBUG - joeynmt.training - 	Tokenized reference:  ['high', 'on', 'the', 'agen@@', 'da', 'are', 'pl@@', 'ans', 'for', 'gre@@', 'ater', 'nu@@', 'clear', 'c@@', 'o', '@@@', '-@@', '@', 'operation', '.']
2026-05-08 19:23:59,009 - DEBUG - joeynmt.training - 	Tokenized hypothesis: ['p@@', 'ass@@', 'ing', 'for', 'more', 'more', 'seri@@', 'ous', 'techn@@', 'ical', 'cooperation', '.', '</s>']
2026-05-08 19:23:59,009 - INFO - joeynmt.training - 	Source:     Pläne für eine stärkere kerntechnische Zusammenarbeit stehen ganz oben auf der Tagesordnung .
2026-05-08 19:23:59,009 - INFO - joeynmt.training - 	Reference:  high on the agenda are plans for greater nuclear co @-@ operation .
2026-05-08 19:23:59,009 - INFO - joeynmt.training - 	Hypothesis: passing for more more serious technical cooperation .
2026-05-08 19:23:59,009 - INFO - joeynmt.training - Example #4
2026-05-08 19:23:59,009 - DEBUG - joeynmt.training - 	Tokenized source:     ['Berich@@', 'ten', 'zu@@', 'fol@@', 'ge', 'ho@@', 'fft', 'Indi@@', 'en', 'darüber', 'hinaus', 'auf', 'einen', 'Ver@@', 'trag', 'zur', 'Ver@@', 'tei@@', 'dig@@', 'ungs@@', 'zusammen@@', 'arbeit', 'zwischen', 'den', 'beiden', 'N@@', 'ationen', '.']
2026-05-08 19:23:59,009 - DEBUG - joeynmt.training - 	Tokenized reference:  ['Indi@@', 'a', 'is', 'also', 're@@', 'porte@@', 'dly', 'hop@@', 'ing', 'for', 'a', 'de@@', 'al', 'on', 'def@@', 'ence', 'c@@', 'oll@@', 'ab@@', 'or@@', 'ation', 'between', 'the', 'two', 'n@@', 'ations', '.']
2026-05-08 19:23:59,009 - DEBUG - joeynmt.training - 	Tokenized hypothesis: ['the', 'report', 'also', 'hop@@', 'es', 'that', 'Indi@@', 'a', 'is', 'also', 'high@@', 'ly', 're@@', 'ports', 'on', 'a', 'tre@@', 'aty', 'on', 'the', 'basis', 'of', 'the', 'two', 'n@@', 'ations', '.', '</s>']
2026-05-08 19:23:59,009 - INFO - joeynmt.training - 	Source:     Berichten zufolge hofft Indien darüber hinaus auf einen Vertrag zur Verteidigungszusammenarbeit zwischen den beiden Nationen .
2026-05-08 19:23:59,009 - INFO - joeynmt.training - 	Reference:  India is also reportedly hoping for a deal on defence collaboration between the two nations .
2026-05-08 19:23:59,009 - INFO - joeynmt.training - 	Hypothesis: the report also hopes that India is also highly reports on a treaty on the basis of the two nations .
2026-05-08 19:24:15,048 - INFO - joeynmt.training - Epoch   7, Step:    24600, Batch Loss:     1.893577, Batch Acc: 0.537608, Tokens per Sec:     5574, Lr: 0.000300
2026-05-08 19:24:31,481 - INFO - joeynmt.training - Epoch   7, Step:    24700, Batch Loss:     1.611763, Batch Acc: 0.531945, Tokens per Sec:     5747, Lr: 0.000300
2026-05-08 19:24:47,917 - INFO - joeynmt.training - Epoch   7, Step:    24800, Batch Loss:     1.718969, Batch Acc: 0.529082, Tokens per Sec:     5575, Lr: 0.000300
2026-05-08 19:25:04,516 - INFO - joeynmt.training - Epoch   7, Step:    24900, Batch Loss:     1.905398, Batch Acc: 0.525687, Tokens per Sec:     5530, Lr: 0.000300
2026-05-08 19:25:20,891 - INFO - joeynmt.training - Epoch   7, Step:    25000, Batch Loss:     1.926107, Batch Acc: 0.522914, Tokens per Sec:     5530, Lr: 0.000300
2026-05-08 19:25:20,892 - INFO - joeynmt.prediction - Predicting 500 example(s)... (Greedy decoding with min_output_length=1, max_output_length=-1, return_prob='none', generate_unk=True, repetition_penalty=-1, no_repeat_ngram_size=-1)
2026-05-08 19:25:49,806 - INFO - joeynmt.prediction - Evaluation result (greedy) loss:   2.13, ppl:   8.37, acc:   0.45, generation: 28.9099[sec], evaluation: 0.0000[sec]
2026-05-08 19:25:49,889 - INFO - joeynmt.helpers - delete models/deen_transformer_pre/22000.ckpt
2026-05-08 19:25:49,890 - INFO - joeynmt.training - Example #0
2026-05-08 19:25:49,890 - DEBUG - joeynmt.training - 	Tokenized source:     ['die', 'Pre@@', 'mi@@', 'er@@', 'minist@@', 'er', 'Indi@@', 'ens', 'und', 'J@@', 'ap@@', 'ans', 'tra@@', 'fen', 'sich', 'in', 'T@@', 'ok@@', 'i@@', 'o', '.']
2026-05-08 19:25:49,890 - DEBUG - joeynmt.training - 	Tokenized reference:  ['Indi@@', 'a', 'and', 'J@@', 'ap@@', 'an', 'pri@@', 'me', 'minist@@', 'ers', 'me@@', 'et', 'in', 'T@@', 'ok@@', 'y@@', 'o']
2026-05-08 19:25:49,890 - DEBUG - joeynmt.training - 	Tokenized hypothesis: ['the', 'Pri@@', 'me', 'Minist@@', 'er', 'Indi@@', 'a', 'and', 'J@@', 'ap@@', 'an', 'Indi@@', 'a', 'and', 'J@@', 'ap@@', 'an', ',', 'in', 'T@@', 'ok@@', 'i@@', 'o', '.', '</s>']
2026-05-08 19:25:49,890 - INFO - joeynmt.training - 	Source:     die Premierminister Indiens und Japans trafen sich in Tokio .
2026-05-08 19:25:49,890 - INFO - joeynmt.training - 	Reference:  India and Japan prime ministers meet in Tokyo
2026-05-08 19:25:49,890 - INFO - joeynmt.training - 	Hypothesis: the Prime Minister India and Japan India and Japan , in Tokio .
2026-05-08 19:25:49,890 - INFO - joeynmt.training - Example #1
2026-05-08 19:25:49,891 - DEBUG - joeynmt.training - 	Tokenized source:     ['Indi@@', 'ens', 'neu@@', 'er', 'Pre@@', 'mi@@', 'er@@', 'minist@@', 'er', 'N@@', 'ar@@', 'end@@', 'ra', 'Mo@@', 'd@@', 'i', 'tri@@', 'fft', 'bei', 's@@', 'einem', 'ersten', 'wichti@@', 'gen', 'Aus@@', 'land@@', 's@@', 'bes@@', 'u@@', 'ch', 'seit', 's@@', 'einem', 'W@@', 'ah@@', 'l@@', 'si@@', 'e@@', 'g', 'im', 'Ma@@', 'i', 'seinen', 'j@@', 'ap@@', 'an@@', 'ischen', 'Am@@', 'ts@@', 'k@@', 'olle@@', 'gen', 'S@@', 'hin@@', 'z@@', 'o', 'A@@', 'be', 'in', 'T@@', 'ok@@', 'o', ',', 'um', 'wirtschaf@@', 'tliche', 'und', 'sicher@@', 'heits@@', 'politische', 'Be@@', 'zieh@@', 'ungen', 'zu', 'bes@@', 'pre@@', 'chen', '.']
2026-05-08 19:25:49,891 - DEBUG - joeynmt.training - 	Tokenized reference:  ['Indi@@', 'a', '&apos;s', 'new', 'pri@@', 'me', 'minist@@', 'er', ',', 'N@@', 'ar@@', 'end@@', 'ra', 'Mo@@', 'd@@', 'i', ',', 'is', 'me@@', 'eting', 'his', 'J@@', 'ap@@', 'an@@', 'ese', 'coun@@', 'ter@@', 'part', ',', 'S@@', 'hin@@', 'z@@', 'o', 'A@@', 'be', ',', 'in', 'T@@', 'ok@@', 'y@@', 'o', 'to', 'disc@@', 'uss', 'economic', 'and', 'security', 'ties', ',', 'on', 'his', 'first', 'major', 'fore@@', 'ign', 'visi@@', 't', 'since', 'w@@', 'inn@@', 'ing', 'Ma@@', 'y', '&apos;s', 'elec@@', 'tion', '.']
2026-05-08 19:25:49,891 - DEBUG - joeynmt.training - 	Tokenized hypothesis: ['Indi@@', 'a', '&apos;s', 'new', 'Pri@@', 'v@@', 'ac@@', 'y', 'N@@', 'ar@@', 'end@@', 'ra', 'Mo@@', 'd@@', 'i', ',', 'in', 'his', 'first', 'important', 'fore@@', 'ign', 'visi@@', 'tors', ',', 'the', 'first', 'of', 'all', 'the', 'M@@', 'ini@@', 'stry', 'of', 'his', 'J@@', 'ap@@', 'an', 'Ri@@', 'ghts', 'S@@', 'hin@@', 'z@@', 'o', 'A@@', 'be', 'in', 'T@@', 'ok@@', 'o', ',', 'to', 'economic', 'and', 'security', 'political', 'rel@@', 'ations', 'with', 'the', 'S@@', 'hin@@', 'z@@', 'o', 'A@@', 'be', 'in', 'T@@', 'ok@@', 'o', ',', 'in', 'order', 'to', 're@@', 'mo@@', 've', '.', '</s>']
2026-05-08 19:25:49,891 - INFO - joeynmt.training - 	Source:     Indiens neuer Premierminister Narendra Modi trifft bei seinem ersten wichtigen Auslandsbesuch seit seinem Wahlsieg im Mai seinen japanischen Amtskollegen Shinzo Abe in Toko , um wirtschaftliche und sicherheitspolitische Beziehungen zu besprechen .
2026-05-08 19:25:49,891 - INFO - joeynmt.training - 	Reference:  India &apos;s new prime minister , Narendra Modi , is meeting his Japanese counterpart , Shinzo Abe , in Tokyo to discuss economic and security ties , on his first major foreign visit since winning May &apos;s election .
2026-05-08 19:25:49,891 - INFO - joeynmt.training - 	Hypothesis: India &apos;s new Privacy Narendra Modi , in his first important foreign visitors , the first of all the Ministry of his Japan Rights Shinzo Abe in Toko , to economic and security political relations with the Shinzo Abe in Toko , in order to remove .
2026-05-08 19:25:49,891 - INFO - joeynmt.training - Example #2
2026-05-08 19:25:49,891 - DEBUG - joeynmt.training - 	Tokenized source:     ['Herr', 'Mo@@', 'd@@', 'i', 'befindet', 'sich', 'auf', 'einer', 'fü@@', 'n@@', 'f@@', 'tä@@', 'gi@@', 'gen', 'Rei@@', 'se', 'nach', 'J@@', 'ap@@', 'an', ',', 'um', 'die', 'wirtschaf@@', 'tlichen', 'Be@@', 'zieh@@', 'ungen', 'mit', 'der', 'd@@', 'rit@@', 't@@', 'größ@@', 'ten', 'Wirtschafts@@', 'n@@', 'ation', 'der', 'Welt', 'zu', 'fes@@', 'tigen', '.']
2026-05-08 19:25:49,891 - DEBUG - joeynmt.training - 	Tokenized reference:  ['Mr', 'Mo@@', 'd@@', 'i', 'is', 'on', 'a', 'fi@@', 've', '@@@', '-@@', '@', 'day', 'tri@@', 'p', 'to', 'J@@', 'ap@@', 'an', 'to', 'streng@@', 'then', 'economic', 'ties', 'with', 'the', 'third', 'lar@@', 'ges@@', 't', 'econom@@', 'y', 'in', 'the', 'world', '.']
2026-05-08 19:25:49,891 - DEBUG - joeynmt.training - 	Tokenized hypothesis: ['Mr', 'Mo@@', 'd@@', 'i', 'is', 'based', 'on', 'a', 'fi@@', 'f@@', 'ty', 'of', 'j@@', 'ap@@', 'an', 'to', 'J@@', 'ap@@', 'an', 'to', 'the', 'economic', 'rel@@', 'ation@@', 'ship', 'with', 'the', 'third', 'lar@@', 'ges@@', 't', 'economic', 'rel@@', 'ations', 'with', 'the', 'third', 'lar@@', 'ges@@', 't', 'economic', 'rel@@', 'ations', 'with', 'the', 'third', 'b@@', 'ig@@', 'ges@@', 't', 'economic', 'rel@@', 'ations', '.', '</s>']
2026-05-08 19:25:49,891 - INFO - joeynmt.training - 	Source:     Herr Modi befindet sich auf einer fünftägigen Reise nach Japan , um die wirtschaftlichen Beziehungen mit der drittgrößten Wirtschaftsnation der Welt zu festigen .
2026-05-08 19:25:49,891 - INFO - joeynmt.training - 	Reference:  Mr Modi is on a five @-@ day trip to Japan to strengthen economic ties with the third largest economy in the world .
2026-05-08 19:25:49,891 - INFO - joeynmt.training - 	Hypothesis: Mr Modi is based on a fifty of japan to Japan to the economic relationship with the third largest economic relations with the third largest economic relations with the third biggest economic relations .
2026-05-08 19:25:49,891 - INFO - joeynmt.training - Example #3
2026-05-08 19:25:49,891 - DEBUG - joeynmt.training - 	Tokenized source:     ['P@@', 'län@@', 'e', 'für', 'eine', 'stärk@@', 'ere', 'k@@', 'ern@@', 'techn@@', 'ische', 'Zusammenarbeit', 'stehen', 'ganz', 'ob@@', 'en', 'auf', 'der', 'Tag@@', 'es@@', 'ordnung', '.']
2026-05-08 19:25:49,891 - DEBUG - joeynmt.training - 	Tokenized reference:  ['high', 'on', 'the', 'agen@@', 'da', 'are', 'pl@@', 'ans', 'for', 'gre@@', 'ater', 'nu@@', 'clear', 'c@@', 'o', '@@@', '-@@', '@', 'operation', '.']
2026-05-08 19:25:49,891 - DEBUG - joeynmt.training - 	Tokenized hypothesis: ['p@@', 'ru@@', 's', 'for', 'more', 'c@@', 'seri@@', 'ous', 'techn@@', 'ical', 'cooperation', '.', '</s>']
2026-05-08 19:25:49,891 - INFO - joeynmt.training - 	Source:     Pläne für eine stärkere kerntechnische Zusammenarbeit stehen ganz oben auf der Tagesordnung .
2026-05-08 19:25:49,891 - INFO - joeynmt.training - 	Reference:  high on the agenda are plans for greater nuclear co @-@ operation .
2026-05-08 19:25:49,891 - INFO - joeynmt.training - 	Hypothesis: prus for more cserious technical cooperation .
2026-05-08 19:25:49,891 - INFO - joeynmt.training - Example #4
2026-05-08 19:25:49,891 - DEBUG - joeynmt.training - 	Tokenized source:     ['Berich@@', 'ten', 'zu@@', 'fol@@', 'ge', 'ho@@', 'fft', 'Indi@@', 'en', 'darüber', 'hinaus', 'auf', 'einen', 'Ver@@', 'trag', 'zur', 'Ver@@', 'tei@@', 'dig@@', 'ungs@@', 'zusammen@@', 'arbeit', 'zwischen', 'den', 'beiden', 'N@@', 'ationen', '.']
2026-05-08 19:25:49,891 - DEBUG - joeynmt.training - 	Tokenized reference:  ['Indi@@', 'a', 'is', 'also', 're@@', 'porte@@', 'dly', 'hop@@', 'ing', 'for', 'a', 'de@@', 'al', 'on', 'def@@', 'ence', 'c@@', 'oll@@', 'ab@@', 'or@@', 'ation', 'between', 'the', 'two', 'n@@', 'ations', '.']
2026-05-08 19:25:49,891 - DEBUG - joeynmt.training - 	Tokenized hypothesis: ['the', 'report', 'also', 'has', 'the', 'same', ',', 'Indi@@', 'a', 'is', 'that', 'the', 'same', 'is', 'the', 'con@@', 'tra@@', 'ct', 'on', 'the', 'con@@', 'tra@@', 'ct', 'between', 'the', 'two', 'n@@', 'ations', '.', '</s>']
2026-05-08 19:25:49,891 - INFO - joeynmt.training - 	Source:     Berichten zufolge hofft Indien darüber hinaus auf einen Vertrag zur Verteidigungszusammenarbeit zwischen den beiden Nationen .
2026-05-08 19:25:49,891 - INFO - joeynmt.training - 	Reference:  India is also reportedly hoping for a deal on defence collaboration between the two nations .
2026-05-08 19:25:49,891 - INFO - joeynmt.training - 	Hypothesis: the report also has the same , India is that the same is the contract on the contract between the two nations .
2026-05-08 19:26:05,878 - INFO - joeynmt.training - Epoch   7, Step:    25100, Batch Loss:     1.668976, Batch Acc: 0.525624, Tokens per Sec:     5687, Lr: 0.000300
2026-05-08 19:26:21,866 - INFO - joeynmt.training - Epoch   7, Step:    25200, Batch Loss:     1.684878, Batch Acc: 0.531815, Tokens per Sec:     5760, Lr: 0.000300
2026-05-08 19:26:38,213 - INFO - joeynmt.training - Epoch   7, Step:    25300, Batch Loss:     1.870047, Batch Acc: 0.523989, Tokens per Sec:     5672, Lr: 0.000300
2026-05-08 19:26:54,308 - INFO - joeynmt.training - Epoch   7, Step:    25400, Batch Loss:     1.560379, Batch Acc: 0.531362, Tokens per Sec:     5654, Lr: 0.000300
2026-05-08 19:27:10,389 - INFO - joeynmt.training - Epoch   7, Step:    25500, Batch Loss:     1.770749, Batch Acc: 0.525337, Tokens per Sec:     5734, Lr: 0.000300
2026-05-08 19:27:10,389 - INFO - joeynmt.prediction - Predicting 500 example(s)... (Greedy decoding with min_output_length=1, max_output_length=-1, return_prob='none', generate_unk=True, repetition_penalty=-1, no_repeat_ngram_size=-1)
2026-05-08 19:27:35,217 - INFO - joeynmt.prediction - Evaluation result (greedy) loss:   2.12, ppl:   8.34, acc:   0.45, generation: 24.8232[sec], evaluation: 0.0000[sec]
2026-05-08 19:27:35,218 - INFO - joeynmt.training - Hooray! New best validation result [ppl]!
2026-05-08 19:27:35,299 - INFO - joeynmt.helpers - delete models/deen_transformer_pre/23000.ckpt
2026-05-08 19:27:35,300 - INFO - joeynmt.training - Example #0
2026-05-08 19:27:35,300 - DEBUG - joeynmt.training - 	Tokenized source:     ['die', 'Pre@@', 'mi@@', 'er@@', 'minist@@', 'er', 'Indi@@', 'ens', 'und', 'J@@', 'ap@@', 'ans', 'tra@@', 'fen', 'sich', 'in', 'T@@', 'ok@@', 'i@@', 'o', '.']
2026-05-08 19:27:35,300 - DEBUG - joeynmt.training - 	Tokenized reference:  ['Indi@@', 'a', 'and', 'J@@', 'ap@@', 'an', 'pri@@', 'me', 'minist@@', 'ers', 'me@@', 'et', 'in', 'T@@', 'ok@@', 'y@@', 'o']
2026-05-08 19:27:35,300 - DEBUG - joeynmt.training - 	Tokenized hypothesis: ['the', 'Pre@@', 'mi@@', 'er', 'Minist@@', 'er', 'Indi@@', 'a', 'and', 'J@@', 'ap@@', 'an', 'Indi@@', 'a', 'and', 'J@@', 'ap@@', 'an', ',', 'in', 'T@@', 'ok@@', 'i@@', 'o', '.', '</s>']
2026-05-08 19:27:35,300 - INFO - joeynmt.training - 	Source:     die Premierminister Indiens und Japans trafen sich in Tokio .
2026-05-08 19:27:35,300 - INFO - joeynmt.training - 	Reference:  India and Japan prime ministers meet in Tokyo
2026-05-08 19:27:35,300 - INFO - joeynmt.training - 	Hypothesis: the Premier Minister India and Japan India and Japan , in Tokio .
2026-05-08 19:27:35,300 - INFO - joeynmt.training - Example #1
2026-05-08 19:27:35,301 - DEBUG - joeynmt.training - 	Tokenized source:     ['Indi@@', 'ens', 'neu@@', 'er', 'Pre@@', 'mi@@', 'er@@', 'minist@@', 'er', 'N@@', 'ar@@', 'end@@', 'ra', 'Mo@@', 'd@@', 'i', 'tri@@', 'fft', 'bei', 's@@', 'einem', 'ersten', 'wichti@@', 'gen', 'Aus@@', 'land@@', 's@@', 'bes@@', 'u@@', 'ch', 'seit', 's@@', 'einem', 'W@@', 'ah@@', 'l@@', 'si@@', 'e@@', 'g', 'im', 'Ma@@', 'i', 'seinen', 'j@@', 'ap@@', 'an@@', 'ischen', 'Am@@', 'ts@@', 'k@@', 'olle@@', 'gen', 'S@@', 'hin@@', 'z@@', 'o', 'A@@', 'be', 'in', 'T@@', 'ok@@', 'o', ',', 'um', 'wirtschaf@@', 'tliche', 'und', 'sicher@@', 'heits@@', 'politische', 'Be@@', 'zieh@@', 'ungen', 'zu', 'bes@@', 'pre@@', 'chen', '.']
2026-05-08 19:27:35,301 - DEBUG - joeynmt.training - 	Tokenized reference:  ['Indi@@', 'a', '&apos;s', 'new', 'pri@@', 'me', 'minist@@', 'er', ',', 'N@@', 'ar@@', 'end@@', 'ra', 'Mo@@', 'd@@', 'i', ',', 'is', 'me@@', 'eting', 'his', 'J@@', 'ap@@', 'an@@', 'ese', 'coun@@', 'ter@@', 'part', ',', 'S@@', 'hin@@', 'z@@', 'o', 'A@@', 'be', ',', 'in', 'T@@', 'ok@@', 'y@@', 'o', 'to', 'disc@@', 'uss', 'economic', 'and', 'security', 'ties', ',', 'on', 'his', 'first', 'major', 'fore@@', 'ign', 'visi@@', 't', 'since', 'w@@', 'inn@@', 'ing', 'Ma@@', 'y', '&apos;s', 'elec@@', 'tion', '.']
2026-05-08 19:27:35,301 - DEBUG - joeynmt.training - 	Tokenized hypothesis: ['Indi@@', 'a', '&apos;s', 'new', 'Pri@@', 'me', 'Minist@@', 'er', 'N@@', 'ar@@', 'end@@', 'ra', 'Mo@@', 'd@@', 'i', ',', 'in', 'his', 'first', 'important', 'ex@@', 'tern@@', 'al', 'land@@', 'sc@@', 'ap@@', 'e', 'since', 'his', 'J@@', 'ap@@', 'an@@', 'ese', ',', 'in', 'Ma@@', 'y', 'his', 'J@@', 'ap@@', 'an@@', 'ese', ',', 'in', 'Ma@@', 'y', ',', 'in', 'Ma@@', 'y', ',', 'in', 'T@@', 'ok@@', 'o', ',', 'to', 're@@', 'le@@', 'ase', 'economic', 'and', 'saf@@', 'ety', 'policy', 'rel@@', 'ations', '.', '</s>']
2026-05-08 19:27:35,301 - INFO - joeynmt.training - 	Source:     Indiens neuer Premierminister Narendra Modi trifft bei seinem ersten wichtigen Auslandsbesuch seit seinem Wahlsieg im Mai seinen japanischen Amtskollegen Shinzo Abe in Toko , um wirtschaftliche und sicherheitspolitische Beziehungen zu besprechen .
2026-05-08 19:27:35,301 - INFO - joeynmt.training - 	Reference:  India &apos;s new prime minister , Narendra Modi , is meeting his Japanese counterpart , Shinzo Abe , in Tokyo to discuss economic and security ties , on his first major foreign visit since winning May &apos;s election .
2026-05-08 19:27:35,301 - INFO - joeynmt.training - 	Hypothesis: India &apos;s new Prime Minister Narendra Modi , in his first important external landscape since his Japanese , in May his Japanese , in May , in May , in Toko , to release economic and safety policy relations .
2026-05-08 19:27:35,301 - INFO - joeynmt.training - Example #2
2026-05-08 19:27:35,301 - DEBUG - joeynmt.training - 	Tokenized source:     ['Herr', 'Mo@@', 'd@@', 'i', 'befindet', 'sich', 'auf', 'einer', 'fü@@', 'n@@', 'f@@', 'tä@@', 'gi@@', 'gen', 'Rei@@', 'se', 'nach', 'J@@', 'ap@@', 'an', ',', 'um', 'die', 'wirtschaf@@', 'tlichen', 'Be@@', 'zieh@@', 'ungen', 'mit', 'der', 'd@@', 'rit@@', 't@@', 'größ@@', 'ten', 'Wirtschafts@@', 'n@@', 'ation', 'der', 'Welt', 'zu', 'fes@@', 'tigen', '.']
2026-05-08 19:27:35,301 - DEBUG - joeynmt.training - 	Tokenized reference:  ['Mr', 'Mo@@', 'd@@', 'i', 'is', 'on', 'a', 'fi@@', 've', '@@@', '-@@', '@', 'day', 'tri@@', 'p', 'to', 'J@@', 'ap@@', 'an', 'to', 'streng@@', 'then', 'economic', 'ties', 'with', 'the', 'third', 'lar@@', 'ges@@', 't', 'econom@@', 'y', 'in', 'the', 'world', '.']
2026-05-08 19:27:35,301 - DEBUG - joeynmt.training - 	Tokenized hypothesis: ['Mr', 'Mo@@', 'd@@', 'i', 'is', 'based', 'on', 'a', 'fi@@', 'f@@', 'ty', 'of', 'J@@', 'ap@@', 'an', 'to', 'J@@', 'ap@@', 'an', 'to', 'the', 'economic', 'rel@@', 'ations', 'with', 'the', 'third', 'lar@@', 'ges@@', 't', 'economic', 'rel@@', 'ations', 'with', 'the', 'third', 'lar@@', 'ges@@', 't', 'economic', 'rel@@', 'ations', '.', '</s>']
2026-05-08 19:27:35,301 - INFO - joeynmt.training - 	Source:     Herr Modi befindet sich auf einer fünftägigen Reise nach Japan , um die wirtschaftlichen Beziehungen mit der drittgrößten Wirtschaftsnation der Welt zu festigen .
2026-05-08 19:27:35,301 - INFO - joeynmt.training - 	Reference:  Mr Modi is on a five @-@ day trip to Japan to strengthen economic ties with the third largest economy in the world .
2026-05-08 19:27:35,301 - INFO - joeynmt.training - 	Hypothesis: Mr Modi is based on a fifty of Japan to Japan to the economic relations with the third largest economic relations with the third largest economic relations .
2026-05-08 19:27:35,301 - INFO - joeynmt.training - Example #3
2026-05-08 19:27:35,301 - DEBUG - joeynmt.training - 	Tokenized source:     ['P@@', 'län@@', 'e', 'für', 'eine', 'stärk@@', 'ere', 'k@@', 'ern@@', 'techn@@', 'ische', 'Zusammenarbeit', 'stehen', 'ganz', 'ob@@', 'en', 'auf', 'der', 'Tag@@', 'es@@', 'ordnung', '.']
2026-05-08 19:27:35,301 - DEBUG - joeynmt.training - 	Tokenized reference:  ['high', 'on', 'the', 'agen@@', 'da', 'are', 'pl@@', 'ans', 'for', 'gre@@', 'ater', 'nu@@', 'clear', 'c@@', 'o', '@@@', '-@@', '@', 'operation', '.']
2026-05-08 19:27:35,301 - DEBUG - joeynmt.training - 	Tokenized hypothesis: ['the', 'pl@@', 'ans', 'for', 'gre@@', 'ater', 'nu@@', 'clear', 'cooperation', '.', '</s>']
2026-05-08 19:27:35,301 - INFO - joeynmt.training - 	Source:     Pläne für eine stärkere kerntechnische Zusammenarbeit stehen ganz oben auf der Tagesordnung .
2026-05-08 19:27:35,301 - INFO - joeynmt.training - 	Reference:  high on the agenda are plans for greater nuclear co @-@ operation .
2026-05-08 19:27:35,301 - INFO - joeynmt.training - 	Hypothesis: the plans for greater nuclear cooperation .
2026-05-08 19:27:35,301 - INFO - joeynmt.training - Example #4
2026-05-08 19:27:35,301 - DEBUG - joeynmt.training - 	Tokenized source:     ['Berich@@', 'ten', 'zu@@', 'fol@@', 'ge', 'ho@@', 'fft', 'Indi@@', 'en', 'darüber', 'hinaus', 'auf', 'einen', 'Ver@@', 'trag', 'zur', 'Ver@@', 'tei@@', 'dig@@', 'ungs@@', 'zusammen@@', 'arbeit', 'zwischen', 'den', 'beiden', 'N@@', 'ationen', '.']
2026-05-08 19:27:35,301 - DEBUG - joeynmt.training - 	Tokenized reference:  ['Indi@@', 'a', 'is', 'also', 're@@', 'porte@@', 'dly', 'hop@@', 'ing', 'for', 'a', 'de@@', 'al', 'on', 'def@@', 'ence', 'c@@', 'oll@@', 'ab@@', 'or@@', 'ation', 'between', 'the', 'two', 'n@@', 'ations', '.']
2026-05-08 19:27:35,301 - DEBUG - joeynmt.training - 	Tokenized hypothesis: ['the', 're@@', 'ports', 'on', 'the', 'basis', 'of', 'the', 'report', 'also', 'high@@', 'li@@', 'ghts', 'on', 'the', 'def@@', 'ence', 'of', 'the', 'two', 'n@@', 'ations', '.', '</s>']
2026-05-08 19:27:35,301 - INFO - joeynmt.training - 	Source:     Berichten zufolge hofft Indien darüber hinaus auf einen Vertrag zur Verteidigungszusammenarbeit zwischen den beiden Nationen .
2026-05-08 19:27:35,301 - INFO - joeynmt.training - 	Reference:  India is also reportedly hoping for a deal on defence collaboration between the two nations .
2026-05-08 19:27:35,301 - INFO - joeynmt.training - 	Hypothesis: the reports on the basis of the report also highlights on the defence of the two nations .
2026-05-08 19:27:51,483 - INFO - joeynmt.training - Epoch   7, Step:    25600, Batch Loss:     1.733948, Batch Acc: 0.521366, Tokens per Sec:     5755, Lr: 0.000300
2026-05-08 19:28:07,828 - INFO - joeynmt.training - Epoch   7, Step:    25700, Batch Loss:     1.686527, Batch Acc: 0.523407, Tokens per Sec:     5613, Lr: 0.000300
2026-05-08 19:28:24,009 - INFO - joeynmt.training - Epoch   7, Step:    25800, Batch Loss:     1.531082, Batch Acc: 0.529484, Tokens per Sec:     5625, Lr: 0.000300
2026-05-08 19:28:40,134 - INFO - joeynmt.training - Epoch   7, Step:    25900, Batch Loss:     1.890270, Batch Acc: 0.533750, Tokens per Sec:     5647, Lr: 0.000300
2026-05-08 19:28:56,154 - INFO - joeynmt.training - Epoch   7, Step:    26000, Batch Loss:     1.912775, Batch Acc: 0.524057, Tokens per Sec:     5749, Lr: 0.000300
2026-05-08 19:28:56,154 - INFO - joeynmt.prediction - Predicting 500 example(s)... (Greedy decoding with min_output_length=1, max_output_length=-1, return_prob='none', generate_unk=True, repetition_penalty=-1, no_repeat_ngram_size=-1)
2026-05-08 19:29:23,901 - INFO - joeynmt.prediction - Evaluation result (greedy) loss:   2.11, ppl:   8.26, acc:   0.45, generation: 27.7425[sec], evaluation: 0.0000[sec]
2026-05-08 19:29:23,903 - INFO - joeynmt.training - Hooray! New best validation result [ppl]!
2026-05-08 19:29:23,983 - INFO - joeynmt.helpers - delete models/deen_transformer_pre/23500.ckpt
2026-05-08 19:29:23,984 - INFO - joeynmt.training - Example #0
2026-05-08 19:29:23,984 - DEBUG - joeynmt.training - 	Tokenized source:     ['die', 'Pre@@', 'mi@@', 'er@@', 'minist@@', 'er', 'Indi@@', 'ens', 'und', 'J@@', 'ap@@', 'ans', 'tra@@', 'fen', 'sich', 'in', 'T@@', 'ok@@', 'i@@', 'o', '.']
2026-05-08 19:29:23,984 - DEBUG - joeynmt.training - 	Tokenized reference:  ['Indi@@', 'a', 'and', 'J@@', 'ap@@', 'an', 'pri@@', 'me', 'minist@@', 'ers', 'me@@', 'et', 'in', 'T@@', 'ok@@', 'y@@', 'o']
2026-05-08 19:29:23,984 - DEBUG - joeynmt.training - 	Tokenized hypothesis: ['the', 'Pri@@', 'me', 'Minist@@', 'er', 'Indi@@', 'a', 'and', 'J@@', 'ap@@', 'an', 'Indi@@', 'a', 'and', 'J@@', 'ap@@', 'an', '&apos;s', 're@@', 'st', '.', '</s>']
2026-05-08 19:29:23,984 - INFO - joeynmt.training - 	Source:     die Premierminister Indiens und Japans trafen sich in Tokio .
2026-05-08 19:29:23,984 - INFO - joeynmt.training - 	Reference:  India and Japan prime ministers meet in Tokyo
2026-05-08 19:29:23,984 - INFO - joeynmt.training - 	Hypothesis: the Prime Minister India and Japan India and Japan &apos;s rest .
2026-05-08 19:29:23,984 - INFO - joeynmt.training - Example #1
2026-05-08 19:29:23,984 - DEBUG - joeynmt.training - 	Tokenized source:     ['Indi@@', 'ens', 'neu@@', 'er', 'Pre@@', 'mi@@', 'er@@', 'minist@@', 'er', 'N@@', 'ar@@', 'end@@', 'ra', 'Mo@@', 'd@@', 'i', 'tri@@', 'fft', 'bei', 's@@', 'einem', 'ersten', 'wichti@@', 'gen', 'Aus@@', 'land@@', 's@@', 'bes@@', 'u@@', 'ch', 'seit', 's@@', 'einem', 'W@@', 'ah@@', 'l@@', 'si@@', 'e@@', 'g', 'im', 'Ma@@', 'i', 'seinen', 'j@@', 'ap@@', 'an@@', 'ischen', 'Am@@', 'ts@@', 'k@@', 'olle@@', 'gen', 'S@@', 'hin@@', 'z@@', 'o', 'A@@', 'be', 'in', 'T@@', 'ok@@', 'o', ',', 'um', 'wirtschaf@@', 'tliche', 'und', 'sicher@@', 'heits@@', 'politische', 'Be@@', 'zieh@@', 'ungen', 'zu', 'bes@@', 'pre@@', 'chen', '.']
2026-05-08 19:29:23,984 - DEBUG - joeynmt.training - 	Tokenized reference:  ['Indi@@', 'a', '&apos;s', 'new', 'pri@@', 'me', 'minist@@', 'er', ',', 'N@@', 'ar@@', 'end@@', 'ra', 'Mo@@', 'd@@', 'i', ',', 'is', 'me@@', 'eting', 'his', 'J@@', 'ap@@', 'an@@', 'ese', 'coun@@', 'ter@@', 'part', ',', 'S@@', 'hin@@', 'z@@', 'o', 'A@@', 'be', ',', 'in', 'T@@', 'ok@@', 'y@@', 'o', 'to', 'disc@@', 'uss', 'economic', 'and', 'security', 'ties', ',', 'on', 'his', 'first', 'major', 'fore@@', 'ign', 'visi@@', 't', 'since', 'w@@', 'inn@@', 'ing', 'Ma@@', 'y', '&apos;s', 'elec@@', 'tion', '.']
2026-05-08 19:29:23,984 - DEBUG - joeynmt.training - 	Tokenized hypothesis: ['Indi@@', 'a', '&apos;s', 'new', 'Pri@@', 'me', 'Minist@@', 'er', 'N@@', 'ar@@', 'end@@', 'ra', 'Mo@@', 'd@@', 'i', '&apos;s', 'first', 'important', 'fore@@', 'ign', 'visi@@', 'tors', ',', 'since', 'his', 'first', 'of', 'the', 'A@@', 'be', 'in', 'Ma@@', 'y', 'his', 'elec@@', 'tion', 'S@@', 'hin@@', 'z@@', 'o', 'A@@', 'be', 'in', 'T@@', 'ok@@', 'o', ',', 'in', 'M@@', 'at@@', 'ter@@', 'rit@@', 'ory', 'of', 'S@@', 'hin@@', 'z@@', 'o', 'A@@', 'be', 'in', 'T@@', 'ok@@', 'o', ',', 'to', 'visi@@', 't', 'the', 'S@@', 'hin@@', 'z@@', 'o', 'A@@', 'be', 'in', 'T@@', 'ok@@', 'o', ',', 'in', 'T@@', 'ok@@', 'o', ',', 'in', 'T@@', 'ok@@', 'o', ',', 'in', 'M@@', 'at@@', 'ure', '.', '</s>']
2026-05-08 19:29:23,984 - INFO - joeynmt.training - 	Source:     Indiens neuer Premierminister Narendra Modi trifft bei seinem ersten wichtigen Auslandsbesuch seit seinem Wahlsieg im Mai seinen japanischen Amtskollegen Shinzo Abe in Toko , um wirtschaftliche und sicherheitspolitische Beziehungen zu besprechen .
2026-05-08 19:29:23,984 - INFO - joeynmt.training - 	Reference:  India &apos;s new prime minister , Narendra Modi , is meeting his Japanese counterpart , Shinzo Abe , in Tokyo to discuss economic and security ties , on his first major foreign visit since winning May &apos;s election .
2026-05-08 19:29:23,984 - INFO - joeynmt.training - 	Hypothesis: India &apos;s new Prime Minister Narendra Modi &apos;s first important foreign visitors , since his first of the Abe in May his election Shinzo Abe in Toko , in Matterritory of Shinzo Abe in Toko , to visit the Shinzo Abe in Toko , in Toko , in Toko , in Mature .
2026-05-08 19:29:23,984 - INFO - joeynmt.training - Example #2
2026-05-08 19:29:23,984 - DEBUG - joeynmt.training - 	Tokenized source:     ['Herr', 'Mo@@', 'd@@', 'i', 'befindet', 'sich', 'auf', 'einer', 'fü@@', 'n@@', 'f@@', 'tä@@', 'gi@@', 'gen', 'Rei@@', 'se', 'nach', 'J@@', 'ap@@', 'an', ',', 'um', 'die', 'wirtschaf@@', 'tlichen', 'Be@@', 'zieh@@', 'ungen', 'mit', 'der', 'd@@', 'rit@@', 't@@', 'größ@@', 'ten', 'Wirtschafts@@', 'n@@', 'ation', 'der', 'Welt', 'zu', 'fes@@', 'tigen', '.']
2026-05-08 19:29:23,984 - DEBUG - joeynmt.training - 	Tokenized reference:  ['Mr', 'Mo@@', 'd@@', 'i', 'is', 'on', 'a', 'fi@@', 've', '@@@', '-@@', '@', 'day', 'tri@@', 'p', 'to', 'J@@', 'ap@@', 'an', 'to', 'streng@@', 'then', 'economic', 'ties', 'with', 'the', 'third', 'lar@@', 'ges@@', 't', 'econom@@', 'y', 'in', 'the', 'world', '.']
2026-05-08 19:29:23,984 - DEBUG - joeynmt.training - 	Tokenized hypothesis: ['Mr', 'Mo@@', 'd@@', 'i', 'is', 'based', 'on', 'a', 'fi@@', 'f@@', 'ty', 'tra@@', 'v@@', 'el', 'for', 'J@@', 'ap@@', 'an', 'to', 'the', 'economic', 'rel@@', 'ations', 'with', 'the', 'third', 'lar@@', 'ges@@', 't', 'economic', 'n@@', 'ation', 'of', 'the', 'world', '.', '</s>']
2026-05-08 19:29:23,985 - INFO - joeynmt.training - 	Source:     Herr Modi befindet sich auf einer fünftägigen Reise nach Japan , um die wirtschaftlichen Beziehungen mit der drittgrößten Wirtschaftsnation der Welt zu festigen .
2026-05-08 19:29:23,985 - INFO - joeynmt.training - 	Reference:  Mr Modi is on a five @-@ day trip to Japan to strengthen economic ties with the third largest economy in the world .
2026-05-08 19:29:23,985 - INFO - joeynmt.training - 	Hypothesis: Mr Modi is based on a fifty travel for Japan to the economic relations with the third largest economic nation of the world .
2026-05-08 19:29:23,985 - INFO - joeynmt.training - Example #3
2026-05-08 19:29:23,985 - DEBUG - joeynmt.training - 	Tokenized source:     ['P@@', 'län@@', 'e', 'für', 'eine', 'stärk@@', 'ere', 'k@@', 'ern@@', 'techn@@', 'ische', 'Zusammenarbeit', 'stehen', 'ganz', 'ob@@', 'en', 'auf', 'der', 'Tag@@', 'es@@', 'ordnung', '.']
2026-05-08 19:29:23,985 - DEBUG - joeynmt.training - 	Tokenized reference:  ['high', 'on', 'the', 'agen@@', 'da', 'are', 'pl@@', 'ans', 'for', 'gre@@', 'ater', 'nu@@', 'clear', 'c@@', 'o', '@@@', '-@@', '@', 'operation', '.']
2026-05-08 19:29:23,985 - DEBUG - joeynmt.training - 	Tokenized hypothesis: ['p@@', 'ass@@', 'ing', 'for', 'more', 'more', 'seri@@', 'ous', 'techn@@', 'ical', 'cooperation', 'are', 'on', 'the', 'agen@@', 'da', '.', '</s>']
2026-05-08 19:29:23,985 - INFO - joeynmt.training - 	Source:     Pläne für eine stärkere kerntechnische Zusammenarbeit stehen ganz oben auf der Tagesordnung .
2026-05-08 19:29:23,985 - INFO - joeynmt.training - 	Reference:  high on the agenda are plans for greater nuclear co @-@ operation .
2026-05-08 19:29:23,985 - INFO - joeynmt.training - 	Hypothesis: passing for more more serious technical cooperation are on the agenda .
2026-05-08 19:29:23,985 - INFO - joeynmt.training - Example #4
2026-05-08 19:29:23,985 - DEBUG - joeynmt.training - 	Tokenized source:     ['Berich@@', 'ten', 'zu@@', 'fol@@', 'ge', 'ho@@', 'fft', 'Indi@@', 'en', 'darüber', 'hinaus', 'auf', 'einen', 'Ver@@', 'trag', 'zur', 'Ver@@', 'tei@@', 'dig@@', 'ungs@@', 'zusammen@@', 'arbeit', 'zwischen', 'den', 'beiden', 'N@@', 'ationen', '.']
2026-05-08 19:29:23,985 - DEBUG - joeynmt.training - 	Tokenized reference:  ['Indi@@', 'a', 'is', 'also', 're@@', 'porte@@', 'dly', 'hop@@', 'ing', 'for', 'a', 'de@@', 'al', 'on', 'def@@', 'ence', 'c@@', 'oll@@', 'ab@@', 'or@@', 'ation', 'between', 'the', 'two', 'n@@', 'ations', '.']
2026-05-08 19:29:23,985 - DEBUG - joeynmt.training - 	Tokenized hypothesis: ['re@@', 'ports', 'on', 'the', 'same', 'point', 'of', 'view', ',', 'Indi@@', 'a', 'is', 'also', 'high@@', 'ly', 'indi@@', 'c@@', 'ated', 'on', 'the', 'con@@', 'tra@@', 'ct', 'on', 'def@@', 'ence', 'cooperation', 'between', 'the', 'two', 'n@@', 'ations', '.', '</s>']
2026-05-08 19:29:23,985 - INFO - joeynmt.training - 	Source:     Berichten zufolge hofft Indien darüber hinaus auf einen Vertrag zur Verteidigungszusammenarbeit zwischen den beiden Nationen .
2026-05-08 19:29:23,985 - INFO - joeynmt.training - 	Reference:  India is also reportedly hoping for a deal on defence collaboration between the two nations .
2026-05-08 19:29:23,985 - INFO - joeynmt.training - 	Hypothesis: reports on the same point of view , India is also highly indicated on the contract on defence cooperation between the two nations .
2026-05-08 19:29:40,080 - INFO - joeynmt.training - Epoch   7, Step:    26100, Batch Loss:     1.798977, Batch Acc: 0.522415, Tokens per Sec:     5729, Lr: 0.000300
2026-05-08 19:29:56,156 - INFO - joeynmt.training - Epoch   7, Step:    26200, Batch Loss:     1.638026, Batch Acc: 0.520929, Tokens per Sec:     5653, Lr: 0.000300
2026-05-08 19:30:12,798 - INFO - joeynmt.training - Epoch   7, Step:    26300, Batch Loss:     1.678009, Batch Acc: 0.530437, Tokens per Sec:     5511, Lr: 0.000300
2026-05-08 19:30:29,089 - INFO - joeynmt.training - Epoch   7, Step:    26400, Batch Loss:     1.884610, Batch Acc: 0.527199, Tokens per Sec:     5677, Lr: 0.000300
2026-05-08 19:30:45,511 - INFO - joeynmt.training - Epoch   7, Step:    26500, Batch Loss:     1.954337, Batch Acc: 0.526570, Tokens per Sec:     5565, Lr: 0.000300
2026-05-08 19:30:45,511 - INFO - joeynmt.prediction - Predicting 500 example(s)... (Greedy decoding with min_output_length=1, max_output_length=-1, return_prob='none', generate_unk=True, repetition_penalty=-1, no_repeat_ngram_size=-1)
2026-05-08 19:31:21,610 - INFO - joeynmt.prediction - Evaluation result (greedy) loss:   2.12, ppl:   8.33, acc:   0.45, generation: 36.0953[sec], evaluation: 0.0000[sec]
2026-05-08 19:31:21,691 - INFO - joeynmt.helpers - delete models/deen_transformer_pre/25000.ckpt
2026-05-08 19:31:21,691 - INFO - joeynmt.training - Example #0
2026-05-08 19:31:21,692 - DEBUG - joeynmt.training - 	Tokenized source:     ['die', 'Pre@@', 'mi@@', 'er@@', 'minist@@', 'er', 'Indi@@', 'ens', 'und', 'J@@', 'ap@@', 'ans', 'tra@@', 'fen', 'sich', 'in', 'T@@', 'ok@@', 'i@@', 'o', '.']
2026-05-08 19:31:21,692 - DEBUG - joeynmt.training - 	Tokenized reference:  ['Indi@@', 'a', 'and', 'J@@', 'ap@@', 'an', 'pri@@', 'me', 'minist@@', 'ers', 'me@@', 'et', 'in', 'T@@', 'ok@@', 'y@@', 'o']
2026-05-08 19:31:21,692 - DEBUG - joeynmt.training - 	Tokenized hypothesis: ['the', 'pri@@', 'me', 'minist@@', 'er', 'Indi@@', 'a', 'and', 'J@@', 'ap@@', 'an', 'Indi@@', 'a', 'and', 'J@@', 'ap@@', 'an', '&apos;s', 'M@@', 'er@@', 'a@@', 'di@@', 'c@@', 'ation', '.', '</s>']
2026-05-08 19:31:21,692 - INFO - joeynmt.training - 	Source:     die Premierminister Indiens und Japans trafen sich in Tokio .
2026-05-08 19:31:21,692 - INFO - joeynmt.training - 	Reference:  India and Japan prime ministers meet in Tokyo
2026-05-08 19:31:21,692 - INFO - joeynmt.training - 	Hypothesis: the prime minister India and Japan India and Japan &apos;s Meradication .
2026-05-08 19:31:21,692 - INFO - joeynmt.training - Example #1
2026-05-08 19:31:21,692 - DEBUG - joeynmt.training - 	Tokenized source:     ['Indi@@', 'ens', 'neu@@', 'er', 'Pre@@', 'mi@@', 'er@@', 'minist@@', 'er', 'N@@', 'ar@@', 'end@@', 'ra', 'Mo@@', 'd@@', 'i', 'tri@@', 'fft', 'bei', 's@@', 'einem', 'ersten', 'wichti@@', 'gen', 'Aus@@', 'land@@', 's@@', 'bes@@', 'u@@', 'ch', 'seit', 's@@', 'einem', 'W@@', 'ah@@', 'l@@', 'si@@', 'e@@', 'g', 'im', 'Ma@@', 'i', 'seinen', 'j@@', 'ap@@', 'an@@', 'ischen', 'Am@@', 'ts@@', 'k@@', 'olle@@', 'gen', 'S@@', 'hin@@', 'z@@', 'o', 'A@@', 'be', 'in', 'T@@', 'ok@@', 'o', ',', 'um', 'wirtschaf@@', 'tliche', 'und', 'sicher@@', 'heits@@', 'politische', 'Be@@', 'zieh@@', 'ungen', 'zu', 'bes@@', 'pre@@', 'chen', '.']
2026-05-08 19:31:21,692 - DEBUG - joeynmt.training - 	Tokenized reference:  ['Indi@@', 'a', '&apos;s', 'new', 'pri@@', 'me', 'minist@@', 'er', ',', 'N@@', 'ar@@', 'end@@', 'ra', 'Mo@@', 'd@@', 'i', ',', 'is', 'me@@', 'eting', 'his', 'J@@', 'ap@@', 'an@@', 'ese', 'coun@@', 'ter@@', 'part', ',', 'S@@', 'hin@@', 'z@@', 'o', 'A@@', 'be', ',', 'in', 'T@@', 'ok@@', 'y@@', 'o', 'to', 'disc@@', 'uss', 'economic', 'and', 'security', 'ties', ',', 'on', 'his', 'first', 'major', 'fore@@', 'ign', 'visi@@', 't', 'since', 'w@@', 'inn@@', 'ing', 'Ma@@', 'y', '&apos;s', 'elec@@', 'tion', '.']
2026-05-08 19:31:21,692 - DEBUG - joeynmt.training - 	Tokenized hypothesis: ['Indi@@', 'a', '&apos;s', 'new', 'Pri@@', 'me', 'Minist@@', 'er', 'N@@', 'ar@@', 'end@@', 'ra', 'Mo@@', 'd@@', 'i', ',', 'in', 'his', 'first', 'important', 'fore@@', 'ign', 'visi@@', 't', 'his', 'elec@@', 't@@', 'or@@', 'al', 'si@@', 'e@@', 'g', ',', 'in', 'the', 'Ma@@', 'y', 'his', 'J@@', 'ap@@', 'an', 'S@@', 'hin@@', 'z@@', 'o', 'A@@', 'be', 'in', 'T@@', 'ok@@', 'o', ',', 'to', 're@@', 'ach', 'economic', 'and', 'security', 'political', 'rel@@', 'ations', 'with', 'the', 'S@@', 'hin@@', 'z@@', 'o', ',', 'and', 'S@@', 'ec@@', 'urity', 'Poli@@', 'cy', '.', '</s>']
2026-05-08 19:31:21,692 - INFO - joeynmt.training - 	Source:     Indiens neuer Premierminister Narendra Modi trifft bei seinem ersten wichtigen Auslandsbesuch seit seinem Wahlsieg im Mai seinen japanischen Amtskollegen Shinzo Abe in Toko , um wirtschaftliche und sicherheitspolitische Beziehungen zu besprechen .
2026-05-08 19:31:21,692 - INFO - joeynmt.training - 	Reference:  India &apos;s new prime minister , Narendra Modi , is meeting his Japanese counterpart , Shinzo Abe , in Tokyo to discuss economic and security ties , on his first major foreign visit since winning May &apos;s election .
2026-05-08 19:31:21,692 - INFO - joeynmt.training - 	Hypothesis: India &apos;s new Prime Minister Narendra Modi , in his first important foreign visit his electoral sieg , in the May his Japan Shinzo Abe in Toko , to reach economic and security political relations with the Shinzo , and Security Policy .
2026-05-08 19:31:21,692 - INFO - joeynmt.training - Example #2
2026-05-08 19:31:21,692 - DEBUG - joeynmt.training - 	Tokenized source:     ['Herr', 'Mo@@', 'd@@', 'i', 'befindet', 'sich', 'auf', 'einer', 'fü@@', 'n@@', 'f@@', 'tä@@', 'gi@@', 'gen', 'Rei@@', 'se', 'nach', 'J@@', 'ap@@', 'an', ',', 'um', 'die', 'wirtschaf@@', 'tlichen', 'Be@@', 'zieh@@', 'ungen', 'mit', 'der', 'd@@', 'rit@@', 't@@', 'größ@@', 'ten', 'Wirtschafts@@', 'n@@', 'ation', 'der', 'Welt', 'zu', 'fes@@', 'tigen', '.']
2026-05-08 19:31:21,692 - DEBUG - joeynmt.training - 	Tokenized reference:  ['Mr', 'Mo@@', 'd@@', 'i', 'is', 'on', 'a', 'fi@@', 've', '@@@', '-@@', '@', 'day', 'tri@@', 'p', 'to', 'J@@', 'ap@@', 'an', 'to', 'streng@@', 'then', 'economic', 'ties', 'with', 'the', 'third', 'lar@@', 'ges@@', 't', 'econom@@', 'y', 'in', 'the', 'world', '.']
2026-05-08 19:31:21,692 - DEBUG - joeynmt.training - 	Tokenized hypothesis: ['Mr', 'Mo@@', 'd@@', 'i', 'is', 'based', 'on', 'a', 'fi@@', 'f@@', 'ty', 'of', 'J@@', 'ap@@', 'an', ',', 'to', 'be', 'f@@', 'ap@@', 'poin@@', 'ted', 'by', 'J@@', 'ap@@', 'an', ',', 'to', 'the', 'economic', 'rel@@', 'ations', 'with', 'the', 'third', 'lar@@', 'ges@@', 't', 'economic', 'n@@', 'ation', 'of', 'the', 'world', '.', '</s>']
2026-05-08 19:31:21,692 - INFO - joeynmt.training - 	Source:     Herr Modi befindet sich auf einer fünftägigen Reise nach Japan , um die wirtschaftlichen Beziehungen mit der drittgrößten Wirtschaftsnation der Welt zu festigen .
2026-05-08 19:31:21,692 - INFO - joeynmt.training - 	Reference:  Mr Modi is on a five @-@ day trip to Japan to strengthen economic ties with the third largest economy in the world .
2026-05-08 19:31:21,692 - INFO - joeynmt.training - 	Hypothesis: Mr Modi is based on a fifty of Japan , to be fappointed by Japan , to the economic relations with the third largest economic nation of the world .
2026-05-08 19:31:21,692 - INFO - joeynmt.training - Example #3
2026-05-08 19:31:21,692 - DEBUG - joeynmt.training - 	Tokenized source:     ['P@@', 'län@@', 'e', 'für', 'eine', 'stärk@@', 'ere', 'k@@', 'ern@@', 'techn@@', 'ische', 'Zusammenarbeit', 'stehen', 'ganz', 'ob@@', 'en', 'auf', 'der', 'Tag@@', 'es@@', 'ordnung', '.']
2026-05-08 19:31:21,692 - DEBUG - joeynmt.training - 	Tokenized reference:  ['high', 'on', 'the', 'agen@@', 'da', 'are', 'pl@@', 'ans', 'for', 'gre@@', 'ater', 'nu@@', 'clear', 'c@@', 'o', '@@@', '-@@', '@', 'operation', '.']
2026-05-08 19:31:21,692 - DEBUG - joeynmt.training - 	Tokenized hypothesis: ['pl@@', 'ans', 'for', 'more', 'effective', 'cooperation', '.', '</s>']
2026-05-08 19:31:21,692 - INFO - joeynmt.training - 	Source:     Pläne für eine stärkere kerntechnische Zusammenarbeit stehen ganz oben auf der Tagesordnung .
2026-05-08 19:31:21,692 - INFO - joeynmt.training - 	Reference:  high on the agenda are plans for greater nuclear co @-@ operation .
2026-05-08 19:31:21,692 - INFO - joeynmt.training - 	Hypothesis: plans for more effective cooperation .
2026-05-08 19:31:21,692 - INFO - joeynmt.training - Example #4
2026-05-08 19:31:21,693 - DEBUG - joeynmt.training - 	Tokenized source:     ['Berich@@', 'ten', 'zu@@', 'fol@@', 'ge', 'ho@@', 'fft', 'Indi@@', 'en', 'darüber', 'hinaus', 'auf', 'einen', 'Ver@@', 'trag', 'zur', 'Ver@@', 'tei@@', 'dig@@', 'ungs@@', 'zusammen@@', 'arbeit', 'zwischen', 'den', 'beiden', 'N@@', 'ationen', '.']
2026-05-08 19:31:21,693 - DEBUG - joeynmt.training - 	Tokenized reference:  ['Indi@@', 'a', 'is', 'also', 're@@', 'porte@@', 'dly', 'hop@@', 'ing', 'for', 'a', 'de@@', 'al', 'on', 'def@@', 'ence', 'c@@', 'oll@@', 'ab@@', 'or@@', 'ation', 'between', 'the', 'two', 'n@@', 'ations', '.']
2026-05-08 19:31:21,693 - DEBUG - joeynmt.training - 	Tokenized hypothesis: ['the', 're@@', 'ports', 'will', 'be', 'in', 'ad@@', 'dition', 'to', 'a', 'tre@@', 'aty', 'on', 'a', 'con@@', 'text', 'on', 'the', 'basis', 'of', 'the', 'two', 'n@@', 'ations', '.', '</s>']
2026-05-08 19:31:21,693 - INFO - joeynmt.training - 	Source:     Berichten zufolge hofft Indien darüber hinaus auf einen Vertrag zur Verteidigungszusammenarbeit zwischen den beiden Nationen .
2026-05-08 19:31:21,693 - INFO - joeynmt.training - 	Reference:  India is also reportedly hoping for a deal on defence collaboration between the two nations .
2026-05-08 19:31:21,693 - INFO - joeynmt.training - 	Hypothesis: the reports will be in addition to a treaty on a context on the basis of the two nations .
2026-05-08 19:31:38,217 - INFO - joeynmt.training - Epoch   7, Step:    26600, Batch Loss:     1.868928, Batch Acc: 0.521973, Tokens per Sec:     5587, Lr: 0.000300
2026-05-08 19:31:54,881 - INFO - joeynmt.training - Epoch   7, Step:    26700, Batch Loss:     1.781230, Batch Acc: 0.528648, Tokens per Sec:     5483, Lr: 0.000300
2026-05-08 19:32:11,577 - INFO - joeynmt.training - Epoch   7, Step:    26800, Batch Loss:     1.812198, Batch Acc: 0.522224, Tokens per Sec:     5555, Lr: 0.000300
2026-05-08 19:32:28,341 - INFO - joeynmt.training - Epoch   7, Step:    26900, Batch Loss:     1.762254, Batch Acc: 0.520767, Tokens per Sec:     5533, Lr: 0.000300
2026-05-08 19:32:44,888 - INFO - joeynmt.training - Epoch   7, Step:    27000, Batch Loss:     1.574628, Batch Acc: 0.526844, Tokens per Sec:     5500, Lr: 0.000300
2026-05-08 19:32:44,889 - INFO - joeynmt.prediction - Predicting 500 example(s)... (Greedy decoding with min_output_length=1, max_output_length=-1, return_prob='none', generate_unk=True, repetition_penalty=-1, no_repeat_ngram_size=-1)
2026-05-08 19:33:07,134 - INFO - joeynmt.prediction - Evaluation result (greedy) loss:   2.12, ppl:   8.31, acc:   0.45, generation: 22.2407[sec], evaluation: 0.0000[sec]
2026-05-08 19:33:07,214 - INFO - joeynmt.helpers - delete models/deen_transformer_pre/24000.ckpt
2026-05-08 19:33:07,216 - INFO - joeynmt.training - Example #0
2026-05-08 19:33:07,216 - DEBUG - joeynmt.training - 	Tokenized source:     ['die', 'Pre@@', 'mi@@', 'er@@', 'minist@@', 'er', 'Indi@@', 'ens', 'und', 'J@@', 'ap@@', 'ans', 'tra@@', 'fen', 'sich', 'in', 'T@@', 'ok@@', 'i@@', 'o', '.']
2026-05-08 19:33:07,216 - DEBUG - joeynmt.training - 	Tokenized reference:  ['Indi@@', 'a', 'and', 'J@@', 'ap@@', 'an', 'pri@@', 'me', 'minist@@', 'ers', 'me@@', 'et', 'in', 'T@@', 'ok@@', 'y@@', 'o']
2026-05-08 19:33:07,216 - DEBUG - joeynmt.training - 	Tokenized hypothesis: ['the', 'Pre@@', 'mi@@', 'er', 'Indi@@', 'a', 'and', 'J@@', 'ap@@', 'an', 'Indi@@', 'a', 'and', 'J@@', 'ap@@', 'an', 'Indi@@', 'a', 'and', 'J@@', 'ap@@', 'an', 'Indi@@', 'a', '.', '</s>']
2026-05-08 19:33:07,216 - INFO - joeynmt.training - 	Source:     die Premierminister Indiens und Japans trafen sich in Tokio .
2026-05-08 19:33:07,216 - INFO - joeynmt.training - 	Reference:  India and Japan prime ministers meet in Tokyo
2026-05-08 19:33:07,216 - INFO - joeynmt.training - 	Hypothesis: the Premier India and Japan India and Japan India and Japan India .
2026-05-08 19:33:07,216 - INFO - joeynmt.training - Example #1
2026-05-08 19:33:07,216 - DEBUG - joeynmt.training - 	Tokenized source:     ['Indi@@', 'ens', 'neu@@', 'er', 'Pre@@', 'mi@@', 'er@@', 'minist@@', 'er', 'N@@', 'ar@@', 'end@@', 'ra', 'Mo@@', 'd@@', 'i', 'tri@@', 'fft', 'bei', 's@@', 'einem', 'ersten', 'wichti@@', 'gen', 'Aus@@', 'land@@', 's@@', 'bes@@', 'u@@', 'ch', 'seit', 's@@', 'einem', 'W@@', 'ah@@', 'l@@', 'si@@', 'e@@', 'g', 'im', 'Ma@@', 'i', 'seinen', 'j@@', 'ap@@', 'an@@', 'ischen', 'Am@@', 'ts@@', 'k@@', 'olle@@', 'gen', 'S@@', 'hin@@', 'z@@', 'o', 'A@@', 'be', 'in', 'T@@', 'ok@@', 'o', ',', 'um', 'wirtschaf@@', 'tliche', 'und', 'sicher@@', 'heits@@', 'politische', 'Be@@', 'zieh@@', 'ungen', 'zu', 'bes@@', 'pre@@', 'chen', '.']
2026-05-08 19:33:07,216 - DEBUG - joeynmt.training - 	Tokenized reference:  ['Indi@@', 'a', '&apos;s', 'new', 'pri@@', 'me', 'minist@@', 'er', ',', 'N@@', 'ar@@', 'end@@', 'ra', 'Mo@@', 'd@@', 'i', ',', 'is', 'me@@', 'eting', 'his', 'J@@', 'ap@@', 'an@@', 'ese', 'coun@@', 'ter@@', 'part', ',', 'S@@', 'hin@@', 'z@@', 'o', 'A@@', 'be', ',', 'in', 'T@@', 'ok@@', 'y@@', 'o', 'to', 'disc@@', 'uss', 'economic', 'and', 'security', 'ties', ',', 'on', 'his', 'first', 'major', 'fore@@', 'ign', 'visi@@', 't', 'since', 'w@@', 'inn@@', 'ing', 'Ma@@', 'y', '&apos;s', 'elec@@', 'tion', '.']
2026-05-08 19:33:07,216 - DEBUG - joeynmt.training - 	Tokenized hypothesis: ['Indi@@', 'a', '&apos;s', 'new', 'pri@@', 'me', 'minist@@', 'er', 'N@@', 'ar@@', 'end@@', 'ra', 'Mo@@', 'd@@', 'i', ',', 'in', 'his', 'first', 'important', 'fore@@', 'ign', 'and', 'the', 'first', 'of', 'all', 'of', 'the', 'European', 'elec@@', 'tion', ',', 'in', 'Ma@@', 'y', 'his', 'elec@@', 'tion', ',', 'in', 'Ma@@', 'y', 'his', 'elec@@', 'tion', ',', 'with', 'a', 'new', 'econom@@', 'y', 'and', 'saf@@', 'ety', 'policy', '.', '</s>']
2026-05-08 19:33:07,217 - INFO - joeynmt.training - 	Source:     Indiens neuer Premierminister Narendra Modi trifft bei seinem ersten wichtigen Auslandsbesuch seit seinem Wahlsieg im Mai seinen japanischen Amtskollegen Shinzo Abe in Toko , um wirtschaftliche und sicherheitspolitische Beziehungen zu besprechen .
2026-05-08 19:33:07,217 - INFO - joeynmt.training - 	Reference:  India &apos;s new prime minister , Narendra Modi , is meeting his Japanese counterpart , Shinzo Abe , in Tokyo to discuss economic and security ties , on his first major foreign visit since winning May &apos;s election .
2026-05-08 19:33:07,217 - INFO - joeynmt.training - 	Hypothesis: India &apos;s new prime minister Narendra Modi , in his first important foreign and the first of all of the European election , in May his election , in May his election , with a new economy and safety policy .
2026-05-08 19:33:07,217 - INFO - joeynmt.training - Example #2
2026-05-08 19:33:07,217 - DEBUG - joeynmt.training - 	Tokenized source:     ['Herr', 'Mo@@', 'd@@', 'i', 'befindet', 'sich', 'auf', 'einer', 'fü@@', 'n@@', 'f@@', 'tä@@', 'gi@@', 'gen', 'Rei@@', 'se', 'nach', 'J@@', 'ap@@', 'an', ',', 'um', 'die', 'wirtschaf@@', 'tlichen', 'Be@@', 'zieh@@', 'ungen', 'mit', 'der', 'd@@', 'rit@@', 't@@', 'größ@@', 'ten', 'Wirtschafts@@', 'n@@', 'ation', 'der', 'Welt', 'zu', 'fes@@', 'tigen', '.']
2026-05-08 19:33:07,217 - DEBUG - joeynmt.training - 	Tokenized reference:  ['Mr', 'Mo@@', 'd@@', 'i', 'is', 'on', 'a', 'fi@@', 've', '@@@', '-@@', '@', 'day', 'tri@@', 'p', 'to', 'J@@', 'ap@@', 'an', 'to', 'streng@@', 'then', 'economic', 'ties', 'with', 'the', 'third', 'lar@@', 'ges@@', 't', 'econom@@', 'y', 'in', 'the', 'world', '.']
2026-05-08 19:33:07,217 - DEBUG - joeynmt.training - 	Tokenized hypothesis: ['Mr', 'Mo@@', 'd@@', 'i', 'is', 'located', 'on', 'a', 'fi@@', 'f@@', 'ty', 'of', 'J@@', 'ap@@', 'an', ',', 'to', 'be', 'f@@', 'ar@@', '-@@', 'based', 'on', 'the', 'world', '&apos;s', 'economic', 'rel@@', 'ations', 'with', 'the', 'third', 'world', '.', '</s>']
2026-05-08 19:33:07,217 - INFO - joeynmt.training - 	Source:     Herr Modi befindet sich auf einer fünftägigen Reise nach Japan , um die wirtschaftlichen Beziehungen mit der drittgrößten Wirtschaftsnation der Welt zu festigen .
2026-05-08 19:33:07,217 - INFO - joeynmt.training - 	Reference:  Mr Modi is on a five @-@ day trip to Japan to strengthen economic ties with the third largest economy in the world .
2026-05-08 19:33:07,217 - INFO - joeynmt.training - 	Hypothesis: Mr Modi is located on a fifty of Japan , to be far-based on the world &apos;s economic relations with the third world .
2026-05-08 19:33:07,217 - INFO - joeynmt.training - Example #3
2026-05-08 19:33:07,217 - DEBUG - joeynmt.training - 	Tokenized source:     ['P@@', 'län@@', 'e', 'für', 'eine', 'stärk@@', 'ere', 'k@@', 'ern@@', 'techn@@', 'ische', 'Zusammenarbeit', 'stehen', 'ganz', 'ob@@', 'en', 'auf', 'der', 'Tag@@', 'es@@', 'ordnung', '.']
2026-05-08 19:33:07,217 - DEBUG - joeynmt.training - 	Tokenized reference:  ['high', 'on', 'the', 'agen@@', 'da', 'are', 'pl@@', 'ans', 'for', 'gre@@', 'ater', 'nu@@', 'clear', 'c@@', 'o', '@@@', '-@@', '@', 'operation', '.']
2026-05-08 19:33:07,217 - DEBUG - joeynmt.training - 	Tokenized hypothesis: ['pl@@', 'ans', 'for', 'a', 'str@@', 'ong', 'techn@@', 'ical', 'cooperation', 'are', 'very', 'ob@@', 'vi@@', 'ous', 'on', 'the', 'agen@@', 'da', '.', '</s>']
2026-05-08 19:33:07,217 - INFO - joeynmt.training - 	Source:     Pläne für eine stärkere kerntechnische Zusammenarbeit stehen ganz oben auf der Tagesordnung .
2026-05-08 19:33:07,217 - INFO - joeynmt.training - 	Reference:  high on the agenda are plans for greater nuclear co @-@ operation .
2026-05-08 19:33:07,217 - INFO - joeynmt.training - 	Hypothesis: plans for a strong technical cooperation are very obvious on the agenda .
2026-05-08 19:33:07,217 - INFO - joeynmt.training - Example #4
2026-05-08 19:33:07,217 - DEBUG - joeynmt.training - 	Tokenized source:     ['Berich@@', 'ten', 'zu@@', 'fol@@', 'ge', 'ho@@', 'fft', 'Indi@@', 'en', 'darüber', 'hinaus', 'auf', 'einen', 'Ver@@', 'trag', 'zur', 'Ver@@', 'tei@@', 'dig@@', 'ungs@@', 'zusammen@@', 'arbeit', 'zwischen', 'den', 'beiden', 'N@@', 'ationen', '.']
2026-05-08 19:33:07,217 - DEBUG - joeynmt.training - 	Tokenized reference:  ['Indi@@', 'a', 'is', 'also', 're@@', 'porte@@', 'dly', 'hop@@', 'ing', 'for', 'a', 'de@@', 'al', 'on', 'def@@', 'ence', 'c@@', 'oll@@', 'ab@@', 'or@@', 'ation', 'between', 'the', 'two', 'n@@', 'ations', '.']
2026-05-08 19:33:07,217 - DEBUG - joeynmt.training - 	Tokenized hypothesis: ['re@@', 'ports', ',', 'it', 'is', 'also', 'high@@', 'ly', 'Indi@@', 'a', ',', 'on', 'a', 'Tre@@', 'aty', 'on', 'a', 'con@@', 'tra@@', 'ct', 'on', 'the', 'basis', 'of', 'the', 'two', 'n@@', 'ations', '.', '</s>']
2026-05-08 19:33:07,217 - INFO - joeynmt.training - 	Source:     Berichten zufolge hofft Indien darüber hinaus auf einen Vertrag zur Verteidigungszusammenarbeit zwischen den beiden Nationen .
2026-05-08 19:33:07,217 - INFO - joeynmt.training - 	Reference:  India is also reportedly hoping for a deal on defence collaboration between the two nations .
2026-05-08 19:33:07,217 - INFO - joeynmt.training - 	Hypothesis: reports , it is also highly India , on a Treaty on a contract on the basis of the two nations .
2026-05-08 19:33:23,502 - INFO - joeynmt.training - Epoch   7, Step:    27100, Batch Loss:     1.549591, Batch Acc: 0.525616, Tokens per Sec:     5680, Lr: 0.000300
2026-05-08 19:33:40,026 - INFO - joeynmt.training - Epoch   7, Step:    27200, Batch Loss:     1.957183, Batch Acc: 0.516568, Tokens per Sec:     5598, Lr: 0.000300
2026-05-08 19:33:56,425 - INFO - joeynmt.training - Epoch   7, Step:    27300, Batch Loss:     1.714473, Batch Acc: 0.524637, Tokens per Sec:     5579, Lr: 0.000300
2026-05-08 19:34:13,034 - INFO - joeynmt.training - Epoch   7, Step:    27400, Batch Loss:     1.858338, Batch Acc: 0.526163, Tokens per Sec:     5535, Lr: 0.000300
2026-05-08 19:34:29,664 - INFO - joeynmt.training - Epoch   7, Step:    27500, Batch Loss:     1.912592, Batch Acc: 0.520009, Tokens per Sec:     5584, Lr: 0.000300
2026-05-08 19:34:29,664 - INFO - joeynmt.prediction - Predicting 500 example(s)... (Greedy decoding with min_output_length=1, max_output_length=-1, return_prob='none', generate_unk=True, repetition_penalty=-1, no_repeat_ngram_size=-1)
2026-05-08 19:34:58,580 - INFO - joeynmt.prediction - Evaluation result (greedy) loss:   2.11, ppl:   8.23, acc:   0.45, generation: 28.9120[sec], evaluation: 0.0000[sec]
2026-05-08 19:34:58,582 - INFO - joeynmt.training - Hooray! New best validation result [ppl]!
2026-05-08 19:34:58,667 - INFO - joeynmt.helpers - delete models/deen_transformer_pre/24500.ckpt
2026-05-08 19:34:58,668 - INFO - joeynmt.training - Example #0
2026-05-08 19:34:58,668 - DEBUG - joeynmt.training - 	Tokenized source:     ['die', 'Pre@@', 'mi@@', 'er@@', 'minist@@', 'er', 'Indi@@', 'ens', 'und', 'J@@', 'ap@@', 'ans', 'tra@@', 'fen', 'sich', 'in', 'T@@', 'ok@@', 'i@@', 'o', '.']
2026-05-08 19:34:58,668 - DEBUG - joeynmt.training - 	Tokenized reference:  ['Indi@@', 'a', 'and', 'J@@', 'ap@@', 'an', 'pri@@', 'me', 'minist@@', 'ers', 'me@@', 'et', 'in', 'T@@', 'ok@@', 'y@@', 'o']
2026-05-08 19:34:58,668 - DEBUG - joeynmt.training - 	Tokenized hypothesis: ['the', 'Pri@@', 'me', 'Minist@@', 'er', 'Indi@@', 'a', 'and', 'J@@', 'ap@@', 'an', 'Indi@@', 'a', 'and', 'J@@', 'ap@@', 'an', ',', 'the', 'Pri@@', 'me', 'Minist@@', 'er', 'Indi@@', 'a', '.', '</s>']
2026-05-08 19:34:58,668 - INFO - joeynmt.training - 	Source:     die Premierminister Indiens und Japans trafen sich in Tokio .
2026-05-08 19:34:58,668 - INFO - joeynmt.training - 	Reference:  India and Japan prime ministers meet in Tokyo
2026-05-08 19:34:58,668 - INFO - joeynmt.training - 	Hypothesis: the Prime Minister India and Japan India and Japan , the Prime Minister India .
2026-05-08 19:34:58,668 - INFO - joeynmt.training - Example #1
2026-05-08 19:34:58,668 - DEBUG - joeynmt.training - 	Tokenized source:     ['Indi@@', 'ens', 'neu@@', 'er', 'Pre@@', 'mi@@', 'er@@', 'minist@@', 'er', 'N@@', 'ar@@', 'end@@', 'ra', 'Mo@@', 'd@@', 'i', 'tri@@', 'fft', 'bei', 's@@', 'einem', 'ersten', 'wichti@@', 'gen', 'Aus@@', 'land@@', 's@@', 'bes@@', 'u@@', 'ch', 'seit', 's@@', 'einem', 'W@@', 'ah@@', 'l@@', 'si@@', 'e@@', 'g', 'im', 'Ma@@', 'i', 'seinen', 'j@@', 'ap@@', 'an@@', 'ischen', 'Am@@', 'ts@@', 'k@@', 'olle@@', 'gen', 'S@@', 'hin@@', 'z@@', 'o', 'A@@', 'be', 'in', 'T@@', 'ok@@', 'o', ',', 'um', 'wirtschaf@@', 'tliche', 'und', 'sicher@@', 'heits@@', 'politische', 'Be@@', 'zieh@@', 'ungen', 'zu', 'bes@@', 'pre@@', 'chen', '.']
2026-05-08 19:34:58,668 - DEBUG - joeynmt.training - 	Tokenized reference:  ['Indi@@', 'a', '&apos;s', 'new', 'pri@@', 'me', 'minist@@', 'er', ',', 'N@@', 'ar@@', 'end@@', 'ra', 'Mo@@', 'd@@', 'i', ',', 'is', 'me@@', 'eting', 'his', 'J@@', 'ap@@', 'an@@', 'ese', 'coun@@', 'ter@@', 'part', ',', 'S@@', 'hin@@', 'z@@', 'o', 'A@@', 'be', ',', 'in', 'T@@', 'ok@@', 'y@@', 'o', 'to', 'disc@@', 'uss', 'economic', 'and', 'security', 'ties', ',', 'on', 'his', 'first', 'major', 'fore@@', 'ign', 'visi@@', 't', 'since', 'w@@', 'inn@@', 'ing', 'Ma@@', 'y', '&apos;s', 'elec@@', 'tion', '.']
2026-05-08 19:34:58,668 - DEBUG - joeynmt.training - 	Tokenized hypothesis: ['Indi@@', 'a', '&apos;s', 'new', 'Pri@@', 'me', 'Minist@@', 'er', 'N@@', 'ar@@', 'end@@', 'ra', 'Mo@@', 'd@@', 'i', ',', 'in', 'his', 'first', 'important', 'ex@@', 't@@', 'ent', 'in', 'Ma@@', 'y', 'his', 'first', 'important', 'ex@@', 't@@', 'ent', 'in', 'Ma@@', 'y', 'his', 'J@@', 'ap@@', 'an@@', 'ese', ',', 'in', 'Ma@@', 'y', 'his', 'J@@', 'ap@@', 'an@@', 'ese', 'A@@', 'be', 'in', 'T@@', 'ok@@', 'o', ',', 'to', 're@@', 'ach', 'economic', 'and', 'saf@@', 'ety', 'political', 'rel@@', 'ations', '.', '</s>']
2026-05-08 19:34:58,669 - INFO - joeynmt.training - 	Source:     Indiens neuer Premierminister Narendra Modi trifft bei seinem ersten wichtigen Auslandsbesuch seit seinem Wahlsieg im Mai seinen japanischen Amtskollegen Shinzo Abe in Toko , um wirtschaftliche und sicherheitspolitische Beziehungen zu besprechen .
2026-05-08 19:34:58,669 - INFO - joeynmt.training - 	Reference:  India &apos;s new prime minister , Narendra Modi , is meeting his Japanese counterpart , Shinzo Abe , in Tokyo to discuss economic and security ties , on his first major foreign visit since winning May &apos;s election .
2026-05-08 19:34:58,669 - INFO - joeynmt.training - 	Hypothesis: India &apos;s new Prime Minister Narendra Modi , in his first important extent in May his first important extent in May his Japanese , in May his Japanese Abe in Toko , to reach economic and safety political relations .
2026-05-08 19:34:58,669 - INFO - joeynmt.training - Example #2
2026-05-08 19:34:58,669 - DEBUG - joeynmt.training - 	Tokenized source:     ['Herr', 'Mo@@', 'd@@', 'i', 'befindet', 'sich', 'auf', 'einer', 'fü@@', 'n@@', 'f@@', 'tä@@', 'gi@@', 'gen', 'Rei@@', 'se', 'nach', 'J@@', 'ap@@', 'an', ',', 'um', 'die', 'wirtschaf@@', 'tlichen', 'Be@@', 'zieh@@', 'ungen', 'mit', 'der', 'd@@', 'rit@@', 't@@', 'größ@@', 'ten', 'Wirtschafts@@', 'n@@', 'ation', 'der', 'Welt', 'zu', 'fes@@', 'tigen', '.']
2026-05-08 19:34:58,669 - DEBUG - joeynmt.training - 	Tokenized reference:  ['Mr', 'Mo@@', 'd@@', 'i', 'is', 'on', 'a', 'fi@@', 've', '@@@', '-@@', '@', 'day', 'tri@@', 'p', 'to', 'J@@', 'ap@@', 'an', 'to', 'streng@@', 'then', 'economic', 'ties', 'with', 'the', 'third', 'lar@@', 'ges@@', 't', 'econom@@', 'y', 'in', 'the', 'world', '.']
2026-05-08 19:34:58,669 - DEBUG - joeynmt.training - 	Tokenized hypothesis: ['Mr', 'Mo@@', 'd@@', 'i', 'is', 'based', 'on', 'a', 'fi@@', 'f@@', 'ty', 'of', 'j@@', 'ap@@', 'an', 'to', 'J@@', 'ap@@', 'an', ',', 'to', 're@@', 'ach', 'the', 'economic', 'rel@@', 'ations', 'with', 'the', 'third', 'lar@@', 'ges@@', 't', 'economic', 'n@@', 'ation', 'of', 'the', 'world', '.', '</s>']
2026-05-08 19:34:58,669 - INFO - joeynmt.training - 	Source:     Herr Modi befindet sich auf einer fünftägigen Reise nach Japan , um die wirtschaftlichen Beziehungen mit der drittgrößten Wirtschaftsnation der Welt zu festigen .
2026-05-08 19:34:58,669 - INFO - joeynmt.training - 	Reference:  Mr Modi is on a five @-@ day trip to Japan to strengthen economic ties with the third largest economy in the world .
2026-05-08 19:34:58,669 - INFO - joeynmt.training - 	Hypothesis: Mr Modi is based on a fifty of japan to Japan , to reach the economic relations with the third largest economic nation of the world .
2026-05-08 19:34:58,669 - INFO - joeynmt.training - Example #3
2026-05-08 19:34:58,669 - DEBUG - joeynmt.training - 	Tokenized source:     ['P@@', 'län@@', 'e', 'für', 'eine', 'stärk@@', 'ere', 'k@@', 'ern@@', 'techn@@', 'ische', 'Zusammenarbeit', 'stehen', 'ganz', 'ob@@', 'en', 'auf', 'der', 'Tag@@', 'es@@', 'ordnung', '.']
2026-05-08 19:34:58,669 - DEBUG - joeynmt.training - 	Tokenized reference:  ['high', 'on', 'the', 'agen@@', 'da', 'are', 'pl@@', 'ans', 'for', 'gre@@', 'ater', 'nu@@', 'clear', 'c@@', 'o', '@@@', '-@@', '@', 'operation', '.']
2026-05-08 19:34:58,669 - DEBUG - joeynmt.training - 	Tokenized hypothesis: ['p@@', 'ass@@', 'ing', 'for', 'a', 'gre@@', 'ater', 'nu@@', 'clear', 'cooperation', '.', '</s>']
2026-05-08 19:34:58,669 - INFO - joeynmt.training - 	Source:     Pläne für eine stärkere kerntechnische Zusammenarbeit stehen ganz oben auf der Tagesordnung .
2026-05-08 19:34:58,669 - INFO - joeynmt.training - 	Reference:  high on the agenda are plans for greater nuclear co @-@ operation .
2026-05-08 19:34:58,669 - INFO - joeynmt.training - 	Hypothesis: passing for a greater nuclear cooperation .
2026-05-08 19:34:58,669 - INFO - joeynmt.training - Example #4
2026-05-08 19:34:58,669 - DEBUG - joeynmt.training - 	Tokenized source:     ['Berich@@', 'ten', 'zu@@', 'fol@@', 'ge', 'ho@@', 'fft', 'Indi@@', 'en', 'darüber', 'hinaus', 'auf', 'einen', 'Ver@@', 'trag', 'zur', 'Ver@@', 'tei@@', 'dig@@', 'ungs@@', 'zusammen@@', 'arbeit', 'zwischen', 'den', 'beiden', 'N@@', 'ationen', '.']
2026-05-08 19:34:58,669 - DEBUG - joeynmt.training - 	Tokenized reference:  ['Indi@@', 'a', 'is', 'also', 're@@', 'porte@@', 'dly', 'hop@@', 'ing', 'for', 'a', 'de@@', 'al', 'on', 'def@@', 'ence', 'c@@', 'oll@@', 'ab@@', 'or@@', 'ation', 'between', 'the', 'two', 'n@@', 'ations', '.']
2026-05-08 19:34:58,669 - DEBUG - joeynmt.training - 	Tokenized hypothesis: ['re@@', 'ports', ',', 'it', 'is', 'also', 'a', 'matter', 'of', 'a@@', 'im@@', 's', 'to', 'def@@', 'ence', 'cooperation', 'between', 'the', 'two', 'n@@', 'ations', '.', '</s>']
2026-05-08 19:34:58,669 - INFO - joeynmt.training - 	Source:     Berichten zufolge hofft Indien darüber hinaus auf einen Vertrag zur Verteidigungszusammenarbeit zwischen den beiden Nationen .
2026-05-08 19:34:58,669 - INFO - joeynmt.training - 	Reference:  India is also reportedly hoping for a deal on defence collaboration between the two nations .
2026-05-08 19:34:58,669 - INFO - joeynmt.training - 	Hypothesis: reports , it is also a matter of aims to defence cooperation between the two nations .
2026-05-08 19:35:15,154 - INFO - joeynmt.training - Epoch   7, Step:    27600, Batch Loss:     1.752087, Batch Acc: 0.527908, Tokens per Sec:     5543, Lr: 0.000300
2026-05-08 19:35:31,757 - INFO - joeynmt.training - Epoch   7, Step:    27700, Batch Loss:     1.728168, Batch Acc: 0.530025, Tokens per Sec:     5512, Lr: 0.000300
2026-05-08 19:35:48,445 - INFO - joeynmt.training - Epoch   7, Step:    27800, Batch Loss:     2.073307, Batch Acc: 0.520124, Tokens per Sec:     5530, Lr: 0.000300
2026-05-08 19:36:05,192 - INFO - joeynmt.training - Epoch   7, Step:    27900, Batch Loss:     1.795036, Batch Acc: 0.527438, Tokens per Sec:     5500, Lr: 0.000300
2026-05-08 19:36:22,029 - INFO - joeynmt.training - Epoch   7, Step:    28000, Batch Loss:     1.792176, Batch Acc: 0.523329, Tokens per Sec:     5424, Lr: 0.000300
2026-05-08 19:36:22,030 - INFO - joeynmt.prediction - Predicting 500 example(s)... (Greedy decoding with min_output_length=1, max_output_length=-1, return_prob='none', generate_unk=True, repetition_penalty=-1, no_repeat_ngram_size=-1)
2026-05-08 19:36:58,599 - INFO - joeynmt.prediction - Evaluation result (greedy) loss:   2.10, ppl:   8.13, acc:   0.46, generation: 36.5648[sec], evaluation: 0.0000[sec]
2026-05-08 19:36:58,601 - INFO - joeynmt.training - Hooray! New best validation result [ppl]!
2026-05-08 19:36:58,680 - INFO - joeynmt.helpers - delete models/deen_transformer_pre/25500.ckpt
2026-05-08 19:36:58,681 - INFO - joeynmt.training - Example #0
2026-05-08 19:36:58,681 - DEBUG - joeynmt.training - 	Tokenized source:     ['die', 'Pre@@', 'mi@@', 'er@@', 'minist@@', 'er', 'Indi@@', 'ens', 'und', 'J@@', 'ap@@', 'ans', 'tra@@', 'fen', 'sich', 'in', 'T@@', 'ok@@', 'i@@', 'o', '.']
2026-05-08 19:36:58,681 - DEBUG - joeynmt.training - 	Tokenized reference:  ['Indi@@', 'a', 'and', 'J@@', 'ap@@', 'an', 'pri@@', 'me', 'minist@@', 'ers', 'me@@', 'et', 'in', 'T@@', 'ok@@', 'y@@', 'o']
2026-05-08 19:36:58,681 - DEBUG - joeynmt.training - 	Tokenized hypothesis: ['the', 'Pri@@', 'me', 'Minist@@', 'er', 'Indi@@', 'a', 'and', 'J@@', 'ap@@', 'an', 'Indi@@', 'a', 'and', 'J@@', 'ap@@', 'an', ',', 'in', 'T@@', 'ok@@', 'i@@', 'o', '.', '</s>']
2026-05-08 19:36:58,681 - INFO - joeynmt.training - 	Source:     die Premierminister Indiens und Japans trafen sich in Tokio .
2026-05-08 19:36:58,681 - INFO - joeynmt.training - 	Reference:  India and Japan prime ministers meet in Tokyo
2026-05-08 19:36:58,681 - INFO - joeynmt.training - 	Hypothesis: the Prime Minister India and Japan India and Japan , in Tokio .
2026-05-08 19:36:58,681 - INFO - joeynmt.training - Example #1
2026-05-08 19:36:58,681 - DEBUG - joeynmt.training - 	Tokenized source:     ['Indi@@', 'ens', 'neu@@', 'er', 'Pre@@', 'mi@@', 'er@@', 'minist@@', 'er', 'N@@', 'ar@@', 'end@@', 'ra', 'Mo@@', 'd@@', 'i', 'tri@@', 'fft', 'bei', 's@@', 'einem', 'ersten', 'wichti@@', 'gen', 'Aus@@', 'land@@', 's@@', 'bes@@', 'u@@', 'ch', 'seit', 's@@', 'einem', 'W@@', 'ah@@', 'l@@', 'si@@', 'e@@', 'g', 'im', 'Ma@@', 'i', 'seinen', 'j@@', 'ap@@', 'an@@', 'ischen', 'Am@@', 'ts@@', 'k@@', 'olle@@', 'gen', 'S@@', 'hin@@', 'z@@', 'o', 'A@@', 'be', 'in', 'T@@', 'ok@@', 'o', ',', 'um', 'wirtschaf@@', 'tliche', 'und', 'sicher@@', 'heits@@', 'politische', 'Be@@', 'zieh@@', 'ungen', 'zu', 'bes@@', 'pre@@', 'chen', '.']
2026-05-08 19:36:58,681 - DEBUG - joeynmt.training - 	Tokenized reference:  ['Indi@@', 'a', '&apos;s', 'new', 'pri@@', 'me', 'minist@@', 'er', ',', 'N@@', 'ar@@', 'end@@', 'ra', 'Mo@@', 'd@@', 'i', ',', 'is', 'me@@', 'eting', 'his', 'J@@', 'ap@@', 'an@@', 'ese', 'coun@@', 'ter@@', 'part', ',', 'S@@', 'hin@@', 'z@@', 'o', 'A@@', 'be', ',', 'in', 'T@@', 'ok@@', 'y@@', 'o', 'to', 'disc@@', 'uss', 'economic', 'and', 'security', 'ties', ',', 'on', 'his', 'first', 'major', 'fore@@', 'ign', 'visi@@', 't', 'since', 'w@@', 'inn@@', 'ing', 'Ma@@', 'y', '&apos;s', 'elec@@', 'tion', '.']
2026-05-08 19:36:58,681 - DEBUG - joeynmt.training - 	Tokenized hypothesis: ['Indi@@', 'a', '&apos;s', 'new', 'Pri@@', 'ster', 'of', 'N@@', 'ar@@', 'end@@', 'ra', 'Mo@@', 'd@@', 'i', 'i', ',', 'in', 'his', 'first', 'important', 'ex@@', 't@@', 'ent', 'for', 'his', 'first', 'important', 'ex@@', 't@@', 'ent', 'for', 'his', 'first', 'time', 'in', 'Ma@@', 'y', 'his', 'J@@', 'ap@@', 'an@@', 'ese', 'and', 'S@@', 'hin@@', 'z@@', 'o', 'A@@', 'be', 'in', 'T@@', 'ok@@', 'o', ',', 'to', 're@@', 'ach', 'and', 'S@@', 'hin@@', 'z@@', 'o', 'A@@', 'be', 'in', 'T@@', 'ok@@', 'o', ',', 'to', 're@@', 'mo@@', 've', 'the', 'economic', 'and', 'saf@@', 'ety', 'policy', '.', '</s>']
2026-05-08 19:36:58,681 - INFO - joeynmt.training - 	Source:     Indiens neuer Premierminister Narendra Modi trifft bei seinem ersten wichtigen Auslandsbesuch seit seinem Wahlsieg im Mai seinen japanischen Amtskollegen Shinzo Abe in Toko , um wirtschaftliche und sicherheitspolitische Beziehungen zu besprechen .
2026-05-08 19:36:58,681 - INFO - joeynmt.training - 	Reference:  India &apos;s new prime minister , Narendra Modi , is meeting his Japanese counterpart , Shinzo Abe , in Tokyo to discuss economic and security ties , on his first major foreign visit since winning May &apos;s election .
2026-05-08 19:36:58,681 - INFO - joeynmt.training - 	Hypothesis: India &apos;s new Prister of Narendra Modi i , in his first important extent for his first important extent for his first time in May his Japanese and Shinzo Abe in Toko , to reach and Shinzo Abe in Toko , to remove the economic and safety policy .
2026-05-08 19:36:58,681 - INFO - joeynmt.training - Example #2
2026-05-08 19:36:58,681 - DEBUG - joeynmt.training - 	Tokenized source:     ['Herr', 'Mo@@', 'd@@', 'i', 'befindet', 'sich', 'auf', 'einer', 'fü@@', 'n@@', 'f@@', 'tä@@', 'gi@@', 'gen', 'Rei@@', 'se', 'nach', 'J@@', 'ap@@', 'an', ',', 'um', 'die', 'wirtschaf@@', 'tlichen', 'Be@@', 'zieh@@', 'ungen', 'mit', 'der', 'd@@', 'rit@@', 't@@', 'größ@@', 'ten', 'Wirtschafts@@', 'n@@', 'ation', 'der', 'Welt', 'zu', 'fes@@', 'tigen', '.']
2026-05-08 19:36:58,681 - DEBUG - joeynmt.training - 	Tokenized reference:  ['Mr', 'Mo@@', 'd@@', 'i', 'is', 'on', 'a', 'fi@@', 've', '@@@', '-@@', '@', 'day', 'tri@@', 'p', 'to', 'J@@', 'ap@@', 'an', 'to', 'streng@@', 'then', 'economic', 'ties', 'with', 'the', 'third', 'lar@@', 'ges@@', 't', 'econom@@', 'y', 'in', 'the', 'world', '.']
2026-05-08 19:36:58,681 - DEBUG - joeynmt.training - 	Tokenized hypothesis: ['Mr', 'Mo@@', 'd@@', 'i', 'is', 'based', 'on', 'a', 'fi@@', 'f@@', 'ty', 'tra@@', 'v@@', 'ell@@', 'ing', 'to', 'J@@', 'ap@@', 'an', 'to', 'the', 'economic', 'rel@@', 'ations', 'with', 'the', 'third', 'lar@@', 'ges@@', 't', 'economic', 'n@@', 'ation', 'of', 'the', 'world', '.', '</s>']
2026-05-08 19:36:58,681 - INFO - joeynmt.training - 	Source:     Herr Modi befindet sich auf einer fünftägigen Reise nach Japan , um die wirtschaftlichen Beziehungen mit der drittgrößten Wirtschaftsnation der Welt zu festigen .
2026-05-08 19:36:58,681 - INFO - joeynmt.training - 	Reference:  Mr Modi is on a five @-@ day trip to Japan to strengthen economic ties with the third largest economy in the world .
2026-05-08 19:36:58,681 - INFO - joeynmt.training - 	Hypothesis: Mr Modi is based on a fifty travelling to Japan to the economic relations with the third largest economic nation of the world .
2026-05-08 19:36:58,682 - INFO - joeynmt.training - Example #3
2026-05-08 19:36:58,682 - DEBUG - joeynmt.training - 	Tokenized source:     ['P@@', 'län@@', 'e', 'für', 'eine', 'stärk@@', 'ere', 'k@@', 'ern@@', 'techn@@', 'ische', 'Zusammenarbeit', 'stehen', 'ganz', 'ob@@', 'en', 'auf', 'der', 'Tag@@', 'es@@', 'ordnung', '.']
2026-05-08 19:36:58,682 - DEBUG - joeynmt.training - 	Tokenized reference:  ['high', 'on', 'the', 'agen@@', 'da', 'are', 'pl@@', 'ans', 'for', 'gre@@', 'ater', 'nu@@', 'clear', 'c@@', 'o', '@@@', '-@@', '@', 'operation', '.']
2026-05-08 19:36:58,682 - DEBUG - joeynmt.training - 	Tokenized hypothesis: ['p@@', 'ass@@', 'ing', 'for', 'a', 'str@@', 'ong', 'nu@@', 'clear', 'cooperation', '.', '</s>']
2026-05-08 19:36:58,682 - INFO - joeynmt.training - 	Source:     Pläne für eine stärkere kerntechnische Zusammenarbeit stehen ganz oben auf der Tagesordnung .
2026-05-08 19:36:58,682 - INFO - joeynmt.training - 	Reference:  high on the agenda are plans for greater nuclear co @-@ operation .
2026-05-08 19:36:58,682 - INFO - joeynmt.training - 	Hypothesis: passing for a strong nuclear cooperation .
2026-05-08 19:36:58,682 - INFO - joeynmt.training - Example #4
2026-05-08 19:36:58,682 - DEBUG - joeynmt.training - 	Tokenized source:     ['Berich@@', 'ten', 'zu@@', 'fol@@', 'ge', 'ho@@', 'fft', 'Indi@@', 'en', 'darüber', 'hinaus', 'auf', 'einen', 'Ver@@', 'trag', 'zur', 'Ver@@', 'tei@@', 'dig@@', 'ungs@@', 'zusammen@@', 'arbeit', 'zwischen', 'den', 'beiden', 'N@@', 'ationen', '.']
2026-05-08 19:36:58,682 - DEBUG - joeynmt.training - 	Tokenized reference:  ['Indi@@', 'a', 'is', 'also', 're@@', 'porte@@', 'dly', 'hop@@', 'ing', 'for', 'a', 'de@@', 'al', 'on', 'def@@', 'ence', 'c@@', 'oll@@', 'ab@@', 'or@@', 'ation', 'between', 'the', 'two', 'n@@', 'ations', '.']
2026-05-08 19:36:58,682 - DEBUG - joeynmt.training - 	Tokenized hypothesis: ['re@@', 'ports', ',', 'it', 'is', 'also', 'high@@', 'li@@', 'gh@@', 'ted', 'Indi@@', 'a', ',', 'on', 'a', 'tre@@', 'aty', 'on', 'the', 'basis', 'of', 'the', 'co@@', '-@@', 'operation', 'cooperation', 'between', 'the', 'two', 'n@@', 'ations', '.', '</s>']
2026-05-08 19:36:58,682 - INFO - joeynmt.training - 	Source:     Berichten zufolge hofft Indien darüber hinaus auf einen Vertrag zur Verteidigungszusammenarbeit zwischen den beiden Nationen .
2026-05-08 19:36:58,682 - INFO - joeynmt.training - 	Reference:  India is also reportedly hoping for a deal on defence collaboration between the two nations .
2026-05-08 19:36:58,682 - INFO - joeynmt.training - 	Hypothesis: reports , it is also highlighted India , on a treaty on the basis of the co-operation cooperation between the two nations .
2026-05-08 19:37:15,312 - INFO - joeynmt.training - Epoch   7, Step:    28100, Batch Loss:     1.679905, Batch Acc: 0.523683, Tokens per Sec:     5502, Lr: 0.000300
2026-05-08 19:37:32,189 - INFO - joeynmt.training - Epoch   7, Step:    28200, Batch Loss:     1.798284, Batch Acc: 0.527431, Tokens per Sec:     5486, Lr: 0.000300
2026-05-08 19:37:48,903 - INFO - joeynmt.training - Epoch   7, Step:    28300, Batch Loss:     1.739652, Batch Acc: 0.528136, Tokens per Sec:     5510, Lr: 0.000300
2026-05-08 19:38:05,617 - INFO - joeynmt.training - Epoch   7, Step:    28400, Batch Loss:     1.753711, Batch Acc: 0.520408, Tokens per Sec:     5554, Lr: 0.000300
2026-05-08 19:38:15,453 - INFO - joeynmt.training - Epoch   7: total training loss 7054.92
2026-05-08 19:38:15,453 - INFO - joeynmt.training - EPOCH 8
2026-05-08 19:38:22,482 - INFO - joeynmt.training - Epoch   8, Step:    28500, Batch Loss:     1.806746, Batch Acc: 0.535720, Tokens per Sec:     5313, Lr: 0.000300
2026-05-08 19:38:22,482 - INFO - joeynmt.prediction - Predicting 500 example(s)... (Greedy decoding with min_output_length=1, max_output_length=-1, return_prob='none', generate_unk=True, repetition_penalty=-1, no_repeat_ngram_size=-1)
2026-05-08 19:38:53,237 - INFO - joeynmt.prediction - Evaluation result (greedy) loss:   2.09, ppl:   8.12, acc:   0.46, generation: 30.7506[sec], evaluation: 0.0000[sec]
2026-05-08 19:38:53,239 - INFO - joeynmt.training - Hooray! New best validation result [ppl]!
2026-05-08 19:38:53,324 - INFO - joeynmt.helpers - delete models/deen_transformer_pre/26500.ckpt
2026-05-08 19:38:53,325 - INFO - joeynmt.training - Example #0
2026-05-08 19:38:53,325 - DEBUG - joeynmt.training - 	Tokenized source:     ['die', 'Pre@@', 'mi@@', 'er@@', 'minist@@', 'er', 'Indi@@', 'ens', 'und', 'J@@', 'ap@@', 'ans', 'tra@@', 'fen', 'sich', 'in', 'T@@', 'ok@@', 'i@@', 'o', '.']
2026-05-08 19:38:53,325 - DEBUG - joeynmt.training - 	Tokenized reference:  ['Indi@@', 'a', 'and', 'J@@', 'ap@@', 'an', 'pri@@', 'me', 'minist@@', 'ers', 'me@@', 'et', 'in', 'T@@', 'ok@@', 'y@@', 'o']
2026-05-08 19:38:53,325 - DEBUG - joeynmt.training - 	Tokenized hypothesis: ['the', 'Pri@@', 'me', 'Minist@@', 'er', 'Indi@@', 'a', 'and', 'J@@', 'ap@@', 'an', '&apos;s', '&apos;s', 'first', 'pri@@', 'me', 'minist@@', 'er', 'in', 'T@@', 'ok@@', 'i@@', 'o', '.', '</s>']
2026-05-08 19:38:53,325 - INFO - joeynmt.training - 	Source:     die Premierminister Indiens und Japans trafen sich in Tokio .
2026-05-08 19:38:53,325 - INFO - joeynmt.training - 	Reference:  India and Japan prime ministers meet in Tokyo
2026-05-08 19:38:53,325 - INFO - joeynmt.training - 	Hypothesis: the Prime Minister India and Japan &apos;s &apos;s first prime minister in Tokio .
2026-05-08 19:38:53,325 - INFO - joeynmt.training - Example #1
2026-05-08 19:38:53,325 - DEBUG - joeynmt.training - 	Tokenized source:     ['Indi@@', 'ens', 'neu@@', 'er', 'Pre@@', 'mi@@', 'er@@', 'minist@@', 'er', 'N@@', 'ar@@', 'end@@', 'ra', 'Mo@@', 'd@@', 'i', 'tri@@', 'fft', 'bei', 's@@', 'einem', 'ersten', 'wichti@@', 'gen', 'Aus@@', 'land@@', 's@@', 'bes@@', 'u@@', 'ch', 'seit', 's@@', 'einem', 'W@@', 'ah@@', 'l@@', 'si@@', 'e@@', 'g', 'im', 'Ma@@', 'i', 'seinen', 'j@@', 'ap@@', 'an@@', 'ischen', 'Am@@', 'ts@@', 'k@@', 'olle@@', 'gen', 'S@@', 'hin@@', 'z@@', 'o', 'A@@', 'be', 'in', 'T@@', 'ok@@', 'o', ',', 'um', 'wirtschaf@@', 'tliche', 'und', 'sicher@@', 'heits@@', 'politische', 'Be@@', 'zieh@@', 'ungen', 'zu', 'bes@@', 'pre@@', 'chen', '.']
2026-05-08 19:38:53,325 - DEBUG - joeynmt.training - 	Tokenized reference:  ['Indi@@', 'a', '&apos;s', 'new', 'pri@@', 'me', 'minist@@', 'er', ',', 'N@@', 'ar@@', 'end@@', 'ra', 'Mo@@', 'd@@', 'i', ',', 'is', 'me@@', 'eting', 'his', 'J@@', 'ap@@', 'an@@', 'ese', 'coun@@', 'ter@@', 'part', ',', 'S@@', 'hin@@', 'z@@', 'o', 'A@@', 'be', ',', 'in', 'T@@', 'ok@@', 'y@@', 'o', 'to', 'disc@@', 'uss', 'economic', 'and', 'security', 'ties', ',', 'on', 'his', 'first', 'major', 'fore@@', 'ign', 'visi@@', 't', 'since', 'w@@', 'inn@@', 'ing', 'Ma@@', 'y', '&apos;s', 'elec@@', 'tion', '.']
2026-05-08 19:38:53,325 - DEBUG - joeynmt.training - 	Tokenized hypothesis: ['Indi@@', 'a', '&apos;s', 'lat@@', 'est', 'Pri@@', 'me', 'Minist@@', 'er', 'N@@', 'ar@@', 'end@@', 'ra', 'Mo@@', 'd@@', 'i', ',', 'in', 'his', 'first', 'important', 'fore@@', 'ign', 'fore@@', 'ign', ',', 'in', 'Ma@@', 'y', 'his', 'J@@', 'ap@@', 'an', '&apos;s', '&apos;s', 'off@@', 'ice', ',', 'in', 'Ma@@', 'y', 'his', 'J@@', 'ap@@', 'an', '&apos;s', '&apos;s', '&apos;s', 'off@@', 'ice', 'S@@', 'hin@@', 'z@@', 'o', 'A@@', 'be', 'in', 'T@@', 'ok@@', 'o', ',', 'to', 'economic', 'and', 'saf@@', 'ety', '.', '</s>']
2026-05-08 19:38:53,326 - INFO - joeynmt.training - 	Source:     Indiens neuer Premierminister Narendra Modi trifft bei seinem ersten wichtigen Auslandsbesuch seit seinem Wahlsieg im Mai seinen japanischen Amtskollegen Shinzo Abe in Toko , um wirtschaftliche und sicherheitspolitische Beziehungen zu besprechen .
2026-05-08 19:38:53,326 - INFO - joeynmt.training - 	Reference:  India &apos;s new prime minister , Narendra Modi , is meeting his Japanese counterpart , Shinzo Abe , in Tokyo to discuss economic and security ties , on his first major foreign visit since winning May &apos;s election .
2026-05-08 19:38:53,326 - INFO - joeynmt.training - 	Hypothesis: India &apos;s latest Prime Minister Narendra Modi , in his first important foreign foreign , in May his Japan &apos;s &apos;s office , in May his Japan &apos;s &apos;s &apos;s office Shinzo Abe in Toko , to economic and safety .
2026-05-08 19:38:53,326 - INFO - joeynmt.training - Example #2
2026-05-08 19:38:53,326 - DEBUG - joeynmt.training - 	Tokenized source:     ['Herr', 'Mo@@', 'd@@', 'i', 'befindet', 'sich', 'auf', 'einer', 'fü@@', 'n@@', 'f@@', 'tä@@', 'gi@@', 'gen', 'Rei@@', 'se', 'nach', 'J@@', 'ap@@', 'an', ',', 'um', 'die', 'wirtschaf@@', 'tlichen', 'Be@@', 'zieh@@', 'ungen', 'mit', 'der', 'd@@', 'rit@@', 't@@', 'größ@@', 'ten', 'Wirtschafts@@', 'n@@', 'ation', 'der', 'Welt', 'zu', 'fes@@', 'tigen', '.']
2026-05-08 19:38:53,326 - DEBUG - joeynmt.training - 	Tokenized reference:  ['Mr', 'Mo@@', 'd@@', 'i', 'is', 'on', 'a', 'fi@@', 've', '@@@', '-@@', '@', 'day', 'tri@@', 'p', 'to', 'J@@', 'ap@@', 'an', 'to', 'streng@@', 'then', 'economic', 'ties', 'with', 'the', 'third', 'lar@@', 'ges@@', 't', 'econom@@', 'y', 'in', 'the', 'world', '.']
2026-05-08 19:38:53,326 - DEBUG - joeynmt.training - 	Tokenized hypothesis: ['Mr', 'Mo@@', 'd@@', 'i', 'is', 'based', 'on', 'a', 'fi@@', 'f@@', 'ty', 'tra@@', 'v@@', 'el', 'to', 'J@@', 'ap@@', 'an', 'to', 'the', 'economic', 'rel@@', 'ations', 'with', 'the', 'third', 'lar@@', 'ges@@', 't', 'economic', 'n@@', 'ation', 'of', 'the', 'world', '.', '</s>']
2026-05-08 19:38:53,326 - INFO - joeynmt.training - 	Source:     Herr Modi befindet sich auf einer fünftägigen Reise nach Japan , um die wirtschaftlichen Beziehungen mit der drittgrößten Wirtschaftsnation der Welt zu festigen .
2026-05-08 19:38:53,326 - INFO - joeynmt.training - 	Reference:  Mr Modi is on a five @-@ day trip to Japan to strengthen economic ties with the third largest economy in the world .
2026-05-08 19:38:53,326 - INFO - joeynmt.training - 	Hypothesis: Mr Modi is based on a fifty travel to Japan to the economic relations with the third largest economic nation of the world .
2026-05-08 19:38:53,326 - INFO - joeynmt.training - Example #3
2026-05-08 19:38:53,326 - DEBUG - joeynmt.training - 	Tokenized source:     ['P@@', 'län@@', 'e', 'für', 'eine', 'stärk@@', 'ere', 'k@@', 'ern@@', 'techn@@', 'ische', 'Zusammenarbeit', 'stehen', 'ganz', 'ob@@', 'en', 'auf', 'der', 'Tag@@', 'es@@', 'ordnung', '.']
2026-05-08 19:38:53,326 - DEBUG - joeynmt.training - 	Tokenized reference:  ['high', 'on', 'the', 'agen@@', 'da', 'are', 'pl@@', 'ans', 'for', 'gre@@', 'ater', 'nu@@', 'clear', 'c@@', 'o', '@@@', '-@@', '@', 'operation', '.']
2026-05-08 19:38:53,326 - DEBUG - joeynmt.training - 	Tokenized hypothesis: ['P@@', 'lon@@', 'e', 'for', 'gre@@', 'ater', 'nu@@', 'clear', 'cooperation', '.', '</s>']
2026-05-08 19:38:53,326 - INFO - joeynmt.training - 	Source:     Pläne für eine stärkere kerntechnische Zusammenarbeit stehen ganz oben auf der Tagesordnung .
2026-05-08 19:38:53,326 - INFO - joeynmt.training - 	Reference:  high on the agenda are plans for greater nuclear co @-@ operation .
2026-05-08 19:38:53,326 - INFO - joeynmt.training - 	Hypothesis: Plone for greater nuclear cooperation .
2026-05-08 19:38:53,326 - INFO - joeynmt.training - Example #4
2026-05-08 19:38:53,326 - DEBUG - joeynmt.training - 	Tokenized source:     ['Berich@@', 'ten', 'zu@@', 'fol@@', 'ge', 'ho@@', 'fft', 'Indi@@', 'en', 'darüber', 'hinaus', 'auf', 'einen', 'Ver@@', 'trag', 'zur', 'Ver@@', 'tei@@', 'dig@@', 'ungs@@', 'zusammen@@', 'arbeit', 'zwischen', 'den', 'beiden', 'N@@', 'ationen', '.']
2026-05-08 19:38:53,326 - DEBUG - joeynmt.training - 	Tokenized reference:  ['Indi@@', 'a', 'is', 'also', 're@@', 'porte@@', 'dly', 'hop@@', 'ing', 'for', 'a', 'de@@', 'al', 'on', 'def@@', 'ence', 'c@@', 'oll@@', 'ab@@', 'or@@', 'ation', 'between', 'the', 'two', 'n@@', 'ations', '.']
2026-05-08 19:38:53,326 - DEBUG - joeynmt.training - 	Tokenized hypothesis: ['the', 're@@', 'ports', 'are', 'also', 'high@@', 'li@@', 'gh@@', 'ted', 'Indi@@', 'a', ',', 'on', 'a', 'Tre@@', 'aty', 'on', 'the', 'con@@', 'text', 'on', 'the', 'two', 'n@@', 'ations', '.', '</s>']
2026-05-08 19:38:53,326 - INFO - joeynmt.training - 	Source:     Berichten zufolge hofft Indien darüber hinaus auf einen Vertrag zur Verteidigungszusammenarbeit zwischen den beiden Nationen .
2026-05-08 19:38:53,326 - INFO - joeynmt.training - 	Reference:  India is also reportedly hoping for a deal on defence collaboration between the two nations .
2026-05-08 19:38:53,326 - INFO - joeynmt.training - 	Hypothesis: the reports are also highlighted India , on a Treaty on the context on the two nations .
2026-05-08 19:39:10,116 - INFO - joeynmt.training - Epoch   8, Step:    28600, Batch Loss:     1.835471, Batch Acc: 0.549398, Tokens per Sec:     5410, Lr: 0.000300
2026-05-08 19:39:27,234 - INFO - joeynmt.training - Epoch   8, Step:    28700, Batch Loss:     1.554384, Batch Acc: 0.537189, Tokens per Sec:     5389, Lr: 0.000300
2026-05-08 19:39:44,331 - INFO - joeynmt.training - Epoch   8, Step:    28800, Batch Loss:     1.407898, Batch Acc: 0.543473, Tokens per Sec:     5390, Lr: 0.000300
2026-05-08 19:40:01,240 - INFO - joeynmt.training - Epoch   8, Step:    28900, Batch Loss:     1.939257, Batch Acc: 0.540211, Tokens per Sec:     5557, Lr: 0.000300
2026-05-08 19:40:18,039 - INFO - joeynmt.training - Epoch   8, Step:    29000, Batch Loss:     1.659284, Batch Acc: 0.535916, Tokens per Sec:     5483, Lr: 0.000300
2026-05-08 19:40:18,040 - INFO - joeynmt.prediction - Predicting 500 example(s)... (Greedy decoding with min_output_length=1, max_output_length=-1, return_prob='none', generate_unk=True, repetition_penalty=-1, no_repeat_ngram_size=-1)
2026-05-08 19:40:56,028 - INFO - joeynmt.prediction - Evaluation result (greedy) loss:   2.09, ppl:   8.11, acc:   0.46, generation: 37.9838[sec], evaluation: 0.0000[sec]
2026-05-08 19:40:56,029 - INFO - joeynmt.training - Hooray! New best validation result [ppl]!
2026-05-08 19:40:56,115 - INFO - joeynmt.helpers - delete models/deen_transformer_pre/27000.ckpt
2026-05-08 19:40:56,118 - INFO - joeynmt.training - Example #0
2026-05-08 19:40:56,118 - DEBUG - joeynmt.training - 	Tokenized source:     ['die', 'Pre@@', 'mi@@', 'er@@', 'minist@@', 'er', 'Indi@@', 'ens', 'und', 'J@@', 'ap@@', 'ans', 'tra@@', 'fen', 'sich', 'in', 'T@@', 'ok@@', 'i@@', 'o', '.']
2026-05-08 19:40:56,118 - DEBUG - joeynmt.training - 	Tokenized reference:  ['Indi@@', 'a', 'and', 'J@@', 'ap@@', 'an', 'pri@@', 'me', 'minist@@', 'ers', 'me@@', 'et', 'in', 'T@@', 'ok@@', 'y@@', 'o']
2026-05-08 19:40:56,118 - DEBUG - joeynmt.training - 	Tokenized hypothesis: ['the', 'Pri@@', 'me', 'Minist@@', 'er', 'Indi@@', 'a', 'and', 'J@@', 'ap@@', 'an', '&apos;s', '&apos;s', 'Pri@@', 'me', 'Minist@@', 'er', 'Indi@@', 'a', 'and', 'J@@', 'ap@@', 'an', '&apos;s', '&apos;s', 'Pri@@', 'me', 'Minist@@', 'er', 'Indi@@', 'a', 'and', 'J@@', 'ap@@', 'an', '&apos;s', '&apos;s', 'Pri@@', 'me', 'Minist@@', 'er', 'Indi@@', 'a', 'and', 'J@@', 'ap@@', 'an', '.', '</s>']
2026-05-08 19:40:56,118 - INFO - joeynmt.training - 	Source:     die Premierminister Indiens und Japans trafen sich in Tokio .
2026-05-08 19:40:56,118 - INFO - joeynmt.training - 	Reference:  India and Japan prime ministers meet in Tokyo
2026-05-08 19:40:56,118 - INFO - joeynmt.training - 	Hypothesis: the Prime Minister India and Japan &apos;s &apos;s Prime Minister India and Japan &apos;s &apos;s Prime Minister India and Japan &apos;s &apos;s Prime Minister India and Japan .
2026-05-08 19:40:56,118 - INFO - joeynmt.training - Example #1
2026-05-08 19:40:56,118 - DEBUG - joeynmt.training - 	Tokenized source:     ['Indi@@', 'ens', 'neu@@', 'er', 'Pre@@', 'mi@@', 'er@@', 'minist@@', 'er', 'N@@', 'ar@@', 'end@@', 'ra', 'Mo@@', 'd@@', 'i', 'tri@@', 'fft', 'bei', 's@@', 'einem', 'ersten', 'wichti@@', 'gen', 'Aus@@', 'land@@', 's@@', 'bes@@', 'u@@', 'ch', 'seit', 's@@', 'einem', 'W@@', 'ah@@', 'l@@', 'si@@', 'e@@', 'g', 'im', 'Ma@@', 'i', 'seinen', 'j@@', 'ap@@', 'an@@', 'ischen', 'Am@@', 'ts@@', 'k@@', 'olle@@', 'gen', 'S@@', 'hin@@', 'z@@', 'o', 'A@@', 'be', 'in', 'T@@', 'ok@@', 'o', ',', 'um', 'wirtschaf@@', 'tliche', 'und', 'sicher@@', 'heits@@', 'politische', 'Be@@', 'zieh@@', 'ungen', 'zu', 'bes@@', 'pre@@', 'chen', '.']
2026-05-08 19:40:56,118 - DEBUG - joeynmt.training - 	Tokenized reference:  ['Indi@@', 'a', '&apos;s', 'new', 'pri@@', 'me', 'minist@@', 'er', ',', 'N@@', 'ar@@', 'end@@', 'ra', 'Mo@@', 'd@@', 'i', ',', 'is', 'me@@', 'eting', 'his', 'J@@', 'ap@@', 'an@@', 'ese', 'coun@@', 'ter@@', 'part', ',', 'S@@', 'hin@@', 'z@@', 'o', 'A@@', 'be', ',', 'in', 'T@@', 'ok@@', 'y@@', 'o', 'to', 'disc@@', 'uss', 'economic', 'and', 'security', 'ties', ',', 'on', 'his', 'first', 'major', 'fore@@', 'ign', 'visi@@', 't', 'since', 'w@@', 'inn@@', 'ing', 'Ma@@', 'y', '&apos;s', 'elec@@', 'tion', '.']
2026-05-08 19:40:56,118 - DEBUG - joeynmt.training - 	Tokenized hypothesis: ['Indi@@', 'a', '&apos;s', 'lat@@', 'est', 'Pri@@', 'me', 'Minist@@', 'er', 'N@@', 'ar@@', 'end@@', 'ra', 'Mo@@', 'd@@', 'i', ',', 'in', 'his', 'first', 'important', 'fore@@', 'ign', 'visi@@', 'tors', ',', 'the', 'first', 'important', 'fore@@', 'ign', ',', 'in', 'Ma@@', 'y', 'his', 'J@@', 'ap@@', 'an@@', 'ese', 'Off@@', 'ice', 'of', 'his', 'his', 'J@@', 'ap@@', 'an@@', 'ese', 'Off@@', 'ice', 'of', 'his', 'his', 'own', 'S@@', 'hin@@', 'z@@', 'o', 'A@@', 'be', 'in', 'T@@', 'ok@@', 'o', ',', 'in', 'the', 'S@@', 'hin@@', 'z@@', 'o', 'A@@', 'be', 'in', 'T@@', 'ok@@', 'o', ',', 'in', 'the', 'S@@', 'hin@@', 'z@@', 'o', '&apos;s', 'S@@', 'hin@@', 'z@@', 'o', 'A@@', 'ff@@', 'air@@', 's', '.', '</s>']
2026-05-08 19:40:56,118 - INFO - joeynmt.training - 	Source:     Indiens neuer Premierminister Narendra Modi trifft bei seinem ersten wichtigen Auslandsbesuch seit seinem Wahlsieg im Mai seinen japanischen Amtskollegen Shinzo Abe in Toko , um wirtschaftliche und sicherheitspolitische Beziehungen zu besprechen .
2026-05-08 19:40:56,118 - INFO - joeynmt.training - 	Reference:  India &apos;s new prime minister , Narendra Modi , is meeting his Japanese counterpart , Shinzo Abe , in Tokyo to discuss economic and security ties , on his first major foreign visit since winning May &apos;s election .
2026-05-08 19:40:56,118 - INFO - joeynmt.training - 	Hypothesis: India &apos;s latest Prime Minister Narendra Modi , in his first important foreign visitors , the first important foreign , in May his Japanese Office of his his Japanese Office of his his own Shinzo Abe in Toko , in the Shinzo Abe in Toko , in the Shinzo &apos;s Shinzo Affairs .
2026-05-08 19:40:56,118 - INFO - joeynmt.training - Example #2
2026-05-08 19:40:56,118 - DEBUG - joeynmt.training - 	Tokenized source:     ['Herr', 'Mo@@', 'd@@', 'i', 'befindet', 'sich', 'auf', 'einer', 'fü@@', 'n@@', 'f@@', 'tä@@', 'gi@@', 'gen', 'Rei@@', 'se', 'nach', 'J@@', 'ap@@', 'an', ',', 'um', 'die', 'wirtschaf@@', 'tlichen', 'Be@@', 'zieh@@', 'ungen', 'mit', 'der', 'd@@', 'rit@@', 't@@', 'größ@@', 'ten', 'Wirtschafts@@', 'n@@', 'ation', 'der', 'Welt', 'zu', 'fes@@', 'tigen', '.']
2026-05-08 19:40:56,118 - DEBUG - joeynmt.training - 	Tokenized reference:  ['Mr', 'Mo@@', 'd@@', 'i', 'is', 'on', 'a', 'fi@@', 've', '@@@', '-@@', '@', 'day', 'tri@@', 'p', 'to', 'J@@', 'ap@@', 'an', 'to', 'streng@@', 'then', 'economic', 'ties', 'with', 'the', 'third', 'lar@@', 'ges@@', 't', 'econom@@', 'y', 'in', 'the', 'world', '.']
2026-05-08 19:40:56,118 - DEBUG - joeynmt.training - 	Tokenized hypothesis: ['Mr', 'Mo@@', 'd@@', 'i', 'is', 'based', 'on', 'a', 'fi@@', 'f@@', 'ty', 'tra@@', 'v@@', 'el', 'to', 'J@@', 'ap@@', 'an', 'to', 'J@@', 'ap@@', 'an', 'to', 'the', 'economic', 'rel@@', 'ations', 'with', 'the', 'third', 'lar@@', 'ges@@', 't', 'economic', 'n@@', 'ation', 'of', 'the', 'world', '.', '</s>']
2026-05-08 19:40:56,119 - INFO - joeynmt.training - 	Source:     Herr Modi befindet sich auf einer fünftägigen Reise nach Japan , um die wirtschaftlichen Beziehungen mit der drittgrößten Wirtschaftsnation der Welt zu festigen .
2026-05-08 19:40:56,119 - INFO - joeynmt.training - 	Reference:  Mr Modi is on a five @-@ day trip to Japan to strengthen economic ties with the third largest economy in the world .
2026-05-08 19:40:56,119 - INFO - joeynmt.training - 	Hypothesis: Mr Modi is based on a fifty travel to Japan to Japan to the economic relations with the third largest economic nation of the world .
2026-05-08 19:40:56,119 - INFO - joeynmt.training - Example #3
2026-05-08 19:40:56,119 - DEBUG - joeynmt.training - 	Tokenized source:     ['P@@', 'län@@', 'e', 'für', 'eine', 'stärk@@', 'ere', 'k@@', 'ern@@', 'techn@@', 'ische', 'Zusammenarbeit', 'stehen', 'ganz', 'ob@@', 'en', 'auf', 'der', 'Tag@@', 'es@@', 'ordnung', '.']
2026-05-08 19:40:56,119 - DEBUG - joeynmt.training - 	Tokenized reference:  ['high', 'on', 'the', 'agen@@', 'da', 'are', 'pl@@', 'ans', 'for', 'gre@@', 'ater', 'nu@@', 'clear', 'c@@', 'o', '@@@', '-@@', '@', 'operation', '.']
2026-05-08 19:40:56,119 - DEBUG - joeynmt.training - 	Tokenized hypothesis: ['p@@', 'ass@@', 'ed', 'for', 'more', 'more', 'c@@', 'are@@', 'ful', 'techn@@', 'ical', 'cooperation', 'are', 'on', 'the', 'agen@@', 'da', '.', '</s>']
2026-05-08 19:40:56,119 - INFO - joeynmt.training - 	Source:     Pläne für eine stärkere kerntechnische Zusammenarbeit stehen ganz oben auf der Tagesordnung .
2026-05-08 19:40:56,119 - INFO - joeynmt.training - 	Reference:  high on the agenda are plans for greater nuclear co @-@ operation .
2026-05-08 19:40:56,119 - INFO - joeynmt.training - 	Hypothesis: passed for more more careful technical cooperation are on the agenda .
2026-05-08 19:40:56,119 - INFO - joeynmt.training - Example #4
2026-05-08 19:40:56,119 - DEBUG - joeynmt.training - 	Tokenized source:     ['Berich@@', 'ten', 'zu@@', 'fol@@', 'ge', 'ho@@', 'fft', 'Indi@@', 'en', 'darüber', 'hinaus', 'auf', 'einen', 'Ver@@', 'trag', 'zur', 'Ver@@', 'tei@@', 'dig@@', 'ungs@@', 'zusammen@@', 'arbeit', 'zwischen', 'den', 'beiden', 'N@@', 'ationen', '.']
2026-05-08 19:40:56,119 - DEBUG - joeynmt.training - 	Tokenized reference:  ['Indi@@', 'a', 'is', 'also', 're@@', 'porte@@', 'dly', 'hop@@', 'ing', 'for', 'a', 'de@@', 'al', 'on', 'def@@', 'ence', 'c@@', 'oll@@', 'ab@@', 'or@@', 'ation', 'between', 'the', 'two', 'n@@', 'ations', '.']
2026-05-08 19:40:56,119 - DEBUG - joeynmt.training - 	Tokenized hypothesis: ['the', 'fact', 'that', 'Indi@@', 'a', 'is', 'also', 'the', 'fact', 'that', 'it', 'is', 'a', 'Tre@@', 'aty', 'on', 'def@@', 'ence', 'cooperation', 'between', 'the', 'two', 'n@@', 'ations', '.', '</s>']
2026-05-08 19:40:56,119 - INFO - joeynmt.training - 	Source:     Berichten zufolge hofft Indien darüber hinaus auf einen Vertrag zur Verteidigungszusammenarbeit zwischen den beiden Nationen .
2026-05-08 19:40:56,119 - INFO - joeynmt.training - 	Reference:  India is also reportedly hoping for a deal on defence collaboration between the two nations .
2026-05-08 19:40:56,119 - INFO - joeynmt.training - 	Hypothesis: the fact that India is also the fact that it is a Treaty on defence cooperation between the two nations .
2026-05-08 19:41:13,314 - INFO - joeynmt.training - Epoch   8, Step:    29100, Batch Loss:     1.933436, Batch Acc: 0.530886, Tokens per Sec:     5374, Lr: 0.000300
2026-05-08 19:41:30,520 - INFO - joeynmt.training - Epoch   8, Step:    29200, Batch Loss:     1.589338, Batch Acc: 0.542447, Tokens per Sec:     5279, Lr: 0.000300
2026-05-08 19:41:47,783 - INFO - joeynmt.training - Epoch   8, Step:    29300, Batch Loss:     1.534752, Batch Acc: 0.538320, Tokens per Sec:     5347, Lr: 0.000300
2026-05-08 19:42:05,062 - INFO - joeynmt.training - Epoch   8, Step:    29400, Batch Loss:     1.502758, Batch Acc: 0.532814, Tokens per Sec:     5299, Lr: 0.000300
2026-05-08 19:42:22,156 - INFO - joeynmt.training - Epoch   8, Step:    29500, Batch Loss:     1.709679, Batch Acc: 0.533961, Tokens per Sec:     5384, Lr: 0.000300
2026-05-08 19:42:22,156 - INFO - joeynmt.prediction - Predicting 500 example(s)... (Greedy decoding with min_output_length=1, max_output_length=-1, return_prob='none', generate_unk=True, repetition_penalty=-1, no_repeat_ngram_size=-1)
2026-05-08 19:42:52,794 - INFO - joeynmt.prediction - Evaluation result (greedy) loss:   2.10, ppl:   8.19, acc:   0.46, generation: 30.6340[sec], evaluation: 0.0000[sec]
2026-05-08 19:42:52,884 - INFO - joeynmt.helpers - delete models/deen_transformer_pre/26000.ckpt
2026-05-08 19:42:52,886 - INFO - joeynmt.training - Example #0
2026-05-08 19:42:52,886 - DEBUG - joeynmt.training - 	Tokenized source:     ['die', 'Pre@@', 'mi@@', 'er@@', 'minist@@', 'er', 'Indi@@', 'ens', 'und', 'J@@', 'ap@@', 'ans', 'tra@@', 'fen', 'sich', 'in', 'T@@', 'ok@@', 'i@@', 'o', '.']
2026-05-08 19:42:52,886 - DEBUG - joeynmt.training - 	Tokenized reference:  ['Indi@@', 'a', 'and', 'J@@', 'ap@@', 'an', 'pri@@', 'me', 'minist@@', 'ers', 'me@@', 'et', 'in', 'T@@', 'ok@@', 'y@@', 'o']
2026-05-08 19:42:52,886 - DEBUG - joeynmt.training - 	Tokenized hypothesis: ['the', 'Pri@@', 'me', 'Minist@@', 'er', 'Indi@@', 'a', 'and', 'J@@', 'ap@@', 'an', 'Indi@@', 'a', 'and', 'J@@', 'ap@@', 'an', ',', 'T@@', 'ok@@', 'i@@', 'o', '.', '</s>']
2026-05-08 19:42:52,887 - INFO - joeynmt.training - 	Source:     die Premierminister Indiens und Japans trafen sich in Tokio .
2026-05-08 19:42:52,887 - INFO - joeynmt.training - 	Reference:  India and Japan prime ministers meet in Tokyo
2026-05-08 19:42:52,887 - INFO - joeynmt.training - 	Hypothesis: the Prime Minister India and Japan India and Japan , Tokio .
2026-05-08 19:42:52,887 - INFO - joeynmt.training - Example #1
2026-05-08 19:42:52,887 - DEBUG - joeynmt.training - 	Tokenized source:     ['Indi@@', 'ens', 'neu@@', 'er', 'Pre@@', 'mi@@', 'er@@', 'minist@@', 'er', 'N@@', 'ar@@', 'end@@', 'ra', 'Mo@@', 'd@@', 'i', 'tri@@', 'fft', 'bei', 's@@', 'einem', 'ersten', 'wichti@@', 'gen', 'Aus@@', 'land@@', 's@@', 'bes@@', 'u@@', 'ch', 'seit', 's@@', 'einem', 'W@@', 'ah@@', 'l@@', 'si@@', 'e@@', 'g', 'im', 'Ma@@', 'i', 'seinen', 'j@@', 'ap@@', 'an@@', 'ischen', 'Am@@', 'ts@@', 'k@@', 'olle@@', 'gen', 'S@@', 'hin@@', 'z@@', 'o', 'A@@', 'be', 'in', 'T@@', 'ok@@', 'o', ',', 'um', 'wirtschaf@@', 'tliche', 'und', 'sicher@@', 'heits@@', 'politische', 'Be@@', 'zieh@@', 'ungen', 'zu', 'bes@@', 'pre@@', 'chen', '.']
2026-05-08 19:42:52,887 - DEBUG - joeynmt.training - 	Tokenized reference:  ['Indi@@', 'a', '&apos;s', 'new', 'pri@@', 'me', 'minist@@', 'er', ',', 'N@@', 'ar@@', 'end@@', 'ra', 'Mo@@', 'd@@', 'i', ',', 'is', 'me@@', 'eting', 'his', 'J@@', 'ap@@', 'an@@', 'ese', 'coun@@', 'ter@@', 'part', ',', 'S@@', 'hin@@', 'z@@', 'o', 'A@@', 'be', ',', 'in', 'T@@', 'ok@@', 'y@@', 'o', 'to', 'disc@@', 'uss', 'economic', 'and', 'security', 'ties', ',', 'on', 'his', 'first', 'major', 'fore@@', 'ign', 'visi@@', 't', 'since', 'w@@', 'inn@@', 'ing', 'Ma@@', 'y', '&apos;s', 'elec@@', 'tion', '.']
2026-05-08 19:42:52,887 - DEBUG - joeynmt.training - 	Tokenized hypothesis: ['Indi@@', 'a', '&apos;s', 'new', 'Pri@@', 'me', 'Minist@@', 'er', 'N@@', 'ar@@', 'end@@', 'ra', 'Mo@@', 'd@@', 'i', ',', 'in', 'his', 'first', 'important', 'fore@@', 'ign', 'country', ',', 'for', 'his', 'first', 'important', 'fore@@', 'ign', 'visi@@', 'tors', ',', 'his', 'J@@', 'ap@@', 'an@@', 'ese', 'S@@', 'hin@@', 'z@@', 'o', 'A@@', 'be', 'in', 'T@@', 'ok@@', 'o', ',', 'to', 'visi@@', 't', 'his', 'J@@', 'ap@@', 'an@@', 'ese', 'off@@', 'i@@', 'cial', 'and', 'S@@', 'ec@@', 'urity', 'Poli@@', 'cy', '.', '</s>']
2026-05-08 19:42:52,887 - INFO - joeynmt.training - 	Source:     Indiens neuer Premierminister Narendra Modi trifft bei seinem ersten wichtigen Auslandsbesuch seit seinem Wahlsieg im Mai seinen japanischen Amtskollegen Shinzo Abe in Toko , um wirtschaftliche und sicherheitspolitische Beziehungen zu besprechen .
2026-05-08 19:42:52,887 - INFO - joeynmt.training - 	Reference:  India &apos;s new prime minister , Narendra Modi , is meeting his Japanese counterpart , Shinzo Abe , in Tokyo to discuss economic and security ties , on his first major foreign visit since winning May &apos;s election .
2026-05-08 19:42:52,887 - INFO - joeynmt.training - 	Hypothesis: India &apos;s new Prime Minister Narendra Modi , in his first important foreign country , for his first important foreign visitors , his Japanese Shinzo Abe in Toko , to visit his Japanese official and Security Policy .
2026-05-08 19:42:52,887 - INFO - joeynmt.training - Example #2
2026-05-08 19:42:52,887 - DEBUG - joeynmt.training - 	Tokenized source:     ['Herr', 'Mo@@', 'd@@', 'i', 'befindet', 'sich', 'auf', 'einer', 'fü@@', 'n@@', 'f@@', 'tä@@', 'gi@@', 'gen', 'Rei@@', 'se', 'nach', 'J@@', 'ap@@', 'an', ',', 'um', 'die', 'wirtschaf@@', 'tlichen', 'Be@@', 'zieh@@', 'ungen', 'mit', 'der', 'd@@', 'rit@@', 't@@', 'größ@@', 'ten', 'Wirtschafts@@', 'n@@', 'ation', 'der', 'Welt', 'zu', 'fes@@', 'tigen', '.']
2026-05-08 19:42:52,887 - DEBUG - joeynmt.training - 	Tokenized reference:  ['Mr', 'Mo@@', 'd@@', 'i', 'is', 'on', 'a', 'fi@@', 've', '@@@', '-@@', '@', 'day', 'tri@@', 'p', 'to', 'J@@', 'ap@@', 'an', 'to', 'streng@@', 'then', 'economic', 'ties', 'with', 'the', 'third', 'lar@@', 'ges@@', 't', 'econom@@', 'y', 'in', 'the', 'world', '.']
2026-05-08 19:42:52,887 - DEBUG - joeynmt.training - 	Tokenized hypothesis: ['Mr', 'Mo@@', 'd@@', 'i', 'is', 'based', 'on', 'a', 'fi@@', 'f@@', 'ty', 'tra@@', 'v@@', 'el', 'to', 'J@@', 'ap@@', 'an', ',', 'to', 'con@@', 'f@@', 'lic@@', 't', 'in', 'order', 'to', 'be', 'f@@', 'it@@', 'ted', 'to', 'the', 'economic', 'rel@@', 'ations', 'with', 'the', 'third', 'lar@@', 'ges@@', 't', 'economic', 'n@@', 'ation', 'of', 'the', 'world', '.', '</s>']
2026-05-08 19:42:52,887 - INFO - joeynmt.training - 	Source:     Herr Modi befindet sich auf einer fünftägigen Reise nach Japan , um die wirtschaftlichen Beziehungen mit der drittgrößten Wirtschaftsnation der Welt zu festigen .
2026-05-08 19:42:52,887 - INFO - joeynmt.training - 	Reference:  Mr Modi is on a five @-@ day trip to Japan to strengthen economic ties with the third largest economy in the world .
2026-05-08 19:42:52,887 - INFO - joeynmt.training - 	Hypothesis: Mr Modi is based on a fifty travel to Japan , to conflict in order to be fitted to the economic relations with the third largest economic nation of the world .
2026-05-08 19:42:52,887 - INFO - joeynmt.training - Example #3
2026-05-08 19:42:52,887 - DEBUG - joeynmt.training - 	Tokenized source:     ['P@@', 'län@@', 'e', 'für', 'eine', 'stärk@@', 'ere', 'k@@', 'ern@@', 'techn@@', 'ische', 'Zusammenarbeit', 'stehen', 'ganz', 'ob@@', 'en', 'auf', 'der', 'Tag@@', 'es@@', 'ordnung', '.']
2026-05-08 19:42:52,887 - DEBUG - joeynmt.training - 	Tokenized reference:  ['high', 'on', 'the', 'agen@@', 'da', 'are', 'pl@@', 'ans', 'for', 'gre@@', 'ater', 'nu@@', 'clear', 'c@@', 'o', '@@@', '-@@', '@', 'operation', '.']
2026-05-08 19:42:52,887 - DEBUG - joeynmt.training - 	Tokenized hypothesis: ['p@@', 'ass@@', 'ing', 'for', 'gre@@', 'ater', 'nu@@', 'clear', 'cooperation', 'are', 'very', 'ob@@', 'ser@@', 'ved', 'on', 'the', 'agen@@', 'da', '.', '</s>']
2026-05-08 19:42:52,887 - INFO - joeynmt.training - 	Source:     Pläne für eine stärkere kerntechnische Zusammenarbeit stehen ganz oben auf der Tagesordnung .
2026-05-08 19:42:52,887 - INFO - joeynmt.training - 	Reference:  high on the agenda are plans for greater nuclear co @-@ operation .
2026-05-08 19:42:52,887 - INFO - joeynmt.training - 	Hypothesis: passing for greater nuclear cooperation are very observed on the agenda .
2026-05-08 19:42:52,887 - INFO - joeynmt.training - Example #4
2026-05-08 19:42:52,888 - DEBUG - joeynmt.training - 	Tokenized source:     ['Berich@@', 'ten', 'zu@@', 'fol@@', 'ge', 'ho@@', 'fft', 'Indi@@', 'en', 'darüber', 'hinaus', 'auf', 'einen', 'Ver@@', 'trag', 'zur', 'Ver@@', 'tei@@', 'dig@@', 'ungs@@', 'zusammen@@', 'arbeit', 'zwischen', 'den', 'beiden', 'N@@', 'ationen', '.']
2026-05-08 19:42:52,888 - DEBUG - joeynmt.training - 	Tokenized reference:  ['Indi@@', 'a', 'is', 'also', 're@@', 'porte@@', 'dly', 'hop@@', 'ing', 'for', 'a', 'de@@', 'al', 'on', 'def@@', 'ence', 'c@@', 'oll@@', 'ab@@', 'or@@', 'ation', 'between', 'the', 'two', 'n@@', 'ations', '.']
2026-05-08 19:42:52,888 - DEBUG - joeynmt.training - 	Tokenized hypothesis: ['re@@', 'ports', ',', 'Indi@@', 'a', 'is', 'also', 'the', 'fact', 'that', 'Indi@@', 'a', 'is', 'also', 'the', 'Tre@@', 'aty', 'on', 'def@@', 'ence', 'between', 'the', 'two', 'n@@', 'ations', '.', '</s>']
2026-05-08 19:42:52,888 - INFO - joeynmt.training - 	Source:     Berichten zufolge hofft Indien darüber hinaus auf einen Vertrag zur Verteidigungszusammenarbeit zwischen den beiden Nationen .
2026-05-08 19:42:52,888 - INFO - joeynmt.training - 	Reference:  India is also reportedly hoping for a deal on defence collaboration between the two nations .
2026-05-08 19:42:52,888 - INFO - joeynmt.training - 	Hypothesis: reports , India is also the fact that India is also the Treaty on defence between the two nations .
2026-05-08 19:43:09,837 - INFO - joeynmt.training - Epoch   8, Step:    29600, Batch Loss:     1.714790, Batch Acc: 0.536761, Tokens per Sec:     5317, Lr: 0.000300
2026-05-08 19:43:26,877 - INFO - joeynmt.training - Epoch   8, Step:    29700, Batch Loss:     1.487311, Batch Acc: 0.538102, Tokens per Sec:     5423, Lr: 0.000300
2026-05-08 19:43:43,938 - INFO - joeynmt.training - Epoch   8, Step:    29800, Batch Loss:     1.584917, Batch Acc: 0.537251, Tokens per Sec:     5372, Lr: 0.000300
2026-05-08 19:44:01,170 - INFO - joeynmt.training - Epoch   8, Step:    29900, Batch Loss:     1.799033, Batch Acc: 0.535996, Tokens per Sec:     5333, Lr: 0.000300
2026-05-08 19:44:18,323 - INFO - joeynmt.training - Epoch   8, Step:    30000, Batch Loss:     1.633424, Batch Acc: 0.538490, Tokens per Sec:     5404, Lr: 0.000300
2026-05-08 19:44:18,324 - INFO - joeynmt.prediction - Predicting 500 example(s)... (Greedy decoding with min_output_length=1, max_output_length=-1, return_prob='none', generate_unk=True, repetition_penalty=-1, no_repeat_ngram_size=-1)
2026-05-08 19:44:49,771 - INFO - joeynmt.prediction - Evaluation result (greedy) loss:   2.09, ppl:   8.10, acc:   0.46, generation: 31.4424[sec], evaluation: 0.0000[sec]
2026-05-08 19:44:49,773 - INFO - joeynmt.training - Hooray! New best validation result [ppl]!
2026-05-08 19:44:49,861 - INFO - joeynmt.helpers - delete models/deen_transformer_pre/27500.ckpt
2026-05-08 19:44:49,864 - INFO - joeynmt.training - Example #0
2026-05-08 19:44:49,864 - DEBUG - joeynmt.training - 	Tokenized source:     ['die', 'Pre@@', 'mi@@', 'er@@', 'minist@@', 'er', 'Indi@@', 'ens', 'und', 'J@@', 'ap@@', 'ans', 'tra@@', 'fen', 'sich', 'in', 'T@@', 'ok@@', 'i@@', 'o', '.']
2026-05-08 19:44:49,864 - DEBUG - joeynmt.training - 	Tokenized reference:  ['Indi@@', 'a', 'and', 'J@@', 'ap@@', 'an', 'pri@@', 'me', 'minist@@', 'ers', 'me@@', 'et', 'in', 'T@@', 'ok@@', 'y@@', 'o']
2026-05-08 19:44:49,864 - DEBUG - joeynmt.training - 	Tokenized hypothesis: ['the', 'Pri@@', 'me', 'Minist@@', 'er', 'Indi@@', 'a', 'and', 'J@@', 'ap@@', 'an', '&apos;s', 'ad@@', 'minist@@', 'ration', 'of', 'Indi@@', 'a', 'and', 'J@@', 'ap@@', 'an', '&apos;s', 'in@@', 'si@@', 'ght', '.', '</s>']
2026-05-08 19:44:49,864 - INFO - joeynmt.training - 	Source:     die Premierminister Indiens und Japans trafen sich in Tokio .
2026-05-08 19:44:49,864 - INFO - joeynmt.training - 	Reference:  India and Japan prime ministers meet in Tokyo
2026-05-08 19:44:49,864 - INFO - joeynmt.training - 	Hypothesis: the Prime Minister India and Japan &apos;s administration of India and Japan &apos;s insight .
2026-05-08 19:44:49,864 - INFO - joeynmt.training - Example #1
2026-05-08 19:44:49,864 - DEBUG - joeynmt.training - 	Tokenized source:     ['Indi@@', 'ens', 'neu@@', 'er', 'Pre@@', 'mi@@', 'er@@', 'minist@@', 'er', 'N@@', 'ar@@', 'end@@', 'ra', 'Mo@@', 'd@@', 'i', 'tri@@', 'fft', 'bei', 's@@', 'einem', 'ersten', 'wichti@@', 'gen', 'Aus@@', 'land@@', 's@@', 'bes@@', 'u@@', 'ch', 'seit', 's@@', 'einem', 'W@@', 'ah@@', 'l@@', 'si@@', 'e@@', 'g', 'im', 'Ma@@', 'i', 'seinen', 'j@@', 'ap@@', 'an@@', 'ischen', 'Am@@', 'ts@@', 'k@@', 'olle@@', 'gen', 'S@@', 'hin@@', 'z@@', 'o', 'A@@', 'be', 'in', 'T@@', 'ok@@', 'o', ',', 'um', 'wirtschaf@@', 'tliche', 'und', 'sicher@@', 'heits@@', 'politische', 'Be@@', 'zieh@@', 'ungen', 'zu', 'bes@@', 'pre@@', 'chen', '.']
2026-05-08 19:44:49,865 - DEBUG - joeynmt.training - 	Tokenized reference:  ['Indi@@', 'a', '&apos;s', 'new', 'pri@@', 'me', 'minist@@', 'er', ',', 'N@@', 'ar@@', 'end@@', 'ra', 'Mo@@', 'd@@', 'i', ',', 'is', 'me@@', 'eting', 'his', 'J@@', 'ap@@', 'an@@', 'ese', 'coun@@', 'ter@@', 'part', ',', 'S@@', 'hin@@', 'z@@', 'o', 'A@@', 'be', ',', 'in', 'T@@', 'ok@@', 'y@@', 'o', 'to', 'disc@@', 'uss', 'economic', 'and', 'security', 'ties', ',', 'on', 'his', 'first', 'major', 'fore@@', 'ign', 'visi@@', 't', 'since', 'w@@', 'inn@@', 'ing', 'Ma@@', 'y', '&apos;s', 'elec@@', 'tion', '.']
2026-05-08 19:44:49,865 - DEBUG - joeynmt.training - 	Tokenized hypothesis: ['Indi@@', 'a', '&apos;s', 'new', 'Pri@@', 'me', 'Minist@@', 'er', 'N@@', 'ar@@', 'end@@', 'ra', 'Mo@@', 'd@@', 'i', '&apos;s', 'first', 'important', 'fore@@', 'ign', 'visi@@', 'tors', ',', 'the', 'first', 'of', 'all', 'the', 'important', 'fore@@', 'ign', 'visi@@', 'tors', 'in', 'Ma@@', 'y', 'his', 'J@@', 'ap@@', 'an@@', 'ese', 'off@@', 'i@@', 'cial', 'S@@', 'hin@@', 'z@@', 'o', 'A@@', 'be', 'in', 'T@@', 'ok@@', 'o', ',', 'to', 're@@', 'ach', 'economic', 'and', 'saf@@', 'ety', 'political', 'rel@@', 'ations', '.', '</s>']
2026-05-08 19:44:49,865 - INFO - joeynmt.training - 	Source:     Indiens neuer Premierminister Narendra Modi trifft bei seinem ersten wichtigen Auslandsbesuch seit seinem Wahlsieg im Mai seinen japanischen Amtskollegen Shinzo Abe in Toko , um wirtschaftliche und sicherheitspolitische Beziehungen zu besprechen .
2026-05-08 19:44:49,865 - INFO - joeynmt.training - 	Reference:  India &apos;s new prime minister , Narendra Modi , is meeting his Japanese counterpart , Shinzo Abe , in Tokyo to discuss economic and security ties , on his first major foreign visit since winning May &apos;s election .
2026-05-08 19:44:49,865 - INFO - joeynmt.training - 	Hypothesis: India &apos;s new Prime Minister Narendra Modi &apos;s first important foreign visitors , the first of all the important foreign visitors in May his Japanese official Shinzo Abe in Toko , to reach economic and safety political relations .
2026-05-08 19:44:49,865 - INFO - joeynmt.training - Example #2
2026-05-08 19:44:49,865 - DEBUG - joeynmt.training - 	Tokenized source:     ['Herr', 'Mo@@', 'd@@', 'i', 'befindet', 'sich', 'auf', 'einer', 'fü@@', 'n@@', 'f@@', 'tä@@', 'gi@@', 'gen', 'Rei@@', 'se', 'nach', 'J@@', 'ap@@', 'an', ',', 'um', 'die', 'wirtschaf@@', 'tlichen', 'Be@@', 'zieh@@', 'ungen', 'mit', 'der', 'd@@', 'rit@@', 't@@', 'größ@@', 'ten', 'Wirtschafts@@', 'n@@', 'ation', 'der', 'Welt', 'zu', 'fes@@', 'tigen', '.']
2026-05-08 19:44:49,865 - DEBUG - joeynmt.training - 	Tokenized reference:  ['Mr', 'Mo@@', 'd@@', 'i', 'is', 'on', 'a', 'fi@@', 've', '@@@', '-@@', '@', 'day', 'tri@@', 'p', 'to', 'J@@', 'ap@@', 'an', 'to', 'streng@@', 'then', 'economic', 'ties', 'with', 'the', 'third', 'lar@@', 'ges@@', 't', 'econom@@', 'y', 'in', 'the', 'world', '.']
2026-05-08 19:44:49,865 - DEBUG - joeynmt.training - 	Tokenized hypothesis: ['Mr', 'Mo@@', 'd@@', 'i', 'is', 'based', 'on', 'a', 'fi@@', 'f@@', 'ty', 'tra@@', 'v@@', 'el', 'to', 'J@@', 'ap@@', 'an', ',', 'to', 'pro@@', 'duce', 'the', 'economic', 'rel@@', 'ations', 'with', 'the', 'third', 'lar@@', 'ges@@', 't', 'economic', 'n@@', 'ation', 'of', 'the', 'world', '.', '</s>']
2026-05-08 19:44:49,865 - INFO - joeynmt.training - 	Source:     Herr Modi befindet sich auf einer fünftägigen Reise nach Japan , um die wirtschaftlichen Beziehungen mit der drittgrößten Wirtschaftsnation der Welt zu festigen .
2026-05-08 19:44:49,865 - INFO - joeynmt.training - 	Reference:  Mr Modi is on a five @-@ day trip to Japan to strengthen economic ties with the third largest economy in the world .
2026-05-08 19:44:49,865 - INFO - joeynmt.training - 	Hypothesis: Mr Modi is based on a fifty travel to Japan , to produce the economic relations with the third largest economic nation of the world .
2026-05-08 19:44:49,865 - INFO - joeynmt.training - Example #3
2026-05-08 19:44:49,865 - DEBUG - joeynmt.training - 	Tokenized source:     ['P@@', 'län@@', 'e', 'für', 'eine', 'stärk@@', 'ere', 'k@@', 'ern@@', 'techn@@', 'ische', 'Zusammenarbeit', 'stehen', 'ganz', 'ob@@', 'en', 'auf', 'der', 'Tag@@', 'es@@', 'ordnung', '.']
2026-05-08 19:44:49,865 - DEBUG - joeynmt.training - 	Tokenized reference:  ['high', 'on', 'the', 'agen@@', 'da', 'are', 'pl@@', 'ans', 'for', 'gre@@', 'ater', 'nu@@', 'clear', 'c@@', 'o', '@@@', '-@@', '@', 'operation', '.']
2026-05-08 19:44:49,865 - DEBUG - joeynmt.training - 	Tokenized hypothesis: ['p@@', 'u@@', 'ts', 'for', 'more', 'nu@@', 'clear', 'techn@@', 'ical', 'cooperation', 'are', 'on', 'the', 'agen@@', 'da', '.', '</s>']
2026-05-08 19:44:49,865 - INFO - joeynmt.training - 	Source:     Pläne für eine stärkere kerntechnische Zusammenarbeit stehen ganz oben auf der Tagesordnung .
2026-05-08 19:44:49,865 - INFO - joeynmt.training - 	Reference:  high on the agenda are plans for greater nuclear co @-@ operation .
2026-05-08 19:44:49,865 - INFO - joeynmt.training - 	Hypothesis: puts for more nuclear technical cooperation are on the agenda .
2026-05-08 19:44:49,865 - INFO - joeynmt.training - Example #4
2026-05-08 19:44:49,865 - DEBUG - joeynmt.training - 	Tokenized source:     ['Berich@@', 'ten', 'zu@@', 'fol@@', 'ge', 'ho@@', 'fft', 'Indi@@', 'en', 'darüber', 'hinaus', 'auf', 'einen', 'Ver@@', 'trag', 'zur', 'Ver@@', 'tei@@', 'dig@@', 'ungs@@', 'zusammen@@', 'arbeit', 'zwischen', 'den', 'beiden', 'N@@', 'ationen', '.']
2026-05-08 19:44:49,865 - DEBUG - joeynmt.training - 	Tokenized reference:  ['Indi@@', 'a', 'is', 'also', 're@@', 'porte@@', 'dly', 'hop@@', 'ing', 'for', 'a', 'de@@', 'al', 'on', 'def@@', 'ence', 'c@@', 'oll@@', 'ab@@', 'or@@', 'ation', 'between', 'the', 'two', 'n@@', 'ations', '.']
2026-05-08 19:44:49,865 - DEBUG - joeynmt.training - 	Tokenized hypothesis: ['the', 're@@', 'ports', 'of', 'the', 'fact', 'that', 'Indi@@', 'a', 'is', 'also', 'the', 'con@@', 'tra@@', 'ct', 'on', 'the', 'basis', 'of', 'the', 'def@@', 'ence', 'of', 'the', 'two', 'n@@', 'ations', '.', '</s>']
2026-05-08 19:44:49,865 - INFO - joeynmt.training - 	Source:     Berichten zufolge hofft Indien darüber hinaus auf einen Vertrag zur Verteidigungszusammenarbeit zwischen den beiden Nationen .
2026-05-08 19:44:49,865 - INFO - joeynmt.training - 	Reference:  India is also reportedly hoping for a deal on defence collaboration between the two nations .
2026-05-08 19:44:49,865 - INFO - joeynmt.training - 	Hypothesis: the reports of the fact that India is also the contract on the basis of the defence of the two nations .
2026-05-08 19:45:06,714 - INFO - joeynmt.training - Epoch   8, Step:    30100, Batch Loss:     1.934698, Batch Acc: 0.537617, Tokens per Sec:     5483, Lr: 0.000300
2026-05-08 19:45:23,776 - INFO - joeynmt.training - Epoch   8, Step:    30200, Batch Loss:     1.741399, Batch Acc: 0.537652, Tokens per Sec:     5366, Lr: 0.000300
2026-05-08 19:45:41,003 - INFO - joeynmt.training - Epoch   8, Step:    30300, Batch Loss:     1.667396, Batch Acc: 0.534625, Tokens per Sec:     5308, Lr: 0.000300
2026-05-08 19:45:57,944 - INFO - joeynmt.training - Epoch   8, Step:    30400, Batch Loss:     1.770551, Batch Acc: 0.539242, Tokens per Sec:     5468, Lr: 0.000300
2026-05-08 19:46:15,054 - INFO - joeynmt.training - Epoch   8, Step:    30500, Batch Loss:     1.841907, Batch Acc: 0.533189, Tokens per Sec:     5433, Lr: 0.000300
2026-05-08 19:46:15,055 - INFO - joeynmt.prediction - Predicting 500 example(s)... (Greedy decoding with min_output_length=1, max_output_length=-1, return_prob='none', generate_unk=True, repetition_penalty=-1, no_repeat_ngram_size=-1)
2026-05-08 19:46:43,262 - INFO - joeynmt.prediction - Evaluation result (greedy) loss:   2.09, ppl:   8.08, acc:   0.46, generation: 28.2032[sec], evaluation: 0.0000[sec]
2026-05-08 19:46:43,265 - INFO - joeynmt.training - Hooray! New best validation result [ppl]!
2026-05-08 19:46:43,362 - INFO - joeynmt.helpers - delete models/deen_transformer_pre/29500.ckpt
2026-05-08 19:46:43,364 - INFO - joeynmt.training - Example #0
2026-05-08 19:46:43,364 - DEBUG - joeynmt.training - 	Tokenized source:     ['die', 'Pre@@', 'mi@@', 'er@@', 'minist@@', 'er', 'Indi@@', 'ens', 'und', 'J@@', 'ap@@', 'ans', 'tra@@', 'fen', 'sich', 'in', 'T@@', 'ok@@', 'i@@', 'o', '.']
2026-05-08 19:46:43,364 - DEBUG - joeynmt.training - 	Tokenized reference:  ['Indi@@', 'a', 'and', 'J@@', 'ap@@', 'an', 'pri@@', 'me', 'minist@@', 'ers', 'me@@', 'et', 'in', 'T@@', 'ok@@', 'y@@', 'o']
2026-05-08 19:46:43,364 - DEBUG - joeynmt.training - 	Tokenized hypothesis: ['the', 'Pri@@', 'me', 'Minist@@', 'er', 'Indi@@', 'a', 'and', 'J@@', 'ap@@', 'an', '&apos;s', 'Pri@@', 'me', 'Minist@@', 'er', 'Indi@@', 'a', '.', '</s>']
2026-05-08 19:46:43,365 - INFO - joeynmt.training - 	Source:     die Premierminister Indiens und Japans trafen sich in Tokio .
2026-05-08 19:46:43,365 - INFO - joeynmt.training - 	Reference:  India and Japan prime ministers meet in Tokyo
2026-05-08 19:46:43,365 - INFO - joeynmt.training - 	Hypothesis: the Prime Minister India and Japan &apos;s Prime Minister India .
2026-05-08 19:46:43,365 - INFO - joeynmt.training - Example #1
2026-05-08 19:46:43,365 - DEBUG - joeynmt.training - 	Tokenized source:     ['Indi@@', 'ens', 'neu@@', 'er', 'Pre@@', 'mi@@', 'er@@', 'minist@@', 'er', 'N@@', 'ar@@', 'end@@', 'ra', 'Mo@@', 'd@@', 'i', 'tri@@', 'fft', 'bei', 's@@', 'einem', 'ersten', 'wichti@@', 'gen', 'Aus@@', 'land@@', 's@@', 'bes@@', 'u@@', 'ch', 'seit', 's@@', 'einem', 'W@@', 'ah@@', 'l@@', 'si@@', 'e@@', 'g', 'im', 'Ma@@', 'i', 'seinen', 'j@@', 'ap@@', 'an@@', 'ischen', 'Am@@', 'ts@@', 'k@@', 'olle@@', 'gen', 'S@@', 'hin@@', 'z@@', 'o', 'A@@', 'be', 'in', 'T@@', 'ok@@', 'o', ',', 'um', 'wirtschaf@@', 'tliche', 'und', 'sicher@@', 'heits@@', 'politische', 'Be@@', 'zieh@@', 'ungen', 'zu', 'bes@@', 'pre@@', 'chen', '.']
2026-05-08 19:46:43,365 - DEBUG - joeynmt.training - 	Tokenized reference:  ['Indi@@', 'a', '&apos;s', 'new', 'pri@@', 'me', 'minist@@', 'er', ',', 'N@@', 'ar@@', 'end@@', 'ra', 'Mo@@', 'd@@', 'i', ',', 'is', 'me@@', 'eting', 'his', 'J@@', 'ap@@', 'an@@', 'ese', 'coun@@', 'ter@@', 'part', ',', 'S@@', 'hin@@', 'z@@', 'o', 'A@@', 'be', ',', 'in', 'T@@', 'ok@@', 'y@@', 'o', 'to', 'disc@@', 'uss', 'economic', 'and', 'security', 'ties', ',', 'on', 'his', 'first', 'major', 'fore@@', 'ign', 'visi@@', 't', 'since', 'w@@', 'inn@@', 'ing', 'Ma@@', 'y', '&apos;s', 'elec@@', 'tion', '.']
2026-05-08 19:46:43,365 - DEBUG - joeynmt.training - 	Tokenized hypothesis: ['Indi@@', 'a', '&apos;s', 'new', 'Pri@@', 'me', 'Minist@@', 'er', 'N@@', 'ar@@', 'end@@', 'ra', 'Mo@@', 'd@@', 'i', ',', 'in', 'his', 'first', 'important', 'ex@@', 'change', 'of', 'the', 'F@@', 'ren@@', 'ch', 'of', 'his', 'elec@@', 'tion', ',', 'in', 'Ma@@', 'y', 'his', 'elec@@', 'tion', ',', 'in', 'Ma@@', 'y', 'his', 'J@@', 'ap@@', 'an@@', 'ese', 'off@@', 'i@@', 'cial', 'and', 'S@@', 'hin@@', 'z@@', 'o', 'A@@', 'be', 'in', 'T@@', 'ok@@', 'o', ',', 'to', 're@@', 'mo@@', 've', 'economic', 'and', 'security', 'political', 'rel@@', 'ations', '.', '</s>']
2026-05-08 19:46:43,365 - INFO - joeynmt.training - 	Source:     Indiens neuer Premierminister Narendra Modi trifft bei seinem ersten wichtigen Auslandsbesuch seit seinem Wahlsieg im Mai seinen japanischen Amtskollegen Shinzo Abe in Toko , um wirtschaftliche und sicherheitspolitische Beziehungen zu besprechen .
2026-05-08 19:46:43,365 - INFO - joeynmt.training - 	Reference:  India &apos;s new prime minister , Narendra Modi , is meeting his Japanese counterpart , Shinzo Abe , in Tokyo to discuss economic and security ties , on his first major foreign visit since winning May &apos;s election .
2026-05-08 19:46:43,365 - INFO - joeynmt.training - 	Hypothesis: India &apos;s new Prime Minister Narendra Modi , in his first important exchange of the French of his election , in May his election , in May his Japanese official and Shinzo Abe in Toko , to remove economic and security political relations .
2026-05-08 19:46:43,365 - INFO - joeynmt.training - Example #2
2026-05-08 19:46:43,365 - DEBUG - joeynmt.training - 	Tokenized source:     ['Herr', 'Mo@@', 'd@@', 'i', 'befindet', 'sich', 'auf', 'einer', 'fü@@', 'n@@', 'f@@', 'tä@@', 'gi@@', 'gen', 'Rei@@', 'se', 'nach', 'J@@', 'ap@@', 'an', ',', 'um', 'die', 'wirtschaf@@', 'tlichen', 'Be@@', 'zieh@@', 'ungen', 'mit', 'der', 'd@@', 'rit@@', 't@@', 'größ@@', 'ten', 'Wirtschafts@@', 'n@@', 'ation', 'der', 'Welt', 'zu', 'fes@@', 'tigen', '.']
2026-05-08 19:46:43,365 - DEBUG - joeynmt.training - 	Tokenized reference:  ['Mr', 'Mo@@', 'd@@', 'i', 'is', 'on', 'a', 'fi@@', 've', '@@@', '-@@', '@', 'day', 'tri@@', 'p', 'to', 'J@@', 'ap@@', 'an', 'to', 'streng@@', 'then', 'economic', 'ties', 'with', 'the', 'third', 'lar@@', 'ges@@', 't', 'econom@@', 'y', 'in', 'the', 'world', '.']
2026-05-08 19:46:43,365 - DEBUG - joeynmt.training - 	Tokenized hypothesis: ['Mr', 'Mo@@', 'd@@', 'i', 'is', 'located', 'on', 'a', 'fi@@', 'f@@', 'ty', 'tra@@', 'v@@', 'el', 'to', 'J@@', 'ap@@', 'an', 'to', 'the', 'economic', 'rel@@', 'ations', 'with', 'the', 'third', 'lar@@', 'ges@@', 't', 'economic', 'rel@@', 'ations', 'with', 'the', 'third', 'lar@@', 'ges@@', 't', 'economic', 'n@@', 'ation', '.', '</s>']
2026-05-08 19:46:43,365 - INFO - joeynmt.training - 	Source:     Herr Modi befindet sich auf einer fünftägigen Reise nach Japan , um die wirtschaftlichen Beziehungen mit der drittgrößten Wirtschaftsnation der Welt zu festigen .
2026-05-08 19:46:43,365 - INFO - joeynmt.training - 	Reference:  Mr Modi is on a five @-@ day trip to Japan to strengthen economic ties with the third largest economy in the world .
2026-05-08 19:46:43,365 - INFO - joeynmt.training - 	Hypothesis: Mr Modi is located on a fifty travel to Japan to the economic relations with the third largest economic relations with the third largest economic nation .
2026-05-08 19:46:43,365 - INFO - joeynmt.training - Example #3
2026-05-08 19:46:43,365 - DEBUG - joeynmt.training - 	Tokenized source:     ['P@@', 'län@@', 'e', 'für', 'eine', 'stärk@@', 'ere', 'k@@', 'ern@@', 'techn@@', 'ische', 'Zusammenarbeit', 'stehen', 'ganz', 'ob@@', 'en', 'auf', 'der', 'Tag@@', 'es@@', 'ordnung', '.']
2026-05-08 19:46:43,365 - DEBUG - joeynmt.training - 	Tokenized reference:  ['high', 'on', 'the', 'agen@@', 'da', 'are', 'pl@@', 'ans', 'for', 'gre@@', 'ater', 'nu@@', 'clear', 'c@@', 'o', '@@@', '-@@', '@', 'operation', '.']
2026-05-08 19:46:43,365 - DEBUG - joeynmt.training - 	Tokenized hypothesis: ['p@@', 'ass@@', 'ing', 'for', 'more', 'nu@@', 'clear', 'cooperation', '.', '</s>']
2026-05-08 19:46:43,365 - INFO - joeynmt.training - 	Source:     Pläne für eine stärkere kerntechnische Zusammenarbeit stehen ganz oben auf der Tagesordnung .
2026-05-08 19:46:43,365 - INFO - joeynmt.training - 	Reference:  high on the agenda are plans for greater nuclear co @-@ operation .
2026-05-08 19:46:43,365 - INFO - joeynmt.training - 	Hypothesis: passing for more nuclear cooperation .
2026-05-08 19:46:43,365 - INFO - joeynmt.training - Example #4
2026-05-08 19:46:43,366 - DEBUG - joeynmt.training - 	Tokenized source:     ['Berich@@', 'ten', 'zu@@', 'fol@@', 'ge', 'ho@@', 'fft', 'Indi@@', 'en', 'darüber', 'hinaus', 'auf', 'einen', 'Ver@@', 'trag', 'zur', 'Ver@@', 'tei@@', 'dig@@', 'ungs@@', 'zusammen@@', 'arbeit', 'zwischen', 'den', 'beiden', 'N@@', 'ationen', '.']
2026-05-08 19:46:43,366 - DEBUG - joeynmt.training - 	Tokenized reference:  ['Indi@@', 'a', 'is', 'also', 're@@', 'porte@@', 'dly', 'hop@@', 'ing', 'for', 'a', 'de@@', 'al', 'on', 'def@@', 'ence', 'c@@', 'oll@@', 'ab@@', 'or@@', 'ation', 'between', 'the', 'two', 'n@@', 'ations', '.']
2026-05-08 19:46:43,366 - DEBUG - joeynmt.training - 	Tokenized hypothesis: ['the', 're@@', 'ports', ',', 'Indi@@', 'a', 'is', 'also', 'high@@', 'li@@', 'gh@@', 'ted', 'to', 'a', 'tre@@', 'aty', 'on', 'the', 'basis', 'of', 'def@@', 'ence', 'together', 'between', 'the', 'two', 'n@@', 'ations', '.', '</s>']
2026-05-08 19:46:43,366 - INFO - joeynmt.training - 	Source:     Berichten zufolge hofft Indien darüber hinaus auf einen Vertrag zur Verteidigungszusammenarbeit zwischen den beiden Nationen .
2026-05-08 19:46:43,366 - INFO - joeynmt.training - 	Reference:  India is also reportedly hoping for a deal on defence collaboration between the two nations .
2026-05-08 19:46:43,366 - INFO - joeynmt.training - 	Hypothesis: the reports , India is also highlighted to a treaty on the basis of defence together between the two nations .
2026-05-08 19:47:01,220 - INFO - joeynmt.training - Epoch   8, Step:    30600, Batch Loss:     1.563067, Batch Acc: 0.531863, Tokens per Sec:     5122, Lr: 0.000300
2026-05-08 19:47:18,706 - INFO - joeynmt.training - Epoch   8, Step:    30700, Batch Loss:     1.672308, Batch Acc: 0.525835, Tokens per Sec:     5269, Lr: 0.000300
2026-05-08 19:47:36,443 - INFO - joeynmt.training - Epoch   8, Step:    30800, Batch Loss:     1.712127, Batch Acc: 0.532293, Tokens per Sec:     5173, Lr: 0.000300
2026-05-08 19:47:54,239 - INFO - joeynmt.training - Epoch   8, Step:    30900, Batch Loss:     1.612191, Batch Acc: 0.533152, Tokens per Sec:     5131, Lr: 0.000300
2026-05-08 19:48:11,792 - INFO - joeynmt.training - Epoch   8, Step:    31000, Batch Loss:     1.583344, Batch Acc: 0.538393, Tokens per Sec:     5271, Lr: 0.000300
2026-05-08 19:48:11,793 - INFO - joeynmt.prediction - Predicting 500 example(s)... (Greedy decoding with min_output_length=1, max_output_length=-1, return_prob='none', generate_unk=True, repetition_penalty=-1, no_repeat_ngram_size=-1)
2026-05-08 19:48:47,882 - INFO - joeynmt.prediction - Evaluation result (greedy) loss:   2.08, ppl:   8.01, acc:   0.46, generation: 36.0847[sec], evaluation: 0.0000[sec]
2026-05-08 19:48:47,884 - INFO - joeynmt.training - Hooray! New best validation result [ppl]!
2026-05-08 19:48:47,969 - INFO - joeynmt.helpers - delete models/deen_transformer_pre/28000.ckpt
2026-05-08 19:48:47,971 - INFO - joeynmt.training - Example #0
2026-05-08 19:48:47,971 - DEBUG - joeynmt.training - 	Tokenized source:     ['die', 'Pre@@', 'mi@@', 'er@@', 'minist@@', 'er', 'Indi@@', 'ens', 'und', 'J@@', 'ap@@', 'ans', 'tra@@', 'fen', 'sich', 'in', 'T@@', 'ok@@', 'i@@', 'o', '.']
2026-05-08 19:48:47,971 - DEBUG - joeynmt.training - 	Tokenized reference:  ['Indi@@', 'a', 'and', 'J@@', 'ap@@', 'an', 'pri@@', 'me', 'minist@@', 'ers', 'me@@', 'et', 'in', 'T@@', 'ok@@', 'y@@', 'o']
2026-05-08 19:48:47,971 - DEBUG - joeynmt.training - 	Tokenized hypothesis: ['the', 'Pre@@', 'mi@@', 'er', 'Minist@@', 'er', 'Indi@@', 'a', 'and', 'J@@', 'ap@@', 'an', '&apos;s', 'minist@@', 'er', '.', '</s>']
2026-05-08 19:48:47,971 - INFO - joeynmt.training - 	Source:     die Premierminister Indiens und Japans trafen sich in Tokio .
2026-05-08 19:48:47,971 - INFO - joeynmt.training - 	Reference:  India and Japan prime ministers meet in Tokyo
2026-05-08 19:48:47,971 - INFO - joeynmt.training - 	Hypothesis: the Premier Minister India and Japan &apos;s minister .
2026-05-08 19:48:47,971 - INFO - joeynmt.training - Example #1
2026-05-08 19:48:47,971 - DEBUG - joeynmt.training - 	Tokenized source:     ['Indi@@', 'ens', 'neu@@', 'er', 'Pre@@', 'mi@@', 'er@@', 'minist@@', 'er', 'N@@', 'ar@@', 'end@@', 'ra', 'Mo@@', 'd@@', 'i', 'tri@@', 'fft', 'bei', 's@@', 'einem', 'ersten', 'wichti@@', 'gen', 'Aus@@', 'land@@', 's@@', 'bes@@', 'u@@', 'ch', 'seit', 's@@', 'einem', 'W@@', 'ah@@', 'l@@', 'si@@', 'e@@', 'g', 'im', 'Ma@@', 'i', 'seinen', 'j@@', 'ap@@', 'an@@', 'ischen', 'Am@@', 'ts@@', 'k@@', 'olle@@', 'gen', 'S@@', 'hin@@', 'z@@', 'o', 'A@@', 'be', 'in', 'T@@', 'ok@@', 'o', ',', 'um', 'wirtschaf@@', 'tliche', 'und', 'sicher@@', 'heits@@', 'politische', 'Be@@', 'zieh@@', 'ungen', 'zu', 'bes@@', 'pre@@', 'chen', '.']
2026-05-08 19:48:47,971 - DEBUG - joeynmt.training - 	Tokenized reference:  ['Indi@@', 'a', '&apos;s', 'new', 'pri@@', 'me', 'minist@@', 'er', ',', 'N@@', 'ar@@', 'end@@', 'ra', 'Mo@@', 'd@@', 'i', ',', 'is', 'me@@', 'eting', 'his', 'J@@', 'ap@@', 'an@@', 'ese', 'coun@@', 'ter@@', 'part', ',', 'S@@', 'hin@@', 'z@@', 'o', 'A@@', 'be', ',', 'in', 'T@@', 'ok@@', 'y@@', 'o', 'to', 'disc@@', 'uss', 'economic', 'and', 'security', 'ties', ',', 'on', 'his', 'first', 'major', 'fore@@', 'ign', 'visi@@', 't', 'since', 'w@@', 'inn@@', 'ing', 'Ma@@', 'y', '&apos;s', 'elec@@', 'tion', '.']
2026-05-08 19:48:47,971 - DEBUG - joeynmt.training - 	Tokenized hypothesis: ['Indi@@', 'a', '&apos;s', 'new', 'Pri@@', 'me', 'Minist@@', 'er', 'N@@', 'ar@@', 'end@@', 'ra', 'Mo@@', 'd@@', 'i', ',', 'in', 'his', 'first', 'important', 'fore@@', 'ign', 'visi@@', 'tors', ',', 'in', 'Ma@@', 'y', 'his', 'first', 'important', 'fore@@', 'ign', 'visi@@', 'tors', ',', 'in', 'Ma@@', 'y', 'his', 'J@@', 'ap@@', 'an@@', 'ese', 'off@@', 'i@@', 'cial', 'and', 'S@@', 'hin@@', 'z@@', 'o', 'A@@', 'be', 'in', 'T@@', 'ok@@', 'o', ',', 'in', 'order', 'to', 're@@', 'ach', 'economic', 'and', 'saf@@', 'ety', '.', '</s>']
2026-05-08 19:48:47,971 - INFO - joeynmt.training - 	Source:     Indiens neuer Premierminister Narendra Modi trifft bei seinem ersten wichtigen Auslandsbesuch seit seinem Wahlsieg im Mai seinen japanischen Amtskollegen Shinzo Abe in Toko , um wirtschaftliche und sicherheitspolitische Beziehungen zu besprechen .
2026-05-08 19:48:47,972 - INFO - joeynmt.training - 	Reference:  India &apos;s new prime minister , Narendra Modi , is meeting his Japanese counterpart , Shinzo Abe , in Tokyo to discuss economic and security ties , on his first major foreign visit since winning May &apos;s election .
2026-05-08 19:48:47,972 - INFO - joeynmt.training - 	Hypothesis: India &apos;s new Prime Minister Narendra Modi , in his first important foreign visitors , in May his first important foreign visitors , in May his Japanese official and Shinzo Abe in Toko , in order to reach economic and safety .
2026-05-08 19:48:47,972 - INFO - joeynmt.training - Example #2
2026-05-08 19:48:47,972 - DEBUG - joeynmt.training - 	Tokenized source:     ['Herr', 'Mo@@', 'd@@', 'i', 'befindet', 'sich', 'auf', 'einer', 'fü@@', 'n@@', 'f@@', 'tä@@', 'gi@@', 'gen', 'Rei@@', 'se', 'nach', 'J@@', 'ap@@', 'an', ',', 'um', 'die', 'wirtschaf@@', 'tlichen', 'Be@@', 'zieh@@', 'ungen', 'mit', 'der', 'd@@', 'rit@@', 't@@', 'größ@@', 'ten', 'Wirtschafts@@', 'n@@', 'ation', 'der', 'Welt', 'zu', 'fes@@', 'tigen', '.']
2026-05-08 19:48:47,972 - DEBUG - joeynmt.training - 	Tokenized reference:  ['Mr', 'Mo@@', 'd@@', 'i', 'is', 'on', 'a', 'fi@@', 've', '@@@', '-@@', '@', 'day', 'tri@@', 'p', 'to', 'J@@', 'ap@@', 'an', 'to', 'streng@@', 'then', 'economic', 'ties', 'with', 'the', 'third', 'lar@@', 'ges@@', 't', 'econom@@', 'y', 'in', 'the', 'world', '.']
2026-05-08 19:48:47,972 - DEBUG - joeynmt.training - 	Tokenized hypothesis: ['Mr', 'Mo@@', 'd@@', 'i', 'is', 'based', 'on', 'a', 'fi@@', 'f@@', 'ty', 'tra@@', 'v@@', 'ell@@', 'ing', 'to', 'J@@', 'ap@@', 'an', ',', 'in', 'order', 'to', 'be', 'f@@', 'it@@', 'ted', 'to', 'the', 'economic', 'rel@@', 'ations', 'with', 'the', 'third', 'lar@@', 'ges@@', 't', 'economic', 'n@@', 'ation', 'of', 'the', 'world', '.', '</s>']
2026-05-08 19:48:47,972 - INFO - joeynmt.training - 	Source:     Herr Modi befindet sich auf einer fünftägigen Reise nach Japan , um die wirtschaftlichen Beziehungen mit der drittgrößten Wirtschaftsnation der Welt zu festigen .
2026-05-08 19:48:47,972 - INFO - joeynmt.training - 	Reference:  Mr Modi is on a five @-@ day trip to Japan to strengthen economic ties with the third largest economy in the world .
2026-05-08 19:48:47,972 - INFO - joeynmt.training - 	Hypothesis: Mr Modi is based on a fifty travelling to Japan , in order to be fitted to the economic relations with the third largest economic nation of the world .
2026-05-08 19:48:47,972 - INFO - joeynmt.training - Example #3
2026-05-08 19:48:47,972 - DEBUG - joeynmt.training - 	Tokenized source:     ['P@@', 'län@@', 'e', 'für', 'eine', 'stärk@@', 'ere', 'k@@', 'ern@@', 'techn@@', 'ische', 'Zusammenarbeit', 'stehen', 'ganz', 'ob@@', 'en', 'auf', 'der', 'Tag@@', 'es@@', 'ordnung', '.']
2026-05-08 19:48:47,972 - DEBUG - joeynmt.training - 	Tokenized reference:  ['high', 'on', 'the', 'agen@@', 'da', 'are', 'pl@@', 'ans', 'for', 'gre@@', 'ater', 'nu@@', 'clear', 'c@@', 'o', '@@@', '-@@', '@', 'operation', '.']
2026-05-08 19:48:47,972 - DEBUG - joeynmt.training - 	Tokenized hypothesis: ['p@@', 'ass@@', 'ing', 'for', 'a', 'str@@', 'ong', 'nu@@', 'clear', 'techn@@', 'ical', 'cooperation', '.', '</s>']
2026-05-08 19:48:47,972 - INFO - joeynmt.training - 	Source:     Pläne für eine stärkere kerntechnische Zusammenarbeit stehen ganz oben auf der Tagesordnung .
2026-05-08 19:48:47,972 - INFO - joeynmt.training - 	Reference:  high on the agenda are plans for greater nuclear co @-@ operation .
2026-05-08 19:48:47,972 - INFO - joeynmt.training - 	Hypothesis: passing for a strong nuclear technical cooperation .
2026-05-08 19:48:47,972 - INFO - joeynmt.training - Example #4
2026-05-08 19:48:47,972 - DEBUG - joeynmt.training - 	Tokenized source:     ['Berich@@', 'ten', 'zu@@', 'fol@@', 'ge', 'ho@@', 'fft', 'Indi@@', 'en', 'darüber', 'hinaus', 'auf', 'einen', 'Ver@@', 'trag', 'zur', 'Ver@@', 'tei@@', 'dig@@', 'ungs@@', 'zusammen@@', 'arbeit', 'zwischen', 'den', 'beiden', 'N@@', 'ationen', '.']
2026-05-08 19:48:47,972 - DEBUG - joeynmt.training - 	Tokenized reference:  ['Indi@@', 'a', 'is', 'also', 're@@', 'porte@@', 'dly', 'hop@@', 'ing', 'for', 'a', 'de@@', 'al', 'on', 'def@@', 'ence', 'c@@', 'oll@@', 'ab@@', 'or@@', 'ation', 'between', 'the', 'two', 'n@@', 'ations', '.']
2026-05-08 19:48:47,972 - DEBUG - joeynmt.training - 	Tokenized hypothesis: ['the', 'conclu@@', 'sion', ',', 'Indi@@', 'a', ',', 'the', 'S@@', 'ec@@', 'tion', 'of', 'a', 'con@@', 'tra@@', 'ct', 'on', 'the', 'con@@', 'tra@@', 'ct', 'between', 'the', 'two', 'n@@', 'ations', '.', '</s>']
2026-05-08 19:48:47,972 - INFO - joeynmt.training - 	Source:     Berichten zufolge hofft Indien darüber hinaus auf einen Vertrag zur Verteidigungszusammenarbeit zwischen den beiden Nationen .
2026-05-08 19:48:47,972 - INFO - joeynmt.training - 	Reference:  India is also reportedly hoping for a deal on defence collaboration between the two nations .
2026-05-08 19:48:47,972 - INFO - joeynmt.training - 	Hypothesis: the conclusion , India , the Section of a contract on the contract between the two nations .
2026-05-08 19:49:05,383 - INFO - joeynmt.training - Epoch   8, Step:    31100, Batch Loss:     1.747688, Batch Acc: 0.532875, Tokens per Sec:     5340, Lr: 0.000300
2026-05-08 19:49:22,772 - INFO - joeynmt.training - Epoch   8, Step:    31200, Batch Loss:     1.988919, Batch Acc: 0.532734, Tokens per Sec:     5256, Lr: 0.000300
2026-05-08 19:49:40,238 - INFO - joeynmt.training - Epoch   8, Step:    31300, Batch Loss:     1.897013, Batch Acc: 0.526997, Tokens per Sec:     5122, Lr: 0.000300
2026-05-08 19:49:57,679 - INFO - joeynmt.training - Epoch   8, Step:    31400, Batch Loss:     1.662201, Batch Acc: 0.534436, Tokens per Sec:     5253, Lr: 0.000300
2026-05-08 19:50:15,341 - INFO - joeynmt.training - Epoch   8, Step:    31500, Batch Loss:     1.799137, Batch Acc: 0.526922, Tokens per Sec:     5225, Lr: 0.000300
2026-05-08 19:50:15,341 - INFO - joeynmt.prediction - Predicting 500 example(s)... (Greedy decoding with min_output_length=1, max_output_length=-1, return_prob='none', generate_unk=True, repetition_penalty=-1, no_repeat_ngram_size=-1)
2026-05-08 19:50:47,200 - INFO - joeynmt.prediction - Evaluation result (greedy) loss:   2.09, ppl:   8.06, acc:   0.46, generation: 31.8547[sec], evaluation: 0.0000[sec]
2026-05-08 19:50:47,285 - INFO - joeynmt.helpers - delete models/deen_transformer_pre/28500.ckpt
2026-05-08 19:50:47,287 - INFO - joeynmt.training - Example #0
2026-05-08 19:50:47,287 - DEBUG - joeynmt.training - 	Tokenized source:     ['die', 'Pre@@', 'mi@@', 'er@@', 'minist@@', 'er', 'Indi@@', 'ens', 'und', 'J@@', 'ap@@', 'ans', 'tra@@', 'fen', 'sich', 'in', 'T@@', 'ok@@', 'i@@', 'o', '.']
2026-05-08 19:50:47,287 - DEBUG - joeynmt.training - 	Tokenized reference:  ['Indi@@', 'a', 'and', 'J@@', 'ap@@', 'an', 'pri@@', 'me', 'minist@@', 'ers', 'me@@', 'et', 'in', 'T@@', 'ok@@', 'y@@', 'o']
2026-05-08 19:50:47,287 - DEBUG - joeynmt.training - 	Tokenized hypothesis: ['the', 'Pri@@', 'me', 'Minist@@', 'er', 'Indi@@', 'a', 'and', 'J@@', 'ap@@', 'an', '&apos;s', 'pri@@', 'me', 'minist@@', 'er', 'in', 'T@@', 'ok@@', 'i@@', 'o', '.', '</s>']
2026-05-08 19:50:47,287 - INFO - joeynmt.training - 	Source:     die Premierminister Indiens und Japans trafen sich in Tokio .
2026-05-08 19:50:47,287 - INFO - joeynmt.training - 	Reference:  India and Japan prime ministers meet in Tokyo
2026-05-08 19:50:47,287 - INFO - joeynmt.training - 	Hypothesis: the Prime Minister India and Japan &apos;s prime minister in Tokio .
2026-05-08 19:50:47,287 - INFO - joeynmt.training - Example #1
2026-05-08 19:50:47,287 - DEBUG - joeynmt.training - 	Tokenized source:     ['Indi@@', 'ens', 'neu@@', 'er', 'Pre@@', 'mi@@', 'er@@', 'minist@@', 'er', 'N@@', 'ar@@', 'end@@', 'ra', 'Mo@@', 'd@@', 'i', 'tri@@', 'fft', 'bei', 's@@', 'einem', 'ersten', 'wichti@@', 'gen', 'Aus@@', 'land@@', 's@@', 'bes@@', 'u@@', 'ch', 'seit', 's@@', 'einem', 'W@@', 'ah@@', 'l@@', 'si@@', 'e@@', 'g', 'im', 'Ma@@', 'i', 'seinen', 'j@@', 'ap@@', 'an@@', 'ischen', 'Am@@', 'ts@@', 'k@@', 'olle@@', 'gen', 'S@@', 'hin@@', 'z@@', 'o', 'A@@', 'be', 'in', 'T@@', 'ok@@', 'o', ',', 'um', 'wirtschaf@@', 'tliche', 'und', 'sicher@@', 'heits@@', 'politische', 'Be@@', 'zieh@@', 'ungen', 'zu', 'bes@@', 'pre@@', 'chen', '.']
2026-05-08 19:50:47,287 - DEBUG - joeynmt.training - 	Tokenized reference:  ['Indi@@', 'a', '&apos;s', 'new', 'pri@@', 'me', 'minist@@', 'er', ',', 'N@@', 'ar@@', 'end@@', 'ra', 'Mo@@', 'd@@', 'i', ',', 'is', 'me@@', 'eting', 'his', 'J@@', 'ap@@', 'an@@', 'ese', 'coun@@', 'ter@@', 'part', ',', 'S@@', 'hin@@', 'z@@', 'o', 'A@@', 'be', ',', 'in', 'T@@', 'ok@@', 'y@@', 'o', 'to', 'disc@@', 'uss', 'economic', 'and', 'security', 'ties', ',', 'on', 'his', 'first', 'major', 'fore@@', 'ign', 'visi@@', 't', 'since', 'w@@', 'inn@@', 'ing', 'Ma@@', 'y', '&apos;s', 'elec@@', 'tion', '.']
2026-05-08 19:50:47,287 - DEBUG - joeynmt.training - 	Tokenized hypothesis: ['Indi@@', 'a', '&apos;s', 'new', 'pri@@', 'me', 'minist@@', 'er', 'N@@', 'ar@@', 'end@@', 'ra', 'Mo@@', 'd@@', 'i', ',', 'in', 'his', 'first', 'important', 'fore@@', 'ign', 'visi@@', 'tors', ',', 'in', 'Ma@@', 'y', ',', 'in', 'Ma@@', 'y', ',', 'in', 'Ma@@', 'y', ',', 'in', 'Ma@@', 'y', ',', 'in', 'Ma@@', 'y', ',', 'in', 'M@@', 'is@@', 'c@@', 'o', ',', 'in', 'order', 'to', 'visi@@', 't', 'the', 'S@@', 'hin@@', 'z@@', 'o', 'A@@', 'be', 'in', 'T@@', 'ok@@', 'o', ',', 'in', 'order', 'to', 'visi@@', 't', 'the', 'A@@', 'be', 'in', 'T@@', 'ok@@', 'o', ',', 'in', 'order', 'to', 'visi@@', 't', 'the', 'E@@', 'd@@', 'in@@', 'i', 'S@@', 'ol@@', 'ation', '.', '</s>']
2026-05-08 19:50:47,287 - INFO - joeynmt.training - 	Source:     Indiens neuer Premierminister Narendra Modi trifft bei seinem ersten wichtigen Auslandsbesuch seit seinem Wahlsieg im Mai seinen japanischen Amtskollegen Shinzo Abe in Toko , um wirtschaftliche und sicherheitspolitische Beziehungen zu besprechen .
2026-05-08 19:50:47,287 - INFO - joeynmt.training - 	Reference:  India &apos;s new prime minister , Narendra Modi , is meeting his Japanese counterpart , Shinzo Abe , in Tokyo to discuss economic and security ties , on his first major foreign visit since winning May &apos;s election .
2026-05-08 19:50:47,287 - INFO - joeynmt.training - 	Hypothesis: India &apos;s new prime minister Narendra Modi , in his first important foreign visitors , in May , in May , in May , in May , in May , in Misco , in order to visit the Shinzo Abe in Toko , in order to visit the Abe in Toko , in order to visit the Edini Solation .
2026-05-08 19:50:47,287 - INFO - joeynmt.training - Example #2
2026-05-08 19:50:47,287 - DEBUG - joeynmt.training - 	Tokenized source:     ['Herr', 'Mo@@', 'd@@', 'i', 'befindet', 'sich', 'auf', 'einer', 'fü@@', 'n@@', 'f@@', 'tä@@', 'gi@@', 'gen', 'Rei@@', 'se', 'nach', 'J@@', 'ap@@', 'an', ',', 'um', 'die', 'wirtschaf@@', 'tlichen', 'Be@@', 'zieh@@', 'ungen', 'mit', 'der', 'd@@', 'rit@@', 't@@', 'größ@@', 'ten', 'Wirtschafts@@', 'n@@', 'ation', 'der', 'Welt', 'zu', 'fes@@', 'tigen', '.']
2026-05-08 19:50:47,287 - DEBUG - joeynmt.training - 	Tokenized reference:  ['Mr', 'Mo@@', 'd@@', 'i', 'is', 'on', 'a', 'fi@@', 've', '@@@', '-@@', '@', 'day', 'tri@@', 'p', 'to', 'J@@', 'ap@@', 'an', 'to', 'streng@@', 'then', 'economic', 'ties', 'with', 'the', 'third', 'lar@@', 'ges@@', 't', 'econom@@', 'y', 'in', 'the', 'world', '.']
2026-05-08 19:50:47,287 - DEBUG - joeynmt.training - 	Tokenized hypothesis: ['Mr', 'Mo@@', 'd@@', 'i', 'is', 'based', 'on', 'a', 'fi@@', 'f@@', 'ty', 'tra@@', 'v@@', 'el', 'to', 'J@@', 'ap@@', 'an', 'to', 'a', 'fi@@', 'f@@', 'ty', 'tra@@', 'v@@', 'el', 'to', 'the', 'economic', 'rel@@', 'ations', 'with', 'the', 'third', 'lar@@', 'ges@@', 't', 'economic', 'n@@', 'ation', 'of', 'the', 'world', '.', '</s>']
2026-05-08 19:50:47,287 - INFO - joeynmt.training - 	Source:     Herr Modi befindet sich auf einer fünftägigen Reise nach Japan , um die wirtschaftlichen Beziehungen mit der drittgrößten Wirtschaftsnation der Welt zu festigen .
2026-05-08 19:50:47,287 - INFO - joeynmt.training - 	Reference:  Mr Modi is on a five @-@ day trip to Japan to strengthen economic ties with the third largest economy in the world .
2026-05-08 19:50:47,287 - INFO - joeynmt.training - 	Hypothesis: Mr Modi is based on a fifty travel to Japan to a fifty travel to the economic relations with the third largest economic nation of the world .
2026-05-08 19:50:47,287 - INFO - joeynmt.training - Example #3
2026-05-08 19:50:47,288 - DEBUG - joeynmt.training - 	Tokenized source:     ['P@@', 'län@@', 'e', 'für', 'eine', 'stärk@@', 'ere', 'k@@', 'ern@@', 'techn@@', 'ische', 'Zusammenarbeit', 'stehen', 'ganz', 'ob@@', 'en', 'auf', 'der', 'Tag@@', 'es@@', 'ordnung', '.']
2026-05-08 19:50:47,288 - DEBUG - joeynmt.training - 	Tokenized reference:  ['high', 'on', 'the', 'agen@@', 'da', 'are', 'pl@@', 'ans', 'for', 'gre@@', 'ater', 'nu@@', 'clear', 'c@@', 'o', '@@@', '-@@', '@', 'operation', '.']
2026-05-08 19:50:47,288 - DEBUG - joeynmt.training - 	Tokenized hypothesis: ['p@@', 'an@@', 'ts', 'for', 'more', 'more', 'nu@@', 'clear', 'techn@@', 'ical', 'cooperation', '.', '</s>']
2026-05-08 19:50:47,288 - INFO - joeynmt.training - 	Source:     Pläne für eine stärkere kerntechnische Zusammenarbeit stehen ganz oben auf der Tagesordnung .
2026-05-08 19:50:47,288 - INFO - joeynmt.training - 	Reference:  high on the agenda are plans for greater nuclear co @-@ operation .
2026-05-08 19:50:47,288 - INFO - joeynmt.training - 	Hypothesis: pants for more more nuclear technical cooperation .
2026-05-08 19:50:47,288 - INFO - joeynmt.training - Example #4
2026-05-08 19:50:47,288 - DEBUG - joeynmt.training - 	Tokenized source:     ['Berich@@', 'ten', 'zu@@', 'fol@@', 'ge', 'ho@@', 'fft', 'Indi@@', 'en', 'darüber', 'hinaus', 'auf', 'einen', 'Ver@@', 'trag', 'zur', 'Ver@@', 'tei@@', 'dig@@', 'ungs@@', 'zusammen@@', 'arbeit', 'zwischen', 'den', 'beiden', 'N@@', 'ationen', '.']
2026-05-08 19:50:47,288 - DEBUG - joeynmt.training - 	Tokenized reference:  ['Indi@@', 'a', 'is', 'also', 're@@', 'porte@@', 'dly', 'hop@@', 'ing', 'for', 'a', 'de@@', 'al', 'on', 'def@@', 'ence', 'c@@', 'oll@@', 'ab@@', 'or@@', 'ation', 'between', 'the', 'two', 'n@@', 'ations', '.']
2026-05-08 19:50:47,288 - DEBUG - joeynmt.training - 	Tokenized hypothesis: ['the', 're@@', 'ports', 'are', 'also', 'high@@', 'ly', 'Indi@@', 'a', 'is', 'also', 'the', 'Tre@@', 'aty', 'on', 'def@@', 'ence', 'between', 'the', 'two', 'n@@', 'ations', '.', '</s>']
2026-05-08 19:50:47,288 - INFO - joeynmt.training - 	Source:     Berichten zufolge hofft Indien darüber hinaus auf einen Vertrag zur Verteidigungszusammenarbeit zwischen den beiden Nationen .
2026-05-08 19:50:47,288 - INFO - joeynmt.training - 	Reference:  India is also reportedly hoping for a deal on defence collaboration between the two nations .
2026-05-08 19:50:47,288 - INFO - joeynmt.training - 	Hypothesis: the reports are also highly India is also the Treaty on defence between the two nations .
2026-05-08 19:51:04,919 - INFO - joeynmt.training - Epoch   8, Step:    31600, Batch Loss:     1.834825, Batch Acc: 0.529892, Tokens per Sec:     5238, Lr: 0.000300
2026-05-08 19:51:22,390 - INFO - joeynmt.training - Epoch   8, Step:    31700, Batch Loss:     1.863141, Batch Acc: 0.533375, Tokens per Sec:     5182, Lr: 0.000300
2026-05-08 19:51:40,100 - INFO - joeynmt.training - Epoch   8, Step:    31800, Batch Loss:     1.674987, Batch Acc: 0.528601, Tokens per Sec:     5250, Lr: 0.000300
2026-05-08 19:51:57,707 - INFO - joeynmt.training - Epoch   8, Step:    31900, Batch Loss:     1.716010, Batch Acc: 0.531638, Tokens per Sec:     5282, Lr: 0.000300
2026-05-08 19:52:15,295 - INFO - joeynmt.training - Epoch   8, Step:    32000, Batch Loss:     1.793362, Batch Acc: 0.530879, Tokens per Sec:     5213, Lr: 0.000300
2026-05-08 19:52:15,295 - INFO - joeynmt.prediction - Predicting 500 example(s)... (Greedy decoding with min_output_length=1, max_output_length=-1, return_prob='none', generate_unk=True, repetition_penalty=-1, no_repeat_ngram_size=-1)
2026-05-08 19:52:46,685 - INFO - joeynmt.prediction - Evaluation result (greedy) loss:   2.08, ppl:   7.99, acc:   0.46, generation: 31.3855[sec], evaluation: 0.0000[sec]
2026-05-08 19:52:46,687 - INFO - joeynmt.training - Hooray! New best validation result [ppl]!
2026-05-08 19:52:46,772 - INFO - joeynmt.helpers - delete models/deen_transformer_pre/29000.ckpt
2026-05-08 19:52:46,773 - INFO - joeynmt.training - Example #0
2026-05-08 19:52:46,773 - DEBUG - joeynmt.training - 	Tokenized source:     ['die', 'Pre@@', 'mi@@', 'er@@', 'minist@@', 'er', 'Indi@@', 'ens', 'und', 'J@@', 'ap@@', 'ans', 'tra@@', 'fen', 'sich', 'in', 'T@@', 'ok@@', 'i@@', 'o', '.']
2026-05-08 19:52:46,773 - DEBUG - joeynmt.training - 	Tokenized reference:  ['Indi@@', 'a', 'and', 'J@@', 'ap@@', 'an', 'pri@@', 'me', 'minist@@', 'ers', 'me@@', 'et', 'in', 'T@@', 'ok@@', 'y@@', 'o']
2026-05-08 19:52:46,773 - DEBUG - joeynmt.training - 	Tokenized hypothesis: ['Indi@@', 'a', 'and', 'J@@', 'ap@@', 'an', '&apos;s', 'Pri@@', 'me', 'Minist@@', 'er', 'Indi@@', 'a', 'and', 'J@@', 'ap@@', 'an', '.', '</s>']
2026-05-08 19:52:46,773 - INFO - joeynmt.training - 	Source:     die Premierminister Indiens und Japans trafen sich in Tokio .
2026-05-08 19:52:46,773 - INFO - joeynmt.training - 	Reference:  India and Japan prime ministers meet in Tokyo
2026-05-08 19:52:46,773 - INFO - joeynmt.training - 	Hypothesis: India and Japan &apos;s Prime Minister India and Japan .
2026-05-08 19:52:46,773 - INFO - joeynmt.training - Example #1
2026-05-08 19:52:46,773 - DEBUG - joeynmt.training - 	Tokenized source:     ['Indi@@', 'ens', 'neu@@', 'er', 'Pre@@', 'mi@@', 'er@@', 'minist@@', 'er', 'N@@', 'ar@@', 'end@@', 'ra', 'Mo@@', 'd@@', 'i', 'tri@@', 'fft', 'bei', 's@@', 'einem', 'ersten', 'wichti@@', 'gen', 'Aus@@', 'land@@', 's@@', 'bes@@', 'u@@', 'ch', 'seit', 's@@', 'einem', 'W@@', 'ah@@', 'l@@', 'si@@', 'e@@', 'g', 'im', 'Ma@@', 'i', 'seinen', 'j@@', 'ap@@', 'an@@', 'ischen', 'Am@@', 'ts@@', 'k@@', 'olle@@', 'gen', 'S@@', 'hin@@', 'z@@', 'o', 'A@@', 'be', 'in', 'T@@', 'ok@@', 'o', ',', 'um', 'wirtschaf@@', 'tliche', 'und', 'sicher@@', 'heits@@', 'politische', 'Be@@', 'zieh@@', 'ungen', 'zu', 'bes@@', 'pre@@', 'chen', '.']
2026-05-08 19:52:46,773 - DEBUG - joeynmt.training - 	Tokenized reference:  ['Indi@@', 'a', '&apos;s', 'new', 'pri@@', 'me', 'minist@@', 'er', ',', 'N@@', 'ar@@', 'end@@', 'ra', 'Mo@@', 'd@@', 'i', ',', 'is', 'me@@', 'eting', 'his', 'J@@', 'ap@@', 'an@@', 'ese', 'coun@@', 'ter@@', 'part', ',', 'S@@', 'hin@@', 'z@@', 'o', 'A@@', 'be', ',', 'in', 'T@@', 'ok@@', 'y@@', 'o', 'to', 'disc@@', 'uss', 'economic', 'and', 'security', 'ties', ',', 'on', 'his', 'first', 'major', 'fore@@', 'ign', 'visi@@', 't', 'since', 'w@@', 'inn@@', 'ing', 'Ma@@', 'y', '&apos;s', 'elec@@', 'tion', '.']
2026-05-08 19:52:46,773 - DEBUG - joeynmt.training - 	Tokenized hypothesis: ['Indi@@', 'a', '&apos;s', 'lat@@', 'er', 'Pri@@', 'me', 'Minist@@', 'er', ',', 'N@@', 'ar@@', 'end@@', 'ra', 'Mo@@', 'd@@', 'i', ',', 'in', 'his', 'first', 'important', 'fore@@', 'ign', 'visi@@', 'tors', ',', 'the', 'S@@', 'hin@@', 'z@@', 'o', 'A@@', 'be', 'in', 'T@@', 'ok@@', 'o', ',', 'in', 'the', 'Ma@@', 'y', ',', 'in', 'the', 'S@@', 'hin@@', 'z@@', 'o', 'A@@', 'be', 'in', 'T@@', 'ok@@', 'o', ',', 'to', 're@@', 'ali@@', 'se', 'economic', 'and', 'saf@@', 'ety', 'policy', 'rel@@', 'ations', '.', '</s>']
2026-05-08 19:52:46,773 - INFO - joeynmt.training - 	Source:     Indiens neuer Premierminister Narendra Modi trifft bei seinem ersten wichtigen Auslandsbesuch seit seinem Wahlsieg im Mai seinen japanischen Amtskollegen Shinzo Abe in Toko , um wirtschaftliche und sicherheitspolitische Beziehungen zu besprechen .
2026-05-08 19:52:46,773 - INFO - joeynmt.training - 	Reference:  India &apos;s new prime minister , Narendra Modi , is meeting his Japanese counterpart , Shinzo Abe , in Tokyo to discuss economic and security ties , on his first major foreign visit since winning May &apos;s election .
2026-05-08 19:52:46,773 - INFO - joeynmt.training - 	Hypothesis: India &apos;s later Prime Minister , Narendra Modi , in his first important foreign visitors , the Shinzo Abe in Toko , in the May , in the Shinzo Abe in Toko , to realise economic and safety policy relations .
2026-05-08 19:52:46,773 - INFO - joeynmt.training - Example #2
2026-05-08 19:52:46,773 - DEBUG - joeynmt.training - 	Tokenized source:     ['Herr', 'Mo@@', 'd@@', 'i', 'befindet', 'sich', 'auf', 'einer', 'fü@@', 'n@@', 'f@@', 'tä@@', 'gi@@', 'gen', 'Rei@@', 'se', 'nach', 'J@@', 'ap@@', 'an', ',', 'um', 'die', 'wirtschaf@@', 'tlichen', 'Be@@', 'zieh@@', 'ungen', 'mit', 'der', 'd@@', 'rit@@', 't@@', 'größ@@', 'ten', 'Wirtschafts@@', 'n@@', 'ation', 'der', 'Welt', 'zu', 'fes@@', 'tigen', '.']
2026-05-08 19:52:46,773 - DEBUG - joeynmt.training - 	Tokenized reference:  ['Mr', 'Mo@@', 'd@@', 'i', 'is', 'on', 'a', 'fi@@', 've', '@@@', '-@@', '@', 'day', 'tri@@', 'p', 'to', 'J@@', 'ap@@', 'an', 'to', 'streng@@', 'then', 'economic', 'ties', 'with', 'the', 'third', 'lar@@', 'ges@@', 't', 'econom@@', 'y', 'in', 'the', 'world', '.']
2026-05-08 19:52:46,773 - DEBUG - joeynmt.training - 	Tokenized hypothesis: ['Mr', 'Mo@@', 'd@@', 'i', 'is', 'based', 'on', 'a', 'fi@@', 'f@@', 'ty', 'tra@@', 'v@@', 'el', 'to', 'J@@', 'ap@@', 'an', 'to', 'to', 'the', 'economic', 'rel@@', 'ations', 'with', 'the', 'third', 'lar@@', 'ges@@', 't', 'economic', 'n@@', 'ation', 'of', 'the', 'world', '.', '</s>']
2026-05-08 19:52:46,773 - INFO - joeynmt.training - 	Source:     Herr Modi befindet sich auf einer fünftägigen Reise nach Japan , um die wirtschaftlichen Beziehungen mit der drittgrößten Wirtschaftsnation der Welt zu festigen .
2026-05-08 19:52:46,773 - INFO - joeynmt.training - 	Reference:  Mr Modi is on a five @-@ day trip to Japan to strengthen economic ties with the third largest economy in the world .
2026-05-08 19:52:46,773 - INFO - joeynmt.training - 	Hypothesis: Mr Modi is based on a fifty travel to Japan to to the economic relations with the third largest economic nation of the world .
2026-05-08 19:52:46,774 - INFO - joeynmt.training - Example #3
2026-05-08 19:52:46,774 - DEBUG - joeynmt.training - 	Tokenized source:     ['P@@', 'län@@', 'e', 'für', 'eine', 'stärk@@', 'ere', 'k@@', 'ern@@', 'techn@@', 'ische', 'Zusammenarbeit', 'stehen', 'ganz', 'ob@@', 'en', 'auf', 'der', 'Tag@@', 'es@@', 'ordnung', '.']
2026-05-08 19:52:46,774 - DEBUG - joeynmt.training - 	Tokenized reference:  ['high', 'on', 'the', 'agen@@', 'da', 'are', 'pl@@', 'ans', 'for', 'gre@@', 'ater', 'nu@@', 'clear', 'c@@', 'o', '@@@', '-@@', '@', 'operation', '.']
2026-05-08 19:52:46,774 - DEBUG - joeynmt.training - 	Tokenized hypothesis: ['p@@', 'u@@', 'ts', 'for', 'more', 'more', 'nu@@', 'clear', 'techn@@', 'ical', 'cooperation', '.', '</s>']
2026-05-08 19:52:46,774 - INFO - joeynmt.training - 	Source:     Pläne für eine stärkere kerntechnische Zusammenarbeit stehen ganz oben auf der Tagesordnung .
2026-05-08 19:52:46,774 - INFO - joeynmt.training - 	Reference:  high on the agenda are plans for greater nuclear co @-@ operation .
2026-05-08 19:52:46,774 - INFO - joeynmt.training - 	Hypothesis: puts for more more nuclear technical cooperation .
2026-05-08 19:52:46,774 - INFO - joeynmt.training - Example #4
2026-05-08 19:52:46,774 - DEBUG - joeynmt.training - 	Tokenized source:     ['Berich@@', 'ten', 'zu@@', 'fol@@', 'ge', 'ho@@', 'fft', 'Indi@@', 'en', 'darüber', 'hinaus', 'auf', 'einen', 'Ver@@', 'trag', 'zur', 'Ver@@', 'tei@@', 'dig@@', 'ungs@@', 'zusammen@@', 'arbeit', 'zwischen', 'den', 'beiden', 'N@@', 'ationen', '.']
2026-05-08 19:52:46,774 - DEBUG - joeynmt.training - 	Tokenized reference:  ['Indi@@', 'a', 'is', 'also', 're@@', 'porte@@', 'dly', 'hop@@', 'ing', 'for', 'a', 'de@@', 'al', 'on', 'def@@', 'ence', 'c@@', 'oll@@', 'ab@@', 'or@@', 'ation', 'between', 'the', 'two', 'n@@', 'ations', '.']
2026-05-08 19:52:46,774 - DEBUG - joeynmt.training - 	Tokenized hypothesis: ['re@@', 'ports', ',', 'in', 'ad@@', 'dition', ',', 'Indi@@', 'a', 'is', 'also', 'high@@', 'ly', 'Indi@@', 'a', ',', 'on', 'a', 'tre@@', 'aty', 'on', 'the', 'basis', 'of', 'the', 'inter@@', 'ests', 'of', 'the', 'two', 'n@@', 'ations', '.', '</s>']
2026-05-08 19:52:46,774 - INFO - joeynmt.training - 	Source:     Berichten zufolge hofft Indien darüber hinaus auf einen Vertrag zur Verteidigungszusammenarbeit zwischen den beiden Nationen .
2026-05-08 19:52:46,774 - INFO - joeynmt.training - 	Reference:  India is also reportedly hoping for a deal on defence collaboration between the two nations .
2026-05-08 19:52:46,774 - INFO - joeynmt.training - 	Hypothesis: reports , in addition , India is also highly India , on a treaty on the basis of the interests of the two nations .
2026-05-08 19:53:04,310 - INFO - joeynmt.training - Epoch   8, Step:    32100, Batch Loss:     1.589527, Batch Acc: 0.539146, Tokens per Sec:     5192, Lr: 0.000300
2026-05-08 19:53:21,886 - INFO - joeynmt.training - Epoch   8, Step:    32200, Batch Loss:     1.814101, Batch Acc: 0.533516, Tokens per Sec:     5226, Lr: 0.000300
2026-05-08 19:53:39,677 - INFO - joeynmt.training - Epoch   8, Step:    32300, Batch Loss:     1.496888, Batch Acc: 0.532620, Tokens per Sec:     5170, Lr: 0.000300
2026-05-08 19:53:57,288 - INFO - joeynmt.training - Epoch   8, Step:    32400, Batch Loss:     1.603973, Batch Acc: 0.535025, Tokens per Sec:     5105, Lr: 0.000300
2026-05-08 19:54:15,056 - INFO - joeynmt.training - Epoch   8, Step:    32500, Batch Loss:     1.646893, Batch Acc: 0.539974, Tokens per Sec:     5057, Lr: 0.000300
2026-05-08 19:54:15,057 - INFO - joeynmt.prediction - Predicting 500 example(s)... (Greedy decoding with min_output_length=1, max_output_length=-1, return_prob='none', generate_unk=True, repetition_penalty=-1, no_repeat_ngram_size=-1)
2026-05-08 19:54:42,453 - INFO - joeynmt.prediction - Evaluation result (greedy) loss:   2.08, ppl:   8.03, acc:   0.46, generation: 27.3911[sec], evaluation: 0.0000[sec]
2026-05-08 19:54:42,538 - INFO - joeynmt.helpers - delete models/deen_transformer_pre/30000.ckpt
2026-05-08 19:54:42,539 - INFO - joeynmt.training - Example #0
2026-05-08 19:54:42,539 - DEBUG - joeynmt.training - 	Tokenized source:     ['die', 'Pre@@', 'mi@@', 'er@@', 'minist@@', 'er', 'Indi@@', 'ens', 'und', 'J@@', 'ap@@', 'ans', 'tra@@', 'fen', 'sich', 'in', 'T@@', 'ok@@', 'i@@', 'o', '.']
2026-05-08 19:54:42,539 - DEBUG - joeynmt.training - 	Tokenized reference:  ['Indi@@', 'a', 'and', 'J@@', 'ap@@', 'an', 'pri@@', 'me', 'minist@@', 'ers', 'me@@', 'et', 'in', 'T@@', 'ok@@', 'y@@', 'o']
2026-05-08 19:54:42,539 - DEBUG - joeynmt.training - 	Tokenized hypothesis: ['the', 'Pre@@', 'mi@@', 'er', 'Pri@@', 'me', 'Minist@@', 'er', 'and', 'J@@', 'ap@@', 'an', 'tra@@', 'ff@@', 'i@@', 'ck@@', 'ing', 'in', 'T@@', 'ok@@', 'y@@', 'o', '.', '</s>']
2026-05-08 19:54:42,539 - INFO - joeynmt.training - 	Source:     die Premierminister Indiens und Japans trafen sich in Tokio .
2026-05-08 19:54:42,540 - INFO - joeynmt.training - 	Reference:  India and Japan prime ministers meet in Tokyo
2026-05-08 19:54:42,540 - INFO - joeynmt.training - 	Hypothesis: the Premier Prime Minister and Japan trafficking in Tokyo .
2026-05-08 19:54:42,540 - INFO - joeynmt.training - Example #1
2026-05-08 19:54:42,540 - DEBUG - joeynmt.training - 	Tokenized source:     ['Indi@@', 'ens', 'neu@@', 'er', 'Pre@@', 'mi@@', 'er@@', 'minist@@', 'er', 'N@@', 'ar@@', 'end@@', 'ra', 'Mo@@', 'd@@', 'i', 'tri@@', 'fft', 'bei', 's@@', 'einem', 'ersten', 'wichti@@', 'gen', 'Aus@@', 'land@@', 's@@', 'bes@@', 'u@@', 'ch', 'seit', 's@@', 'einem', 'W@@', 'ah@@', 'l@@', 'si@@', 'e@@', 'g', 'im', 'Ma@@', 'i', 'seinen', 'j@@', 'ap@@', 'an@@', 'ischen', 'Am@@', 'ts@@', 'k@@', 'olle@@', 'gen', 'S@@', 'hin@@', 'z@@', 'o', 'A@@', 'be', 'in', 'T@@', 'ok@@', 'o', ',', 'um', 'wirtschaf@@', 'tliche', 'und', 'sicher@@', 'heits@@', 'politische', 'Be@@', 'zieh@@', 'ungen', 'zu', 'bes@@', 'pre@@', 'chen', '.']
2026-05-08 19:54:42,540 - DEBUG - joeynmt.training - 	Tokenized reference:  ['Indi@@', 'a', '&apos;s', 'new', 'pri@@', 'me', 'minist@@', 'er', ',', 'N@@', 'ar@@', 'end@@', 'ra', 'Mo@@', 'd@@', 'i', ',', 'is', 'me@@', 'eting', 'his', 'J@@', 'ap@@', 'an@@', 'ese', 'coun@@', 'ter@@', 'part', ',', 'S@@', 'hin@@', 'z@@', 'o', 'A@@', 'be', ',', 'in', 'T@@', 'ok@@', 'y@@', 'o', 'to', 'disc@@', 'uss', 'economic', 'and', 'security', 'ties', ',', 'on', 'his', 'first', 'major', 'fore@@', 'ign', 'visi@@', 't', 'since', 'w@@', 'inn@@', 'ing', 'Ma@@', 'y', '&apos;s', 'elec@@', 'tion', '.']
2026-05-08 19:54:42,540 - DEBUG - joeynmt.training - 	Tokenized hypothesis: ['Indi@@', 'a', '&apos;s', 'new', 'Pri@@', 'me', 'Minist@@', 'er', 'N@@', 'ar@@', 'end@@', 'ra', 'Mo@@', 'd@@', 'i', ',', 'in', 'his', 'first', 'important', 'fore@@', 'ign', 'country', ',', 'in', 'Ma@@', 'y', ',', 'in', 'M@@', 'is@@', 'c@@', 'o', ',', 'in', 'M@@', 'ari@@', 'an', 'Pre@@', 'mi@@', 'er', 'S@@', 'hin@@', 'z@@', 'o', 'A@@', 'be', 'in', 'T@@', 'ok@@', 'o', 'to', 'the', 'M@@', 'or@@', 'occ@@', 'o', 'to', 'the', 'M@@', 'ari@@', 'an', 'off@@', 'ice', 'of', 'economic', 'and', 'saf@@', 'ety', 'policy', '.', '</s>']
2026-05-08 19:54:42,540 - INFO - joeynmt.training - 	Source:     Indiens neuer Premierminister Narendra Modi trifft bei seinem ersten wichtigen Auslandsbesuch seit seinem Wahlsieg im Mai seinen japanischen Amtskollegen Shinzo Abe in Toko , um wirtschaftliche und sicherheitspolitische Beziehungen zu besprechen .
2026-05-08 19:54:42,540 - INFO - joeynmt.training - 	Reference:  India &apos;s new prime minister , Narendra Modi , is meeting his Japanese counterpart , Shinzo Abe , in Tokyo to discuss economic and security ties , on his first major foreign visit since winning May &apos;s election .
2026-05-08 19:54:42,540 - INFO - joeynmt.training - 	Hypothesis: India &apos;s new Prime Minister Narendra Modi , in his first important foreign country , in May , in Misco , in Marian Premier Shinzo Abe in Toko to the Morocco to the Marian office of economic and safety policy .
2026-05-08 19:54:42,540 - INFO - joeynmt.training - Example #2
2026-05-08 19:54:42,540 - DEBUG - joeynmt.training - 	Tokenized source:     ['Herr', 'Mo@@', 'd@@', 'i', 'befindet', 'sich', 'auf', 'einer', 'fü@@', 'n@@', 'f@@', 'tä@@', 'gi@@', 'gen', 'Rei@@', 'se', 'nach', 'J@@', 'ap@@', 'an', ',', 'um', 'die', 'wirtschaf@@', 'tlichen', 'Be@@', 'zieh@@', 'ungen', 'mit', 'der', 'd@@', 'rit@@', 't@@', 'größ@@', 'ten', 'Wirtschafts@@', 'n@@', 'ation', 'der', 'Welt', 'zu', 'fes@@', 'tigen', '.']
2026-05-08 19:54:42,540 - DEBUG - joeynmt.training - 	Tokenized reference:  ['Mr', 'Mo@@', 'd@@', 'i', 'is', 'on', 'a', 'fi@@', 've', '@@@', '-@@', '@', 'day', 'tri@@', 'p', 'to', 'J@@', 'ap@@', 'an', 'to', 'streng@@', 'then', 'economic', 'ties', 'with', 'the', 'third', 'lar@@', 'ges@@', 't', 'econom@@', 'y', 'in', 'the', 'world', '.']
2026-05-08 19:54:42,540 - DEBUG - joeynmt.training - 	Tokenized hypothesis: ['Mr', 'Mo@@', 'd@@', 'i', 'is', 'based', 'on', 'a', 'fi@@', 'f@@', 'ty', 'ri@@', 'ch', 'j@@', 'ap@@', 'an@@', 'ese', 'to', 'j@@', 'ap@@', 'pl@@', 'an', 'to', 'the', 'economic', 'rel@@', 'ation@@', 'ship', 'with', 'the', 'third', 'world', '.', '</s>']
2026-05-08 19:54:42,540 - INFO - joeynmt.training - 	Source:     Herr Modi befindet sich auf einer fünftägigen Reise nach Japan , um die wirtschaftlichen Beziehungen mit der drittgrößten Wirtschaftsnation der Welt zu festigen .
2026-05-08 19:54:42,540 - INFO - joeynmt.training - 	Reference:  Mr Modi is on a five @-@ day trip to Japan to strengthen economic ties with the third largest economy in the world .
2026-05-08 19:54:42,540 - INFO - joeynmt.training - 	Hypothesis: Mr Modi is based on a fifty rich japanese to japplan to the economic relationship with the third world .
2026-05-08 19:54:42,540 - INFO - joeynmt.training - Example #3
2026-05-08 19:54:42,540 - DEBUG - joeynmt.training - 	Tokenized source:     ['P@@', 'län@@', 'e', 'für', 'eine', 'stärk@@', 'ere', 'k@@', 'ern@@', 'techn@@', 'ische', 'Zusammenarbeit', 'stehen', 'ganz', 'ob@@', 'en', 'auf', 'der', 'Tag@@', 'es@@', 'ordnung', '.']
2026-05-08 19:54:42,540 - DEBUG - joeynmt.training - 	Tokenized reference:  ['high', 'on', 'the', 'agen@@', 'da', 'are', 'pl@@', 'ans', 'for', 'gre@@', 'ater', 'nu@@', 'clear', 'c@@', 'o', '@@@', '-@@', '@', 'operation', '.']
2026-05-08 19:54:42,540 - DEBUG - joeynmt.training - 	Tokenized hypothesis: ['pl@@', 'ans', 'for', 'gre@@', 'ater', 'nu@@', 'clear', 'techn@@', 'ical', 'cooperation', '.', '</s>']
2026-05-08 19:54:42,540 - INFO - joeynmt.training - 	Source:     Pläne für eine stärkere kerntechnische Zusammenarbeit stehen ganz oben auf der Tagesordnung .
2026-05-08 19:54:42,540 - INFO - joeynmt.training - 	Reference:  high on the agenda are plans for greater nuclear co @-@ operation .
2026-05-08 19:54:42,540 - INFO - joeynmt.training - 	Hypothesis: plans for greater nuclear technical cooperation .
2026-05-08 19:54:42,540 - INFO - joeynmt.training - Example #4
2026-05-08 19:54:42,540 - DEBUG - joeynmt.training - 	Tokenized source:     ['Berich@@', 'ten', 'zu@@', 'fol@@', 'ge', 'ho@@', 'fft', 'Indi@@', 'en', 'darüber', 'hinaus', 'auf', 'einen', 'Ver@@', 'trag', 'zur', 'Ver@@', 'tei@@', 'dig@@', 'ungs@@', 'zusammen@@', 'arbeit', 'zwischen', 'den', 'beiden', 'N@@', 'ationen', '.']
2026-05-08 19:54:42,540 - DEBUG - joeynmt.training - 	Tokenized reference:  ['Indi@@', 'a', 'is', 'also', 're@@', 'porte@@', 'dly', 'hop@@', 'ing', 'for', 'a', 'de@@', 'al', 'on', 'def@@', 'ence', 'c@@', 'oll@@', 'ab@@', 'or@@', 'ation', 'between', 'the', 'two', 'n@@', 'ations', '.']
2026-05-08 19:54:42,540 - DEBUG - joeynmt.training - 	Tokenized hypothesis: ['the', 're@@', 'ports', ',', 'the', 'high', 'spe@@', 'e@@', 'ch', 'of', 'the', 'resolution', 'on', 'def@@', 'ence', 'cooperation', 'between', 'the', 'two', 'n@@', 'ations', '.', '</s>']
2026-05-08 19:54:42,541 - INFO - joeynmt.training - 	Source:     Berichten zufolge hofft Indien darüber hinaus auf einen Vertrag zur Verteidigungszusammenarbeit zwischen den beiden Nationen .
2026-05-08 19:54:42,541 - INFO - joeynmt.training - 	Reference:  India is also reportedly hoping for a deal on defence collaboration between the two nations .
2026-05-08 19:54:42,541 - INFO - joeynmt.training - 	Hypothesis: the reports , the high speech of the resolution on defence cooperation between the two nations .
2026-05-08 19:54:46,763 - INFO - joeynmt.training - Epoch   8: total training loss 6919.97
2026-05-08 19:54:46,763 - INFO - joeynmt.training - EPOCH 9
2026-05-08 19:54:58,953 - INFO - joeynmt.training - Epoch   9, Step:    32600, Batch Loss:     1.754083, Batch Acc: 0.549427, Tokens per Sec:     5505, Lr: 0.000300
2026-05-08 19:55:15,422 - INFO - joeynmt.training - Epoch   9, Step:    32700, Batch Loss:     1.753975, Batch Acc: 0.547499, Tokens per Sec:     5620, Lr: 0.000300
2026-05-08 19:55:32,244 - INFO - joeynmt.training - Epoch   9, Step:    32800, Batch Loss:     1.614504, Batch Acc: 0.540423, Tokens per Sec:     5500, Lr: 0.000300
2026-05-08 19:55:48,681 - INFO - joeynmt.training - Epoch   9, Step:    32900, Batch Loss:     1.641223, Batch Acc: 0.546402, Tokens per Sec:     5609, Lr: 0.000300
2026-05-08 19:56:05,141 - INFO - joeynmt.training - Epoch   9, Step:    33000, Batch Loss:     1.562695, Batch Acc: 0.550038, Tokens per Sec:     5611, Lr: 0.000300
2026-05-08 19:56:05,141 - INFO - joeynmt.prediction - Predicting 500 example(s)... (Greedy decoding with min_output_length=1, max_output_length=-1, return_prob='none', generate_unk=True, repetition_penalty=-1, no_repeat_ngram_size=-1)
2026-05-08 19:56:38,044 - INFO - joeynmt.prediction - Evaluation result (greedy) loss:   2.09, ppl:   8.10, acc:   0.46, generation: 32.8975[sec], evaluation: 0.0000[sec]
2026-05-08 19:56:38,046 - INFO - joeynmt.training - Example #0
2026-05-08 19:56:38,046 - DEBUG - joeynmt.training - 	Tokenized source:     ['die', 'Pre@@', 'mi@@', 'er@@', 'minist@@', 'er', 'Indi@@', 'ens', 'und', 'J@@', 'ap@@', 'ans', 'tra@@', 'fen', 'sich', 'in', 'T@@', 'ok@@', 'i@@', 'o', '.']
2026-05-08 19:56:38,046 - DEBUG - joeynmt.training - 	Tokenized reference:  ['Indi@@', 'a', 'and', 'J@@', 'ap@@', 'an', 'pri@@', 'me', 'minist@@', 'ers', 'me@@', 'et', 'in', 'T@@', 'ok@@', 'y@@', 'o']
2026-05-08 19:56:38,046 - DEBUG - joeynmt.training - 	Tokenized hypothesis: ['Pri@@', 'me', 'Minist@@', 'er', 'Indi@@', 'a', 'and', 'J@@', 'ap@@', 'an', 'tra@@', 'in', 'T@@', 'ok@@', 'y@@', 'o', '.', '</s>']
2026-05-08 19:56:38,046 - INFO - joeynmt.training - 	Source:     die Premierminister Indiens und Japans trafen sich in Tokio .
2026-05-08 19:56:38,046 - INFO - joeynmt.training - 	Reference:  India and Japan prime ministers meet in Tokyo
2026-05-08 19:56:38,046 - INFO - joeynmt.training - 	Hypothesis: Prime Minister India and Japan train Tokyo .
2026-05-08 19:56:38,046 - INFO - joeynmt.training - Example #1
2026-05-08 19:56:38,046 - DEBUG - joeynmt.training - 	Tokenized source:     ['Indi@@', 'ens', 'neu@@', 'er', 'Pre@@', 'mi@@', 'er@@', 'minist@@', 'er', 'N@@', 'ar@@', 'end@@', 'ra', 'Mo@@', 'd@@', 'i', 'tri@@', 'fft', 'bei', 's@@', 'einem', 'ersten', 'wichti@@', 'gen', 'Aus@@', 'land@@', 's@@', 'bes@@', 'u@@', 'ch', 'seit', 's@@', 'einem', 'W@@', 'ah@@', 'l@@', 'si@@', 'e@@', 'g', 'im', 'Ma@@', 'i', 'seinen', 'j@@', 'ap@@', 'an@@', 'ischen', 'Am@@', 'ts@@', 'k@@', 'olle@@', 'gen', 'S@@', 'hin@@', 'z@@', 'o', 'A@@', 'be', 'in', 'T@@', 'ok@@', 'o', ',', 'um', 'wirtschaf@@', 'tliche', 'und', 'sicher@@', 'heits@@', 'politische', 'Be@@', 'zieh@@', 'ungen', 'zu', 'bes@@', 'pre@@', 'chen', '.']
2026-05-08 19:56:38,046 - DEBUG - joeynmt.training - 	Tokenized reference:  ['Indi@@', 'a', '&apos;s', 'new', 'pri@@', 'me', 'minist@@', 'er', ',', 'N@@', 'ar@@', 'end@@', 'ra', 'Mo@@', 'd@@', 'i', ',', 'is', 'me@@', 'eting', 'his', 'J@@', 'ap@@', 'an@@', 'ese', 'coun@@', 'ter@@', 'part', ',', 'S@@', 'hin@@', 'z@@', 'o', 'A@@', 'be', ',', 'in', 'T@@', 'ok@@', 'y@@', 'o', 'to', 'disc@@', 'uss', 'economic', 'and', 'security', 'ties', ',', 'on', 'his', 'first', 'major', 'fore@@', 'ign', 'visi@@', 't', 'since', 'w@@', 'inn@@', 'ing', 'Ma@@', 'y', '&apos;s', 'elec@@', 'tion', '.']
2026-05-08 19:56:38,046 - DEBUG - joeynmt.training - 	Tokenized hypothesis: ['Indi@@', 'a', '&apos;s', 'new', 'Pri@@', 'me', 'Minist@@', 'er', 'N@@', 'ar@@', 'end@@', 'ra', 'Mo@@', 'd@@', 'i', '&apos;s', 'lat@@', 'er', ',', 'at', 'his', 'first', 'important', 'fore@@', 'ign', 'visi@@', 'tors', ',', 'the', 'first', 'important', 'fore@@', 'ign', 'visi@@', 'tors', ',', 'the', 'S@@', 'hin@@', 'z@@', 'o', 'A@@', 'be', 'in', 'T@@', 'ok@@', 'y@@', 'o', ',', 'to', 'visi@@', 't', 'his', 'J@@', 'ap@@', 'an@@', 'ese', 'S@@', 'hin@@', 'z@@', 'o', 'A@@', 'be', 'in', 'T@@', 'ok@@', 'y@@', 'o', 'to', 'the', 'economic', 'and', 'security', 'political', 'rel@@', 'ations', '.', '</s>']
2026-05-08 19:56:38,046 - INFO - joeynmt.training - 	Source:     Indiens neuer Premierminister Narendra Modi trifft bei seinem ersten wichtigen Auslandsbesuch seit seinem Wahlsieg im Mai seinen japanischen Amtskollegen Shinzo Abe in Toko , um wirtschaftliche und sicherheitspolitische Beziehungen zu besprechen .
2026-05-08 19:56:38,046 - INFO - joeynmt.training - 	Reference:  India &apos;s new prime minister , Narendra Modi , is meeting his Japanese counterpart , Shinzo Abe , in Tokyo to discuss economic and security ties , on his first major foreign visit since winning May &apos;s election .
2026-05-08 19:56:38,046 - INFO - joeynmt.training - 	Hypothesis: India &apos;s new Prime Minister Narendra Modi &apos;s later , at his first important foreign visitors , the first important foreign visitors , the Shinzo Abe in Tokyo , to visit his Japanese Shinzo Abe in Tokyo to the economic and security political relations .
2026-05-08 19:56:38,047 - INFO - joeynmt.training - Example #2
2026-05-08 19:56:38,047 - DEBUG - joeynmt.training - 	Tokenized source:     ['Herr', 'Mo@@', 'd@@', 'i', 'befindet', 'sich', 'auf', 'einer', 'fü@@', 'n@@', 'f@@', 'tä@@', 'gi@@', 'gen', 'Rei@@', 'se', 'nach', 'J@@', 'ap@@', 'an', ',', 'um', 'die', 'wirtschaf@@', 'tlichen', 'Be@@', 'zieh@@', 'ungen', 'mit', 'der', 'd@@', 'rit@@', 't@@', 'größ@@', 'ten', 'Wirtschafts@@', 'n@@', 'ation', 'der', 'Welt', 'zu', 'fes@@', 'tigen', '.']
2026-05-08 19:56:38,047 - DEBUG - joeynmt.training - 	Tokenized reference:  ['Mr', 'Mo@@', 'd@@', 'i', 'is', 'on', 'a', 'fi@@', 've', '@@@', '-@@', '@', 'day', 'tri@@', 'p', 'to', 'J@@', 'ap@@', 'an', 'to', 'streng@@', 'then', 'economic', 'ties', 'with', 'the', 'third', 'lar@@', 'ges@@', 't', 'econom@@', 'y', 'in', 'the', 'world', '.']
2026-05-08 19:56:38,047 - DEBUG - joeynmt.training - 	Tokenized hypothesis: ['Mr', 'Mo@@', 'd@@', 'i', 'is', 'based', 'on', 'a', 'fi@@', 'f@@', 'ty', 'tra@@', 'v@@', 'el', 'to', 'J@@', 'ap@@', 'an', 'to', 'con@@', 'stitu@@', 'te', 'the', 'world', '&apos;s', 'economic', 'rel@@', 'ations', 'with', 'the', 'third', 'lar@@', 'ges@@', 't', 'economic', 'n@@', 'ation', 'of', 'the', 'world', '.', '</s>']
2026-05-08 19:56:38,047 - INFO - joeynmt.training - 	Source:     Herr Modi befindet sich auf einer fünftägigen Reise nach Japan , um die wirtschaftlichen Beziehungen mit der drittgrößten Wirtschaftsnation der Welt zu festigen .
2026-05-08 19:56:38,047 - INFO - joeynmt.training - 	Reference:  Mr Modi is on a five @-@ day trip to Japan to strengthen economic ties with the third largest economy in the world .
2026-05-08 19:56:38,047 - INFO - joeynmt.training - 	Hypothesis: Mr Modi is based on a fifty travel to Japan to constitute the world &apos;s economic relations with the third largest economic nation of the world .
2026-05-08 19:56:38,047 - INFO - joeynmt.training - Example #3
2026-05-08 19:56:38,047 - DEBUG - joeynmt.training - 	Tokenized source:     ['P@@', 'län@@', 'e', 'für', 'eine', 'stärk@@', 'ere', 'k@@', 'ern@@', 'techn@@', 'ische', 'Zusammenarbeit', 'stehen', 'ganz', 'ob@@', 'en', 'auf', 'der', 'Tag@@', 'es@@', 'ordnung', '.']
2026-05-08 19:56:38,047 - DEBUG - joeynmt.training - 	Tokenized reference:  ['high', 'on', 'the', 'agen@@', 'da', 'are', 'pl@@', 'ans', 'for', 'gre@@', 'ater', 'nu@@', 'clear', 'c@@', 'o', '@@@', '-@@', '@', 'operation', '.']
2026-05-08 19:56:38,047 - DEBUG - joeynmt.training - 	Tokenized hypothesis: ['P@@', 'lan@@', 'e', 'for', 'more', 'more', 'nu@@', 'clear', 'techn@@', 'ical', 'cooperation', 'are', 'very', 'ob@@', 'vi@@', 'ously', 'on', 'the', 'agen@@', 'da', '.', '</s>']
2026-05-08 19:56:38,047 - INFO - joeynmt.training - 	Source:     Pläne für eine stärkere kerntechnische Zusammenarbeit stehen ganz oben auf der Tagesordnung .
2026-05-08 19:56:38,047 - INFO - joeynmt.training - 	Reference:  high on the agenda are plans for greater nuclear co @-@ operation .
2026-05-08 19:56:38,047 - INFO - joeynmt.training - 	Hypothesis: Plane for more more nuclear technical cooperation are very obviously on the agenda .
2026-05-08 19:56:38,047 - INFO - joeynmt.training - Example #4
2026-05-08 19:56:38,047 - DEBUG - joeynmt.training - 	Tokenized source:     ['Berich@@', 'ten', 'zu@@', 'fol@@', 'ge', 'ho@@', 'fft', 'Indi@@', 'en', 'darüber', 'hinaus', 'auf', 'einen', 'Ver@@', 'trag', 'zur', 'Ver@@', 'tei@@', 'dig@@', 'ungs@@', 'zusammen@@', 'arbeit', 'zwischen', 'den', 'beiden', 'N@@', 'ationen', '.']
2026-05-08 19:56:38,047 - DEBUG - joeynmt.training - 	Tokenized reference:  ['Indi@@', 'a', 'is', 'also', 're@@', 'porte@@', 'dly', 'hop@@', 'ing', 'for', 'a', 'de@@', 'al', 'on', 'def@@', 'ence', 'c@@', 'oll@@', 'ab@@', 'or@@', 'ation', 'between', 'the', 'two', 'n@@', 'ations', '.']
2026-05-08 19:56:38,047 - DEBUG - joeynmt.training - 	Tokenized hypothesis: ['the', 're@@', 'ports', ',', 'we', 'hope', 'that', 'Indi@@', 'a', '&apos;s', 're@@', 'ports', 'on', 'the', 'con@@', 'tra@@', 'ct', 'on', 'def@@', 'ence', 'between', 'the', 'two', 'n@@', 'ations', '.', '</s>']
2026-05-08 19:56:38,047 - INFO - joeynmt.training - 	Source:     Berichten zufolge hofft Indien darüber hinaus auf einen Vertrag zur Verteidigungszusammenarbeit zwischen den beiden Nationen .
2026-05-08 19:56:38,047 - INFO - joeynmt.training - 	Reference:  India is also reportedly hoping for a deal on defence collaboration between the two nations .
2026-05-08 19:56:38,047 - INFO - joeynmt.training - 	Hypothesis: the reports , we hope that India &apos;s reports on the contract on defence between the two nations .
2026-05-08 19:56:54,482 - INFO - joeynmt.training - Epoch   9, Step:    33100, Batch Loss:     1.746646, Batch Acc: 0.547449, Tokens per Sec:     5659, Lr: 0.000300
2026-05-08 19:57:11,104 - INFO - joeynmt.training - Epoch   9, Step:    33200, Batch Loss:     1.571419, Batch Acc: 0.549234, Tokens per Sec:     5426, Lr: 0.000300
2026-05-08 19:57:27,976 - INFO - joeynmt.training - Epoch   9, Step:    33300, Batch Loss:     1.657071, Batch Acc: 0.546200, Tokens per Sec:     5506, Lr: 0.000300
2026-05-08 19:57:45,043 - INFO - joeynmt.training - Epoch   9, Step:    33400, Batch Loss:     1.681631, Batch Acc: 0.548177, Tokens per Sec:     5392, Lr: 0.000300
2026-05-08 19:58:02,070 - INFO - joeynmt.training - Epoch   9, Step:    33500, Batch Loss:     1.512730, Batch Acc: 0.546782, Tokens per Sec:     5471, Lr: 0.000300
2026-05-08 19:58:02,070 - INFO - joeynmt.prediction - Predicting 500 example(s)... (Greedy decoding with min_output_length=1, max_output_length=-1, return_prob='none', generate_unk=True, repetition_penalty=-1, no_repeat_ngram_size=-1)
2026-05-08 19:58:33,254 - INFO - joeynmt.prediction - Evaluation result (greedy) loss:   2.10, ppl:   8.13, acc:   0.46, generation: 31.1785[sec], evaluation: 0.0000[sec]
2026-05-08 19:58:33,256 - INFO - joeynmt.training - Example #0
2026-05-08 19:58:33,256 - DEBUG - joeynmt.training - 	Tokenized source:     ['die', 'Pre@@', 'mi@@', 'er@@', 'minist@@', 'er', 'Indi@@', 'ens', 'und', 'J@@', 'ap@@', 'ans', 'tra@@', 'fen', 'sich', 'in', 'T@@', 'ok@@', 'i@@', 'o', '.']
2026-05-08 19:58:33,256 - DEBUG - joeynmt.training - 	Tokenized reference:  ['Indi@@', 'a', 'and', 'J@@', 'ap@@', 'an', 'pri@@', 'me', 'minist@@', 'ers', 'me@@', 'et', 'in', 'T@@', 'ok@@', 'y@@', 'o']
2026-05-08 19:58:33,256 - DEBUG - joeynmt.training - 	Tokenized hypothesis: ['Pri@@', 'me', 'Minist@@', 'er', 'Indi@@', 'a', 'and', 'J@@', 'ap@@', 'an', 'Indi@@', 'a', 'and', 'J@@', 'ap@@', 'an', 'tra@@', 'v@@', 'el', '.', '</s>']
2026-05-08 19:58:33,257 - INFO - joeynmt.training - 	Source:     die Premierminister Indiens und Japans trafen sich in Tokio .
2026-05-08 19:58:33,257 - INFO - joeynmt.training - 	Reference:  India and Japan prime ministers meet in Tokyo
2026-05-08 19:58:33,257 - INFO - joeynmt.training - 	Hypothesis: Prime Minister India and Japan India and Japan travel .
2026-05-08 19:58:33,257 - INFO - joeynmt.training - Example #1
2026-05-08 19:58:33,257 - DEBUG - joeynmt.training - 	Tokenized source:     ['Indi@@', 'ens', 'neu@@', 'er', 'Pre@@', 'mi@@', 'er@@', 'minist@@', 'er', 'N@@', 'ar@@', 'end@@', 'ra', 'Mo@@', 'd@@', 'i', 'tri@@', 'fft', 'bei', 's@@', 'einem', 'ersten', 'wichti@@', 'gen', 'Aus@@', 'land@@', 's@@', 'bes@@', 'u@@', 'ch', 'seit', 's@@', 'einem', 'W@@', 'ah@@', 'l@@', 'si@@', 'e@@', 'g', 'im', 'Ma@@', 'i', 'seinen', 'j@@', 'ap@@', 'an@@', 'ischen', 'Am@@', 'ts@@', 'k@@', 'olle@@', 'gen', 'S@@', 'hin@@', 'z@@', 'o', 'A@@', 'be', 'in', 'T@@', 'ok@@', 'o', ',', 'um', 'wirtschaf@@', 'tliche', 'und', 'sicher@@', 'heits@@', 'politische', 'Be@@', 'zieh@@', 'ungen', 'zu', 'bes@@', 'pre@@', 'chen', '.']
2026-05-08 19:58:33,257 - DEBUG - joeynmt.training - 	Tokenized reference:  ['Indi@@', 'a', '&apos;s', 'new', 'pri@@', 'me', 'minist@@', 'er', ',', 'N@@', 'ar@@', 'end@@', 'ra', 'Mo@@', 'd@@', 'i', ',', 'is', 'me@@', 'eting', 'his', 'J@@', 'ap@@', 'an@@', 'ese', 'coun@@', 'ter@@', 'part', ',', 'S@@', 'hin@@', 'z@@', 'o', 'A@@', 'be', ',', 'in', 'T@@', 'ok@@', 'y@@', 'o', 'to', 'disc@@', 'uss', 'economic', 'and', 'security', 'ties', ',', 'on', 'his', 'first', 'major', 'fore@@', 'ign', 'visi@@', 't', 'since', 'w@@', 'inn@@', 'ing', 'Ma@@', 'y', '&apos;s', 'elec@@', 'tion', '.']
2026-05-08 19:58:33,257 - DEBUG - joeynmt.training - 	Tokenized hypothesis: ['Indi@@', 'a', '&apos;s', 'new', 'Pri@@', 'me', 'Minist@@', 'er', 'N@@', 'ar@@', 'end@@', 'ra', 'Mo@@', 'd@@', 'i', ',', 'in', 'his', 'first', 'important', 'fore@@', 'ign', 'visi@@', 'tors', ',', 'since', 'his', 'his', 'elec@@', 'tion', ',', 'in', 'the', 'Ma@@', 'y', 'his', 'elec@@', 'tion', 'S@@', 'hin@@', 'z@@', 'o', 'A@@', 'be', 'in', 'T@@', 'ok@@', 'o', ',', 'to', 're@@', 'mo@@', 've', 'economic', 'and', 'saf@@', 'ety', 'policy', 'rel@@', 'ations', '.', '</s>']
2026-05-08 19:58:33,257 - INFO - joeynmt.training - 	Source:     Indiens neuer Premierminister Narendra Modi trifft bei seinem ersten wichtigen Auslandsbesuch seit seinem Wahlsieg im Mai seinen japanischen Amtskollegen Shinzo Abe in Toko , um wirtschaftliche und sicherheitspolitische Beziehungen zu besprechen .
2026-05-08 19:58:33,257 - INFO - joeynmt.training - 	Reference:  India &apos;s new prime minister , Narendra Modi , is meeting his Japanese counterpart , Shinzo Abe , in Tokyo to discuss economic and security ties , on his first major foreign visit since winning May &apos;s election .
2026-05-08 19:58:33,257 - INFO - joeynmt.training - 	Hypothesis: India &apos;s new Prime Minister Narendra Modi , in his first important foreign visitors , since his his election , in the May his election Shinzo Abe in Toko , to remove economic and safety policy relations .
2026-05-08 19:58:33,257 - INFO - joeynmt.training - Example #2
2026-05-08 19:58:33,257 - DEBUG - joeynmt.training - 	Tokenized source:     ['Herr', 'Mo@@', 'd@@', 'i', 'befindet', 'sich', 'auf', 'einer', 'fü@@', 'n@@', 'f@@', 'tä@@', 'gi@@', 'gen', 'Rei@@', 'se', 'nach', 'J@@', 'ap@@', 'an', ',', 'um', 'die', 'wirtschaf@@', 'tlichen', 'Be@@', 'zieh@@', 'ungen', 'mit', 'der', 'd@@', 'rit@@', 't@@', 'größ@@', 'ten', 'Wirtschafts@@', 'n@@', 'ation', 'der', 'Welt', 'zu', 'fes@@', 'tigen', '.']
2026-05-08 19:58:33,257 - DEBUG - joeynmt.training - 	Tokenized reference:  ['Mr', 'Mo@@', 'd@@', 'i', 'is', 'on', 'a', 'fi@@', 've', '@@@', '-@@', '@', 'day', 'tri@@', 'p', 'to', 'J@@', 'ap@@', 'an', 'to', 'streng@@', 'then', 'economic', 'ties', 'with', 'the', 'third', 'lar@@', 'ges@@', 't', 'econom@@', 'y', 'in', 'the', 'world', '.']
2026-05-08 19:58:33,257 - DEBUG - joeynmt.training - 	Tokenized hypothesis: ['Mr', 'Mo@@', 'd@@', 'i', 'is', 'based', 'on', 'a', 'fi@@', 'f@@', 'ty', 'tra@@', 'v@@', 'el', 'to', 'J@@', 'ap@@', 'an', 'to', 'con@@', 'f@@', 'ron@@', 't', 'economic', 'rel@@', 'ations', 'with', 'the', 'third', 'lar@@', 'ges@@', 't', 'economic', 'n@@', 'ation', 'of', 'the', 'world', '.', '</s>']
2026-05-08 19:58:33,257 - INFO - joeynmt.training - 	Source:     Herr Modi befindet sich auf einer fünftägigen Reise nach Japan , um die wirtschaftlichen Beziehungen mit der drittgrößten Wirtschaftsnation der Welt zu festigen .
2026-05-08 19:58:33,257 - INFO - joeynmt.training - 	Reference:  Mr Modi is on a five @-@ day trip to Japan to strengthen economic ties with the third largest economy in the world .
2026-05-08 19:58:33,257 - INFO - joeynmt.training - 	Hypothesis: Mr Modi is based on a fifty travel to Japan to confront economic relations with the third largest economic nation of the world .
2026-05-08 19:58:33,257 - INFO - joeynmt.training - Example #3
2026-05-08 19:58:33,257 - DEBUG - joeynmt.training - 	Tokenized source:     ['P@@', 'län@@', 'e', 'für', 'eine', 'stärk@@', 'ere', 'k@@', 'ern@@', 'techn@@', 'ische', 'Zusammenarbeit', 'stehen', 'ganz', 'ob@@', 'en', 'auf', 'der', 'Tag@@', 'es@@', 'ordnung', '.']
2026-05-08 19:58:33,258 - DEBUG - joeynmt.training - 	Tokenized reference:  ['high', 'on', 'the', 'agen@@', 'da', 'are', 'pl@@', 'ans', 'for', 'gre@@', 'ater', 'nu@@', 'clear', 'c@@', 'o', '@@@', '-@@', '@', 'operation', '.']
2026-05-08 19:58:33,258 - DEBUG - joeynmt.training - 	Tokenized hypothesis: ['pl@@', 'ans', 'for', 'gre@@', 'ater', 'nu@@', 'clear', 'techn@@', 'ical', 'cooperation', '.', '</s>']
2026-05-08 19:58:33,258 - INFO - joeynmt.training - 	Source:     Pläne für eine stärkere kerntechnische Zusammenarbeit stehen ganz oben auf der Tagesordnung .
2026-05-08 19:58:33,258 - INFO - joeynmt.training - 	Reference:  high on the agenda are plans for greater nuclear co @-@ operation .
2026-05-08 19:58:33,258 - INFO - joeynmt.training - 	Hypothesis: plans for greater nuclear technical cooperation .
2026-05-08 19:58:33,258 - INFO - joeynmt.training - Example #4
2026-05-08 19:58:33,258 - DEBUG - joeynmt.training - 	Tokenized source:     ['Berich@@', 'ten', 'zu@@', 'fol@@', 'ge', 'ho@@', 'fft', 'Indi@@', 'en', 'darüber', 'hinaus', 'auf', 'einen', 'Ver@@', 'trag', 'zur', 'Ver@@', 'tei@@', 'dig@@', 'ungs@@', 'zusammen@@', 'arbeit', 'zwischen', 'den', 'beiden', 'N@@', 'ationen', '.']
2026-05-08 19:58:33,258 - DEBUG - joeynmt.training - 	Tokenized reference:  ['Indi@@', 'a', 'is', 'also', 're@@', 'porte@@', 'dly', 'hop@@', 'ing', 'for', 'a', 'de@@', 'al', 'on', 'def@@', 'ence', 'c@@', 'oll@@', 'ab@@', 'or@@', 'ation', 'between', 'the', 'two', 'n@@', 'ations', '.']
2026-05-08 19:58:33,258 - DEBUG - joeynmt.training - 	Tokenized hypothesis: ['the', 're@@', 'ports', 'will', 'also', 'be', 'in', 'ad@@', 'dition', 'to', 'a', 'tre@@', 'aty', 'on', 'a', 'tre@@', 'aty', 'on', 'the', 'def@@', 'ence', 'ence', 'ence', 'co@@', 'ver@@', 'ed', 'by', 'the', 'two', 'n@@', 'ations', '.', '</s>']
2026-05-08 19:58:33,258 - INFO - joeynmt.training - 	Source:     Berichten zufolge hofft Indien darüber hinaus auf einen Vertrag zur Verteidigungszusammenarbeit zwischen den beiden Nationen .
2026-05-08 19:58:33,258 - INFO - joeynmt.training - 	Reference:  India is also reportedly hoping for a deal on defence collaboration between the two nations .
2026-05-08 19:58:33,258 - INFO - joeynmt.training - 	Hypothesis: the reports will also be in addition to a treaty on a treaty on the defence ence ence covered by the two nations .
2026-05-08 19:58:50,159 - INFO - joeynmt.training - Epoch   9, Step:    33600, Batch Loss:     1.511688, Batch Acc: 0.546414, Tokens per Sec:     5378, Lr: 0.000300
2026-05-08 19:59:07,247 - INFO - joeynmt.training - Epoch   9, Step:    33700, Batch Loss:     1.588875, Batch Acc: 0.541169, Tokens per Sec:     5374, Lr: 0.000300
2026-05-08 19:59:24,327 - INFO - joeynmt.training - Epoch   9, Step:    33800, Batch Loss:     1.726473, Batch Acc: 0.543906, Tokens per Sec:     5268, Lr: 0.000300
2026-05-08 19:59:41,514 - INFO - joeynmt.training - Epoch   9, Step:    33900, Batch Loss:     1.530692, Batch Acc: 0.547667, Tokens per Sec:     5362, Lr: 0.000300
2026-05-08 19:59:58,653 - INFO - joeynmt.training - Epoch   9, Step:    34000, Batch Loss:     1.695936, Batch Acc: 0.540948, Tokens per Sec:     5374, Lr: 0.000300
2026-05-08 19:59:58,653 - INFO - joeynmt.prediction - Predicting 500 example(s)... (Greedy decoding with min_output_length=1, max_output_length=-1, return_prob='none', generate_unk=True, repetition_penalty=-1, no_repeat_ngram_size=-1)
2026-05-08 20:00:32,328 - INFO - joeynmt.prediction - Evaluation result (greedy) loss:   2.09, ppl:   8.09, acc:   0.46, generation: 33.6703[sec], evaluation: 0.0000[sec]
2026-05-08 20:00:32,330 - INFO - joeynmt.training - Example #0
2026-05-08 20:00:32,330 - DEBUG - joeynmt.training - 	Tokenized source:     ['die', 'Pre@@', 'mi@@', 'er@@', 'minist@@', 'er', 'Indi@@', 'ens', 'und', 'J@@', 'ap@@', 'ans', 'tra@@', 'fen', 'sich', 'in', 'T@@', 'ok@@', 'i@@', 'o', '.']
2026-05-08 20:00:32,330 - DEBUG - joeynmt.training - 	Tokenized reference:  ['Indi@@', 'a', 'and', 'J@@', 'ap@@', 'an', 'pri@@', 'me', 'minist@@', 'ers', 'me@@', 'et', 'in', 'T@@', 'ok@@', 'y@@', 'o']
2026-05-08 20:00:32,330 - DEBUG - joeynmt.training - 	Tokenized hypothesis: ['the', 'Pri@@', 'me', 'Minist@@', 'er', 'Indi@@', 'a', 'and', 'J@@', 'ap@@', 'an', 'Indi@@', 'a', 'and', 'J@@', 'ap@@', 'an', '&apos;s', 'de@@', 'gre@@', 'e', 'of', 'the', 'Pri@@', 'me', 'Minist@@', 'er', 'Indi@@', 'a', 'and', 'J@@', 'ap@@', 'an', '.', '</s>']
2026-05-08 20:00:32,330 - INFO - joeynmt.training - 	Source:     die Premierminister Indiens und Japans trafen sich in Tokio .
2026-05-08 20:00:32,330 - INFO - joeynmt.training - 	Reference:  India and Japan prime ministers meet in Tokyo
2026-05-08 20:00:32,330 - INFO - joeynmt.training - 	Hypothesis: the Prime Minister India and Japan India and Japan &apos;s degree of the Prime Minister India and Japan .
2026-05-08 20:00:32,330 - INFO - joeynmt.training - Example #1
2026-05-08 20:00:32,330 - DEBUG - joeynmt.training - 	Tokenized source:     ['Indi@@', 'ens', 'neu@@', 'er', 'Pre@@', 'mi@@', 'er@@', 'minist@@', 'er', 'N@@', 'ar@@', 'end@@', 'ra', 'Mo@@', 'd@@', 'i', 'tri@@', 'fft', 'bei', 's@@', 'einem', 'ersten', 'wichti@@', 'gen', 'Aus@@', 'land@@', 's@@', 'bes@@', 'u@@', 'ch', 'seit', 's@@', 'einem', 'W@@', 'ah@@', 'l@@', 'si@@', 'e@@', 'g', 'im', 'Ma@@', 'i', 'seinen', 'j@@', 'ap@@', 'an@@', 'ischen', 'Am@@', 'ts@@', 'k@@', 'olle@@', 'gen', 'S@@', 'hin@@', 'z@@', 'o', 'A@@', 'be', 'in', 'T@@', 'ok@@', 'o', ',', 'um', 'wirtschaf@@', 'tliche', 'und', 'sicher@@', 'heits@@', 'politische', 'Be@@', 'zieh@@', 'ungen', 'zu', 'bes@@', 'pre@@', 'chen', '.']
2026-05-08 20:00:32,330 - DEBUG - joeynmt.training - 	Tokenized reference:  ['Indi@@', 'a', '&apos;s', 'new', 'pri@@', 'me', 'minist@@', 'er', ',', 'N@@', 'ar@@', 'end@@', 'ra', 'Mo@@', 'd@@', 'i', ',', 'is', 'me@@', 'eting', 'his', 'J@@', 'ap@@', 'an@@', 'ese', 'coun@@', 'ter@@', 'part', ',', 'S@@', 'hin@@', 'z@@', 'o', 'A@@', 'be', ',', 'in', 'T@@', 'ok@@', 'y@@', 'o', 'to', 'disc@@', 'uss', 'economic', 'and', 'security', 'ties', ',', 'on', 'his', 'first', 'major', 'fore@@', 'ign', 'visi@@', 't', 'since', 'w@@', 'inn@@', 'ing', 'Ma@@', 'y', '&apos;s', 'elec@@', 'tion', '.']
2026-05-08 20:00:32,330 - DEBUG - joeynmt.training - 	Tokenized hypothesis: ['Indi@@', 'a', '&apos;s', 'new', 'Pri@@', 'me', 'Minist@@', 'er', 'N@@', 'ar@@', 'end@@', 'ra', 'Mo@@', 'd@@', 'i', ',', 'in', 'his', 'first', 'important', 'elec@@', 't@@', 'or@@', 'al', 'visi@@', 't', 'his', 'elec@@', 'tion', ',', 'in', 'the', 'first', 'place', 'in', 'Ma@@', 'y', ',', 'his', 'J@@', 'ap@@', 'an@@', 'ese', 'S@@', 'hin@@', 'z@@', 'o', 'A@@', 'be', 'in', 'T@@', 'ok@@', 'o', ',', 'to', 'the', 'economic', 'and', 'saf@@', 'ety', 'policy', 'rel@@', 'ations', '.', '</s>']
2026-05-08 20:00:32,330 - INFO - joeynmt.training - 	Source:     Indiens neuer Premierminister Narendra Modi trifft bei seinem ersten wichtigen Auslandsbesuch seit seinem Wahlsieg im Mai seinen japanischen Amtskollegen Shinzo Abe in Toko , um wirtschaftliche und sicherheitspolitische Beziehungen zu besprechen .
2026-05-08 20:00:32,330 - INFO - joeynmt.training - 	Reference:  India &apos;s new prime minister , Narendra Modi , is meeting his Japanese counterpart , Shinzo Abe , in Tokyo to discuss economic and security ties , on his first major foreign visit since winning May &apos;s election .
2026-05-08 20:00:32,331 - INFO - joeynmt.training - 	Hypothesis: India &apos;s new Prime Minister Narendra Modi , in his first important electoral visit his election , in the first place in May , his Japanese Shinzo Abe in Toko , to the economic and safety policy relations .
2026-05-08 20:00:32,331 - INFO - joeynmt.training - Example #2
2026-05-08 20:00:32,331 - DEBUG - joeynmt.training - 	Tokenized source:     ['Herr', 'Mo@@', 'd@@', 'i', 'befindet', 'sich', 'auf', 'einer', 'fü@@', 'n@@', 'f@@', 'tä@@', 'gi@@', 'gen', 'Rei@@', 'se', 'nach', 'J@@', 'ap@@', 'an', ',', 'um', 'die', 'wirtschaf@@', 'tlichen', 'Be@@', 'zieh@@', 'ungen', 'mit', 'der', 'd@@', 'rit@@', 't@@', 'größ@@', 'ten', 'Wirtschafts@@', 'n@@', 'ation', 'der', 'Welt', 'zu', 'fes@@', 'tigen', '.']
2026-05-08 20:00:32,331 - DEBUG - joeynmt.training - 	Tokenized reference:  ['Mr', 'Mo@@', 'd@@', 'i', 'is', 'on', 'a', 'fi@@', 've', '@@@', '-@@', '@', 'day', 'tri@@', 'p', 'to', 'J@@', 'ap@@', 'an', 'to', 'streng@@', 'then', 'economic', 'ties', 'with', 'the', 'third', 'lar@@', 'ges@@', 't', 'econom@@', 'y', 'in', 'the', 'world', '.']
2026-05-08 20:00:32,331 - DEBUG - joeynmt.training - 	Tokenized hypothesis: ['Mr', 'Mo@@', 'd@@', 'i', 'is', 'based', 'on', 'a', 'fi@@', 'f@@', 'ty', 'tra@@', 'v@@', 'el', 'to', 'J@@', 'ap@@', 'an', ',', 'to', 'con@@', 'f@@', 'ron@@', 't', 'economic', 'rel@@', 'ations', 'with', 'the', 'third', 'lar@@', 'ges@@', 't', 'economic', 'n@@', 'ation', 'of', 'the', 'world', '.', '</s>']
2026-05-08 20:00:32,331 - INFO - joeynmt.training - 	Source:     Herr Modi befindet sich auf einer fünftägigen Reise nach Japan , um die wirtschaftlichen Beziehungen mit der drittgrößten Wirtschaftsnation der Welt zu festigen .
2026-05-08 20:00:32,331 - INFO - joeynmt.training - 	Reference:  Mr Modi is on a five @-@ day trip to Japan to strengthen economic ties with the third largest economy in the world .
2026-05-08 20:00:32,331 - INFO - joeynmt.training - 	Hypothesis: Mr Modi is based on a fifty travel to Japan , to confront economic relations with the third largest economic nation of the world .
2026-05-08 20:00:32,331 - INFO - joeynmt.training - Example #3
2026-05-08 20:00:32,331 - DEBUG - joeynmt.training - 	Tokenized source:     ['P@@', 'län@@', 'e', 'für', 'eine', 'stärk@@', 'ere', 'k@@', 'ern@@', 'techn@@', 'ische', 'Zusammenarbeit', 'stehen', 'ganz', 'ob@@', 'en', 'auf', 'der', 'Tag@@', 'es@@', 'ordnung', '.']
2026-05-08 20:00:32,331 - DEBUG - joeynmt.training - 	Tokenized reference:  ['high', 'on', 'the', 'agen@@', 'da', 'are', 'pl@@', 'ans', 'for', 'gre@@', 'ater', 'nu@@', 'clear', 'c@@', 'o', '@@@', '-@@', '@', 'operation', '.']
2026-05-08 20:00:32,331 - DEBUG - joeynmt.training - 	Tokenized hypothesis: ['P@@', 'l@@', 'an', 'for', 'more', 'nu@@', 'clear', 'techn@@', 'ical', 'cooperation', 'are', 'very', 'ob@@', 'vi@@', 'ously', 'on', 'the', 'agen@@', 'da', '.', '</s>']
2026-05-08 20:00:32,331 - INFO - joeynmt.training - 	Source:     Pläne für eine stärkere kerntechnische Zusammenarbeit stehen ganz oben auf der Tagesordnung .
2026-05-08 20:00:32,331 - INFO - joeynmt.training - 	Reference:  high on the agenda are plans for greater nuclear co @-@ operation .
2026-05-08 20:00:32,331 - INFO - joeynmt.training - 	Hypothesis: Plan for more nuclear technical cooperation are very obviously on the agenda .
2026-05-08 20:00:32,331 - INFO - joeynmt.training - Example #4
2026-05-08 20:00:32,331 - DEBUG - joeynmt.training - 	Tokenized source:     ['Berich@@', 'ten', 'zu@@', 'fol@@', 'ge', 'ho@@', 'fft', 'Indi@@', 'en', 'darüber', 'hinaus', 'auf', 'einen', 'Ver@@', 'trag', 'zur', 'Ver@@', 'tei@@', 'dig@@', 'ungs@@', 'zusammen@@', 'arbeit', 'zwischen', 'den', 'beiden', 'N@@', 'ationen', '.']
2026-05-08 20:00:32,331 - DEBUG - joeynmt.training - 	Tokenized reference:  ['Indi@@', 'a', 'is', 'also', 're@@', 'porte@@', 'dly', 'hop@@', 'ing', 'for', 'a', 'de@@', 'al', 'on', 'def@@', 'ence', 'c@@', 'oll@@', 'ab@@', 'or@@', 'ation', 'between', 'the', 'two', 'n@@', 'ations', '.']
2026-05-08 20:00:32,331 - DEBUG - joeynmt.training - 	Tokenized hypothesis: ['the', 're@@', 'ports', 'of', 'the', 'fact', 'that', 'Indi@@', 'a', ',', 'the', 'high', 'level', 'of', 'con@@', 'tra@@', 'ct', 'on', 'def@@', 'ence', 'cooperation', 'between', 'the', 'two', 'n@@', 'ations', '.', '</s>']
2026-05-08 20:00:32,331 - INFO - joeynmt.training - 	Source:     Berichten zufolge hofft Indien darüber hinaus auf einen Vertrag zur Verteidigungszusammenarbeit zwischen den beiden Nationen .
2026-05-08 20:00:32,331 - INFO - joeynmt.training - 	Reference:  India is also reportedly hoping for a deal on defence collaboration between the two nations .
2026-05-08 20:00:32,331 - INFO - joeynmt.training - 	Hypothesis: the reports of the fact that India , the high level of contract on defence cooperation between the two nations .
2026-05-08 20:00:49,478 - INFO - joeynmt.training - Epoch   9, Step:    34100, Batch Loss:     1.847850, Batch Acc: 0.542887, Tokens per Sec:     5363, Lr: 0.000300
2026-05-08 20:01:06,725 - INFO - joeynmt.training - Epoch   9, Step:    34200, Batch Loss:     1.740077, Batch Acc: 0.536463, Tokens per Sec:     5353, Lr: 0.000300
2026-05-08 20:01:23,900 - INFO - joeynmt.training - Epoch   9, Step:    34300, Batch Loss:     1.704447, Batch Acc: 0.539717, Tokens per Sec:     5348, Lr: 0.000300
2026-05-08 20:01:41,391 - INFO - joeynmt.training - Epoch   9, Step:    34400, Batch Loss:     1.797714, Batch Acc: 0.535293, Tokens per Sec:     5322, Lr: 0.000300
2026-05-08 20:01:58,664 - INFO - joeynmt.training - Epoch   9, Step:    34500, Batch Loss:     1.634172, Batch Acc: 0.545044, Tokens per Sec:     5380, Lr: 0.000300
2026-05-08 20:01:58,665 - INFO - joeynmt.prediction - Predicting 500 example(s)... (Greedy decoding with min_output_length=1, max_output_length=-1, return_prob='none', generate_unk=True, repetition_penalty=-1, no_repeat_ngram_size=-1)
2026-05-08 20:02:23,340 - INFO - joeynmt.prediction - Evaluation result (greedy) loss:   2.09, ppl:   8.06, acc:   0.46, generation: 24.6706[sec], evaluation: 0.0000[sec]
2026-05-08 20:02:23,427 - INFO - joeynmt.helpers - delete models/deen_transformer_pre/30500.ckpt
2026-05-08 20:02:23,429 - INFO - joeynmt.training - Example #0
2026-05-08 20:02:23,429 - DEBUG - joeynmt.training - 	Tokenized source:     ['die', 'Pre@@', 'mi@@', 'er@@', 'minist@@', 'er', 'Indi@@', 'ens', 'und', 'J@@', 'ap@@', 'ans', 'tra@@', 'fen', 'sich', 'in', 'T@@', 'ok@@', 'i@@', 'o', '.']
2026-05-08 20:02:23,430 - DEBUG - joeynmt.training - 	Tokenized reference:  ['Indi@@', 'a', 'and', 'J@@', 'ap@@', 'an', 'pri@@', 'me', 'minist@@', 'ers', 'me@@', 'et', 'in', 'T@@', 'ok@@', 'y@@', 'o']
2026-05-08 20:02:23,430 - DEBUG - joeynmt.training - 	Tokenized hypothesis: ['the', 'Pri@@', 'me', 'Minist@@', 'er', 'Indi@@', 'a', 'and', 'J@@', 'ap@@', 'an', 'Indi@@', 'a', 'and', 'J@@', 'ap@@', 'an', '&apos;s', '&apos;s', 'minist@@', 'er', '.', '</s>']
2026-05-08 20:02:23,430 - INFO - joeynmt.training - 	Source:     die Premierminister Indiens und Japans trafen sich in Tokio .
2026-05-08 20:02:23,430 - INFO - joeynmt.training - 	Reference:  India and Japan prime ministers meet in Tokyo
2026-05-08 20:02:23,430 - INFO - joeynmt.training - 	Hypothesis: the Prime Minister India and Japan India and Japan &apos;s &apos;s minister .
2026-05-08 20:02:23,430 - INFO - joeynmt.training - Example #1
2026-05-08 20:02:23,430 - DEBUG - joeynmt.training - 	Tokenized source:     ['Indi@@', 'ens', 'neu@@', 'er', 'Pre@@', 'mi@@', 'er@@', 'minist@@', 'er', 'N@@', 'ar@@', 'end@@', 'ra', 'Mo@@', 'd@@', 'i', 'tri@@', 'fft', 'bei', 's@@', 'einem', 'ersten', 'wichti@@', 'gen', 'Aus@@', 'land@@', 's@@', 'bes@@', 'u@@', 'ch', 'seit', 's@@', 'einem', 'W@@', 'ah@@', 'l@@', 'si@@', 'e@@', 'g', 'im', 'Ma@@', 'i', 'seinen', 'j@@', 'ap@@', 'an@@', 'ischen', 'Am@@', 'ts@@', 'k@@', 'olle@@', 'gen', 'S@@', 'hin@@', 'z@@', 'o', 'A@@', 'be', 'in', 'T@@', 'ok@@', 'o', ',', 'um', 'wirtschaf@@', 'tliche', 'und', 'sicher@@', 'heits@@', 'politische', 'Be@@', 'zieh@@', 'ungen', 'zu', 'bes@@', 'pre@@', 'chen', '.']
2026-05-08 20:02:23,430 - DEBUG - joeynmt.training - 	Tokenized reference:  ['Indi@@', 'a', '&apos;s', 'new', 'pri@@', 'me', 'minist@@', 'er', ',', 'N@@', 'ar@@', 'end@@', 'ra', 'Mo@@', 'd@@', 'i', ',', 'is', 'me@@', 'eting', 'his', 'J@@', 'ap@@', 'an@@', 'ese', 'coun@@', 'ter@@', 'part', ',', 'S@@', 'hin@@', 'z@@', 'o', 'A@@', 'be', ',', 'in', 'T@@', 'ok@@', 'y@@', 'o', 'to', 'disc@@', 'uss', 'economic', 'and', 'security', 'ties', ',', 'on', 'his', 'first', 'major', 'fore@@', 'ign', 'visi@@', 't', 'since', 'w@@', 'inn@@', 'ing', 'Ma@@', 'y', '&apos;s', 'elec@@', 'tion', '.']
2026-05-08 20:02:23,430 - DEBUG - joeynmt.training - 	Tokenized hypothesis: ['Indi@@', 'a', '&apos;s', 'new', 'Pri@@', 'me', 'Minist@@', 'er', 'N@@', 'ar@@', 'end@@', 'ra', 'Mo@@', 'd@@', 'i', ',', 'in', 'his', 'first', 'important', 'ex@@', 'tern@@', 'al', 'visi@@', 'tors', ',', 'since', 'his', 'elec@@', 'tion', 'S@@', 'hin@@', 'z@@', 'o', ',', 'in', 'Ma@@', 'y', 'his', 'J@@', 'ap@@', 'an@@', 'ese', 'S@@', 'hin@@', 'z@@', 'o', 'A@@', 'be', 'in', 'T@@', 'ok@@', 'o', ',', 'to', 'be', 'a', 'first', 'of', 'all', '.', '</s>']
2026-05-08 20:02:23,430 - INFO - joeynmt.training - 	Source:     Indiens neuer Premierminister Narendra Modi trifft bei seinem ersten wichtigen Auslandsbesuch seit seinem Wahlsieg im Mai seinen japanischen Amtskollegen Shinzo Abe in Toko , um wirtschaftliche und sicherheitspolitische Beziehungen zu besprechen .
2026-05-08 20:02:23,430 - INFO - joeynmt.training - 	Reference:  India &apos;s new prime minister , Narendra Modi , is meeting his Japanese counterpart , Shinzo Abe , in Tokyo to discuss economic and security ties , on his first major foreign visit since winning May &apos;s election .
2026-05-08 20:02:23,430 - INFO - joeynmt.training - 	Hypothesis: India &apos;s new Prime Minister Narendra Modi , in his first important external visitors , since his election Shinzo , in May his Japanese Shinzo Abe in Toko , to be a first of all .
2026-05-08 20:02:23,430 - INFO - joeynmt.training - Example #2
2026-05-08 20:02:23,430 - DEBUG - joeynmt.training - 	Tokenized source:     ['Herr', 'Mo@@', 'd@@', 'i', 'befindet', 'sich', 'auf', 'einer', 'fü@@', 'n@@', 'f@@', 'tä@@', 'gi@@', 'gen', 'Rei@@', 'se', 'nach', 'J@@', 'ap@@', 'an', ',', 'um', 'die', 'wirtschaf@@', 'tlichen', 'Be@@', 'zieh@@', 'ungen', 'mit', 'der', 'd@@', 'rit@@', 't@@', 'größ@@', 'ten', 'Wirtschafts@@', 'n@@', 'ation', 'der', 'Welt', 'zu', 'fes@@', 'tigen', '.']
2026-05-08 20:02:23,430 - DEBUG - joeynmt.training - 	Tokenized reference:  ['Mr', 'Mo@@', 'd@@', 'i', 'is', 'on', 'a', 'fi@@', 've', '@@@', '-@@', '@', 'day', 'tri@@', 'p', 'to', 'J@@', 'ap@@', 'an', 'to', 'streng@@', 'then', 'economic', 'ties', 'with', 'the', 'third', 'lar@@', 'ges@@', 't', 'econom@@', 'y', 'in', 'the', 'world', '.']
2026-05-08 20:02:23,430 - DEBUG - joeynmt.training - 	Tokenized hypothesis: ['Mr', 'Mo@@', 'd@@', 'i', 'is', 'based', 'on', 'a', 'fi@@', 'f@@', 'ty', 'tra@@', 'v@@', 'el', 'to', 'J@@', 'ap@@', 'an', 'to', 'be', 'con@@', 'f@@', 'used', 'to', 'mo@@', 've', 'the', 'economic', 'rel@@', 'ations', 'with', 'the', 'third', 'lar@@', 'ges@@', 't', 'economic', 'n@@', 'ation', 'of', 'the', 'world', '.', '</s>']
2026-05-08 20:02:23,430 - INFO - joeynmt.training - 	Source:     Herr Modi befindet sich auf einer fünftägigen Reise nach Japan , um die wirtschaftlichen Beziehungen mit der drittgrößten Wirtschaftsnation der Welt zu festigen .
2026-05-08 20:02:23,430 - INFO - joeynmt.training - 	Reference:  Mr Modi is on a five @-@ day trip to Japan to strengthen economic ties with the third largest economy in the world .
2026-05-08 20:02:23,430 - INFO - joeynmt.training - 	Hypothesis: Mr Modi is based on a fifty travel to Japan to be confused to move the economic relations with the third largest economic nation of the world .
2026-05-08 20:02:23,430 - INFO - joeynmt.training - Example #3
2026-05-08 20:02:23,430 - DEBUG - joeynmt.training - 	Tokenized source:     ['P@@', 'län@@', 'e', 'für', 'eine', 'stärk@@', 'ere', 'k@@', 'ern@@', 'techn@@', 'ische', 'Zusammenarbeit', 'stehen', 'ganz', 'ob@@', 'en', 'auf', 'der', 'Tag@@', 'es@@', 'ordnung', '.']
2026-05-08 20:02:23,430 - DEBUG - joeynmt.training - 	Tokenized reference:  ['high', 'on', 'the', 'agen@@', 'da', 'are', 'pl@@', 'ans', 'for', 'gre@@', 'ater', 'nu@@', 'clear', 'c@@', 'o', '@@@', '-@@', '@', 'operation', '.']
2026-05-08 20:02:23,430 - DEBUG - joeynmt.training - 	Tokenized hypothesis: ['P@@', 'e', 'for', 'more', 'effective', 'cooperation', '.', '</s>']
2026-05-08 20:02:23,430 - INFO - joeynmt.training - 	Source:     Pläne für eine stärkere kerntechnische Zusammenarbeit stehen ganz oben auf der Tagesordnung .
2026-05-08 20:02:23,430 - INFO - joeynmt.training - 	Reference:  high on the agenda are plans for greater nuclear co @-@ operation .
2026-05-08 20:02:23,430 - INFO - joeynmt.training - 	Hypothesis: Pe for more effective cooperation .
2026-05-08 20:02:23,431 - INFO - joeynmt.training - Example #4
2026-05-08 20:02:23,431 - DEBUG - joeynmt.training - 	Tokenized source:     ['Berich@@', 'ten', 'zu@@', 'fol@@', 'ge', 'ho@@', 'fft', 'Indi@@', 'en', 'darüber', 'hinaus', 'auf', 'einen', 'Ver@@', 'trag', 'zur', 'Ver@@', 'tei@@', 'dig@@', 'ungs@@', 'zusammen@@', 'arbeit', 'zwischen', 'den', 'beiden', 'N@@', 'ationen', '.']
2026-05-08 20:02:23,431 - DEBUG - joeynmt.training - 	Tokenized reference:  ['Indi@@', 'a', 'is', 'also', 're@@', 'porte@@', 'dly', 'hop@@', 'ing', 'for', 'a', 'de@@', 'al', 'on', 'def@@', 'ence', 'c@@', 'oll@@', 'ab@@', 'or@@', 'ation', 'between', 'the', 'two', 'n@@', 'ations', '.']
2026-05-08 20:02:23,431 - DEBUG - joeynmt.training - 	Tokenized hypothesis: ['the', 're@@', 'ports', 'are', 'also', 'high@@', 'ly', 'Indi@@', 'a', ',', 'on', 'a', 'tre@@', 'aty', 'on', 'a', 'tre@@', 'aty', 'on', 'the', 'basis', 'of', 'the', 'two', 'n@@', 'ations', '.', '</s>']
2026-05-08 20:02:23,431 - INFO - joeynmt.training - 	Source:     Berichten zufolge hofft Indien darüber hinaus auf einen Vertrag zur Verteidigungszusammenarbeit zwischen den beiden Nationen .
2026-05-08 20:02:23,431 - INFO - joeynmt.training - 	Reference:  India is also reportedly hoping for a deal on defence collaboration between the two nations .
2026-05-08 20:02:23,431 - INFO - joeynmt.training - 	Hypothesis: the reports are also highly India , on a treaty on a treaty on the basis of the two nations .
2026-05-08 20:02:40,774 - INFO - joeynmt.training - Epoch   9, Step:    34600, Batch Loss:     1.518703, Batch Acc: 0.548993, Tokens per Sec:     5197, Lr: 0.000300
2026-05-08 20:02:58,059 - INFO - joeynmt.training - Epoch   9, Step:    34700, Batch Loss:     1.584892, Batch Acc: 0.540460, Tokens per Sec:     5274, Lr: 0.000300
2026-05-08 20:03:15,376 - INFO - joeynmt.training - Epoch   9, Step:    34800, Batch Loss:     1.640208, Batch Acc: 0.538350, Tokens per Sec:     5357, Lr: 0.000300
2026-05-08 20:03:32,640 - INFO - joeynmt.training - Epoch   9, Step:    34900, Batch Loss:     1.896764, Batch Acc: 0.540126, Tokens per Sec:     5353, Lr: 0.000300
2026-05-08 20:03:49,946 - INFO - joeynmt.training - Epoch   9, Step:    35000, Batch Loss:     1.633718, Batch Acc: 0.541092, Tokens per Sec:     5336, Lr: 0.000300
2026-05-08 20:03:49,947 - INFO - joeynmt.prediction - Predicting 500 example(s)... (Greedy decoding with min_output_length=1, max_output_length=-1, return_prob='none', generate_unk=True, repetition_penalty=-1, no_repeat_ngram_size=-1)
2026-05-08 20:04:24,217 - INFO - joeynmt.prediction - Evaluation result (greedy) loss:   2.08, ppl:   7.99, acc:   0.46, generation: 34.2660[sec], evaluation: 0.0000[sec]
2026-05-08 20:04:24,304 - INFO - joeynmt.helpers - delete models/deen_transformer_pre/31500.ckpt
2026-05-08 20:04:24,305 - INFO - joeynmt.training - Example #0
2026-05-08 20:04:24,305 - DEBUG - joeynmt.training - 	Tokenized source:     ['die', 'Pre@@', 'mi@@', 'er@@', 'minist@@', 'er', 'Indi@@', 'ens', 'und', 'J@@', 'ap@@', 'ans', 'tra@@', 'fen', 'sich', 'in', 'T@@', 'ok@@', 'i@@', 'o', '.']
2026-05-08 20:04:24,305 - DEBUG - joeynmt.training - 	Tokenized reference:  ['Indi@@', 'a', 'and', 'J@@', 'ap@@', 'an', 'pri@@', 'me', 'minist@@', 'ers', 'me@@', 'et', 'in', 'T@@', 'ok@@', 'y@@', 'o']
2026-05-08 20:04:24,305 - DEBUG - joeynmt.training - 	Tokenized hypothesis: ['Indi@@', 'a', 'and', 'J@@', 'ap@@', 'an', '&apos;s', 'pri@@', 'me', 'minist@@', 'er', 'Indi@@', 'a', 'and', 'J@@', 'ap@@', 'an', '&apos;s', 'in', 'T@@', 'ok@@', 'i@@', 'o', '.', '</s>']
2026-05-08 20:04:24,305 - INFO - joeynmt.training - 	Source:     die Premierminister Indiens und Japans trafen sich in Tokio .
2026-05-08 20:04:24,305 - INFO - joeynmt.training - 	Reference:  India and Japan prime ministers meet in Tokyo
2026-05-08 20:04:24,305 - INFO - joeynmt.training - 	Hypothesis: India and Japan &apos;s prime minister India and Japan &apos;s in Tokio .
2026-05-08 20:04:24,305 - INFO - joeynmt.training - Example #1
2026-05-08 20:04:24,306 - DEBUG - joeynmt.training - 	Tokenized source:     ['Indi@@', 'ens', 'neu@@', 'er', 'Pre@@', 'mi@@', 'er@@', 'minist@@', 'er', 'N@@', 'ar@@', 'end@@', 'ra', 'Mo@@', 'd@@', 'i', 'tri@@', 'fft', 'bei', 's@@', 'einem', 'ersten', 'wichti@@', 'gen', 'Aus@@', 'land@@', 's@@', 'bes@@', 'u@@', 'ch', 'seit', 's@@', 'einem', 'W@@', 'ah@@', 'l@@', 'si@@', 'e@@', 'g', 'im', 'Ma@@', 'i', 'seinen', 'j@@', 'ap@@', 'an@@', 'ischen', 'Am@@', 'ts@@', 'k@@', 'olle@@', 'gen', 'S@@', 'hin@@', 'z@@', 'o', 'A@@', 'be', 'in', 'T@@', 'ok@@', 'o', ',', 'um', 'wirtschaf@@', 'tliche', 'und', 'sicher@@', 'heits@@', 'politische', 'Be@@', 'zieh@@', 'ungen', 'zu', 'bes@@', 'pre@@', 'chen', '.']
2026-05-08 20:04:24,306 - DEBUG - joeynmt.training - 	Tokenized reference:  ['Indi@@', 'a', '&apos;s', 'new', 'pri@@', 'me', 'minist@@', 'er', ',', 'N@@', 'ar@@', 'end@@', 'ra', 'Mo@@', 'd@@', 'i', ',', 'is', 'me@@', 'eting', 'his', 'J@@', 'ap@@', 'an@@', 'ese', 'coun@@', 'ter@@', 'part', ',', 'S@@', 'hin@@', 'z@@', 'o', 'A@@', 'be', ',', 'in', 'T@@', 'ok@@', 'y@@', 'o', 'to', 'disc@@', 'uss', 'economic', 'and', 'security', 'ties', ',', 'on', 'his', 'first', 'major', 'fore@@', 'ign', 'visi@@', 't', 'since', 'w@@', 'inn@@', 'ing', 'Ma@@', 'y', '&apos;s', 'elec@@', 'tion', '.']
2026-05-08 20:04:24,306 - DEBUG - joeynmt.training - 	Tokenized hypothesis: ['Indi@@', 'a', '&apos;s', 'lat@@', 'er', 'Pri@@', 'me', 'Minist@@', 'er', 'N@@', 'ar@@', 'end@@', 'ra', 'Mo@@', 'd@@', 'i', ',', 'in', 'his', 'first', 'c@@', 'are@@', 'er', ',', 'in', 'his', 'first', 'c@@', 'are@@', 'er', ',', 'since', 'his', 'first', 'c@@', 'are@@', 'er', ',', 'in', 'Ma@@', 'y', 'his', 'J@@', 'ap@@', 'an@@', 'ese', '&apos;s', 'off@@', 'i@@', 'cial', 'and', 'saf@@', 'ety', 'political', 'rel@@', 'ations', '.', '</s>']
2026-05-08 20:04:24,306 - INFO - joeynmt.training - 	Source:     Indiens neuer Premierminister Narendra Modi trifft bei seinem ersten wichtigen Auslandsbesuch seit seinem Wahlsieg im Mai seinen japanischen Amtskollegen Shinzo Abe in Toko , um wirtschaftliche und sicherheitspolitische Beziehungen zu besprechen .
2026-05-08 20:04:24,306 - INFO - joeynmt.training - 	Reference:  India &apos;s new prime minister , Narendra Modi , is meeting his Japanese counterpart , Shinzo Abe , in Tokyo to discuss economic and security ties , on his first major foreign visit since winning May &apos;s election .
2026-05-08 20:04:24,306 - INFO - joeynmt.training - 	Hypothesis: India &apos;s later Prime Minister Narendra Modi , in his first career , in his first career , since his first career , in May his Japanese &apos;s official and safety political relations .
2026-05-08 20:04:24,306 - INFO - joeynmt.training - Example #2
2026-05-08 20:04:24,306 - DEBUG - joeynmt.training - 	Tokenized source:     ['Herr', 'Mo@@', 'd@@', 'i', 'befindet', 'sich', 'auf', 'einer', 'fü@@', 'n@@', 'f@@', 'tä@@', 'gi@@', 'gen', 'Rei@@', 'se', 'nach', 'J@@', 'ap@@', 'an', ',', 'um', 'die', 'wirtschaf@@', 'tlichen', 'Be@@', 'zieh@@', 'ungen', 'mit', 'der', 'd@@', 'rit@@', 't@@', 'größ@@', 'ten', 'Wirtschafts@@', 'n@@', 'ation', 'der', 'Welt', 'zu', 'fes@@', 'tigen', '.']
2026-05-08 20:04:24,306 - DEBUG - joeynmt.training - 	Tokenized reference:  ['Mr', 'Mo@@', 'd@@', 'i', 'is', 'on', 'a', 'fi@@', 've', '@@@', '-@@', '@', 'day', 'tri@@', 'p', 'to', 'J@@', 'ap@@', 'an', 'to', 'streng@@', 'then', 'economic', 'ties', 'with', 'the', 'third', 'lar@@', 'ges@@', 't', 'econom@@', 'y', 'in', 'the', 'world', '.']
2026-05-08 20:04:24,306 - DEBUG - joeynmt.training - 	Tokenized hypothesis: ['Mr', 'Mo@@', 'd@@', 'i', 'is', 'based', 'on', 'a', 'fi@@', 'f@@', 'ty', 'tra@@', 'v@@', 'el', 'to', 'J@@', 'ap@@', 'an', 'to', 'the', 'economic', 'rel@@', 'ations', 'with', 'the', 'third', 'lar@@', 'ges@@', 't', 'economic', 'n@@', 'ation', 'of', 'the', 'world', '.', '</s>']
2026-05-08 20:04:24,306 - INFO - joeynmt.training - 	Source:     Herr Modi befindet sich auf einer fünftägigen Reise nach Japan , um die wirtschaftlichen Beziehungen mit der drittgrößten Wirtschaftsnation der Welt zu festigen .
2026-05-08 20:04:24,306 - INFO - joeynmt.training - 	Reference:  Mr Modi is on a five @-@ day trip to Japan to strengthen economic ties with the third largest economy in the world .
2026-05-08 20:04:24,306 - INFO - joeynmt.training - 	Hypothesis: Mr Modi is based on a fifty travel to Japan to the economic relations with the third largest economic nation of the world .
2026-05-08 20:04:24,306 - INFO - joeynmt.training - Example #3
2026-05-08 20:04:24,306 - DEBUG - joeynmt.training - 	Tokenized source:     ['P@@', 'län@@', 'e', 'für', 'eine', 'stärk@@', 'ere', 'k@@', 'ern@@', 'techn@@', 'ische', 'Zusammenarbeit', 'stehen', 'ganz', 'ob@@', 'en', 'auf', 'der', 'Tag@@', 'es@@', 'ordnung', '.']
2026-05-08 20:04:24,306 - DEBUG - joeynmt.training - 	Tokenized reference:  ['high', 'on', 'the', 'agen@@', 'da', 'are', 'pl@@', 'ans', 'for', 'gre@@', 'ater', 'nu@@', 'clear', 'c@@', 'o', '@@@', '-@@', '@', 'operation', '.']
2026-05-08 20:04:24,306 - DEBUG - joeynmt.training - 	Tokenized hypothesis: ['pl@@', 'ans', 'for', 'gre@@', 'ater', 'nu@@', 'clear', 'cooperation', 'are', 'very', 'ob@@', 'vi@@', 'ously', 'on', 'the', 'agen@@', 'da', '.', '</s>']
2026-05-08 20:04:24,306 - INFO - joeynmt.training - 	Source:     Pläne für eine stärkere kerntechnische Zusammenarbeit stehen ganz oben auf der Tagesordnung .
2026-05-08 20:04:24,306 - INFO - joeynmt.training - 	Reference:  high on the agenda are plans for greater nuclear co @-@ operation .
2026-05-08 20:04:24,306 - INFO - joeynmt.training - 	Hypothesis: plans for greater nuclear cooperation are very obviously on the agenda .
2026-05-08 20:04:24,306 - INFO - joeynmt.training - Example #4
2026-05-08 20:04:24,306 - DEBUG - joeynmt.training - 	Tokenized source:     ['Berich@@', 'ten', 'zu@@', 'fol@@', 'ge', 'ho@@', 'fft', 'Indi@@', 'en', 'darüber', 'hinaus', 'auf', 'einen', 'Ver@@', 'trag', 'zur', 'Ver@@', 'tei@@', 'dig@@', 'ungs@@', 'zusammen@@', 'arbeit', 'zwischen', 'den', 'beiden', 'N@@', 'ationen', '.']
2026-05-08 20:04:24,306 - DEBUG - joeynmt.training - 	Tokenized reference:  ['Indi@@', 'a', 'is', 'also', 're@@', 'porte@@', 'dly', 'hop@@', 'ing', 'for', 'a', 'de@@', 'al', 'on', 'def@@', 'ence', 'c@@', 'oll@@', 'ab@@', 'or@@', 'ation', 'between', 'the', 'two', 'n@@', 'ations', '.']
2026-05-08 20:04:24,306 - DEBUG - joeynmt.training - 	Tokenized hypothesis: ['it', 'is', 'also', 'a', 'de@@', 'gre@@', 'e', 'of', 'the', 're@@', 'ports', 'on', 'the', 'con@@', 'tra@@', 'ct', 'on', 'def@@', 'ence', '.', '</s>']
2026-05-08 20:04:24,306 - INFO - joeynmt.training - 	Source:     Berichten zufolge hofft Indien darüber hinaus auf einen Vertrag zur Verteidigungszusammenarbeit zwischen den beiden Nationen .
2026-05-08 20:04:24,306 - INFO - joeynmt.training - 	Reference:  India is also reportedly hoping for a deal on defence collaboration between the two nations .
2026-05-08 20:04:24,306 - INFO - joeynmt.training - 	Hypothesis: it is also a degree of the reports on the contract on defence .
2026-05-08 20:04:41,612 - INFO - joeynmt.training - Epoch   9, Step:    35100, Batch Loss:     1.712434, Batch Acc: 0.540941, Tokens per Sec:     5250, Lr: 0.000300
2026-05-08 20:04:58,986 - INFO - joeynmt.training - Epoch   9, Step:    35200, Batch Loss:     1.596547, Batch Acc: 0.546494, Tokens per Sec:     5238, Lr: 0.000300
2026-05-08 20:05:16,296 - INFO - joeynmt.training - Epoch   9, Step:    35300, Batch Loss:     1.690929, Batch Acc: 0.537605, Tokens per Sec:     5253, Lr: 0.000300
2026-05-08 20:05:33,814 - INFO - joeynmt.training - Epoch   9, Step:    35400, Batch Loss:     1.685166, Batch Acc: 0.544849, Tokens per Sec:     5253, Lr: 0.000300
2026-05-08 20:05:51,352 - INFO - joeynmt.training - Epoch   9, Step:    35500, Batch Loss:     1.871938, Batch Acc: 0.542131, Tokens per Sec:     5220, Lr: 0.000300
2026-05-08 20:05:51,353 - INFO - joeynmt.prediction - Predicting 500 example(s)... (Greedy decoding with min_output_length=1, max_output_length=-1, return_prob='none', generate_unk=True, repetition_penalty=-1, no_repeat_ngram_size=-1)
2026-05-08 20:06:20,275 - INFO - joeynmt.prediction - Evaluation result (greedy) loss:   2.07, ppl:   7.92, acc:   0.46, generation: 28.9183[sec], evaluation: 0.0000[sec]
2026-05-08 20:06:20,277 - INFO - joeynmt.training - Hooray! New best validation result [ppl]!
2026-05-08 20:06:20,362 - INFO - joeynmt.helpers - delete models/deen_transformer_pre/34500.ckpt
2026-05-08 20:06:20,363 - INFO - joeynmt.training - Example #0
2026-05-08 20:06:20,363 - DEBUG - joeynmt.training - 	Tokenized source:     ['die', 'Pre@@', 'mi@@', 'er@@', 'minist@@', 'er', 'Indi@@', 'ens', 'und', 'J@@', 'ap@@', 'ans', 'tra@@', 'fen', 'sich', 'in', 'T@@', 'ok@@', 'i@@', 'o', '.']
2026-05-08 20:06:20,363 - DEBUG - joeynmt.training - 	Tokenized reference:  ['Indi@@', 'a', 'and', 'J@@', 'ap@@', 'an', 'pri@@', 'me', 'minist@@', 'ers', 'me@@', 'et', 'in', 'T@@', 'ok@@', 'y@@', 'o']
2026-05-08 20:06:20,363 - DEBUG - joeynmt.training - 	Tokenized hypothesis: ['the', 'Pri@@', 'me', 'Minist@@', 'er', 'Indi@@', 'a', 'and', 'J@@', 'ap@@', 'an', 'tra@@', 'v@@', 'el', '.', '</s>']
2026-05-08 20:06:20,363 - INFO - joeynmt.training - 	Source:     die Premierminister Indiens und Japans trafen sich in Tokio .
2026-05-08 20:06:20,363 - INFO - joeynmt.training - 	Reference:  India and Japan prime ministers meet in Tokyo
2026-05-08 20:06:20,363 - INFO - joeynmt.training - 	Hypothesis: the Prime Minister India and Japan travel .
2026-05-08 20:06:20,364 - INFO - joeynmt.training - Example #1
2026-05-08 20:06:20,364 - DEBUG - joeynmt.training - 	Tokenized source:     ['Indi@@', 'ens', 'neu@@', 'er', 'Pre@@', 'mi@@', 'er@@', 'minist@@', 'er', 'N@@', 'ar@@', 'end@@', 'ra', 'Mo@@', 'd@@', 'i', 'tri@@', 'fft', 'bei', 's@@', 'einem', 'ersten', 'wichti@@', 'gen', 'Aus@@', 'land@@', 's@@', 'bes@@', 'u@@', 'ch', 'seit', 's@@', 'einem', 'W@@', 'ah@@', 'l@@', 'si@@', 'e@@', 'g', 'im', 'Ma@@', 'i', 'seinen', 'j@@', 'ap@@', 'an@@', 'ischen', 'Am@@', 'ts@@', 'k@@', 'olle@@', 'gen', 'S@@', 'hin@@', 'z@@', 'o', 'A@@', 'be', 'in', 'T@@', 'ok@@', 'o', ',', 'um', 'wirtschaf@@', 'tliche', 'und', 'sicher@@', 'heits@@', 'politische', 'Be@@', 'zieh@@', 'ungen', 'zu', 'bes@@', 'pre@@', 'chen', '.']
2026-05-08 20:06:20,364 - DEBUG - joeynmt.training - 	Tokenized reference:  ['Indi@@', 'a', '&apos;s', 'new', 'pri@@', 'me', 'minist@@', 'er', ',', 'N@@', 'ar@@', 'end@@', 'ra', 'Mo@@', 'd@@', 'i', ',', 'is', 'me@@', 'eting', 'his', 'J@@', 'ap@@', 'an@@', 'ese', 'coun@@', 'ter@@', 'part', ',', 'S@@', 'hin@@', 'z@@', 'o', 'A@@', 'be', ',', 'in', 'T@@', 'ok@@', 'y@@', 'o', 'to', 'disc@@', 'uss', 'economic', 'and', 'security', 'ties', ',', 'on', 'his', 'first', 'major', 'fore@@', 'ign', 'visi@@', 't', 'since', 'w@@', 'inn@@', 'ing', 'Ma@@', 'y', '&apos;s', 'elec@@', 'tion', '.']
2026-05-08 20:06:20,364 - DEBUG - joeynmt.training - 	Tokenized hypothesis: ['Indi@@', 'a', '&apos;s', 'new', 'Pri@@', 'me', 'Minist@@', 'er', 'N@@', 'ar@@', 'end@@', 'ra', 'Mo@@', 'd@@', 'i', ',', 'in', 'his', 'first', 'place', ',', 'in', 'his', 'first', 'c@@', 'are@@', 'fully', ',', 'since', 'his', 'own', 'elec@@', 'tion', ',', 'in', 'the', 'Ma@@', 'y', 'his', 'J@@', 'ap@@', 'an@@', 'ese', 'S@@', 'hin@@', 'z@@', 'o', 'A@@', 'v@@', 'an@@', 'ia', '&apos;s', 'S@@', 'hin@@', 'z@@', 'o', ',', 'to', 're@@', 'ach', 'economic', 'and', 'saf@@', 'ety', '.', '</s>']
2026-05-08 20:06:20,364 - INFO - joeynmt.training - 	Source:     Indiens neuer Premierminister Narendra Modi trifft bei seinem ersten wichtigen Auslandsbesuch seit seinem Wahlsieg im Mai seinen japanischen Amtskollegen Shinzo Abe in Toko , um wirtschaftliche und sicherheitspolitische Beziehungen zu besprechen .
2026-05-08 20:06:20,364 - INFO - joeynmt.training - 	Reference:  India &apos;s new prime minister , Narendra Modi , is meeting his Japanese counterpart , Shinzo Abe , in Tokyo to discuss economic and security ties , on his first major foreign visit since winning May &apos;s election .
2026-05-08 20:06:20,364 - INFO - joeynmt.training - 	Hypothesis: India &apos;s new Prime Minister Narendra Modi , in his first place , in his first carefully , since his own election , in the May his Japanese Shinzo Avania &apos;s Shinzo , to reach economic and safety .
2026-05-08 20:06:20,364 - INFO - joeynmt.training - Example #2
2026-05-08 20:06:20,364 - DEBUG - joeynmt.training - 	Tokenized source:     ['Herr', 'Mo@@', 'd@@', 'i', 'befindet', 'sich', 'auf', 'einer', 'fü@@', 'n@@', 'f@@', 'tä@@', 'gi@@', 'gen', 'Rei@@', 'se', 'nach', 'J@@', 'ap@@', 'an', ',', 'um', 'die', 'wirtschaf@@', 'tlichen', 'Be@@', 'zieh@@', 'ungen', 'mit', 'der', 'd@@', 'rit@@', 't@@', 'größ@@', 'ten', 'Wirtschafts@@', 'n@@', 'ation', 'der', 'Welt', 'zu', 'fes@@', 'tigen', '.']
2026-05-08 20:06:20,364 - DEBUG - joeynmt.training - 	Tokenized reference:  ['Mr', 'Mo@@', 'd@@', 'i', 'is', 'on', 'a', 'fi@@', 've', '@@@', '-@@', '@', 'day', 'tri@@', 'p', 'to', 'J@@', 'ap@@', 'an', 'to', 'streng@@', 'then', 'economic', 'ties', 'with', 'the', 'third', 'lar@@', 'ges@@', 't', 'econom@@', 'y', 'in', 'the', 'world', '.']
2026-05-08 20:06:20,364 - DEBUG - joeynmt.training - 	Tokenized hypothesis: ['Mr', 'Mo@@', 'd@@', 'i', 'is', 'based', 'on', 'a', 'fi@@', 'f@@', 'ty', 'tra@@', 'v@@', 'el', 'to', 'J@@', 'ap@@', 'an', ',', 'to', 'con@@', 'stitu@@', 'te', 'the', 'third', 'lar@@', 'ges@@', 't', 'economic', 'n@@', 'ation', 'of', 'the', 'world', '.', '</s>']
2026-05-08 20:06:20,364 - INFO - joeynmt.training - 	Source:     Herr Modi befindet sich auf einer fünftägigen Reise nach Japan , um die wirtschaftlichen Beziehungen mit der drittgrößten Wirtschaftsnation der Welt zu festigen .
2026-05-08 20:06:20,364 - INFO - joeynmt.training - 	Reference:  Mr Modi is on a five @-@ day trip to Japan to strengthen economic ties with the third largest economy in the world .
2026-05-08 20:06:20,364 - INFO - joeynmt.training - 	Hypothesis: Mr Modi is based on a fifty travel to Japan , to constitute the third largest economic nation of the world .
2026-05-08 20:06:20,364 - INFO - joeynmt.training - Example #3
2026-05-08 20:06:20,364 - DEBUG - joeynmt.training - 	Tokenized source:     ['P@@', 'län@@', 'e', 'für', 'eine', 'stärk@@', 'ere', 'k@@', 'ern@@', 'techn@@', 'ische', 'Zusammenarbeit', 'stehen', 'ganz', 'ob@@', 'en', 'auf', 'der', 'Tag@@', 'es@@', 'ordnung', '.']
2026-05-08 20:06:20,364 - DEBUG - joeynmt.training - 	Tokenized reference:  ['high', 'on', 'the', 'agen@@', 'da', 'are', 'pl@@', 'ans', 'for', 'gre@@', 'ater', 'nu@@', 'clear', 'c@@', 'o', '@@@', '-@@', '@', 'operation', '.']
2026-05-08 20:06:20,364 - DEBUG - joeynmt.training - 	Tokenized hypothesis: ['pl@@', 'ans', 'for', 'more', 'nu@@', 'clear', 'cooperation', 'is', 'very', 'ob@@', 'vi@@', 'ously', 'on', 'the', 'agen@@', 'da', '.', '</s>']
2026-05-08 20:06:20,364 - INFO - joeynmt.training - 	Source:     Pläne für eine stärkere kerntechnische Zusammenarbeit stehen ganz oben auf der Tagesordnung .
2026-05-08 20:06:20,364 - INFO - joeynmt.training - 	Reference:  high on the agenda are plans for greater nuclear co @-@ operation .
2026-05-08 20:06:20,364 - INFO - joeynmt.training - 	Hypothesis: plans for more nuclear cooperation is very obviously on the agenda .
2026-05-08 20:06:20,364 - INFO - joeynmt.training - Example #4
2026-05-08 20:06:20,364 - DEBUG - joeynmt.training - 	Tokenized source:     ['Berich@@', 'ten', 'zu@@', 'fol@@', 'ge', 'ho@@', 'fft', 'Indi@@', 'en', 'darüber', 'hinaus', 'auf', 'einen', 'Ver@@', 'trag', 'zur', 'Ver@@', 'tei@@', 'dig@@', 'ungs@@', 'zusammen@@', 'arbeit', 'zwischen', 'den', 'beiden', 'N@@', 'ationen', '.']
2026-05-08 20:06:20,364 - DEBUG - joeynmt.training - 	Tokenized reference:  ['Indi@@', 'a', 'is', 'also', 're@@', 'porte@@', 'dly', 'hop@@', 'ing', 'for', 'a', 'de@@', 'al', 'on', 'def@@', 'ence', 'c@@', 'oll@@', 'ab@@', 'or@@', 'ation', 'between', 'the', 'two', 'n@@', 'ations', '.']
2026-05-08 20:06:20,364 - DEBUG - joeynmt.training - 	Tokenized hypothesis: ['re@@', 'ports', ',', 'in', 'ad@@', 'dition', 'to', 'the', 'con@@', 'tra@@', 'ct', 'on', 'the', 'con@@', 'tra@@', 'ct', 'on', 'the', 'con@@', 'tr@@', 'ary', 'to', 'the', 'comm@@', 'unic@@', 'ation', 'between', 'the', 'two', 'n@@', 'ations', '.', '</s>']
2026-05-08 20:06:20,365 - INFO - joeynmt.training - 	Source:     Berichten zufolge hofft Indien darüber hinaus auf einen Vertrag zur Verteidigungszusammenarbeit zwischen den beiden Nationen .
2026-05-08 20:06:20,365 - INFO - joeynmt.training - 	Reference:  India is also reportedly hoping for a deal on defence collaboration between the two nations .
2026-05-08 20:06:20,365 - INFO - joeynmt.training - 	Hypothesis: reports , in addition to the contract on the contract on the contrary to the communication between the two nations .
2026-05-08 20:06:38,022 - INFO - joeynmt.training - Epoch   9, Step:    35600, Batch Loss:     1.618751, Batch Acc: 0.549982, Tokens per Sec:     5240, Lr: 0.000300
2026-05-08 20:06:55,558 - INFO - joeynmt.training - Epoch   9, Step:    35700, Batch Loss:     1.592883, Batch Acc: 0.542697, Tokens per Sec:     5289, Lr: 0.000300
2026-05-08 20:07:13,056 - INFO - joeynmt.training - Epoch   9, Step:    35800, Batch Loss:     1.889870, Batch Acc: 0.538471, Tokens per Sec:     5178, Lr: 0.000300
2026-05-08 20:07:30,647 - INFO - joeynmt.training - Epoch   9, Step:    35900, Batch Loss:     1.665823, Batch Acc: 0.537801, Tokens per Sec:     5168, Lr: 0.000300
2026-05-08 20:07:48,167 - INFO - joeynmt.training - Epoch   9, Step:    36000, Batch Loss:     1.950672, Batch Acc: 0.538742, Tokens per Sec:     5180, Lr: 0.000300
2026-05-08 20:07:48,168 - INFO - joeynmt.prediction - Predicting 500 example(s)... (Greedy decoding with min_output_length=1, max_output_length=-1, return_prob='none', generate_unk=True, repetition_penalty=-1, no_repeat_ngram_size=-1)
2026-05-08 20:08:23,737 - INFO - joeynmt.prediction - Evaluation result (greedy) loss:   2.06, ppl:   7.88, acc:   0.46, generation: 35.5648[sec], evaluation: 0.0000[sec]
2026-05-08 20:08:23,738 - INFO - joeynmt.training - Hooray! New best validation result [ppl]!
2026-05-08 20:08:23,825 - INFO - joeynmt.helpers - delete models/deen_transformer_pre/32500.ckpt
2026-05-08 20:08:23,826 - INFO - joeynmt.training - Example #0
2026-05-08 20:08:23,826 - DEBUG - joeynmt.training - 	Tokenized source:     ['die', 'Pre@@', 'mi@@', 'er@@', 'minist@@', 'er', 'Indi@@', 'ens', 'und', 'J@@', 'ap@@', 'ans', 'tra@@', 'fen', 'sich', 'in', 'T@@', 'ok@@', 'i@@', 'o', '.']
2026-05-08 20:08:23,826 - DEBUG - joeynmt.training - 	Tokenized reference:  ['Indi@@', 'a', 'and', 'J@@', 'ap@@', 'an', 'pri@@', 'me', 'minist@@', 'ers', 'me@@', 'et', 'in', 'T@@', 'ok@@', 'y@@', 'o']
2026-05-08 20:08:23,826 - DEBUG - joeynmt.training - 	Tokenized hypothesis: ['the', 'Pri@@', 'me', 'Minist@@', 'er', 'Indi@@', 'a', 'and', 'J@@', 'ap@@', 'an', 'tra@@', 'v@@', 'el', '.', '</s>']
2026-05-08 20:08:23,826 - INFO - joeynmt.training - 	Source:     die Premierminister Indiens und Japans trafen sich in Tokio .
2026-05-08 20:08:23,826 - INFO - joeynmt.training - 	Reference:  India and Japan prime ministers meet in Tokyo
2026-05-08 20:08:23,826 - INFO - joeynmt.training - 	Hypothesis: the Prime Minister India and Japan travel .
2026-05-08 20:08:23,826 - INFO - joeynmt.training - Example #1
2026-05-08 20:08:23,826 - DEBUG - joeynmt.training - 	Tokenized source:     ['Indi@@', 'ens', 'neu@@', 'er', 'Pre@@', 'mi@@', 'er@@', 'minist@@', 'er', 'N@@', 'ar@@', 'end@@', 'ra', 'Mo@@', 'd@@', 'i', 'tri@@', 'fft', 'bei', 's@@', 'einem', 'ersten', 'wichti@@', 'gen', 'Aus@@', 'land@@', 's@@', 'bes@@', 'u@@', 'ch', 'seit', 's@@', 'einem', 'W@@', 'ah@@', 'l@@', 'si@@', 'e@@', 'g', 'im', 'Ma@@', 'i', 'seinen', 'j@@', 'ap@@', 'an@@', 'ischen', 'Am@@', 'ts@@', 'k@@', 'olle@@', 'gen', 'S@@', 'hin@@', 'z@@', 'o', 'A@@', 'be', 'in', 'T@@', 'ok@@', 'o', ',', 'um', 'wirtschaf@@', 'tliche', 'und', 'sicher@@', 'heits@@', 'politische', 'Be@@', 'zieh@@', 'ungen', 'zu', 'bes@@', 'pre@@', 'chen', '.']
2026-05-08 20:08:23,826 - DEBUG - joeynmt.training - 	Tokenized reference:  ['Indi@@', 'a', '&apos;s', 'new', 'pri@@', 'me', 'minist@@', 'er', ',', 'N@@', 'ar@@', 'end@@', 'ra', 'Mo@@', 'd@@', 'i', ',', 'is', 'me@@', 'eting', 'his', 'J@@', 'ap@@', 'an@@', 'ese', 'coun@@', 'ter@@', 'part', ',', 'S@@', 'hin@@', 'z@@', 'o', 'A@@', 'be', ',', 'in', 'T@@', 'ok@@', 'y@@', 'o', 'to', 'disc@@', 'uss', 'economic', 'and', 'security', 'ties', ',', 'on', 'his', 'first', 'major', 'fore@@', 'ign', 'visi@@', 't', 'since', 'w@@', 'inn@@', 'ing', 'Ma@@', 'y', '&apos;s', 'elec@@', 'tion', '.']
2026-05-08 20:08:23,826 - DEBUG - joeynmt.training - 	Tokenized hypothesis: ['Indi@@', 'a', '&apos;s', 'new', 'Pri@@', 'me', 'Minist@@', 'er', 'N@@', 'ar@@', 'end@@', 'ra', 'Mo@@', 'd@@', 'i', ',', 'at', 'his', 'first', 'important', 'fore@@', 'ign', 'visi@@', 'tors', ',', 'the', 'first', 'of', 'all', 'of', 'the', 'J@@', 'ap@@', 'an@@', 'ese', 'off@@', 'i@@', 'cial', 'colle@@', 'ag@@', 'u@@', 'es', 'S@@', 'hin@@', 'z@@', 'o', 'A@@', 'be', 'in', 'T@@', 'ok@@', 'o', ',', 'to', 'visi@@', 't', 'the', 'S@@', 'hin@@', 'z@@', 'o', 'A@@', 'be', 'in', 'T@@', 'ok@@', 'o', ',', 'to', 'visi@@', 't', 'the', 'A@@', 'be', 'in', 'T@@', 'ok@@', 'o', ',', 'to', 'visi@@', 't', 'the', 'A@@', 'be', '.', '</s>']
2026-05-08 20:08:23,826 - INFO - joeynmt.training - 	Source:     Indiens neuer Premierminister Narendra Modi trifft bei seinem ersten wichtigen Auslandsbesuch seit seinem Wahlsieg im Mai seinen japanischen Amtskollegen Shinzo Abe in Toko , um wirtschaftliche und sicherheitspolitische Beziehungen zu besprechen .
2026-05-08 20:08:23,826 - INFO - joeynmt.training - 	Reference:  India &apos;s new prime minister , Narendra Modi , is meeting his Japanese counterpart , Shinzo Abe , in Tokyo to discuss economic and security ties , on his first major foreign visit since winning May &apos;s election .
2026-05-08 20:08:23,826 - INFO - joeynmt.training - 	Hypothesis: India &apos;s new Prime Minister Narendra Modi , at his first important foreign visitors , the first of all of the Japanese official colleagues Shinzo Abe in Toko , to visit the Shinzo Abe in Toko , to visit the Abe in Toko , to visit the Abe .
2026-05-08 20:08:23,826 - INFO - joeynmt.training - Example #2
2026-05-08 20:08:23,826 - DEBUG - joeynmt.training - 	Tokenized source:     ['Herr', 'Mo@@', 'd@@', 'i', 'befindet', 'sich', 'auf', 'einer', 'fü@@', 'n@@', 'f@@', 'tä@@', 'gi@@', 'gen', 'Rei@@', 'se', 'nach', 'J@@', 'ap@@', 'an', ',', 'um', 'die', 'wirtschaf@@', 'tlichen', 'Be@@', 'zieh@@', 'ungen', 'mit', 'der', 'd@@', 'rit@@', 't@@', 'größ@@', 'ten', 'Wirtschafts@@', 'n@@', 'ation', 'der', 'Welt', 'zu', 'fes@@', 'tigen', '.']
2026-05-08 20:08:23,826 - DEBUG - joeynmt.training - 	Tokenized reference:  ['Mr', 'Mo@@', 'd@@', 'i', 'is', 'on', 'a', 'fi@@', 've', '@@@', '-@@', '@', 'day', 'tri@@', 'p', 'to', 'J@@', 'ap@@', 'an', 'to', 'streng@@', 'then', 'economic', 'ties', 'with', 'the', 'third', 'lar@@', 'ges@@', 't', 'econom@@', 'y', 'in', 'the', 'world', '.']
2026-05-08 20:08:23,826 - DEBUG - joeynmt.training - 	Tokenized hypothesis: ['Mr', 'Mo@@', 'd@@', 'i', 'is', 'based', 'on', 'a', 'fi@@', 'f@@', 'ty', 'tra@@', 'v@@', 'el', 'to', 'J@@', 'ap@@', 'an', 'to', 'be', 'f@@', 'it@@', 'ted', 'to', 'the', 'economic', 'rel@@', 'ations', 'with', 'the', 'third', 'lar@@', 'ges@@', 't', 'economic', 'n@@', 'ation', 'of', 'the', 'world', '.', '</s>']
2026-05-08 20:08:23,826 - INFO - joeynmt.training - 	Source:     Herr Modi befindet sich auf einer fünftägigen Reise nach Japan , um die wirtschaftlichen Beziehungen mit der drittgrößten Wirtschaftsnation der Welt zu festigen .
2026-05-08 20:08:23,826 - INFO - joeynmt.training - 	Reference:  Mr Modi is on a five @-@ day trip to Japan to strengthen economic ties with the third largest economy in the world .
2026-05-08 20:08:23,826 - INFO - joeynmt.training - 	Hypothesis: Mr Modi is based on a fifty travel to Japan to be fitted to the economic relations with the third largest economic nation of the world .
2026-05-08 20:08:23,827 - INFO - joeynmt.training - Example #3
2026-05-08 20:08:23,827 - DEBUG - joeynmt.training - 	Tokenized source:     ['P@@', 'län@@', 'e', 'für', 'eine', 'stärk@@', 'ere', 'k@@', 'ern@@', 'techn@@', 'ische', 'Zusammenarbeit', 'stehen', 'ganz', 'ob@@', 'en', 'auf', 'der', 'Tag@@', 'es@@', 'ordnung', '.']
2026-05-08 20:08:23,827 - DEBUG - joeynmt.training - 	Tokenized reference:  ['high', 'on', 'the', 'agen@@', 'da', 'are', 'pl@@', 'ans', 'for', 'gre@@', 'ater', 'nu@@', 'clear', 'c@@', 'o', '@@@', '-@@', '@', 'operation', '.']
2026-05-08 20:08:23,827 - DEBUG - joeynmt.training - 	Tokenized hypothesis: ['p@@', 'ass@@', 'ing', 'for', 'more', 'more', 'nu@@', 'clear', 'cooperation', '.', '</s>']
2026-05-08 20:08:23,827 - INFO - joeynmt.training - 	Source:     Pläne für eine stärkere kerntechnische Zusammenarbeit stehen ganz oben auf der Tagesordnung .
2026-05-08 20:08:23,827 - INFO - joeynmt.training - 	Reference:  high on the agenda are plans for greater nuclear co @-@ operation .
2026-05-08 20:08:23,827 - INFO - joeynmt.training - 	Hypothesis: passing for more more nuclear cooperation .
2026-05-08 20:08:23,827 - INFO - joeynmt.training - Example #4
2026-05-08 20:08:23,827 - DEBUG - joeynmt.training - 	Tokenized source:     ['Berich@@', 'ten', 'zu@@', 'fol@@', 'ge', 'ho@@', 'fft', 'Indi@@', 'en', 'darüber', 'hinaus', 'auf', 'einen', 'Ver@@', 'trag', 'zur', 'Ver@@', 'tei@@', 'dig@@', 'ungs@@', 'zusammen@@', 'arbeit', 'zwischen', 'den', 'beiden', 'N@@', 'ationen', '.']
2026-05-08 20:08:23,827 - DEBUG - joeynmt.training - 	Tokenized reference:  ['Indi@@', 'a', 'is', 'also', 're@@', 'porte@@', 'dly', 'hop@@', 'ing', 'for', 'a', 'de@@', 'al', 'on', 'def@@', 'ence', 'c@@', 'oll@@', 'ab@@', 'or@@', 'ation', 'between', 'the', 'two', 'n@@', 'ations', '.']
2026-05-08 20:08:23,827 - DEBUG - joeynmt.training - 	Tokenized hypothesis: ['the', 're@@', 'ports', 'are', 'also', 'hop@@', 'ed', 'Indi@@', 'a', 'is', 'also', 'the', 'requ@@', 'est', 'for', 'def@@', 'ence', 'together', 'between', 'the', 'two', 'n@@', 'ations', '.', '</s>']
2026-05-08 20:08:23,827 - INFO - joeynmt.training - 	Source:     Berichten zufolge hofft Indien darüber hinaus auf einen Vertrag zur Verteidigungszusammenarbeit zwischen den beiden Nationen .
2026-05-08 20:08:23,827 - INFO - joeynmt.training - 	Reference:  India is also reportedly hoping for a deal on defence collaboration between the two nations .
2026-05-08 20:08:23,827 - INFO - joeynmt.training - 	Hypothesis: the reports are also hoped India is also the request for defence together between the two nations .
2026-05-08 20:08:41,466 - INFO - joeynmt.training - Epoch   9, Step:    36100, Batch Loss:     1.602544, Batch Acc: 0.540416, Tokens per Sec:     5097, Lr: 0.000300
2026-05-08 20:08:58,920 - INFO - joeynmt.training - Epoch   9, Step:    36200, Batch Loss:     1.427043, Batch Acc: 0.540904, Tokens per Sec:     5304, Lr: 0.000300
2026-05-08 20:09:16,336 - INFO - joeynmt.training - Epoch   9, Step:    36300, Batch Loss:     1.691200, Batch Acc: 0.531376, Tokens per Sec:     5223, Lr: 0.000300
2026-05-08 20:09:33,949 - INFO - joeynmt.training - Epoch   9, Step:    36400, Batch Loss:     1.868761, Batch Acc: 0.539486, Tokens per Sec:     5195, Lr: 0.000300
2026-05-08 20:09:51,459 - INFO - joeynmt.training - Epoch   9, Step:    36500, Batch Loss:     1.536164, Batch Acc: 0.538140, Tokens per Sec:     5201, Lr: 0.000300
2026-05-08 20:09:51,459 - INFO - joeynmt.prediction - Predicting 500 example(s)... (Greedy decoding with min_output_length=1, max_output_length=-1, return_prob='none', generate_unk=True, repetition_penalty=-1, no_repeat_ngram_size=-1)
2026-05-08 20:10:15,676 - INFO - joeynmt.prediction - Evaluation result (greedy) loss:   2.06, ppl:   7.86, acc:   0.46, generation: 24.2138[sec], evaluation: 0.0000[sec]
2026-05-08 20:10:15,677 - INFO - joeynmt.training - Hooray! New best validation result [ppl]!
2026-05-08 20:10:15,743 - INFO - joeynmt.helpers - delete models/deen_transformer_pre/31000.ckpt
2026-05-08 20:10:15,744 - INFO - joeynmt.training - Example #0
2026-05-08 20:10:15,744 - DEBUG - joeynmt.training - 	Tokenized source:     ['die', 'Pre@@', 'mi@@', 'er@@', 'minist@@', 'er', 'Indi@@', 'ens', 'und', 'J@@', 'ap@@', 'ans', 'tra@@', 'fen', 'sich', 'in', 'T@@', 'ok@@', 'i@@', 'o', '.']
2026-05-08 20:10:15,744 - DEBUG - joeynmt.training - 	Tokenized reference:  ['Indi@@', 'a', 'and', 'J@@', 'ap@@', 'an', 'pri@@', 'me', 'minist@@', 'ers', 'me@@', 'et', 'in', 'T@@', 'ok@@', 'y@@', 'o']
2026-05-08 20:10:15,744 - DEBUG - joeynmt.training - 	Tokenized hypothesis: ['the', 'Pri@@', 'me', 'Minist@@', 'er', 'Indi@@', 'a', 'and', 'J@@', 'ap@@', 'an', '&apos;s', 'Pri@@', 'me', 'Minist@@', 'er', 'Indi@@', 'a', 'and', 'J@@', 'ap@@', 'an', '.', '</s>']
2026-05-08 20:10:15,744 - INFO - joeynmt.training - 	Source:     die Premierminister Indiens und Japans trafen sich in Tokio .
2026-05-08 20:10:15,744 - INFO - joeynmt.training - 	Reference:  India and Japan prime ministers meet in Tokyo
2026-05-08 20:10:15,744 - INFO - joeynmt.training - 	Hypothesis: the Prime Minister India and Japan &apos;s Prime Minister India and Japan .
2026-05-08 20:10:15,744 - INFO - joeynmt.training - Example #1
2026-05-08 20:10:15,744 - DEBUG - joeynmt.training - 	Tokenized source:     ['Indi@@', 'ens', 'neu@@', 'er', 'Pre@@', 'mi@@', 'er@@', 'minist@@', 'er', 'N@@', 'ar@@', 'end@@', 'ra', 'Mo@@', 'd@@', 'i', 'tri@@', 'fft', 'bei', 's@@', 'einem', 'ersten', 'wichti@@', 'gen', 'Aus@@', 'land@@', 's@@', 'bes@@', 'u@@', 'ch', 'seit', 's@@', 'einem', 'W@@', 'ah@@', 'l@@', 'si@@', 'e@@', 'g', 'im', 'Ma@@', 'i', 'seinen', 'j@@', 'ap@@', 'an@@', 'ischen', 'Am@@', 'ts@@', 'k@@', 'olle@@', 'gen', 'S@@', 'hin@@', 'z@@', 'o', 'A@@', 'be', 'in', 'T@@', 'ok@@', 'o', ',', 'um', 'wirtschaf@@', 'tliche', 'und', 'sicher@@', 'heits@@', 'politische', 'Be@@', 'zieh@@', 'ungen', 'zu', 'bes@@', 'pre@@', 'chen', '.']
2026-05-08 20:10:15,745 - DEBUG - joeynmt.training - 	Tokenized reference:  ['Indi@@', 'a', '&apos;s', 'new', 'pri@@', 'me', 'minist@@', 'er', ',', 'N@@', 'ar@@', 'end@@', 'ra', 'Mo@@', 'd@@', 'i', ',', 'is', 'me@@', 'eting', 'his', 'J@@', 'ap@@', 'an@@', 'ese', 'coun@@', 'ter@@', 'part', ',', 'S@@', 'hin@@', 'z@@', 'o', 'A@@', 'be', ',', 'in', 'T@@', 'ok@@', 'y@@', 'o', 'to', 'disc@@', 'uss', 'economic', 'and', 'security', 'ties', ',', 'on', 'his', 'first', 'major', 'fore@@', 'ign', 'visi@@', 't', 'since', 'w@@', 'inn@@', 'ing', 'Ma@@', 'y', '&apos;s', 'elec@@', 'tion', '.']
2026-05-08 20:10:15,745 - DEBUG - joeynmt.training - 	Tokenized hypothesis: ['Indi@@', 'a', '&apos;s', 'new', 'Pri@@', 'me', 'Minist@@', 'er', 'N@@', 'ar@@', 'end@@', 'ra', 'Mo@@', 'd@@', 'i', ',', 'at', 'his', 'first', 'important', 'fore@@', 'ign', 'visi@@', 'tors', ',', 'his', 'first', 'important', 'fore@@', 'ign', 'visi@@', 'tors', 'in', 'Ma@@', 'y', 'his', 'J@@', 'ap@@', 'an', 'S@@', 'hin@@', 'z@@', 'o', 'A@@', 'be', 'in', 'T@@', 'ok@@', 'o', 'to', 'the', 'M@@', 'er@@', 'a@@', 'di@@', 'c@@', 'ation', 'of', 'S@@', 'hin@@', 'z@@', 'o', 'A@@', 'be', 'in', 'T@@', 'ok@@', 'o', 'to', 'the', 'M@@', 'er@@', 'a@@', 'e', '.', '</s>']
2026-05-08 20:10:15,745 - INFO - joeynmt.training - 	Source:     Indiens neuer Premierminister Narendra Modi trifft bei seinem ersten wichtigen Auslandsbesuch seit seinem Wahlsieg im Mai seinen japanischen Amtskollegen Shinzo Abe in Toko , um wirtschaftliche und sicherheitspolitische Beziehungen zu besprechen .
2026-05-08 20:10:15,745 - INFO - joeynmt.training - 	Reference:  India &apos;s new prime minister , Narendra Modi , is meeting his Japanese counterpart , Shinzo Abe , in Tokyo to discuss economic and security ties , on his first major foreign visit since winning May &apos;s election .
2026-05-08 20:10:15,745 - INFO - joeynmt.training - 	Hypothesis: India &apos;s new Prime Minister Narendra Modi , at his first important foreign visitors , his first important foreign visitors in May his Japan Shinzo Abe in Toko to the Meradication of Shinzo Abe in Toko to the Merae .
2026-05-08 20:10:15,745 - INFO - joeynmt.training - Example #2
2026-05-08 20:10:15,745 - DEBUG - joeynmt.training - 	Tokenized source:     ['Herr', 'Mo@@', 'd@@', 'i', 'befindet', 'sich', 'auf', 'einer', 'fü@@', 'n@@', 'f@@', 'tä@@', 'gi@@', 'gen', 'Rei@@', 'se', 'nach', 'J@@', 'ap@@', 'an', ',', 'um', 'die', 'wirtschaf@@', 'tlichen', 'Be@@', 'zieh@@', 'ungen', 'mit', 'der', 'd@@', 'rit@@', 't@@', 'größ@@', 'ten', 'Wirtschafts@@', 'n@@', 'ation', 'der', 'Welt', 'zu', 'fes@@', 'tigen', '.']
2026-05-08 20:10:15,745 - DEBUG - joeynmt.training - 	Tokenized reference:  ['Mr', 'Mo@@', 'd@@', 'i', 'is', 'on', 'a', 'fi@@', 've', '@@@', '-@@', '@', 'day', 'tri@@', 'p', 'to', 'J@@', 'ap@@', 'an', 'to', 'streng@@', 'then', 'economic', 'ties', 'with', 'the', 'third', 'lar@@', 'ges@@', 't', 'econom@@', 'y', 'in', 'the', 'world', '.']
2026-05-08 20:10:15,745 - DEBUG - joeynmt.training - 	Tokenized hypothesis: ['Mr', 'Mo@@', 'd@@', 'i', 'is', 'based', 'on', 'a', 'fi@@', 'f@@', 'ty', 'of', 'a', 'fi@@', 'f@@', 'ty', 'tra@@', 'v@@', 'el', 'to', 'J@@', 'ap@@', 'an', 'to', 'the', 'economic', 'rel@@', 'ations', 'with', 'the', 'third', 'lar@@', 'ges@@', 't', 'economic', 'n@@', 'ation', 'of', 'the', 'world', '.', '</s>']
2026-05-08 20:10:15,745 - INFO - joeynmt.training - 	Source:     Herr Modi befindet sich auf einer fünftägigen Reise nach Japan , um die wirtschaftlichen Beziehungen mit der drittgrößten Wirtschaftsnation der Welt zu festigen .
2026-05-08 20:10:15,745 - INFO - joeynmt.training - 	Reference:  Mr Modi is on a five @-@ day trip to Japan to strengthen economic ties with the third largest economy in the world .
2026-05-08 20:10:15,745 - INFO - joeynmt.training - 	Hypothesis: Mr Modi is based on a fifty of a fifty travel to Japan to the economic relations with the third largest economic nation of the world .
2026-05-08 20:10:15,745 - INFO - joeynmt.training - Example #3
2026-05-08 20:10:15,745 - DEBUG - joeynmt.training - 	Tokenized source:     ['P@@', 'län@@', 'e', 'für', 'eine', 'stärk@@', 'ere', 'k@@', 'ern@@', 'techn@@', 'ische', 'Zusammenarbeit', 'stehen', 'ganz', 'ob@@', 'en', 'auf', 'der', 'Tag@@', 'es@@', 'ordnung', '.']
2026-05-08 20:10:15,745 - DEBUG - joeynmt.training - 	Tokenized reference:  ['high', 'on', 'the', 'agen@@', 'da', 'are', 'pl@@', 'ans', 'for', 'gre@@', 'ater', 'nu@@', 'clear', 'c@@', 'o', '@@@', '-@@', '@', 'operation', '.']
2026-05-08 20:10:15,745 - DEBUG - joeynmt.training - 	Tokenized hypothesis: ['P@@', 'ans', 'for', 'gre@@', 'ater', 'nu@@', 'clear', 'cooperation', '.', '</s>']
2026-05-08 20:10:15,745 - INFO - joeynmt.training - 	Source:     Pläne für eine stärkere kerntechnische Zusammenarbeit stehen ganz oben auf der Tagesordnung .
2026-05-08 20:10:15,745 - INFO - joeynmt.training - 	Reference:  high on the agenda are plans for greater nuclear co @-@ operation .
2026-05-08 20:10:15,745 - INFO - joeynmt.training - 	Hypothesis: Pans for greater nuclear cooperation .
2026-05-08 20:10:15,745 - INFO - joeynmt.training - Example #4
2026-05-08 20:10:15,745 - DEBUG - joeynmt.training - 	Tokenized source:     ['Berich@@', 'ten', 'zu@@', 'fol@@', 'ge', 'ho@@', 'fft', 'Indi@@', 'en', 'darüber', 'hinaus', 'auf', 'einen', 'Ver@@', 'trag', 'zur', 'Ver@@', 'tei@@', 'dig@@', 'ungs@@', 'zusammen@@', 'arbeit', 'zwischen', 'den', 'beiden', 'N@@', 'ationen', '.']
2026-05-08 20:10:15,745 - DEBUG - joeynmt.training - 	Tokenized reference:  ['Indi@@', 'a', 'is', 'also', 're@@', 'porte@@', 'dly', 'hop@@', 'ing', 'for', 'a', 'de@@', 'al', 'on', 'def@@', 'ence', 'c@@', 'oll@@', 'ab@@', 'or@@', 'ation', 'between', 'the', 'two', 'n@@', 'ations', '.']
2026-05-08 20:10:15,745 - DEBUG - joeynmt.training - 	Tokenized hypothesis: ['the', 're@@', 'ports', ',', 'in', 'ad@@', 'dition', ',', 'Indi@@', 'a', ',', 'to', 'def@@', 'end', ',', 'in', 'ad@@', 'dition', 'to', 'def@@', 'end', 'the', 'comm@@', 'unic@@', 'ation', 'between', 'the', 'two', 'n@@', 'ations', '.', '</s>']
2026-05-08 20:10:15,745 - INFO - joeynmt.training - 	Source:     Berichten zufolge hofft Indien darüber hinaus auf einen Vertrag zur Verteidigungszusammenarbeit zwischen den beiden Nationen .
2026-05-08 20:10:15,745 - INFO - joeynmt.training - 	Reference:  India is also reportedly hoping for a deal on defence collaboration between the two nations .
2026-05-08 20:10:15,745 - INFO - joeynmt.training - 	Hypothesis: the reports , in addition , India , to defend , in addition to defend the communication between the two nations .
2026-05-08 20:10:29,239 - INFO - joeynmt.training - Epoch   9: total training loss 6797.49
2026-05-08 20:10:29,239 - INFO - joeynmt.training - EPOCH 10
2026-05-08 20:10:29,824 - INFO - joeynmt.training - Epoch  10, Step:    36600, Batch Loss:     1.603887, Batch Acc: 0.549547, Tokens per Sec:     5665, Lr: 0.000300
2026-05-08 20:10:43,966 - INFO - joeynmt.training - Epoch  10, Step:    36700, Batch Loss:     1.774238, Batch Acc: 0.559272, Tokens per Sec:     6406, Lr: 0.000300
2026-05-08 20:10:57,961 - INFO - joeynmt.training - Epoch  10, Step:    36800, Batch Loss:     1.665440, Batch Acc: 0.558383, Tokens per Sec:     6545, Lr: 0.000300
2026-05-08 20:11:11,914 - INFO - joeynmt.training - Epoch  10, Step:    36900, Batch Loss:     1.578301, Batch Acc: 0.551496, Tokens per Sec:     6666, Lr: 0.000300
2026-05-08 20:11:25,819 - INFO - joeynmt.training - Epoch  10, Step:    37000, Batch Loss:     1.583385, Batch Acc: 0.556272, Tokens per Sec:     6520, Lr: 0.000300
2026-05-08 20:11:25,820 - INFO - joeynmt.prediction - Predicting 500 example(s)... (Greedy decoding with min_output_length=1, max_output_length=-1, return_prob='none', generate_unk=True, repetition_penalty=-1, no_repeat_ngram_size=-1)
2026-05-08 20:11:49,410 - INFO - joeynmt.prediction - Evaluation result (greedy) loss:   2.08, ppl:   7.98, acc:   0.46, generation: 23.5872[sec], evaluation: 0.0000[sec]
2026-05-08 20:11:49,477 - INFO - joeynmt.helpers - delete models/deen_transformer_pre/35000.ckpt
2026-05-08 20:11:49,477 - INFO - joeynmt.training - Example #0
2026-05-08 20:11:49,477 - DEBUG - joeynmt.training - 	Tokenized source:     ['die', 'Pre@@', 'mi@@', 'er@@', 'minist@@', 'er', 'Indi@@', 'ens', 'und', 'J@@', 'ap@@', 'ans', 'tra@@', 'fen', 'sich', 'in', 'T@@', 'ok@@', 'i@@', 'o', '.']
2026-05-08 20:11:49,477 - DEBUG - joeynmt.training - 	Tokenized reference:  ['Indi@@', 'a', 'and', 'J@@', 'ap@@', 'an', 'pri@@', 'me', 'minist@@', 'ers', 'me@@', 'et', 'in', 'T@@', 'ok@@', 'y@@', 'o']
2026-05-08 20:11:49,477 - DEBUG - joeynmt.training - 	Tokenized hypothesis: ['the', 'Pri@@', 'me', 'Minist@@', 'er', 'Indi@@', 'a', 'and', 'J@@', 'ap@@', 'an', '&apos;s', 'pri@@', 'me', 'minist@@', 'er', 'in', 'T@@', 'ok@@', 'i@@', 'o', '.', '</s>']
2026-05-08 20:11:49,478 - INFO - joeynmt.training - 	Source:     die Premierminister Indiens und Japans trafen sich in Tokio .
2026-05-08 20:11:49,478 - INFO - joeynmt.training - 	Reference:  India and Japan prime ministers meet in Tokyo
2026-05-08 20:11:49,478 - INFO - joeynmt.training - 	Hypothesis: the Prime Minister India and Japan &apos;s prime minister in Tokio .
2026-05-08 20:11:49,478 - INFO - joeynmt.training - Example #1
2026-05-08 20:11:49,478 - DEBUG - joeynmt.training - 	Tokenized source:     ['Indi@@', 'ens', 'neu@@', 'er', 'Pre@@', 'mi@@', 'er@@', 'minist@@', 'er', 'N@@', 'ar@@', 'end@@', 'ra', 'Mo@@', 'd@@', 'i', 'tri@@', 'fft', 'bei', 's@@', 'einem', 'ersten', 'wichti@@', 'gen', 'Aus@@', 'land@@', 's@@', 'bes@@', 'u@@', 'ch', 'seit', 's@@', 'einem', 'W@@', 'ah@@', 'l@@', 'si@@', 'e@@', 'g', 'im', 'Ma@@', 'i', 'seinen', 'j@@', 'ap@@', 'an@@', 'ischen', 'Am@@', 'ts@@', 'k@@', 'olle@@', 'gen', 'S@@', 'hin@@', 'z@@', 'o', 'A@@', 'be', 'in', 'T@@', 'ok@@', 'o', ',', 'um', 'wirtschaf@@', 'tliche', 'und', 'sicher@@', 'heits@@', 'politische', 'Be@@', 'zieh@@', 'ungen', 'zu', 'bes@@', 'pre@@', 'chen', '.']
2026-05-08 20:11:49,478 - DEBUG - joeynmt.training - 	Tokenized reference:  ['Indi@@', 'a', '&apos;s', 'new', 'pri@@', 'me', 'minist@@', 'er', ',', 'N@@', 'ar@@', 'end@@', 'ra', 'Mo@@', 'd@@', 'i', ',', 'is', 'me@@', 'eting', 'his', 'J@@', 'ap@@', 'an@@', 'ese', 'coun@@', 'ter@@', 'part', ',', 'S@@', 'hin@@', 'z@@', 'o', 'A@@', 'be', ',', 'in', 'T@@', 'ok@@', 'y@@', 'o', 'to', 'disc@@', 'uss', 'economic', 'and', 'security', 'ties', ',', 'on', 'his', 'first', 'major', 'fore@@', 'ign', 'visi@@', 't', 'since', 'w@@', 'inn@@', 'ing', 'Ma@@', 'y', '&apos;s', 'elec@@', 'tion', '.']
2026-05-08 20:11:49,478 - DEBUG - joeynmt.training - 	Tokenized hypothesis: ['Indi@@', 'a', '&apos;s', 'new', 'Pri@@', 'me', 'Minist@@', 'er', 'N@@', 'ar@@', 'end@@', 'ra', 'Mo@@', 'd@@', 'i', ',', 'in', 'his', 'first', 'important', 'ex@@', 'tern@@', 'al', 'visi@@', 't', 'his', 'first', 'major', 'fore@@', 'ign', 'visi@@', 'tors', ',', 'in', 'Ma@@', 'y', 'his', 'J@@', 'ap@@', 'an@@', 'ese', '&apos;s', 'F@@', 'e@@', 'der@@', 'al', 'S@@', 'hin@@', 'z@@', 'o', 'A@@', 'be', 'in', 'T@@', 'ok@@', 'o', ',', 'to', 'visi@@', 't', 'the', 'M@@', 'er@@', 'a@@', 'di@@', 'c@@', 'ation', 'of', 'S@@', 'hin@@', 'z@@', 'o', ',', 'in', 'the', 'M@@', 'er@@', 'a@@', 'y', '.', '</s>']
2026-05-08 20:11:49,478 - INFO - joeynmt.training - 	Source:     Indiens neuer Premierminister Narendra Modi trifft bei seinem ersten wichtigen Auslandsbesuch seit seinem Wahlsieg im Mai seinen japanischen Amtskollegen Shinzo Abe in Toko , um wirtschaftliche und sicherheitspolitische Beziehungen zu besprechen .
2026-05-08 20:11:49,478 - INFO - joeynmt.training - 	Reference:  India &apos;s new prime minister , Narendra Modi , is meeting his Japanese counterpart , Shinzo Abe , in Tokyo to discuss economic and security ties , on his first major foreign visit since winning May &apos;s election .
2026-05-08 20:11:49,478 - INFO - joeynmt.training - 	Hypothesis: India &apos;s new Prime Minister Narendra Modi , in his first important external visit his first major foreign visitors , in May his Japanese &apos;s Federal Shinzo Abe in Toko , to visit the Meradication of Shinzo , in the Meray .
2026-05-08 20:11:49,478 - INFO - joeynmt.training - Example #2
2026-05-08 20:11:49,478 - DEBUG - joeynmt.training - 	Tokenized source:     ['Herr', 'Mo@@', 'd@@', 'i', 'befindet', 'sich', 'auf', 'einer', 'fü@@', 'n@@', 'f@@', 'tä@@', 'gi@@', 'gen', 'Rei@@', 'se', 'nach', 'J@@', 'ap@@', 'an', ',', 'um', 'die', 'wirtschaf@@', 'tlichen', 'Be@@', 'zieh@@', 'ungen', 'mit', 'der', 'd@@', 'rit@@', 't@@', 'größ@@', 'ten', 'Wirtschafts@@', 'n@@', 'ation', 'der', 'Welt', 'zu', 'fes@@', 'tigen', '.']
2026-05-08 20:11:49,478 - DEBUG - joeynmt.training - 	Tokenized reference:  ['Mr', 'Mo@@', 'd@@', 'i', 'is', 'on', 'a', 'fi@@', 've', '@@@', '-@@', '@', 'day', 'tri@@', 'p', 'to', 'J@@', 'ap@@', 'an', 'to', 'streng@@', 'then', 'economic', 'ties', 'with', 'the', 'third', 'lar@@', 'ges@@', 't', 'econom@@', 'y', 'in', 'the', 'world', '.']
2026-05-08 20:11:49,478 - DEBUG - joeynmt.training - 	Tokenized hypothesis: ['Mr', 'Mo@@', 'd@@', 'i', 'is', 'based', 'on', 'a', 'fi@@', 'f@@', 'ty', 'tra@@', 'v@@', 'el', 'to', 'J@@', 'ap@@', 'an', ',', 'to', 'con@@', 'f@@', 'lic@@', 't', 'economic', 'rel@@', 'ations', 'with', 'the', 'third', 'lar@@', 'ges@@', 't', 'economic', 'n@@', 'ation', '.', '</s>']
2026-05-08 20:11:49,478 - INFO - joeynmt.training - 	Source:     Herr Modi befindet sich auf einer fünftägigen Reise nach Japan , um die wirtschaftlichen Beziehungen mit der drittgrößten Wirtschaftsnation der Welt zu festigen .
2026-05-08 20:11:49,478 - INFO - joeynmt.training - 	Reference:  Mr Modi is on a five @-@ day trip to Japan to strengthen economic ties with the third largest economy in the world .
2026-05-08 20:11:49,478 - INFO - joeynmt.training - 	Hypothesis: Mr Modi is based on a fifty travel to Japan , to conflict economic relations with the third largest economic nation .
2026-05-08 20:11:49,478 - INFO - joeynmt.training - Example #3
2026-05-08 20:11:49,478 - DEBUG - joeynmt.training - 	Tokenized source:     ['P@@', 'län@@', 'e', 'für', 'eine', 'stärk@@', 'ere', 'k@@', 'ern@@', 'techn@@', 'ische', 'Zusammenarbeit', 'stehen', 'ganz', 'ob@@', 'en', 'auf', 'der', 'Tag@@', 'es@@', 'ordnung', '.']
2026-05-08 20:11:49,478 - DEBUG - joeynmt.training - 	Tokenized reference:  ['high', 'on', 'the', 'agen@@', 'da', 'are', 'pl@@', 'ans', 'for', 'gre@@', 'ater', 'nu@@', 'clear', 'c@@', 'o', '@@@', '-@@', '@', 'operation', '.']
2026-05-08 20:11:49,478 - DEBUG - joeynmt.training - 	Tokenized hypothesis: ['p@@', 'an@@', 'el', 'to', 'gre@@', 'ater', 'nu@@', 'clear', 'cooperation', 'are', 'very', 'ob@@', 'vi@@', 'ously', 'on', 'the', 'agen@@', 'da', '.', '</s>']
2026-05-08 20:11:49,478 - INFO - joeynmt.training - 	Source:     Pläne für eine stärkere kerntechnische Zusammenarbeit stehen ganz oben auf der Tagesordnung .
2026-05-08 20:11:49,478 - INFO - joeynmt.training - 	Reference:  high on the agenda are plans for greater nuclear co @-@ operation .
2026-05-08 20:11:49,478 - INFO - joeynmt.training - 	Hypothesis: panel to greater nuclear cooperation are very obviously on the agenda .
2026-05-08 20:11:49,478 - INFO - joeynmt.training - Example #4
2026-05-08 20:11:49,478 - DEBUG - joeynmt.training - 	Tokenized source:     ['Berich@@', 'ten', 'zu@@', 'fol@@', 'ge', 'ho@@', 'fft', 'Indi@@', 'en', 'darüber', 'hinaus', 'auf', 'einen', 'Ver@@', 'trag', 'zur', 'Ver@@', 'tei@@', 'dig@@', 'ungs@@', 'zusammen@@', 'arbeit', 'zwischen', 'den', 'beiden', 'N@@', 'ationen', '.']
2026-05-08 20:11:49,478 - DEBUG - joeynmt.training - 	Tokenized reference:  ['Indi@@', 'a', 'is', 'also', 're@@', 'porte@@', 'dly', 'hop@@', 'ing', 'for', 'a', 'de@@', 'al', 'on', 'def@@', 'ence', 'c@@', 'oll@@', 'ab@@', 'or@@', 'ation', 'between', 'the', 'two', 'n@@', 'ations', '.']
2026-05-08 20:11:49,478 - DEBUG - joeynmt.training - 	Tokenized hypothesis: ['re@@', 'ports', ',', 'it', 'is', 'also', 'the', 'tru@@', 'e', 'of', 'the', 'con@@', 'tra@@', 'ct', 'on', 'the', 'con@@', 'tra@@', 'ct', 'on', 'the', 'basis', 'of', 'the', 'two', 'n@@', 'ations', '.', '</s>']
2026-05-08 20:11:49,478 - INFO - joeynmt.training - 	Source:     Berichten zufolge hofft Indien darüber hinaus auf einen Vertrag zur Verteidigungszusammenarbeit zwischen den beiden Nationen .
2026-05-08 20:11:49,478 - INFO - joeynmt.training - 	Reference:  India is also reportedly hoping for a deal on defence collaboration between the two nations .
2026-05-08 20:11:49,478 - INFO - joeynmt.training - 	Hypothesis: reports , it is also the true of the contract on the contract on the basis of the two nations .
2026-05-08 20:12:03,249 - INFO - joeynmt.training - Epoch  10, Step:    37100, Batch Loss:     1.539134, Batch Acc: 0.553444, Tokens per Sec:     6565, Lr: 0.000300
2026-05-08 20:12:17,058 - INFO - joeynmt.training - Epoch  10, Step:    37200, Batch Loss:     1.523131, Batch Acc: 0.550461, Tokens per Sec:     6667, Lr: 0.000300
2026-05-08 20:12:30,923 - INFO - joeynmt.training - Epoch  10, Step:    37300, Batch Loss:     1.508153, Batch Acc: 0.551085, Tokens per Sec:     6634, Lr: 0.000300
2026-05-08 20:12:44,770 - INFO - joeynmt.training - Epoch  10, Step:    37400, Batch Loss:     1.603093, Batch Acc: 0.545165, Tokens per Sec:     6681, Lr: 0.000300
2026-05-08 20:12:58,624 - INFO - joeynmt.training - Epoch  10, Step:    37500, Batch Loss:     1.564692, Batch Acc: 0.552337, Tokens per Sec:     6566, Lr: 0.000300
2026-05-08 20:12:58,624 - INFO - joeynmt.prediction - Predicting 500 example(s)... (Greedy decoding with min_output_length=1, max_output_length=-1, return_prob='none', generate_unk=True, repetition_penalty=-1, no_repeat_ngram_size=-1)
2026-05-08 20:13:28,630 - INFO - joeynmt.prediction - Evaluation result (greedy) loss:   2.07, ppl:   7.94, acc:   0.47, generation: 30.0016[sec], evaluation: 0.0000[sec]
2026-05-08 20:13:28,695 - INFO - joeynmt.helpers - delete models/deen_transformer_pre/32000.ckpt
2026-05-08 20:13:28,697 - INFO - joeynmt.training - Example #0
2026-05-08 20:13:28,697 - DEBUG - joeynmt.training - 	Tokenized source:     ['die', 'Pre@@', 'mi@@', 'er@@', 'minist@@', 'er', 'Indi@@', 'ens', 'und', 'J@@', 'ap@@', 'ans', 'tra@@', 'fen', 'sich', 'in', 'T@@', 'ok@@', 'i@@', 'o', '.']
2026-05-08 20:13:28,697 - DEBUG - joeynmt.training - 	Tokenized reference:  ['Indi@@', 'a', 'and', 'J@@', 'ap@@', 'an', 'pri@@', 'me', 'minist@@', 'ers', 'me@@', 'et', 'in', 'T@@', 'ok@@', 'y@@', 'o']
2026-05-08 20:13:28,697 - DEBUG - joeynmt.training - 	Tokenized hypothesis: ['the', 'Pri@@', 'me', 'Minist@@', 'er', 'Indi@@', 'a', 'and', 'J@@', 'ap@@', 'an', '&apos;s', 'pri@@', 'me', 'minist@@', 'er', '.', '</s>']
2026-05-08 20:13:28,697 - INFO - joeynmt.training - 	Source:     die Premierminister Indiens und Japans trafen sich in Tokio .
2026-05-08 20:13:28,697 - INFO - joeynmt.training - 	Reference:  India and Japan prime ministers meet in Tokyo
2026-05-08 20:13:28,697 - INFO - joeynmt.training - 	Hypothesis: the Prime Minister India and Japan &apos;s prime minister .
2026-05-08 20:13:28,697 - INFO - joeynmt.training - Example #1
2026-05-08 20:13:28,697 - DEBUG - joeynmt.training - 	Tokenized source:     ['Indi@@', 'ens', 'neu@@', 'er', 'Pre@@', 'mi@@', 'er@@', 'minist@@', 'er', 'N@@', 'ar@@', 'end@@', 'ra', 'Mo@@', 'd@@', 'i', 'tri@@', 'fft', 'bei', 's@@', 'einem', 'ersten', 'wichti@@', 'gen', 'Aus@@', 'land@@', 's@@', 'bes@@', 'u@@', 'ch', 'seit', 's@@', 'einem', 'W@@', 'ah@@', 'l@@', 'si@@', 'e@@', 'g', 'im', 'Ma@@', 'i', 'seinen', 'j@@', 'ap@@', 'an@@', 'ischen', 'Am@@', 'ts@@', 'k@@', 'olle@@', 'gen', 'S@@', 'hin@@', 'z@@', 'o', 'A@@', 'be', 'in', 'T@@', 'ok@@', 'o', ',', 'um', 'wirtschaf@@', 'tliche', 'und', 'sicher@@', 'heits@@', 'politische', 'Be@@', 'zieh@@', 'ungen', 'zu', 'bes@@', 'pre@@', 'chen', '.']
2026-05-08 20:13:28,697 - DEBUG - joeynmt.training - 	Tokenized reference:  ['Indi@@', 'a', '&apos;s', 'new', 'pri@@', 'me', 'minist@@', 'er', ',', 'N@@', 'ar@@', 'end@@', 'ra', 'Mo@@', 'd@@', 'i', ',', 'is', 'me@@', 'eting', 'his', 'J@@', 'ap@@', 'an@@', 'ese', 'coun@@', 'ter@@', 'part', ',', 'S@@', 'hin@@', 'z@@', 'o', 'A@@', 'be', ',', 'in', 'T@@', 'ok@@', 'y@@', 'o', 'to', 'disc@@', 'uss', 'economic', 'and', 'security', 'ties', ',', 'on', 'his', 'first', 'major', 'fore@@', 'ign', 'visi@@', 't', 'since', 'w@@', 'inn@@', 'ing', 'Ma@@', 'y', '&apos;s', 'elec@@', 'tion', '.']
2026-05-08 20:13:28,697 - DEBUG - joeynmt.training - 	Tokenized hypothesis: ['Indi@@', 'a', '&apos;s', 'lat@@', 'est', 'pri@@', 'me', 'minist@@', 'er', ',', 'N@@', 'ar@@', 'end@@', 'ra', 'Mo@@', 'd@@', 'i', ',', 'in', 'his', 'first', 'important', 'fore@@', 'ign', 'visi@@', 'tors', ',', 'since', 'his', 'elec@@', 'tion', ',', 'in', 'Ma@@', 'y', ',', 'in', 'Ma@@', 'y', ',', 'in', 'M@@', 'y', ',', 'in', 'Ma@@', 'y', ',', 'in', 'T@@', 'ok@@', 'o', ',', 'to', 're@@', 'ach', 'economic', 'and', 'saf@@', 'ety', '.', '</s>']
2026-05-08 20:13:28,697 - INFO - joeynmt.training - 	Source:     Indiens neuer Premierminister Narendra Modi trifft bei seinem ersten wichtigen Auslandsbesuch seit seinem Wahlsieg im Mai seinen japanischen Amtskollegen Shinzo Abe in Toko , um wirtschaftliche und sicherheitspolitische Beziehungen zu besprechen .
2026-05-08 20:13:28,697 - INFO - joeynmt.training - 	Reference:  India &apos;s new prime minister , Narendra Modi , is meeting his Japanese counterpart , Shinzo Abe , in Tokyo to discuss economic and security ties , on his first major foreign visit since winning May &apos;s election .
2026-05-08 20:13:28,697 - INFO - joeynmt.training - 	Hypothesis: India &apos;s latest prime minister , Narendra Modi , in his first important foreign visitors , since his election , in May , in May , in My , in May , in Toko , to reach economic and safety .
2026-05-08 20:13:28,697 - INFO - joeynmt.training - Example #2
2026-05-08 20:13:28,697 - DEBUG - joeynmt.training - 	Tokenized source:     ['Herr', 'Mo@@', 'd@@', 'i', 'befindet', 'sich', 'auf', 'einer', 'fü@@', 'n@@', 'f@@', 'tä@@', 'gi@@', 'gen', 'Rei@@', 'se', 'nach', 'J@@', 'ap@@', 'an', ',', 'um', 'die', 'wirtschaf@@', 'tlichen', 'Be@@', 'zieh@@', 'ungen', 'mit', 'der', 'd@@', 'rit@@', 't@@', 'größ@@', 'ten', 'Wirtschafts@@', 'n@@', 'ation', 'der', 'Welt', 'zu', 'fes@@', 'tigen', '.']
2026-05-08 20:13:28,697 - DEBUG - joeynmt.training - 	Tokenized reference:  ['Mr', 'Mo@@', 'd@@', 'i', 'is', 'on', 'a', 'fi@@', 've', '@@@', '-@@', '@', 'day', 'tri@@', 'p', 'to', 'J@@', 'ap@@', 'an', 'to', 'streng@@', 'then', 'economic', 'ties', 'with', 'the', 'third', 'lar@@', 'ges@@', 't', 'econom@@', 'y', 'in', 'the', 'world', '.']
2026-05-08 20:13:28,697 - DEBUG - joeynmt.training - 	Tokenized hypothesis: ['Mr', 'Mo@@', 'd@@', 'i', 'is', 'based', 'on', 'a', 'fi@@', 'f@@', 'ty', 'tra@@', 'v@@', 'el', 'to', 'J@@', 'ap@@', 'an', ',', 'to', 'con@@', 'f@@', 'ron@@', 't', 'economic', 'rel@@', 'ations', 'with', 'the', 'third', 'b@@', 'ig@@', 'ges@@', 't', 'economic', 'n@@', 'ation', 'of', 'the', 'world', '.', '</s>']
2026-05-08 20:13:28,697 - INFO - joeynmt.training - 	Source:     Herr Modi befindet sich auf einer fünftägigen Reise nach Japan , um die wirtschaftlichen Beziehungen mit der drittgrößten Wirtschaftsnation der Welt zu festigen .
2026-05-08 20:13:28,697 - INFO - joeynmt.training - 	Reference:  Mr Modi is on a five @-@ day trip to Japan to strengthen economic ties with the third largest economy in the world .
2026-05-08 20:13:28,697 - INFO - joeynmt.training - 	Hypothesis: Mr Modi is based on a fifty travel to Japan , to confront economic relations with the third biggest economic nation of the world .
2026-05-08 20:13:28,697 - INFO - joeynmt.training - Example #3
2026-05-08 20:13:28,697 - DEBUG - joeynmt.training - 	Tokenized source:     ['P@@', 'län@@', 'e', 'für', 'eine', 'stärk@@', 'ere', 'k@@', 'ern@@', 'techn@@', 'ische', 'Zusammenarbeit', 'stehen', 'ganz', 'ob@@', 'en', 'auf', 'der', 'Tag@@', 'es@@', 'ordnung', '.']
2026-05-08 20:13:28,697 - DEBUG - joeynmt.training - 	Tokenized reference:  ['high', 'on', 'the', 'agen@@', 'da', 'are', 'pl@@', 'ans', 'for', 'gre@@', 'ater', 'nu@@', 'clear', 'c@@', 'o', '@@@', '-@@', '@', 'operation', '.']
2026-05-08 20:13:28,697 - DEBUG - joeynmt.training - 	Tokenized hypothesis: ['the', 'agen@@', 'da', 'is', 'very', 'ob@@', 'vi@@', 'ous', 'to', 'more', 'more', 'nu@@', 'clear', 'cooperation', 'on', 'the', 'agen@@', 'da', '.', '</s>']
2026-05-08 20:13:28,697 - INFO - joeynmt.training - 	Source:     Pläne für eine stärkere kerntechnische Zusammenarbeit stehen ganz oben auf der Tagesordnung .
2026-05-08 20:13:28,697 - INFO - joeynmt.training - 	Reference:  high on the agenda are plans for greater nuclear co @-@ operation .
2026-05-08 20:13:28,698 - INFO - joeynmt.training - 	Hypothesis: the agenda is very obvious to more more nuclear cooperation on the agenda .
2026-05-08 20:13:28,698 - INFO - joeynmt.training - Example #4
2026-05-08 20:13:28,698 - DEBUG - joeynmt.training - 	Tokenized source:     ['Berich@@', 'ten', 'zu@@', 'fol@@', 'ge', 'ho@@', 'fft', 'Indi@@', 'en', 'darüber', 'hinaus', 'auf', 'einen', 'Ver@@', 'trag', 'zur', 'Ver@@', 'tei@@', 'dig@@', 'ungs@@', 'zusammen@@', 'arbeit', 'zwischen', 'den', 'beiden', 'N@@', 'ationen', '.']
2026-05-08 20:13:28,698 - DEBUG - joeynmt.training - 	Tokenized reference:  ['Indi@@', 'a', 'is', 'also', 're@@', 'porte@@', 'dly', 'hop@@', 'ing', 'for', 'a', 'de@@', 'al', 'on', 'def@@', 'ence', 'c@@', 'oll@@', 'ab@@', 'or@@', 'ation', 'between', 'the', 'two', 'n@@', 'ations', '.']
2026-05-08 20:13:28,698 - DEBUG - joeynmt.training - 	Tokenized hypothesis: ['the', 're@@', 'ports', ',', 'in', 'ad@@', 'dition', ',', 'the', 'high', 'pri@@', 'ority', 'of', 'Indi@@', 'a', '&apos;s', 'work', 'on', 'def@@', 'ence', 'together', 'between', 'the', 'two', 'n@@', 'ations', '.', '</s>']
2026-05-08 20:13:28,698 - INFO - joeynmt.training - 	Source:     Berichten zufolge hofft Indien darüber hinaus auf einen Vertrag zur Verteidigungszusammenarbeit zwischen den beiden Nationen .
2026-05-08 20:13:28,698 - INFO - joeynmt.training - 	Reference:  India is also reportedly hoping for a deal on defence collaboration between the two nations .
2026-05-08 20:13:28,698 - INFO - joeynmt.training - 	Hypothesis: the reports , in addition , the high priority of India &apos;s work on defence together between the two nations .
2026-05-08 20:13:42,713 - INFO - joeynmt.training - Epoch  10, Step:    37600, Batch Loss:     1.618785, Batch Acc: 0.551280, Tokens per Sec:     6488, Lr: 0.000300
2026-05-08 20:13:56,737 - INFO - joeynmt.training - Epoch  10, Step:    37700, Batch Loss:     1.908071, Batch Acc: 0.550628, Tokens per Sec:     6550, Lr: 0.000300
2026-05-08 20:14:10,620 - INFO - joeynmt.training - Epoch  10, Step:    37800, Batch Loss:     1.714445, Batch Acc: 0.544648, Tokens per Sec:     6637, Lr: 0.000300
2026-05-08 20:14:24,512 - INFO - joeynmt.training - Epoch  10, Step:    37900, Batch Loss:     1.347643, Batch Acc: 0.555711, Tokens per Sec:     6674, Lr: 0.000300
2026-05-08 20:14:38,426 - INFO - joeynmt.training - Epoch  10, Step:    38000, Batch Loss:     1.502852, Batch Acc: 0.555191, Tokens per Sec:     6493, Lr: 0.000300
2026-05-08 20:14:38,426 - INFO - joeynmt.prediction - Predicting 500 example(s)... (Greedy decoding with min_output_length=1, max_output_length=-1, return_prob='none', generate_unk=True, repetition_penalty=-1, no_repeat_ngram_size=-1)
2026-05-08 20:15:06,894 - INFO - joeynmt.prediction - Evaluation result (greedy) loss:   2.07, ppl:   7.90, acc:   0.47, generation: 28.4646[sec], evaluation: 0.0000[sec]
2026-05-08 20:15:06,958 - INFO - joeynmt.helpers - delete models/deen_transformer_pre/37000.ckpt
2026-05-08 20:15:06,959 - INFO - joeynmt.training - Example #0
2026-05-08 20:15:06,959 - DEBUG - joeynmt.training - 	Tokenized source:     ['die', 'Pre@@', 'mi@@', 'er@@', 'minist@@', 'er', 'Indi@@', 'ens', 'und', 'J@@', 'ap@@', 'ans', 'tra@@', 'fen', 'sich', 'in', 'T@@', 'ok@@', 'i@@', 'o', '.']
2026-05-08 20:15:06,959 - DEBUG - joeynmt.training - 	Tokenized reference:  ['Indi@@', 'a', 'and', 'J@@', 'ap@@', 'an', 'pri@@', 'me', 'minist@@', 'ers', 'me@@', 'et', 'in', 'T@@', 'ok@@', 'y@@', 'o']
2026-05-08 20:15:06,959 - DEBUG - joeynmt.training - 	Tokenized hypothesis: ['the', 'Pri@@', 'me', 'Minist@@', 'er', 'Indi@@', 'a', 'and', 'J@@', 'ap@@', 'an', 'tra@@', 'ck', 'in', 'T@@', 'ok@@', 'y@@', 'o', '.', '</s>']
2026-05-08 20:15:06,959 - INFO - joeynmt.training - 	Source:     die Premierminister Indiens und Japans trafen sich in Tokio .
2026-05-08 20:15:06,959 - INFO - joeynmt.training - 	Reference:  India and Japan prime ministers meet in Tokyo
2026-05-08 20:15:06,959 - INFO - joeynmt.training - 	Hypothesis: the Prime Minister India and Japan track in Tokyo .
2026-05-08 20:15:06,959 - INFO - joeynmt.training - Example #1
2026-05-08 20:15:06,959 - DEBUG - joeynmt.training - 	Tokenized source:     ['Indi@@', 'ens', 'neu@@', 'er', 'Pre@@', 'mi@@', 'er@@', 'minist@@', 'er', 'N@@', 'ar@@', 'end@@', 'ra', 'Mo@@', 'd@@', 'i', 'tri@@', 'fft', 'bei', 's@@', 'einem', 'ersten', 'wichti@@', 'gen', 'Aus@@', 'land@@', 's@@', 'bes@@', 'u@@', 'ch', 'seit', 's@@', 'einem', 'W@@', 'ah@@', 'l@@', 'si@@', 'e@@', 'g', 'im', 'Ma@@', 'i', 'seinen', 'j@@', 'ap@@', 'an@@', 'ischen', 'Am@@', 'ts@@', 'k@@', 'olle@@', 'gen', 'S@@', 'hin@@', 'z@@', 'o', 'A@@', 'be', 'in', 'T@@', 'ok@@', 'o', ',', 'um', 'wirtschaf@@', 'tliche', 'und', 'sicher@@', 'heits@@', 'politische', 'Be@@', 'zieh@@', 'ungen', 'zu', 'bes@@', 'pre@@', 'chen', '.']
2026-05-08 20:15:06,959 - DEBUG - joeynmt.training - 	Tokenized reference:  ['Indi@@', 'a', '&apos;s', 'new', 'pri@@', 'me', 'minist@@', 'er', ',', 'N@@', 'ar@@', 'end@@', 'ra', 'Mo@@', 'd@@', 'i', ',', 'is', 'me@@', 'eting', 'his', 'J@@', 'ap@@', 'an@@', 'ese', 'coun@@', 'ter@@', 'part', ',', 'S@@', 'hin@@', 'z@@', 'o', 'A@@', 'be', ',', 'in', 'T@@', 'ok@@', 'y@@', 'o', 'to', 'disc@@', 'uss', 'economic', 'and', 'security', 'ties', ',', 'on', 'his', 'first', 'major', 'fore@@', 'ign', 'visi@@', 't', 'since', 'w@@', 'inn@@', 'ing', 'Ma@@', 'y', '&apos;s', 'elec@@', 'tion', '.']
2026-05-08 20:15:06,959 - DEBUG - joeynmt.training - 	Tokenized hypothesis: ['Indi@@', 'a', '&apos;s', 'new', 'Pri@@', 'me', 'Minist@@', 'er', 'N@@', 'ar@@', 'end@@', 'ra', 'Mo@@', 'd@@', 'i', ',', 'in', 'his', 'first', 'important', 'fore@@', 'ign', 'visi@@', 'tors', ',', 'to', 'his', 'first', 'c@@', 'are@@', 'fully', 'since', 'his', 'J@@', 'ap@@', 'an@@', 'ese', '&apos;s', 'J@@', 'ap@@', 'an@@', 'ese', '&apos;s', 'S@@', 'hin@@', 'z@@', 'o', 'A@@', 'be', 'in', 'T@@', 'ok@@', 'o', ',', 'to', 'visi@@', 't', 'economic', 'and', 'saf@@', 'ety', 'policy', 'rel@@', 'ations', '.', '</s>']
2026-05-08 20:15:06,959 - INFO - joeynmt.training - 	Source:     Indiens neuer Premierminister Narendra Modi trifft bei seinem ersten wichtigen Auslandsbesuch seit seinem Wahlsieg im Mai seinen japanischen Amtskollegen Shinzo Abe in Toko , um wirtschaftliche und sicherheitspolitische Beziehungen zu besprechen .
2026-05-08 20:15:06,959 - INFO - joeynmt.training - 	Reference:  India &apos;s new prime minister , Narendra Modi , is meeting his Japanese counterpart , Shinzo Abe , in Tokyo to discuss economic and security ties , on his first major foreign visit since winning May &apos;s election .
2026-05-08 20:15:06,959 - INFO - joeynmt.training - 	Hypothesis: India &apos;s new Prime Minister Narendra Modi , in his first important foreign visitors , to his first carefully since his Japanese &apos;s Japanese &apos;s Shinzo Abe in Toko , to visit economic and safety policy relations .
2026-05-08 20:15:06,959 - INFO - joeynmt.training - Example #2
2026-05-08 20:15:06,959 - DEBUG - joeynmt.training - 	Tokenized source:     ['Herr', 'Mo@@', 'd@@', 'i', 'befindet', 'sich', 'auf', 'einer', 'fü@@', 'n@@', 'f@@', 'tä@@', 'gi@@', 'gen', 'Rei@@', 'se', 'nach', 'J@@', 'ap@@', 'an', ',', 'um', 'die', 'wirtschaf@@', 'tlichen', 'Be@@', 'zieh@@', 'ungen', 'mit', 'der', 'd@@', 'rit@@', 't@@', 'größ@@', 'ten', 'Wirtschafts@@', 'n@@', 'ation', 'der', 'Welt', 'zu', 'fes@@', 'tigen', '.']
2026-05-08 20:15:06,959 - DEBUG - joeynmt.training - 	Tokenized reference:  ['Mr', 'Mo@@', 'd@@', 'i', 'is', 'on', 'a', 'fi@@', 've', '@@@', '-@@', '@', 'day', 'tri@@', 'p', 'to', 'J@@', 'ap@@', 'an', 'to', 'streng@@', 'then', 'economic', 'ties', 'with', 'the', 'third', 'lar@@', 'ges@@', 't', 'econom@@', 'y', 'in', 'the', 'world', '.']
2026-05-08 20:15:06,959 - DEBUG - joeynmt.training - 	Tokenized hypothesis: ['Mr', 'Mo@@', 'd@@', 'i', 'is', 'based', 'on', 'a', 'fi@@', 'f@@', 'ty', 'tra@@', 'vel@@', 'ers', 'to', 'J@@', 'ap@@', 'an', ',', 'to', 'con@@', 'f@@', 'lic@@', 't', 'economic', 'rel@@', 'ations', 'with', 'the', 'third', 'b@@', 'ig@@', 'ges@@', 't', 'economic', 'n@@', 'ation', 'of', 'the', 'world', '.', '</s>']
2026-05-08 20:15:06,960 - INFO - joeynmt.training - 	Source:     Herr Modi befindet sich auf einer fünftägigen Reise nach Japan , um die wirtschaftlichen Beziehungen mit der drittgrößten Wirtschaftsnation der Welt zu festigen .
2026-05-08 20:15:06,960 - INFO - joeynmt.training - 	Reference:  Mr Modi is on a five @-@ day trip to Japan to strengthen economic ties with the third largest economy in the world .
2026-05-08 20:15:06,960 - INFO - joeynmt.training - 	Hypothesis: Mr Modi is based on a fifty travelers to Japan , to conflict economic relations with the third biggest economic nation of the world .
2026-05-08 20:15:06,960 - INFO - joeynmt.training - Example #3
2026-05-08 20:15:06,960 - DEBUG - joeynmt.training - 	Tokenized source:     ['P@@', 'län@@', 'e', 'für', 'eine', 'stärk@@', 'ere', 'k@@', 'ern@@', 'techn@@', 'ische', 'Zusammenarbeit', 'stehen', 'ganz', 'ob@@', 'en', 'auf', 'der', 'Tag@@', 'es@@', 'ordnung', '.']
2026-05-08 20:15:06,960 - DEBUG - joeynmt.training - 	Tokenized reference:  ['high', 'on', 'the', 'agen@@', 'da', 'are', 'pl@@', 'ans', 'for', 'gre@@', 'ater', 'nu@@', 'clear', 'c@@', 'o', '@@@', '-@@', '@', 'operation', '.']
2026-05-08 20:15:06,960 - DEBUG - joeynmt.training - 	Tokenized hypothesis: ['pl@@', 'ans', 'for', 'more', 'di@@', 'st@@', 'in@@', 'c@@', 'tive', 'techn@@', 'ical', 'cooperation', 'are', 'at', 'the', 'agen@@', 'da', '.', '</s>']
2026-05-08 20:15:06,960 - INFO - joeynmt.training - 	Source:     Pläne für eine stärkere kerntechnische Zusammenarbeit stehen ganz oben auf der Tagesordnung .
2026-05-08 20:15:06,960 - INFO - joeynmt.training - 	Reference:  high on the agenda are plans for greater nuclear co @-@ operation .
2026-05-08 20:15:06,960 - INFO - joeynmt.training - 	Hypothesis: plans for more distinctive technical cooperation are at the agenda .
2026-05-08 20:15:06,960 - INFO - joeynmt.training - Example #4
2026-05-08 20:15:06,960 - DEBUG - joeynmt.training - 	Tokenized source:     ['Berich@@', 'ten', 'zu@@', 'fol@@', 'ge', 'ho@@', 'fft', 'Indi@@', 'en', 'darüber', 'hinaus', 'auf', 'einen', 'Ver@@', 'trag', 'zur', 'Ver@@', 'tei@@', 'dig@@', 'ungs@@', 'zusammen@@', 'arbeit', 'zwischen', 'den', 'beiden', 'N@@', 'ationen', '.']
2026-05-08 20:15:06,960 - DEBUG - joeynmt.training - 	Tokenized reference:  ['Indi@@', 'a', 'is', 'also', 're@@', 'porte@@', 'dly', 'hop@@', 'ing', 'for', 'a', 'de@@', 'al', 'on', 'def@@', 'ence', 'c@@', 'oll@@', 'ab@@', 'or@@', 'ation', 'between', 'the', 'two', 'n@@', 'ations', '.']
2026-05-08 20:15:06,960 - DEBUG - joeynmt.training - 	Tokenized hypothesis: ['the', 're@@', 'ports', ',', 'the', 're@@', 'ports', ',', 'the', 'Indi@@', 'a', '&apos;s', 'de@@', 'gre@@', 'e', 'of', 'work', 'on', 'def@@', 'ence', 'cooperation', 'between', 'the', 'two', 'n@@', 'ations', '.', '</s>']
2026-05-08 20:15:06,960 - INFO - joeynmt.training - 	Source:     Berichten zufolge hofft Indien darüber hinaus auf einen Vertrag zur Verteidigungszusammenarbeit zwischen den beiden Nationen .
2026-05-08 20:15:06,960 - INFO - joeynmt.training - 	Reference:  India is also reportedly hoping for a deal on defence collaboration between the two nations .
2026-05-08 20:15:06,960 - INFO - joeynmt.training - 	Hypothesis: the reports , the reports , the India &apos;s degree of work on defence cooperation between the two nations .
2026-05-08 20:15:20,891 - INFO - joeynmt.training - Epoch  10, Step:    38100, Batch Loss:     1.592773, Batch Acc: 0.550851, Tokens per Sec:     6585, Lr: 0.000300
2026-05-08 20:15:34,764 - INFO - joeynmt.training - Epoch  10, Step:    38200, Batch Loss:     1.486964, Batch Acc: 0.547472, Tokens per Sec:     6620, Lr: 0.000300
2026-05-08 20:15:48,720 - INFO - joeynmt.training - Epoch  10, Step:    38300, Batch Loss:     1.507335, Batch Acc: 0.546209, Tokens per Sec:     6682, Lr: 0.000300
2026-05-08 20:16:02,630 - INFO - joeynmt.training - Epoch  10, Step:    38400, Batch Loss:     1.638239, Batch Acc: 0.551089, Tokens per Sec:     6696, Lr: 0.000300
2026-05-08 20:16:16,428 - INFO - joeynmt.training - Epoch  10, Step:    38500, Batch Loss:     1.449003, Batch Acc: 0.548596, Tokens per Sec:     6649, Lr: 0.000300
2026-05-08 20:16:16,428 - INFO - joeynmt.prediction - Predicting 500 example(s)... (Greedy decoding with min_output_length=1, max_output_length=-1, return_prob='none', generate_unk=True, repetition_penalty=-1, no_repeat_ngram_size=-1)
2026-05-08 20:16:41,152 - INFO - joeynmt.prediction - Evaluation result (greedy) loss:   2.07, ppl:   7.92, acc:   0.47, generation: 24.7202[sec], evaluation: 0.0000[sec]
2026-05-08 20:16:41,216 - INFO - joeynmt.helpers - delete models/deen_transformer_pre/37500.ckpt
2026-05-08 20:16:41,217 - INFO - joeynmt.training - Example #0
2026-05-08 20:16:41,217 - DEBUG - joeynmt.training - 	Tokenized source:     ['die', 'Pre@@', 'mi@@', 'er@@', 'minist@@', 'er', 'Indi@@', 'ens', 'und', 'J@@', 'ap@@', 'ans', 'tra@@', 'fen', 'sich', 'in', 'T@@', 'ok@@', 'i@@', 'o', '.']
2026-05-08 20:16:41,217 - DEBUG - joeynmt.training - 	Tokenized reference:  ['Indi@@', 'a', 'and', 'J@@', 'ap@@', 'an', 'pri@@', 'me', 'minist@@', 'ers', 'me@@', 'et', 'in', 'T@@', 'ok@@', 'y@@', 'o']
2026-05-08 20:16:41,217 - DEBUG - joeynmt.training - 	Tokenized hypothesis: ['the', 'Pri@@', 'me', 'Minist@@', 'er', 'Indi@@', 'a', 'and', 'J@@', 'ap@@', 'an', 'tra@@', 'v@@', 'el', 'in', 'T@@', 'ok@@', 'y@@', 'o', '.', '</s>']
2026-05-08 20:16:41,217 - INFO - joeynmt.training - 	Source:     die Premierminister Indiens und Japans trafen sich in Tokio .
2026-05-08 20:16:41,217 - INFO - joeynmt.training - 	Reference:  India and Japan prime ministers meet in Tokyo
2026-05-08 20:16:41,217 - INFO - joeynmt.training - 	Hypothesis: the Prime Minister India and Japan travel in Tokyo .
2026-05-08 20:16:41,217 - INFO - joeynmt.training - Example #1
2026-05-08 20:16:41,217 - DEBUG - joeynmt.training - 	Tokenized source:     ['Indi@@', 'ens', 'neu@@', 'er', 'Pre@@', 'mi@@', 'er@@', 'minist@@', 'er', 'N@@', 'ar@@', 'end@@', 'ra', 'Mo@@', 'd@@', 'i', 'tri@@', 'fft', 'bei', 's@@', 'einem', 'ersten', 'wichti@@', 'gen', 'Aus@@', 'land@@', 's@@', 'bes@@', 'u@@', 'ch', 'seit', 's@@', 'einem', 'W@@', 'ah@@', 'l@@', 'si@@', 'e@@', 'g', 'im', 'Ma@@', 'i', 'seinen', 'j@@', 'ap@@', 'an@@', 'ischen', 'Am@@', 'ts@@', 'k@@', 'olle@@', 'gen', 'S@@', 'hin@@', 'z@@', 'o', 'A@@', 'be', 'in', 'T@@', 'ok@@', 'o', ',', 'um', 'wirtschaf@@', 'tliche', 'und', 'sicher@@', 'heits@@', 'politische', 'Be@@', 'zieh@@', 'ungen', 'zu', 'bes@@', 'pre@@', 'chen', '.']
2026-05-08 20:16:41,217 - DEBUG - joeynmt.training - 	Tokenized reference:  ['Indi@@', 'a', '&apos;s', 'new', 'pri@@', 'me', 'minist@@', 'er', ',', 'N@@', 'ar@@', 'end@@', 'ra', 'Mo@@', 'd@@', 'i', ',', 'is', 'me@@', 'eting', 'his', 'J@@', 'ap@@', 'an@@', 'ese', 'coun@@', 'ter@@', 'part', ',', 'S@@', 'hin@@', 'z@@', 'o', 'A@@', 'be', ',', 'in', 'T@@', 'ok@@', 'y@@', 'o', 'to', 'disc@@', 'uss', 'economic', 'and', 'security', 'ties', ',', 'on', 'his', 'first', 'major', 'fore@@', 'ign', 'visi@@', 't', 'since', 'w@@', 'inn@@', 'ing', 'Ma@@', 'y', '&apos;s', 'elec@@', 'tion', '.']
2026-05-08 20:16:41,217 - DEBUG - joeynmt.training - 	Tokenized hypothesis: ['Indi@@', 'a', '&apos;s', 'new', 'Pri@@', 'me', 'Minist@@', 'er', 'N@@', 'ar@@', 'end@@', 'ra', 'Mo@@', 'd@@', 'i', ',', 'in', 'his', 'first', 'important', 'fore@@', 'ign', 'visi@@', 't', 'to', 'his', 'first', 'major', 'fore@@', 'ign', 'visi@@', 'tors', ',', 'in', 'Ma@@', 'y', 'his', 'J@@', 'ap@@', 'an@@', 'ese', 'off@@', 'er@@', 'ed', 'S@@', 'hin@@', 'z@@', 'o', 'A@@', 'be', 'in', 'T@@', 'ok@@', 'o', 'to', 're@@', 'mo@@', 've', 'economic', 'and', 'saf@@', 'ety', '.', '</s>']
2026-05-08 20:16:41,217 - INFO - joeynmt.training - 	Source:     Indiens neuer Premierminister Narendra Modi trifft bei seinem ersten wichtigen Auslandsbesuch seit seinem Wahlsieg im Mai seinen japanischen Amtskollegen Shinzo Abe in Toko , um wirtschaftliche und sicherheitspolitische Beziehungen zu besprechen .
2026-05-08 20:16:41,217 - INFO - joeynmt.training - 	Reference:  India &apos;s new prime minister , Narendra Modi , is meeting his Japanese counterpart , Shinzo Abe , in Tokyo to discuss economic and security ties , on his first major foreign visit since winning May &apos;s election .
2026-05-08 20:16:41,217 - INFO - joeynmt.training - 	Hypothesis: India &apos;s new Prime Minister Narendra Modi , in his first important foreign visit to his first major foreign visitors , in May his Japanese offered Shinzo Abe in Toko to remove economic and safety .
2026-05-08 20:16:41,217 - INFO - joeynmt.training - Example #2
2026-05-08 20:16:41,217 - DEBUG - joeynmt.training - 	Tokenized source:     ['Herr', 'Mo@@', 'd@@', 'i', 'befindet', 'sich', 'auf', 'einer', 'fü@@', 'n@@', 'f@@', 'tä@@', 'gi@@', 'gen', 'Rei@@', 'se', 'nach', 'J@@', 'ap@@', 'an', ',', 'um', 'die', 'wirtschaf@@', 'tlichen', 'Be@@', 'zieh@@', 'ungen', 'mit', 'der', 'd@@', 'rit@@', 't@@', 'größ@@', 'ten', 'Wirtschafts@@', 'n@@', 'ation', 'der', 'Welt', 'zu', 'fes@@', 'tigen', '.']
2026-05-08 20:16:41,217 - DEBUG - joeynmt.training - 	Tokenized reference:  ['Mr', 'Mo@@', 'd@@', 'i', 'is', 'on', 'a', 'fi@@', 've', '@@@', '-@@', '@', 'day', 'tri@@', 'p', 'to', 'J@@', 'ap@@', 'an', 'to', 'streng@@', 'then', 'economic', 'ties', 'with', 'the', 'third', 'lar@@', 'ges@@', 't', 'econom@@', 'y', 'in', 'the', 'world', '.']
2026-05-08 20:16:41,217 - DEBUG - joeynmt.training - 	Tokenized hypothesis: ['Mr', 'Mo@@', 'd@@', 'i', 'is', 'based', 'on', 'a', 'fi@@', 'f@@', 'ty', 'tra@@', 'v@@', 'el', 'to', 'J@@', 'ap@@', 'an', 'to', 'the', 'economic', 'rel@@', 'ations', 'with', 'the', 'third', 'lar@@', 'ges@@', 't', 'economic', 'n@@', 'ation', 'of', 'the', 'world', '.', '</s>']
2026-05-08 20:16:41,217 - INFO - joeynmt.training - 	Source:     Herr Modi befindet sich auf einer fünftägigen Reise nach Japan , um die wirtschaftlichen Beziehungen mit der drittgrößten Wirtschaftsnation der Welt zu festigen .
2026-05-08 20:16:41,217 - INFO - joeynmt.training - 	Reference:  Mr Modi is on a five @-@ day trip to Japan to strengthen economic ties with the third largest economy in the world .
2026-05-08 20:16:41,217 - INFO - joeynmt.training - 	Hypothesis: Mr Modi is based on a fifty travel to Japan to the economic relations with the third largest economic nation of the world .
2026-05-08 20:16:41,217 - INFO - joeynmt.training - Example #3
2026-05-08 20:16:41,217 - DEBUG - joeynmt.training - 	Tokenized source:     ['P@@', 'län@@', 'e', 'für', 'eine', 'stärk@@', 'ere', 'k@@', 'ern@@', 'techn@@', 'ische', 'Zusammenarbeit', 'stehen', 'ganz', 'ob@@', 'en', 'auf', 'der', 'Tag@@', 'es@@', 'ordnung', '.']
2026-05-08 20:16:41,217 - DEBUG - joeynmt.training - 	Tokenized reference:  ['high', 'on', 'the', 'agen@@', 'da', 'are', 'pl@@', 'ans', 'for', 'gre@@', 'ater', 'nu@@', 'clear', 'c@@', 'o', '@@@', '-@@', '@', 'operation', '.']
2026-05-08 20:16:41,217 - DEBUG - joeynmt.training - 	Tokenized hypothesis: ['pl@@', 'ans', 'for', 'more', 'seri@@', 'ous', 'techn@@', 'ical', 'cooperation', '.', '</s>']
2026-05-08 20:16:41,217 - INFO - joeynmt.training - 	Source:     Pläne für eine stärkere kerntechnische Zusammenarbeit stehen ganz oben auf der Tagesordnung .
2026-05-08 20:16:41,217 - INFO - joeynmt.training - 	Reference:  high on the agenda are plans for greater nuclear co @-@ operation .
2026-05-08 20:16:41,217 - INFO - joeynmt.training - 	Hypothesis: plans for more serious technical cooperation .
2026-05-08 20:16:41,217 - INFO - joeynmt.training - Example #4
2026-05-08 20:16:41,218 - DEBUG - joeynmt.training - 	Tokenized source:     ['Berich@@', 'ten', 'zu@@', 'fol@@', 'ge', 'ho@@', 'fft', 'Indi@@', 'en', 'darüber', 'hinaus', 'auf', 'einen', 'Ver@@', 'trag', 'zur', 'Ver@@', 'tei@@', 'dig@@', 'ungs@@', 'zusammen@@', 'arbeit', 'zwischen', 'den', 'beiden', 'N@@', 'ationen', '.']
2026-05-08 20:16:41,218 - DEBUG - joeynmt.training - 	Tokenized reference:  ['Indi@@', 'a', 'is', 'also', 're@@', 'porte@@', 'dly', 'hop@@', 'ing', 'for', 'a', 'de@@', 'al', 'on', 'def@@', 'ence', 'c@@', 'oll@@', 'ab@@', 'or@@', 'ation', 'between', 'the', 'two', 'n@@', 'ations', '.']
2026-05-08 20:16:41,218 - DEBUG - joeynmt.training - 	Tokenized hypothesis: ['the', 're@@', 'ports', ',', 'the', 're@@', 'ports', ',', 'in', 'ad@@', 'dition', 'to', 'a', 'tre@@', 'aty', 'on', 'the', 'basis', 'of', 'def@@', 'ence', 'together', 'between', 'the', 'two', 'n@@', 'ations', '.', '</s>']
2026-05-08 20:16:41,218 - INFO - joeynmt.training - 	Source:     Berichten zufolge hofft Indien darüber hinaus auf einen Vertrag zur Verteidigungszusammenarbeit zwischen den beiden Nationen .
2026-05-08 20:16:41,218 - INFO - joeynmt.training - 	Reference:  India is also reportedly hoping for a deal on defence collaboration between the two nations .
2026-05-08 20:16:41,218 - INFO - joeynmt.training - 	Hypothesis: the reports , the reports , in addition to a treaty on the basis of defence together between the two nations .
2026-05-08 20:16:55,200 - INFO - joeynmt.training - Epoch  10, Step:    38600, Batch Loss:     1.573552, Batch Acc: 0.548470, Tokens per Sec:     6462, Lr: 0.000300
2026-05-08 20:17:09,039 - INFO - joeynmt.training - Epoch  10, Step:    38700, Batch Loss:     1.758860, Batch Acc: 0.546269, Tokens per Sec:     6656, Lr: 0.000300
2026-05-08 20:17:22,882 - INFO - joeynmt.training - Epoch  10, Step:    38800, Batch Loss:     1.645954, Batch Acc: 0.549560, Tokens per Sec:     6629, Lr: 0.000300
2026-05-08 20:17:36,831 - INFO - joeynmt.training - Epoch  10, Step:    38900, Batch Loss:     1.852939, Batch Acc: 0.548162, Tokens per Sec:     6578, Lr: 0.000300
2026-05-08 20:17:50,637 - INFO - joeynmt.training - Epoch  10, Step:    39000, Batch Loss:     1.409599, Batch Acc: 0.549777, Tokens per Sec:     6564, Lr: 0.000300
2026-05-08 20:17:50,637 - INFO - joeynmt.prediction - Predicting 500 example(s)... (Greedy decoding with min_output_length=1, max_output_length=-1, return_prob='none', generate_unk=True, repetition_penalty=-1, no_repeat_ngram_size=-1)
2026-05-08 20:18:14,645 - INFO - joeynmt.prediction - Evaluation result (greedy) loss:   2.06, ppl:   7.88, acc:   0.46, generation: 24.0048[sec], evaluation: 0.0000[sec]
2026-05-08 20:18:14,713 - INFO - joeynmt.helpers - delete models/deen_transformer_pre/38500.ckpt
2026-05-08 20:18:14,713 - INFO - joeynmt.helpers - delete /Users/sunyicong/Downloads/2nd semester/Machine Translation/assignment/mt-exercise-03/models/deen_transformer_pre/38500.ckpt
2026-05-08 20:18:14,713 - WARNING - joeynmt.helpers - Wanted to delete old checkpoint /Users/sunyicong/Downloads/2nd semester/Machine Translation/assignment/mt-exercise-03/models/deen_transformer_pre/38500.ckpt but file does not exist. ([Errno 2] No such file or directory: '/Users/sunyicong/Downloads/2nd semester/Machine Translation/assignment/mt-exercise-03/models/deen_transformer_pre/38500.ckpt')
2026-05-08 20:18:14,714 - INFO - joeynmt.training - Example #0
2026-05-08 20:18:14,714 - DEBUG - joeynmt.training - 	Tokenized source:     ['die', 'Pre@@', 'mi@@', 'er@@', 'minist@@', 'er', 'Indi@@', 'ens', 'und', 'J@@', 'ap@@', 'ans', 'tra@@', 'fen', 'sich', 'in', 'T@@', 'ok@@', 'i@@', 'o', '.']
2026-05-08 20:18:14,714 - DEBUG - joeynmt.training - 	Tokenized reference:  ['Indi@@', 'a', 'and', 'J@@', 'ap@@', 'an', 'pri@@', 'me', 'minist@@', 'ers', 'me@@', 'et', 'in', 'T@@', 'ok@@', 'y@@', 'o']
2026-05-08 20:18:14,714 - DEBUG - joeynmt.training - 	Tokenized hypothesis: ['Pri@@', 'me', 'Minist@@', 'er', 'Indi@@', 'a', 'and', 'J@@', 'ap@@', 'an', 'tra@@', 'v@@', 'el', 'in', 'T@@', 'ok@@', 'i@@', 'o', '.', '</s>']
2026-05-08 20:18:14,714 - INFO - joeynmt.training - 	Source:     die Premierminister Indiens und Japans trafen sich in Tokio .
2026-05-08 20:18:14,714 - INFO - joeynmt.training - 	Reference:  India and Japan prime ministers meet in Tokyo
2026-05-08 20:18:14,714 - INFO - joeynmt.training - 	Hypothesis: Prime Minister India and Japan travel in Tokio .
2026-05-08 20:18:14,714 - INFO - joeynmt.training - Example #1
2026-05-08 20:18:14,714 - DEBUG - joeynmt.training - 	Tokenized source:     ['Indi@@', 'ens', 'neu@@', 'er', 'Pre@@', 'mi@@', 'er@@', 'minist@@', 'er', 'N@@', 'ar@@', 'end@@', 'ra', 'Mo@@', 'd@@', 'i', 'tri@@', 'fft', 'bei', 's@@', 'einem', 'ersten', 'wichti@@', 'gen', 'Aus@@', 'land@@', 's@@', 'bes@@', 'u@@', 'ch', 'seit', 's@@', 'einem', 'W@@', 'ah@@', 'l@@', 'si@@', 'e@@', 'g', 'im', 'Ma@@', 'i', 'seinen', 'j@@', 'ap@@', 'an@@', 'ischen', 'Am@@', 'ts@@', 'k@@', 'olle@@', 'gen', 'S@@', 'hin@@', 'z@@', 'o', 'A@@', 'be', 'in', 'T@@', 'ok@@', 'o', ',', 'um', 'wirtschaf@@', 'tliche', 'und', 'sicher@@', 'heits@@', 'politische', 'Be@@', 'zieh@@', 'ungen', 'zu', 'bes@@', 'pre@@', 'chen', '.']
2026-05-08 20:18:14,714 - DEBUG - joeynmt.training - 	Tokenized reference:  ['Indi@@', 'a', '&apos;s', 'new', 'pri@@', 'me', 'minist@@', 'er', ',', 'N@@', 'ar@@', 'end@@', 'ra', 'Mo@@', 'd@@', 'i', ',', 'is', 'me@@', 'eting', 'his', 'J@@', 'ap@@', 'an@@', 'ese', 'coun@@', 'ter@@', 'part', ',', 'S@@', 'hin@@', 'z@@', 'o', 'A@@', 'be', ',', 'in', 'T@@', 'ok@@', 'y@@', 'o', 'to', 'disc@@', 'uss', 'economic', 'and', 'security', 'ties', ',', 'on', 'his', 'first', 'major', 'fore@@', 'ign', 'visi@@', 't', 'since', 'w@@', 'inn@@', 'ing', 'Ma@@', 'y', '&apos;s', 'elec@@', 'tion', '.']
2026-05-08 20:18:14,714 - DEBUG - joeynmt.training - 	Tokenized hypothesis: ['Indi@@', 'a', '&apos;s', 'new', 'Pri@@', 'me', 'Minist@@', 'er', 'N@@', 'ar@@', 'end@@', 'ra', 'Mo@@', 'd@@', 'i', ',', 'in', 'his', 'first', 'important', 'fore@@', 'ign', 'visi@@', 't', 'his', 'first', 'c@@', 'are@@', 'er', ',', 'since', 'his', 'elec@@', 'tion', 'was', 'in', 'Ma@@', 'y', ',', 'in', 'Ma@@', 'y', 'his', 'J@@', 'ap@@', 'an@@', 'ese', 'off@@', 'er@@', 'ed', 'S@@', 'hin@@', 'z@@', 'o', 'A@@', 'pp@@', 'lic@@', 'o', 'in', 'T@@', 'ok@@', 'o', ',', 'to', 'visi@@', 't', 'the', 'M@@', 'er@@', 'ti@@', 'a', '.', '</s>']
2026-05-08 20:18:14,714 - INFO - joeynmt.training - 	Source:     Indiens neuer Premierminister Narendra Modi trifft bei seinem ersten wichtigen Auslandsbesuch seit seinem Wahlsieg im Mai seinen japanischen Amtskollegen Shinzo Abe in Toko , um wirtschaftliche und sicherheitspolitische Beziehungen zu besprechen .
2026-05-08 20:18:14,714 - INFO - joeynmt.training - 	Reference:  India &apos;s new prime minister , Narendra Modi , is meeting his Japanese counterpart , Shinzo Abe , in Tokyo to discuss economic and security ties , on his first major foreign visit since winning May &apos;s election .
2026-05-08 20:18:14,714 - INFO - joeynmt.training - 	Hypothesis: India &apos;s new Prime Minister Narendra Modi , in his first important foreign visit his first career , since his election was in May , in May his Japanese offered Shinzo Applico in Toko , to visit the Mertia .
2026-05-08 20:18:14,714 - INFO - joeynmt.training - Example #2
2026-05-08 20:18:14,714 - DEBUG - joeynmt.training - 	Tokenized source:     ['Herr', 'Mo@@', 'd@@', 'i', 'befindet', 'sich', 'auf', 'einer', 'fü@@', 'n@@', 'f@@', 'tä@@', 'gi@@', 'gen', 'Rei@@', 'se', 'nach', 'J@@', 'ap@@', 'an', ',', 'um', 'die', 'wirtschaf@@', 'tlichen', 'Be@@', 'zieh@@', 'ungen', 'mit', 'der', 'd@@', 'rit@@', 't@@', 'größ@@', 'ten', 'Wirtschafts@@', 'n@@', 'ation', 'der', 'Welt', 'zu', 'fes@@', 'tigen', '.']
2026-05-08 20:18:14,714 - DEBUG - joeynmt.training - 	Tokenized reference:  ['Mr', 'Mo@@', 'd@@', 'i', 'is', 'on', 'a', 'fi@@', 've', '@@@', '-@@', '@', 'day', 'tri@@', 'p', 'to', 'J@@', 'ap@@', 'an', 'to', 'streng@@', 'then', 'economic', 'ties', 'with', 'the', 'third', 'lar@@', 'ges@@', 't', 'econom@@', 'y', 'in', 'the', 'world', '.']
2026-05-08 20:18:14,714 - DEBUG - joeynmt.training - 	Tokenized hypothesis: ['Mr', 'Mo@@', 'd@@', 'i', 'is', 'based', 'on', 'a', 'fi@@', 'f@@', 'ty', 'tra@@', 'v@@', 'ell@@', 'ing', 'J@@', 'ap@@', 'an', ',', 'to', 'con@@', 'f@@', 'lic@@', 't', 'economic', 'rel@@', 'ations', 'with', 'the', 'third', 'lar@@', 'ges@@', 't', 'economic', 'rel@@', 'ations', '.', '</s>']
2026-05-08 20:18:14,714 - INFO - joeynmt.training - 	Source:     Herr Modi befindet sich auf einer fünftägigen Reise nach Japan , um die wirtschaftlichen Beziehungen mit der drittgrößten Wirtschaftsnation der Welt zu festigen .
2026-05-08 20:18:14,714 - INFO - joeynmt.training - 	Reference:  Mr Modi is on a five @-@ day trip to Japan to strengthen economic ties with the third largest economy in the world .
2026-05-08 20:18:14,714 - INFO - joeynmt.training - 	Hypothesis: Mr Modi is based on a fifty travelling Japan , to conflict economic relations with the third largest economic relations .
2026-05-08 20:18:14,714 - INFO - joeynmt.training - Example #3
2026-05-08 20:18:14,714 - DEBUG - joeynmt.training - 	Tokenized source:     ['P@@', 'län@@', 'e', 'für', 'eine', 'stärk@@', 'ere', 'k@@', 'ern@@', 'techn@@', 'ische', 'Zusammenarbeit', 'stehen', 'ganz', 'ob@@', 'en', 'auf', 'der', 'Tag@@', 'es@@', 'ordnung', '.']
2026-05-08 20:18:14,714 - DEBUG - joeynmt.training - 	Tokenized reference:  ['high', 'on', 'the', 'agen@@', 'da', 'are', 'pl@@', 'ans', 'for', 'gre@@', 'ater', 'nu@@', 'clear', 'c@@', 'o', '@@@', '-@@', '@', 'operation', '.']
2026-05-08 20:18:14,714 - DEBUG - joeynmt.training - 	Tokenized hypothesis: ['pl@@', 'ans', 'for', 'more', 'nu@@', 'clear', 'cooperation', '.', '</s>']
2026-05-08 20:18:14,714 - INFO - joeynmt.training - 	Source:     Pläne für eine stärkere kerntechnische Zusammenarbeit stehen ganz oben auf der Tagesordnung .
2026-05-08 20:18:14,714 - INFO - joeynmt.training - 	Reference:  high on the agenda are plans for greater nuclear co @-@ operation .
2026-05-08 20:18:14,715 - INFO - joeynmt.training - 	Hypothesis: plans for more nuclear cooperation .
2026-05-08 20:18:14,715 - INFO - joeynmt.training - Example #4
2026-05-08 20:18:14,715 - DEBUG - joeynmt.training - 	Tokenized source:     ['Berich@@', 'ten', 'zu@@', 'fol@@', 'ge', 'ho@@', 'fft', 'Indi@@', 'en', 'darüber', 'hinaus', 'auf', 'einen', 'Ver@@', 'trag', 'zur', 'Ver@@', 'tei@@', 'dig@@', 'ungs@@', 'zusammen@@', 'arbeit', 'zwischen', 'den', 'beiden', 'N@@', 'ationen', '.']
2026-05-08 20:18:14,715 - DEBUG - joeynmt.training - 	Tokenized reference:  ['Indi@@', 'a', 'is', 'also', 're@@', 'porte@@', 'dly', 'hop@@', 'ing', 'for', 'a', 'de@@', 'al', 'on', 'def@@', 'ence', 'c@@', 'oll@@', 'ab@@', 'or@@', 'ation', 'between', 'the', 'two', 'n@@', 'ations', '.']
2026-05-08 20:18:14,715 - DEBUG - joeynmt.training - 	Tokenized hypothesis: ['it', 'is', 'also', 'a', 'case', 'of', 're@@', 'ports', 'on', 'the', 'con@@', 'tra@@', 'ct', 'on', 'the', 'con@@', 'tra@@', 'ct', 'on', 'the', 'part', 'of', 'the', 'par@@', 'ties', '.', '</s>']
2026-05-08 20:18:14,715 - INFO - joeynmt.training - 	Source:     Berichten zufolge hofft Indien darüber hinaus auf einen Vertrag zur Verteidigungszusammenarbeit zwischen den beiden Nationen .
2026-05-08 20:18:14,715 - INFO - joeynmt.training - 	Reference:  India is also reportedly hoping for a deal on defence collaboration between the two nations .
2026-05-08 20:18:14,715 - INFO - joeynmt.training - 	Hypothesis: it is also a case of reports on the contract on the contract on the part of the parties .
2026-05-08 20:18:28,608 - INFO - joeynmt.training - Epoch  10, Step:    39100, Batch Loss:     1.593401, Batch Acc: 0.550139, Tokens per Sec:     6474, Lr: 0.000300
2026-05-08 20:18:42,572 - INFO - joeynmt.training - Epoch  10, Step:    39200, Batch Loss:     1.523275, Batch Acc: 0.547131, Tokens per Sec:     6569, Lr: 0.000300
2026-05-08 20:18:56,422 - INFO - joeynmt.training - Epoch  10, Step:    39300, Batch Loss:     1.724748, Batch Acc: 0.548046, Tokens per Sec:     6554, Lr: 0.000300
2026-05-08 20:19:10,361 - INFO - joeynmt.training - Epoch  10, Step:    39400, Batch Loss:     1.674640, Batch Acc: 0.545558, Tokens per Sec:     6560, Lr: 0.000300
2026-05-08 20:19:24,157 - INFO - joeynmt.training - Epoch  10, Step:    39500, Batch Loss:     1.684527, Batch Acc: 0.553111, Tokens per Sec:     6670, Lr: 0.000300
2026-05-08 20:19:24,158 - INFO - joeynmt.prediction - Predicting 500 example(s)... (Greedy decoding with min_output_length=1, max_output_length=-1, return_prob='none', generate_unk=True, repetition_penalty=-1, no_repeat_ngram_size=-1)
2026-05-08 20:19:52,182 - INFO - joeynmt.prediction - Evaluation result (greedy) loss:   2.06, ppl:   7.85, acc:   0.47, generation: 28.0207[sec], evaluation: 0.0000[sec]
2026-05-08 20:19:52,183 - INFO - joeynmt.training - Hooray! New best validation result [ppl]!
2026-05-08 20:19:52,247 - INFO - joeynmt.helpers - delete models/deen_transformer_pre/35500.ckpt
2026-05-08 20:19:52,249 - INFO - joeynmt.training - Example #0
2026-05-08 20:19:52,250 - DEBUG - joeynmt.training - 	Tokenized source:     ['die', 'Pre@@', 'mi@@', 'er@@', 'minist@@', 'er', 'Indi@@', 'ens', 'und', 'J@@', 'ap@@', 'ans', 'tra@@', 'fen', 'sich', 'in', 'T@@', 'ok@@', 'i@@', 'o', '.']
2026-05-08 20:19:52,250 - DEBUG - joeynmt.training - 	Tokenized reference:  ['Indi@@', 'a', 'and', 'J@@', 'ap@@', 'an', 'pri@@', 'me', 'minist@@', 'ers', 'me@@', 'et', 'in', 'T@@', 'ok@@', 'y@@', 'o']
2026-05-08 20:19:52,250 - DEBUG - joeynmt.training - 	Tokenized hypothesis: ['the', 'Pri@@', 'me', 'Minist@@', 'er', 'Indi@@', 'a', 'and', 'J@@', 'ap@@', 'an', 'tra@@', 'ck', 'in', 'T@@', 'ok@@', 'i@@', 'o', '.', '</s>']
2026-05-08 20:19:52,250 - INFO - joeynmt.training - 	Source:     die Premierminister Indiens und Japans trafen sich in Tokio .
2026-05-08 20:19:52,250 - INFO - joeynmt.training - 	Reference:  India and Japan prime ministers meet in Tokyo
2026-05-08 20:19:52,250 - INFO - joeynmt.training - 	Hypothesis: the Prime Minister India and Japan track in Tokio .
2026-05-08 20:19:52,250 - INFO - joeynmt.training - Example #1
2026-05-08 20:19:52,250 - DEBUG - joeynmt.training - 	Tokenized source:     ['Indi@@', 'ens', 'neu@@', 'er', 'Pre@@', 'mi@@', 'er@@', 'minist@@', 'er', 'N@@', 'ar@@', 'end@@', 'ra', 'Mo@@', 'd@@', 'i', 'tri@@', 'fft', 'bei', 's@@', 'einem', 'ersten', 'wichti@@', 'gen', 'Aus@@', 'land@@', 's@@', 'bes@@', 'u@@', 'ch', 'seit', 's@@', 'einem', 'W@@', 'ah@@', 'l@@', 'si@@', 'e@@', 'g', 'im', 'Ma@@', 'i', 'seinen', 'j@@', 'ap@@', 'an@@', 'ischen', 'Am@@', 'ts@@', 'k@@', 'olle@@', 'gen', 'S@@', 'hin@@', 'z@@', 'o', 'A@@', 'be', 'in', 'T@@', 'ok@@', 'o', ',', 'um', 'wirtschaf@@', 'tliche', 'und', 'sicher@@', 'heits@@', 'politische', 'Be@@', 'zieh@@', 'ungen', 'zu', 'bes@@', 'pre@@', 'chen', '.']
2026-05-08 20:19:52,250 - DEBUG - joeynmt.training - 	Tokenized reference:  ['Indi@@', 'a', '&apos;s', 'new', 'pri@@', 'me', 'minist@@', 'er', ',', 'N@@', 'ar@@', 'end@@', 'ra', 'Mo@@', 'd@@', 'i', ',', 'is', 'me@@', 'eting', 'his', 'J@@', 'ap@@', 'an@@', 'ese', 'coun@@', 'ter@@', 'part', ',', 'S@@', 'hin@@', 'z@@', 'o', 'A@@', 'be', ',', 'in', 'T@@', 'ok@@', 'y@@', 'o', 'to', 'disc@@', 'uss', 'economic', 'and', 'security', 'ties', ',', 'on', 'his', 'first', 'major', 'fore@@', 'ign', 'visi@@', 't', 'since', 'w@@', 'inn@@', 'ing', 'Ma@@', 'y', '&apos;s', 'elec@@', 'tion', '.']
2026-05-08 20:19:52,250 - DEBUG - joeynmt.training - 	Tokenized hypothesis: ['Indi@@', 'a', '&apos;s', 'new', 'Pri@@', 'me', 'Minist@@', 'er', ',', 'N@@', 'ar@@', 'end@@', 'ra', 'Mo@@', 'd@@', 'i', ',', 'at', 'his', 'first', 'important', 'ex@@', 'tern@@', 'al', 'visi@@', 't', 'his', 'J@@', 'ap@@', 'an@@', 'ese', 'off@@', 'ice', ',', 'the', 'S@@', 'hin@@', 'z@@', 'o', 'A@@', 'be', 'in', 'T@@', 'ok@@', 'o', ',', 'to', 'economic', 'and', 'security', 'policy', 'rel@@', 'ations', 'with', 'the', 'pre@@', 'vi@@', 'ous', 'economic', 'and', 'security', 'policy', 'rel@@', 'ations', '.', '</s>']
2026-05-08 20:19:52,250 - INFO - joeynmt.training - 	Source:     Indiens neuer Premierminister Narendra Modi trifft bei seinem ersten wichtigen Auslandsbesuch seit seinem Wahlsieg im Mai seinen japanischen Amtskollegen Shinzo Abe in Toko , um wirtschaftliche und sicherheitspolitische Beziehungen zu besprechen .
2026-05-08 20:19:52,250 - INFO - joeynmt.training - 	Reference:  India &apos;s new prime minister , Narendra Modi , is meeting his Japanese counterpart , Shinzo Abe , in Tokyo to discuss economic and security ties , on his first major foreign visit since winning May &apos;s election .
2026-05-08 20:19:52,250 - INFO - joeynmt.training - 	Hypothesis: India &apos;s new Prime Minister , Narendra Modi , at his first important external visit his Japanese office , the Shinzo Abe in Toko , to economic and security policy relations with the previous economic and security policy relations .
2026-05-08 20:19:52,250 - INFO - joeynmt.training - Example #2
2026-05-08 20:19:52,250 - DEBUG - joeynmt.training - 	Tokenized source:     ['Herr', 'Mo@@', 'd@@', 'i', 'befindet', 'sich', 'auf', 'einer', 'fü@@', 'n@@', 'f@@', 'tä@@', 'gi@@', 'gen', 'Rei@@', 'se', 'nach', 'J@@', 'ap@@', 'an', ',', 'um', 'die', 'wirtschaf@@', 'tlichen', 'Be@@', 'zieh@@', 'ungen', 'mit', 'der', 'd@@', 'rit@@', 't@@', 'größ@@', 'ten', 'Wirtschafts@@', 'n@@', 'ation', 'der', 'Welt', 'zu', 'fes@@', 'tigen', '.']
2026-05-08 20:19:52,250 - DEBUG - joeynmt.training - 	Tokenized reference:  ['Mr', 'Mo@@', 'd@@', 'i', 'is', 'on', 'a', 'fi@@', 've', '@@@', '-@@', '@', 'day', 'tri@@', 'p', 'to', 'J@@', 'ap@@', 'an', 'to', 'streng@@', 'then', 'economic', 'ties', 'with', 'the', 'third', 'lar@@', 'ges@@', 't', 'econom@@', 'y', 'in', 'the', 'world', '.']
2026-05-08 20:19:52,250 - DEBUG - joeynmt.training - 	Tokenized hypothesis: ['Mr', 'Mo@@', 'd@@', 'i', 'is', 'based', 'on', 'a', 'fi@@', 'f@@', 'ty', 'tra@@', 'v@@', 'el', 'to', 'J@@', 'ap@@', 'an', ',', 'to', 'con@@', 'stitu@@', 'te', 'the', 'world', '&apos;s', 'economic', 'rel@@', 'ations', 'with', 'the', 'third', 'world', '&apos;s', 'economic', 'n@@', 'ation', 'of', 'the', 'world', '.', '</s>']
2026-05-08 20:19:52,250 - INFO - joeynmt.training - 	Source:     Herr Modi befindet sich auf einer fünftägigen Reise nach Japan , um die wirtschaftlichen Beziehungen mit der drittgrößten Wirtschaftsnation der Welt zu festigen .
2026-05-08 20:19:52,250 - INFO - joeynmt.training - 	Reference:  Mr Modi is on a five @-@ day trip to Japan to strengthen economic ties with the third largest economy in the world .
2026-05-08 20:19:52,250 - INFO - joeynmt.training - 	Hypothesis: Mr Modi is based on a fifty travel to Japan , to constitute the world &apos;s economic relations with the third world &apos;s economic nation of the world .
2026-05-08 20:19:52,250 - INFO - joeynmt.training - Example #3
2026-05-08 20:19:52,250 - DEBUG - joeynmt.training - 	Tokenized source:     ['P@@', 'län@@', 'e', 'für', 'eine', 'stärk@@', 'ere', 'k@@', 'ern@@', 'techn@@', 'ische', 'Zusammenarbeit', 'stehen', 'ganz', 'ob@@', 'en', 'auf', 'der', 'Tag@@', 'es@@', 'ordnung', '.']
2026-05-08 20:19:52,250 - DEBUG - joeynmt.training - 	Tokenized reference:  ['high', 'on', 'the', 'agen@@', 'da', 'are', 'pl@@', 'ans', 'for', 'gre@@', 'ater', 'nu@@', 'clear', 'c@@', 'o', '@@@', '-@@', '@', 'operation', '.']
2026-05-08 20:19:52,250 - DEBUG - joeynmt.training - 	Tokenized hypothesis: ['the', 'need', 'for', 'more', 'nu@@', 'clear', 'cooperation', '.', '</s>']
2026-05-08 20:19:52,250 - INFO - joeynmt.training - 	Source:     Pläne für eine stärkere kerntechnische Zusammenarbeit stehen ganz oben auf der Tagesordnung .
2026-05-08 20:19:52,250 - INFO - joeynmt.training - 	Reference:  high on the agenda are plans for greater nuclear co @-@ operation .
2026-05-08 20:19:52,250 - INFO - joeynmt.training - 	Hypothesis: the need for more nuclear cooperation .
2026-05-08 20:19:52,250 - INFO - joeynmt.training - Example #4
2026-05-08 20:19:52,250 - DEBUG - joeynmt.training - 	Tokenized source:     ['Berich@@', 'ten', 'zu@@', 'fol@@', 'ge', 'ho@@', 'fft', 'Indi@@', 'en', 'darüber', 'hinaus', 'auf', 'einen', 'Ver@@', 'trag', 'zur', 'Ver@@', 'tei@@', 'dig@@', 'ungs@@', 'zusammen@@', 'arbeit', 'zwischen', 'den', 'beiden', 'N@@', 'ationen', '.']
2026-05-08 20:19:52,250 - DEBUG - joeynmt.training - 	Tokenized reference:  ['Indi@@', 'a', 'is', 'also', 're@@', 'porte@@', 'dly', 'hop@@', 'ing', 'for', 'a', 'de@@', 'al', 'on', 'def@@', 'ence', 'c@@', 'oll@@', 'ab@@', 'or@@', 'ation', 'between', 'the', 'two', 'n@@', 'ations', '.']
2026-05-08 20:19:52,250 - DEBUG - joeynmt.training - 	Tokenized hypothesis: ['the', 're@@', 'ports', ',', 'it', 'is', 'also', 'a', 'con@@', 'tra@@', 'ct', 'on', 'a', 'con@@', 'tra@@', 'ct', 'on', 'def@@', 'ence', 'cooperation', 'between', 'the', 'two', 'n@@', 'ations', '.', '</s>']
2026-05-08 20:19:52,250 - INFO - joeynmt.training - 	Source:     Berichten zufolge hofft Indien darüber hinaus auf einen Vertrag zur Verteidigungszusammenarbeit zwischen den beiden Nationen .
2026-05-08 20:19:52,250 - INFO - joeynmt.training - 	Reference:  India is also reportedly hoping for a deal on defence collaboration between the two nations .
2026-05-08 20:19:52,251 - INFO - joeynmt.training - 	Hypothesis: the reports , it is also a contract on a contract on defence cooperation between the two nations .
2026-05-08 20:20:05,988 - INFO - joeynmt.training - Epoch  10, Step:    39600, Batch Loss:     1.691325, Batch Acc: 0.549108, Tokens per Sec:     6648, Lr: 0.000300
2026-05-08 20:20:20,041 - INFO - joeynmt.training - Epoch  10, Step:    39700, Batch Loss:     1.718081, Batch Acc: 0.545964, Tokens per Sec:     6537, Lr: 0.000300
2026-05-08 20:20:37,801 - INFO - joeynmt.training - Epoch  10, Step:    39800, Batch Loss:     1.722247, Batch Acc: 0.548212, Tokens per Sec:     5177, Lr: 0.000300
2026-05-08 20:20:55,524 - INFO - joeynmt.training - Epoch  10, Step:    39900, Batch Loss:     1.801934, Batch Acc: 0.544229, Tokens per Sec:     5229, Lr: 0.000300
2026-05-08 20:21:13,358 - INFO - joeynmt.training - Epoch  10, Step:    40000, Batch Loss:     1.661821, Batch Acc: 0.550878, Tokens per Sec:     5192, Lr: 0.000300
2026-05-08 20:21:13,359 - INFO - joeynmt.prediction - Predicting 500 example(s)... (Greedy decoding with min_output_length=1, max_output_length=-1, return_prob='none', generate_unk=True, repetition_penalty=-1, no_repeat_ngram_size=-1)
2026-05-08 20:21:44,387 - INFO - joeynmt.prediction - Evaluation result (greedy) loss:   2.06, ppl:   7.88, acc:   0.46, generation: 31.0232[sec], evaluation: 0.0000[sec]
2026-05-08 20:21:44,474 - INFO - joeynmt.helpers - delete models/deen_transformer_pre/38000.ckpt
2026-05-08 20:21:44,476 - INFO - joeynmt.training - Example #0
2026-05-08 20:21:44,476 - DEBUG - joeynmt.training - 	Tokenized source:     ['die', 'Pre@@', 'mi@@', 'er@@', 'minist@@', 'er', 'Indi@@', 'ens', 'und', 'J@@', 'ap@@', 'ans', 'tra@@', 'fen', 'sich', 'in', 'T@@', 'ok@@', 'i@@', 'o', '.']
2026-05-08 20:21:44,476 - DEBUG - joeynmt.training - 	Tokenized reference:  ['Indi@@', 'a', 'and', 'J@@', 'ap@@', 'an', 'pri@@', 'me', 'minist@@', 'ers', 'me@@', 'et', 'in', 'T@@', 'ok@@', 'y@@', 'o']
2026-05-08 20:21:44,476 - DEBUG - joeynmt.training - 	Tokenized hypothesis: ['Pri@@', 'me', 'Minist@@', 'er', 'Indi@@', 'a', 'and', 'J@@', 'ap@@', 'an', 'is', 'in', 'T@@', 'ok@@', 'i@@', 'o', '.', '</s>']
2026-05-08 20:21:44,476 - INFO - joeynmt.training - 	Source:     die Premierminister Indiens und Japans trafen sich in Tokio .
2026-05-08 20:21:44,476 - INFO - joeynmt.training - 	Reference:  India and Japan prime ministers meet in Tokyo
2026-05-08 20:21:44,476 - INFO - joeynmt.training - 	Hypothesis: Prime Minister India and Japan is in Tokio .
2026-05-08 20:21:44,476 - INFO - joeynmt.training - Example #1
2026-05-08 20:21:44,476 - DEBUG - joeynmt.training - 	Tokenized source:     ['Indi@@', 'ens', 'neu@@', 'er', 'Pre@@', 'mi@@', 'er@@', 'minist@@', 'er', 'N@@', 'ar@@', 'end@@', 'ra', 'Mo@@', 'd@@', 'i', 'tri@@', 'fft', 'bei', 's@@', 'einem', 'ersten', 'wichti@@', 'gen', 'Aus@@', 'land@@', 's@@', 'bes@@', 'u@@', 'ch', 'seit', 's@@', 'einem', 'W@@', 'ah@@', 'l@@', 'si@@', 'e@@', 'g', 'im', 'Ma@@', 'i', 'seinen', 'j@@', 'ap@@', 'an@@', 'ischen', 'Am@@', 'ts@@', 'k@@', 'olle@@', 'gen', 'S@@', 'hin@@', 'z@@', 'o', 'A@@', 'be', 'in', 'T@@', 'ok@@', 'o', ',', 'um', 'wirtschaf@@', 'tliche', 'und', 'sicher@@', 'heits@@', 'politische', 'Be@@', 'zieh@@', 'ungen', 'zu', 'bes@@', 'pre@@', 'chen', '.']
2026-05-08 20:21:44,476 - DEBUG - joeynmt.training - 	Tokenized reference:  ['Indi@@', 'a', '&apos;s', 'new', 'pri@@', 'me', 'minist@@', 'er', ',', 'N@@', 'ar@@', 'end@@', 'ra', 'Mo@@', 'd@@', 'i', ',', 'is', 'me@@', 'eting', 'his', 'J@@', 'ap@@', 'an@@', 'ese', 'coun@@', 'ter@@', 'part', ',', 'S@@', 'hin@@', 'z@@', 'o', 'A@@', 'be', ',', 'in', 'T@@', 'ok@@', 'y@@', 'o', 'to', 'disc@@', 'uss', 'economic', 'and', 'security', 'ties', ',', 'on', 'his', 'first', 'major', 'fore@@', 'ign', 'visi@@', 't', 'since', 'w@@', 'inn@@', 'ing', 'Ma@@', 'y', '&apos;s', 'elec@@', 'tion', '.']
2026-05-08 20:21:44,476 - DEBUG - joeynmt.training - 	Tokenized hypothesis: ['Indi@@', 'a', '&apos;s', 'new', 'Pri@@', 'me', 'Minist@@', 'er', 'of', 'N@@', 'ar@@', 'end@@', 'ra', 'Mo@@', 'd@@', 'i', ',', 'he', 'was', 'a', 'first', 'important', 'ex@@', 't@@', 'ent', 'in', 'his', 'first', 'important', 'stat@@', 'ement', 'since', 'his', 'elec@@', 'tion', 'si@@', 'e@@', 'g', 'in', 'Ma@@', 'y', 'his', 'J@@', 'ap@@', 'an@@', 'ese', 'off@@', 'i@@', 'cial', 'S@@', 'hin@@', 'z@@', 'o', 'A@@', 'ff@@', 'air@@', 's', ',', 'in', 'T@@', 'ok@@', 'o', ',', 'to', 'economic', 'and', 'saf@@', 'ety', 'policy', 'rel@@', 'ations', '.', '</s>']
2026-05-08 20:21:44,476 - INFO - joeynmt.training - 	Source:     Indiens neuer Premierminister Narendra Modi trifft bei seinem ersten wichtigen Auslandsbesuch seit seinem Wahlsieg im Mai seinen japanischen Amtskollegen Shinzo Abe in Toko , um wirtschaftliche und sicherheitspolitische Beziehungen zu besprechen .
2026-05-08 20:21:44,476 - INFO - joeynmt.training - 	Reference:  India &apos;s new prime minister , Narendra Modi , is meeting his Japanese counterpart , Shinzo Abe , in Tokyo to discuss economic and security ties , on his first major foreign visit since winning May &apos;s election .
2026-05-08 20:21:44,476 - INFO - joeynmt.training - 	Hypothesis: India &apos;s new Prime Minister of Narendra Modi , he was a first important extent in his first important statement since his election sieg in May his Japanese official Shinzo Affairs , in Toko , to economic and safety policy relations .
2026-05-08 20:21:44,476 - INFO - joeynmt.training - Example #2
2026-05-08 20:21:44,476 - DEBUG - joeynmt.training - 	Tokenized source:     ['Herr', 'Mo@@', 'd@@', 'i', 'befindet', 'sich', 'auf', 'einer', 'fü@@', 'n@@', 'f@@', 'tä@@', 'gi@@', 'gen', 'Rei@@', 'se', 'nach', 'J@@', 'ap@@', 'an', ',', 'um', 'die', 'wirtschaf@@', 'tlichen', 'Be@@', 'zieh@@', 'ungen', 'mit', 'der', 'd@@', 'rit@@', 't@@', 'größ@@', 'ten', 'Wirtschafts@@', 'n@@', 'ation', 'der', 'Welt', 'zu', 'fes@@', 'tigen', '.']
2026-05-08 20:21:44,476 - DEBUG - joeynmt.training - 	Tokenized reference:  ['Mr', 'Mo@@', 'd@@', 'i', 'is', 'on', 'a', 'fi@@', 've', '@@@', '-@@', '@', 'day', 'tri@@', 'p', 'to', 'J@@', 'ap@@', 'an', 'to', 'streng@@', 'then', 'economic', 'ties', 'with', 'the', 'third', 'lar@@', 'ges@@', 't', 'econom@@', 'y', 'in', 'the', 'world', '.']
2026-05-08 20:21:44,476 - DEBUG - joeynmt.training - 	Tokenized hypothesis: ['Mr', 'Mo@@', 'd@@', 'i', 'is', 'based', 'on', 'a', 'fi@@', 'f@@', 'ty', 'tra@@', 'v@@', 'el', 'to', 'J@@', 'ap@@', 'an', 'to', 'the', 'economic', 'rel@@', 'ation@@', 'ship', 'with', 'the', 'third', 'lar@@', 'ges@@', 't', 'economic', 'n@@', 'ation', 'of', 'the', 'world', '.', '</s>']
2026-05-08 20:21:44,477 - INFO - joeynmt.training - 	Source:     Herr Modi befindet sich auf einer fünftägigen Reise nach Japan , um die wirtschaftlichen Beziehungen mit der drittgrößten Wirtschaftsnation der Welt zu festigen .
2026-05-08 20:21:44,477 - INFO - joeynmt.training - 	Reference:  Mr Modi is on a five @-@ day trip to Japan to strengthen economic ties with the third largest economy in the world .
2026-05-08 20:21:44,477 - INFO - joeynmt.training - 	Hypothesis: Mr Modi is based on a fifty travel to Japan to the economic relationship with the third largest economic nation of the world .
2026-05-08 20:21:44,477 - INFO - joeynmt.training - Example #3
2026-05-08 20:21:44,477 - DEBUG - joeynmt.training - 	Tokenized source:     ['P@@', 'län@@', 'e', 'für', 'eine', 'stärk@@', 'ere', 'k@@', 'ern@@', 'techn@@', 'ische', 'Zusammenarbeit', 'stehen', 'ganz', 'ob@@', 'en', 'auf', 'der', 'Tag@@', 'es@@', 'ordnung', '.']
2026-05-08 20:21:44,477 - DEBUG - joeynmt.training - 	Tokenized reference:  ['high', 'on', 'the', 'agen@@', 'da', 'are', 'pl@@', 'ans', 'for', 'gre@@', 'ater', 'nu@@', 'clear', 'c@@', 'o', '@@@', '-@@', '@', 'operation', '.']
2026-05-08 20:21:44,477 - DEBUG - joeynmt.training - 	Tokenized hypothesis: ['p@@', 'ass@@', 'ing', 'for', 'gre@@', 'ater', 'nu@@', 'clear', 'cooperation', '.', '</s>']
2026-05-08 20:21:44,477 - INFO - joeynmt.training - 	Source:     Pläne für eine stärkere kerntechnische Zusammenarbeit stehen ganz oben auf der Tagesordnung .
2026-05-08 20:21:44,477 - INFO - joeynmt.training - 	Reference:  high on the agenda are plans for greater nuclear co @-@ operation .
2026-05-08 20:21:44,477 - INFO - joeynmt.training - 	Hypothesis: passing for greater nuclear cooperation .
2026-05-08 20:21:44,477 - INFO - joeynmt.training - Example #4
2026-05-08 20:21:44,477 - DEBUG - joeynmt.training - 	Tokenized source:     ['Berich@@', 'ten', 'zu@@', 'fol@@', 'ge', 'ho@@', 'fft', 'Indi@@', 'en', 'darüber', 'hinaus', 'auf', 'einen', 'Ver@@', 'trag', 'zur', 'Ver@@', 'tei@@', 'dig@@', 'ungs@@', 'zusammen@@', 'arbeit', 'zwischen', 'den', 'beiden', 'N@@', 'ationen', '.']
2026-05-08 20:21:44,477 - DEBUG - joeynmt.training - 	Tokenized reference:  ['Indi@@', 'a', 'is', 'also', 're@@', 'porte@@', 'dly', 'hop@@', 'ing', 'for', 'a', 'de@@', 'al', 'on', 'def@@', 'ence', 'c@@', 'oll@@', 'ab@@', 'or@@', 'ation', 'between', 'the', 'two', 'n@@', 'ations', '.']
2026-05-08 20:21:44,477 - DEBUG - joeynmt.training - 	Tokenized hypothesis: ['re@@', 'ports', ',', 'in', 'ad@@', 'dition', ',', 'Indi@@', 'a', ',', 'the', 'con@@', 'tra@@', 'ct', 'on', 'def@@', 'ence', 'between', 'the', 'two', 'n@@', 'ations', '.', '</s>']
2026-05-08 20:21:44,477 - INFO - joeynmt.training - 	Source:     Berichten zufolge hofft Indien darüber hinaus auf einen Vertrag zur Verteidigungszusammenarbeit zwischen den beiden Nationen .
2026-05-08 20:21:44,477 - INFO - joeynmt.training - 	Reference:  India is also reportedly hoping for a deal on defence collaboration between the two nations .
2026-05-08 20:21:44,477 - INFO - joeynmt.training - 	Hypothesis: reports , in addition , India , the contract on defence between the two nations .
2026-05-08 20:22:02,159 - INFO - joeynmt.training - Epoch  10, Step:    40100, Batch Loss:     1.720642, Batch Acc: 0.542656, Tokens per Sec:     5139, Lr: 0.000300
2026-05-08 20:22:19,879 - INFO - joeynmt.training - Epoch  10, Step:    40200, Batch Loss:     1.724248, Batch Acc: 0.541801, Tokens per Sec:     5165, Lr: 0.000300
2026-05-08 20:22:37,742 - INFO - joeynmt.training - Epoch  10, Step:    40300, Batch Loss:     1.576759, Batch Acc: 0.544124, Tokens per Sec:     5136, Lr: 0.000300
2026-05-08 20:22:55,357 - INFO - joeynmt.training - Epoch  10, Step:    40400, Batch Loss:     1.685719, Batch Acc: 0.551699, Tokens per Sec:     5234, Lr: 0.000300
2026-05-08 20:23:13,397 - INFO - joeynmt.training - Epoch  10, Step:    40500, Batch Loss:     1.628323, Batch Acc: 0.543915, Tokens per Sec:     5162, Lr: 0.000300
2026-05-08 20:23:13,398 - INFO - joeynmt.prediction - Predicting 500 example(s)... (Greedy decoding with min_output_length=1, max_output_length=-1, return_prob='none', generate_unk=True, repetition_penalty=-1, no_repeat_ngram_size=-1)
2026-05-08 20:23:47,926 - INFO - joeynmt.prediction - Evaluation result (greedy) loss:   2.06, ppl:   7.81, acc:   0.47, generation: 34.5238[sec], evaluation: 0.0000[sec]
2026-05-08 20:23:47,927 - INFO - joeynmt.training - Hooray! New best validation result [ppl]!
2026-05-08 20:23:48,015 - INFO - joeynmt.helpers - delete models/deen_transformer_pre/40000.ckpt
2026-05-08 20:23:48,019 - INFO - joeynmt.training - Example #0
2026-05-08 20:23:48,019 - DEBUG - joeynmt.training - 	Tokenized source:     ['die', 'Pre@@', 'mi@@', 'er@@', 'minist@@', 'er', 'Indi@@', 'ens', 'und', 'J@@', 'ap@@', 'ans', 'tra@@', 'fen', 'sich', 'in', 'T@@', 'ok@@', 'i@@', 'o', '.']
2026-05-08 20:23:48,019 - DEBUG - joeynmt.training - 	Tokenized reference:  ['Indi@@', 'a', 'and', 'J@@', 'ap@@', 'an', 'pri@@', 'me', 'minist@@', 'ers', 'me@@', 'et', 'in', 'T@@', 'ok@@', 'y@@', 'o']
2026-05-08 20:23:48,019 - DEBUG - joeynmt.training - 	Tokenized hypothesis: ['Pri@@', 'me', 'Minist@@', 'er', 'Indi@@', 'a', 'and', 'J@@', 'ap@@', 'an', 'Indi@@', 'a', 'and', 'J@@', 'ap@@', 'an', '&apos;s', 'tra@@', 'ff@@', 'i@@', 'ck@@', 'ing', '.', '</s>']
2026-05-08 20:23:48,019 - INFO - joeynmt.training - 	Source:     die Premierminister Indiens und Japans trafen sich in Tokio .
2026-05-08 20:23:48,019 - INFO - joeynmt.training - 	Reference:  India and Japan prime ministers meet in Tokyo
2026-05-08 20:23:48,019 - INFO - joeynmt.training - 	Hypothesis: Prime Minister India and Japan India and Japan &apos;s trafficking .
2026-05-08 20:23:48,019 - INFO - joeynmt.training - Example #1
2026-05-08 20:23:48,019 - DEBUG - joeynmt.training - 	Tokenized source:     ['Indi@@', 'ens', 'neu@@', 'er', 'Pre@@', 'mi@@', 'er@@', 'minist@@', 'er', 'N@@', 'ar@@', 'end@@', 'ra', 'Mo@@', 'd@@', 'i', 'tri@@', 'fft', 'bei', 's@@', 'einem', 'ersten', 'wichti@@', 'gen', 'Aus@@', 'land@@', 's@@', 'bes@@', 'u@@', 'ch', 'seit', 's@@', 'einem', 'W@@', 'ah@@', 'l@@', 'si@@', 'e@@', 'g', 'im', 'Ma@@', 'i', 'seinen', 'j@@', 'ap@@', 'an@@', 'ischen', 'Am@@', 'ts@@', 'k@@', 'olle@@', 'gen', 'S@@', 'hin@@', 'z@@', 'o', 'A@@', 'be', 'in', 'T@@', 'ok@@', 'o', ',', 'um', 'wirtschaf@@', 'tliche', 'und', 'sicher@@', 'heits@@', 'politische', 'Be@@', 'zieh@@', 'ungen', 'zu', 'bes@@', 'pre@@', 'chen', '.']
2026-05-08 20:23:48,019 - DEBUG - joeynmt.training - 	Tokenized reference:  ['Indi@@', 'a', '&apos;s', 'new', 'pri@@', 'me', 'minist@@', 'er', ',', 'N@@', 'ar@@', 'end@@', 'ra', 'Mo@@', 'd@@', 'i', ',', 'is', 'me@@', 'eting', 'his', 'J@@', 'ap@@', 'an@@', 'ese', 'coun@@', 'ter@@', 'part', ',', 'S@@', 'hin@@', 'z@@', 'o', 'A@@', 'be', ',', 'in', 'T@@', 'ok@@', 'y@@', 'o', 'to', 'disc@@', 'uss', 'economic', 'and', 'security', 'ties', ',', 'on', 'his', 'first', 'major', 'fore@@', 'ign', 'visi@@', 't', 'since', 'w@@', 'inn@@', 'ing', 'Ma@@', 'y', '&apos;s', 'elec@@', 'tion', '.']
2026-05-08 20:23:48,019 - DEBUG - joeynmt.training - 	Tokenized hypothesis: ['Indi@@', 'a', '&apos;s', 'new', 'Pri@@', 'me', 'Minist@@', 'er', ',', 'N@@', 'ar@@', 'end@@', 'ra', 'Mo@@', 'd@@', 'i', ',', 'in', 'his', 'first', 'important', 'ex@@', 'tern@@', 'al', 'visi@@', 'tors', 'since', 'his', 'first', 'year', ',', 'in', 'Ma@@', 'y', 'his', 'J@@', 'ap@@', 'an@@', 'ese', 'off@@', 'ice', 'S@@', 'hin@@', 'z@@', 'o', 'A@@', 'be', 'in', 'T@@', 'ok@@', 'o', ',', 'to', 're@@', 'mo@@', 've', 'in', 'the', 'economic', 'and', 'saf@@', 'ety', 'policy', 'rel@@', 'ations', '.', '</s>']
2026-05-08 20:23:48,019 - INFO - joeynmt.training - 	Source:     Indiens neuer Premierminister Narendra Modi trifft bei seinem ersten wichtigen Auslandsbesuch seit seinem Wahlsieg im Mai seinen japanischen Amtskollegen Shinzo Abe in Toko , um wirtschaftliche und sicherheitspolitische Beziehungen zu besprechen .
2026-05-08 20:23:48,019 - INFO - joeynmt.training - 	Reference:  India &apos;s new prime minister , Narendra Modi , is meeting his Japanese counterpart , Shinzo Abe , in Tokyo to discuss economic and security ties , on his first major foreign visit since winning May &apos;s election .
2026-05-08 20:23:48,019 - INFO - joeynmt.training - 	Hypothesis: India &apos;s new Prime Minister , Narendra Modi , in his first important external visitors since his first year , in May his Japanese office Shinzo Abe in Toko , to remove in the economic and safety policy relations .
2026-05-08 20:23:48,019 - INFO - joeynmt.training - Example #2
2026-05-08 20:23:48,019 - DEBUG - joeynmt.training - 	Tokenized source:     ['Herr', 'Mo@@', 'd@@', 'i', 'befindet', 'sich', 'auf', 'einer', 'fü@@', 'n@@', 'f@@', 'tä@@', 'gi@@', 'gen', 'Rei@@', 'se', 'nach', 'J@@', 'ap@@', 'an', ',', 'um', 'die', 'wirtschaf@@', 'tlichen', 'Be@@', 'zieh@@', 'ungen', 'mit', 'der', 'd@@', 'rit@@', 't@@', 'größ@@', 'ten', 'Wirtschafts@@', 'n@@', 'ation', 'der', 'Welt', 'zu', 'fes@@', 'tigen', '.']
2026-05-08 20:23:48,019 - DEBUG - joeynmt.training - 	Tokenized reference:  ['Mr', 'Mo@@', 'd@@', 'i', 'is', 'on', 'a', 'fi@@', 've', '@@@', '-@@', '@', 'day', 'tri@@', 'p', 'to', 'J@@', 'ap@@', 'an', 'to', 'streng@@', 'then', 'economic', 'ties', 'with', 'the', 'third', 'lar@@', 'ges@@', 't', 'econom@@', 'y', 'in', 'the', 'world', '.']
2026-05-08 20:23:48,019 - DEBUG - joeynmt.training - 	Tokenized hypothesis: ['Mr', 'Mo@@', 'd@@', 'i', 'is', 'based', 'on', 'a', 'fi@@', 'f@@', 'ty', 'tra@@', 'v@@', 'el', 'to', 'J@@', 'ap@@', 'an', 'to', 'the', 'economic', 'rel@@', 'ation@@', 'ship', 'with', 'the', 'third', 'lar@@', 'ges@@', 't', 'economic', 'n@@', 'ation', 'of', 'the', 'world', '.', '</s>']
2026-05-08 20:23:48,019 - INFO - joeynmt.training - 	Source:     Herr Modi befindet sich auf einer fünftägigen Reise nach Japan , um die wirtschaftlichen Beziehungen mit der drittgrößten Wirtschaftsnation der Welt zu festigen .
2026-05-08 20:23:48,019 - INFO - joeynmt.training - 	Reference:  Mr Modi is on a five @-@ day trip to Japan to strengthen economic ties with the third largest economy in the world .
2026-05-08 20:23:48,019 - INFO - joeynmt.training - 	Hypothesis: Mr Modi is based on a fifty travel to Japan to the economic relationship with the third largest economic nation of the world .
2026-05-08 20:23:48,019 - INFO - joeynmt.training - Example #3
2026-05-08 20:23:48,019 - DEBUG - joeynmt.training - 	Tokenized source:     ['P@@', 'län@@', 'e', 'für', 'eine', 'stärk@@', 'ere', 'k@@', 'ern@@', 'techn@@', 'ische', 'Zusammenarbeit', 'stehen', 'ganz', 'ob@@', 'en', 'auf', 'der', 'Tag@@', 'es@@', 'ordnung', '.']
2026-05-08 20:23:48,019 - DEBUG - joeynmt.training - 	Tokenized reference:  ['high', 'on', 'the', 'agen@@', 'da', 'are', 'pl@@', 'ans', 'for', 'gre@@', 'ater', 'nu@@', 'clear', 'c@@', 'o', '@@@', '-@@', '@', 'operation', '.']
2026-05-08 20:23:48,019 - DEBUG - joeynmt.training - 	Tokenized hypothesis: ['P@@', 'lan@@', 'e', 'for', 'gre@@', 'ater', 'nu@@', 'clear', 'cooperation', 'are', 'very', 'ob@@', 'vi@@', 'ous', 'on', 'the', 'agen@@', 'da', '.', '</s>']
2026-05-08 20:23:48,020 - INFO - joeynmt.training - 	Source:     Pläne für eine stärkere kerntechnische Zusammenarbeit stehen ganz oben auf der Tagesordnung .
2026-05-08 20:23:48,020 - INFO - joeynmt.training - 	Reference:  high on the agenda are plans for greater nuclear co @-@ operation .
2026-05-08 20:23:48,020 - INFO - joeynmt.training - 	Hypothesis: Plane for greater nuclear cooperation are very obvious on the agenda .
2026-05-08 20:23:48,020 - INFO - joeynmt.training - Example #4
2026-05-08 20:23:48,020 - DEBUG - joeynmt.training - 	Tokenized source:     ['Berich@@', 'ten', 'zu@@', 'fol@@', 'ge', 'ho@@', 'fft', 'Indi@@', 'en', 'darüber', 'hinaus', 'auf', 'einen', 'Ver@@', 'trag', 'zur', 'Ver@@', 'tei@@', 'dig@@', 'ungs@@', 'zusammen@@', 'arbeit', 'zwischen', 'den', 'beiden', 'N@@', 'ationen', '.']
2026-05-08 20:23:48,020 - DEBUG - joeynmt.training - 	Tokenized reference:  ['Indi@@', 'a', 'is', 'also', 're@@', 'porte@@', 'dly', 'hop@@', 'ing', 'for', 'a', 'de@@', 'al', 'on', 'def@@', 'ence', 'c@@', 'oll@@', 'ab@@', 'or@@', 'ation', 'between', 'the', 'two', 'n@@', 'ations', '.']
2026-05-08 20:23:48,020 - DEBUG - joeynmt.training - 	Tokenized hypothesis: ['the', 're@@', 'ports', ',', 'it', 'is', 'also', 'high@@', 'li@@', 'gh@@', 'ted', 'to', 'a', 'tre@@', 'aty', 'on', 'the', 'con@@', 'tra@@', 'ct', 'on', 'the', 'part', 'of', 'the', 'two', 'n@@', 'ations', '.', '</s>']
2026-05-08 20:23:48,020 - INFO - joeynmt.training - 	Source:     Berichten zufolge hofft Indien darüber hinaus auf einen Vertrag zur Verteidigungszusammenarbeit zwischen den beiden Nationen .
2026-05-08 20:23:48,020 - INFO - joeynmt.training - 	Reference:  India is also reportedly hoping for a deal on defence collaboration between the two nations .
2026-05-08 20:23:48,020 - INFO - joeynmt.training - 	Hypothesis: the reports , it is also highlighted to a treaty on the contract on the part of the two nations .
2026-05-08 20:24:06,141 - INFO - joeynmt.training - Epoch  10, Step:    40600, Batch Loss:     1.491597, Batch Acc: 0.552576, Tokens per Sec:     5035, Lr: 0.000300
2026-05-08 20:24:18,305 - INFO - joeynmt.training - Epoch  10: total training loss 6691.62
2026-05-08 20:24:18,305 - INFO - joeynmt.training - Training ended after  10 epochs.
2026-05-08 20:24:18,305 - INFO - joeynmt.training - Best validation result (greedy) at step    40500:   7.81 ppl.
2026-05-08 20:24:18,316 - INFO - joeynmt.model - Building an encoder-decoder model...
2026-05-08 20:24:18,354 - INFO - joeynmt.model - Enc-dec model built.
2026-05-08 20:24:18,397 - INFO - joeynmt.helpers - Load model from /Users/sunyicong/Downloads/2nd semester/Machine Translation/assignment/mt-exercise-03/models/deen_transformer_pre/40500.ckpt.
2026-05-08 20:24:18,403 - INFO - joeynmt.prediction - Model(
	encoder=TransformerEncoder(num_layers=4, num_heads=2, alpha=1.0, layer_norm="pre", activation=ReLU()),
	decoder=TransformerDecoder(num_layers=1, num_heads=2, alpha=1.0, layer_norm="pre", activation=ReLU()),
	src_embed=Embeddings(embedding_dim=256, vocab_size=4117),
	trg_embed=Embeddings(embedding_dim=256, vocab_size=4117),
	loss_function=None)
2026-05-08 20:24:18,409 - INFO - joeynmt.prediction - Decoding on dev set...
2026-05-08 20:24:18,409 - INFO - joeynmt.prediction - Predicting 500 example(s)... (Beam search with beam_size=5, beam_alpha=1.0, n_best=1, min_output_length=1, max_output_length=-1, return_prob='none', generate_unk=True, repetition_penalty=-1, no_repeat_ngram_size=-1)
2026-05-08 20:26:22,047 - INFO - joeynmt.prediction - Evaluation result (beam search) , generation: 123.6337[sec], evaluation: 0.0000[sec]
2026-05-08 20:26:22,050 - INFO - joeynmt.prediction - Translations saved to: /Users/sunyicong/Downloads/2nd semester/Machine Translation/assignment/mt-exercise-03/models/deen_transformer_pre/00040500.hyps.dev.
2026-05-08 20:26:22,050 - INFO - joeynmt.prediction - Decoding on test set...
2026-05-08 20:26:22,050 - INFO - joeynmt.prediction - Predicting 2999 example(s)... (Beam search with beam_size=5, beam_alpha=1.0, n_best=1, min_output_length=1, max_output_length=-1, return_prob='none', generate_unk=True, repetition_penalty=-1, no_repeat_ngram_size=-1)
2026-05-08 20:40:49,063 - INFO - joeynmt.prediction - Evaluation result (beam search) , generation: 866.9873[sec], evaluation: 0.0000[sec]
2026-05-08 20:40:49,068 - INFO - joeynmt.prediction - Translations saved to: /Users/sunyicong/Downloads/2nd semester/Machine Translation/assignment/mt-exercise-03/models/deen_transformer_pre/00040500.hyps.test.
