2026-05-09 01:44:36,740 - INFO - root - Hello! This is Joey-NMT (version 2.2.0).
2026-05-09 01:44:36,740 - INFO - joeynmt.helpers -                           cfg.name : deen_transformer_regular
2026-05-09 01:44:36,741 - INFO - joeynmt.helpers -                cfg.joeynmt_version : 2.0.0
2026-05-09 01:44:36,741 - INFO - joeynmt.helpers -                     cfg.data.train : data/train
2026-05-09 01:44:36,741 - INFO - joeynmt.helpers -                       cfg.data.dev : data/dev
2026-05-09 01:44:36,741 - INFO - joeynmt.helpers -                      cfg.data.test : data/test
2026-05-09 01:44:36,741 - INFO - joeynmt.helpers -              cfg.data.dataset_type : plain
2026-05-09 01:44:36,741 - INFO - joeynmt.helpers -                  cfg.data.src.lang : de
2026-05-09 01:44:36,741 - INFO - joeynmt.helpers -             cfg.data.src.lowercase : False
2026-05-09 01:44:36,741 - INFO - joeynmt.helpers -                 cfg.data.src.level : bpe
2026-05-09 01:44:36,741 - INFO - joeynmt.helpers -             cfg.data.src.voc_limit : 32000
2026-05-09 01:44:36,741 - INFO - joeynmt.helpers -          cfg.data.src.voc_min_freq : 1
2026-05-09 01:44:36,741 - INFO - joeynmt.helpers -            cfg.data.src.max_length : 100
2026-05-09 01:44:36,741 - INFO - joeynmt.helpers -              cfg.data.src.voc_file : shared_models/joint-vocab.txt
2026-05-09 01:44:36,741 - INFO - joeynmt.helpers -        cfg.data.src.tokenizer_type : subword-nmt
2026-05-09 01:44:36,741 - INFO - joeynmt.helpers - cfg.data.src.tokenizer_cfg.pretokenizer : none
2026-05-09 01:44:36,741 - INFO - joeynmt.helpers - cfg.data.src.tokenizer_cfg.num_merges : 3200
2026-05-09 01:44:36,741 - INFO - joeynmt.helpers -   cfg.data.src.tokenizer_cfg.codes : data/codes3200.bpe
2026-05-09 01:44:36,741 - INFO - joeynmt.helpers -                  cfg.data.trg.lang : en
2026-05-09 01:44:36,741 - INFO - joeynmt.helpers -             cfg.data.trg.lowercase : False
2026-05-09 01:44:36,741 - INFO - joeynmt.helpers -                 cfg.data.trg.level : bpe
2026-05-09 01:44:36,741 - INFO - joeynmt.helpers -             cfg.data.trg.voc_limit : 32000
2026-05-09 01:44:36,741 - INFO - joeynmt.helpers -          cfg.data.trg.voc_min_freq : 1
2026-05-09 01:44:36,741 - INFO - joeynmt.helpers -            cfg.data.trg.max_length : 100
2026-05-09 01:44:36,741 - INFO - joeynmt.helpers -              cfg.data.trg.voc_file : shared_models/joint-vocab.txt
2026-05-09 01:44:36,741 - INFO - joeynmt.helpers -        cfg.data.trg.tokenizer_type : subword-nmt
2026-05-09 01:44:36,741 - INFO - joeynmt.helpers - cfg.data.trg.tokenizer_cfg.pretokenizer : none
2026-05-09 01:44:36,741 - INFO - joeynmt.helpers - cfg.data.trg.tokenizer_cfg.num_merges : 3200
2026-05-09 01:44:36,741 - INFO - joeynmt.helpers -   cfg.data.trg.tokenizer_cfg.codes : data/codes3200.bpe
2026-05-09 01:44:36,741 - INFO - joeynmt.helpers -              cfg.testing.beam_size : 5
2026-05-09 01:44:36,741 - INFO - joeynmt.helpers -             cfg.testing.beam_alpha : 1.0
2026-05-09 01:44:36,741 - INFO - joeynmt.helpers -           cfg.training.random_seed : 42
2026-05-09 01:44:36,741 - INFO - joeynmt.helpers -             cfg.training.optimizer : adam
2026-05-09 01:44:36,741 - INFO - joeynmt.helpers -         cfg.training.normalization : tokens
2026-05-09 01:44:36,741 - INFO - joeynmt.helpers -         cfg.training.learning_rate : 0.0003
2026-05-09 01:44:36,741 - INFO - joeynmt.helpers -            cfg.training.batch_size : 2048
2026-05-09 01:44:36,741 - INFO - joeynmt.helpers -            cfg.training.batch_type : token
2026-05-09 01:44:36,741 - INFO - joeynmt.helpers -       cfg.training.eval_batch_size : 1024
2026-05-09 01:44:36,741 - INFO - joeynmt.helpers -       cfg.training.eval_batch_type : token
2026-05-09 01:44:36,741 - INFO - joeynmt.helpers -            cfg.training.scheduling : plateau
2026-05-09 01:44:36,741 - INFO - joeynmt.helpers -              cfg.training.patience : 8
2026-05-09 01:44:36,741 - INFO - joeynmt.helpers -          cfg.training.weight_decay : 0.0
2026-05-09 01:44:36,741 - INFO - joeynmt.helpers -       cfg.training.decrease_factor : 0.7
2026-05-09 01:44:36,741 - INFO - joeynmt.helpers - cfg.training.early_stopping_metric : ppl
2026-05-09 01:44:36,742 - INFO - joeynmt.helpers -                cfg.training.epochs : 10
2026-05-09 01:44:36,742 - INFO - joeynmt.helpers -       cfg.training.validation_freq : 500
2026-05-09 01:44:36,742 - INFO - joeynmt.helpers -          cfg.training.logging_freq : 100
2026-05-09 01:44:36,742 - INFO - joeynmt.helpers -           cfg.training.eval_metric : ['bleu']
2026-05-09 01:44:36,742 - INFO - joeynmt.helpers -             cfg.training.model_dir : models/deen_transformer_regular
2026-05-09 01:44:36,742 - INFO - joeynmt.helpers -             cfg.training.overwrite : False
2026-05-09 01:44:36,742 - INFO - joeynmt.helpers -               cfg.training.shuffle : True
2026-05-09 01:44:36,742 - INFO - joeynmt.helpers -              cfg.training.use_cuda : False
2026-05-09 01:44:36,742 - INFO - joeynmt.helpers -     cfg.training.max_output_length : 100
2026-05-09 01:44:36,742 - INFO - joeynmt.helpers -     cfg.training.print_valid_sents : [0, 1, 2, 3, 4]
2026-05-09 01:44:36,742 - INFO - joeynmt.helpers -       cfg.training.label_smoothing : 0.3
2026-05-09 01:44:36,742 - INFO - joeynmt.helpers -              cfg.model.initializer : xavier_uniform
2026-05-09 01:44:36,742 - INFO - joeynmt.helpers -         cfg.model.bias_initializer : zeros
2026-05-09 01:44:36,742 - INFO - joeynmt.helpers -                cfg.model.init_gain : 1.0
2026-05-09 01:44:36,742 - INFO - joeynmt.helpers -        cfg.model.embed_initializer : xavier_uniform
2026-05-09 01:44:36,742 - INFO - joeynmt.helpers -          cfg.model.embed_init_gain : 1.0
2026-05-09 01:44:36,742 - INFO - joeynmt.helpers -          cfg.model.tied_embeddings : True
2026-05-09 01:44:36,742 - INFO - joeynmt.helpers -             cfg.model.tied_softmax : True
2026-05-09 01:44:36,742 - INFO - joeynmt.helpers -             cfg.model.encoder.type : transformer
2026-05-09 01:44:36,742 - INFO - joeynmt.helpers -       cfg.model.encoder.num_layers : 4
2026-05-09 01:44:36,742 - INFO - joeynmt.helpers -        cfg.model.encoder.num_heads : 2
2026-05-09 01:44:36,742 - INFO - joeynmt.helpers - cfg.model.encoder.embeddings.embedding_dim : 256
2026-05-09 01:44:36,742 - INFO - joeynmt.helpers - cfg.model.encoder.embeddings.scale : True
2026-05-09 01:44:36,742 - INFO - joeynmt.helpers - cfg.model.encoder.embeddings.dropout : 0
2026-05-09 01:44:36,742 - INFO - joeynmt.helpers -      cfg.model.encoder.hidden_size : 256
2026-05-09 01:44:36,742 - INFO - joeynmt.helpers -          cfg.model.encoder.ff_size : 512
2026-05-09 01:44:36,742 - INFO - joeynmt.helpers -          cfg.model.encoder.dropout : 0
2026-05-09 01:44:36,742 - INFO - joeynmt.helpers -             cfg.model.decoder.type : transformer
2026-05-09 01:44:36,742 - INFO - joeynmt.helpers -       cfg.model.decoder.num_layers : 1
2026-05-09 01:44:36,742 - INFO - joeynmt.helpers -        cfg.model.decoder.num_heads : 2
2026-05-09 01:44:36,742 - INFO - joeynmt.helpers - cfg.model.decoder.embeddings.embedding_dim : 256
2026-05-09 01:44:36,742 - INFO - joeynmt.helpers - cfg.model.decoder.embeddings.scale : True
2026-05-09 01:44:36,742 - INFO - joeynmt.helpers - cfg.model.decoder.embeddings.dropout : 0
2026-05-09 01:44:36,742 - INFO - joeynmt.helpers -      cfg.model.decoder.hidden_size : 256
2026-05-09 01:44:36,742 - INFO - joeynmt.helpers -          cfg.model.decoder.ff_size : 512
2026-05-09 01:44:36,742 - INFO - joeynmt.helpers -          cfg.model.decoder.dropout : 0
2026-05-09 01:44:36,792 - INFO - joeynmt.data - Building tokenizer...
2026-05-09 01:44:36,797 - INFO - joeynmt.tokenizers - de tokenizer: SubwordNMTTokenizer(level=bpe, lowercase=False, normalize=False, filter_by_length=(-1, 100), pretokenizer=none, tokenizer=BPE, separator=@@, dropout=0.0)
2026-05-09 01:44:36,797 - INFO - joeynmt.tokenizers - en tokenizer: SubwordNMTTokenizer(level=bpe, lowercase=False, normalize=False, filter_by_length=(-1, 100), pretokenizer=none, tokenizer=BPE, separator=@@, dropout=0.0)
2026-05-09 01:44:36,797 - INFO - joeynmt.data - Loading train set...
2026-05-09 01:44:37,009 - INFO - joeynmt.data - Building vocabulary...
2026-05-09 01:44:37,133 - INFO - joeynmt.data - Loading dev set...
2026-05-09 01:44:37,134 - INFO - joeynmt.data - Loading test set...
2026-05-09 01:44:37,138 - INFO - joeynmt.data - Data loaded.
2026-05-09 01:44:37,138 - INFO - joeynmt.data - Train dataset: PlaintextDataset(split=train, len=100000, src_lang=de, trg_lang=en, has_trg=True, random_subset=-1)
2026-05-09 01:44:37,138 - INFO - joeynmt.data - Valid dataset: PlaintextDataset(split=dev, len=500, src_lang=de, trg_lang=en, has_trg=True, random_subset=-1)
2026-05-09 01:44:37,138 - INFO - joeynmt.data -  Test dataset: PlaintextDataset(split=test, len=2999, src_lang=de, trg_lang=en, has_trg=True, random_subset=-1)
2026-05-09 01:44:37,139 - INFO - joeynmt.data - First training example:
	[SRC] gem@@ ä@@ ß der vom Europäischen Parlament und von der gesam@@ ten Europäischen Union n@@ un@@ mehr ständi@@ g ver@@ tre@@ ten@@ en Lin@@ ie möchte ich Sie jedoch bit@@ ten , den gan@@ zen Ein@@ f@@ lu@@ ß Ih@@ res Am@@ tes und der Institu@@ tion , die Sie ver@@ treten , bei dem Prä@@ sident@@ schaf@@ ts@@ kan@@ di@@ d@@ aten und G@@ ou@@ ver@@ ne@@ ur von Tex@@ as , Ge@@ or@@ ge W@@ . B@@ us@@ h , der zur Aus@@ setzung der V@@ oll@@ stre@@ ck@@ ung des To@@ des@@ ur@@ teil@@ s und zur Be@@ gn@@ a@@ di@@ gung des Ver@@ ur@@ teil@@ ten be@@ fu@@ gt ist , gel@@ ten@@ d zu machen .
	[TRG] however , I would ask you , in acc@@ ord@@ ance with the line which is now con@@ st@@ ant@@ ly fol@@ low@@ ed by the European Parliament and by the whole of the European Community , to make represent@@ ations , using the wei@@ ght of your pres@@ ti@@ gi@@ ous off@@ ice and the institu@@ tion you re@@ present , to the President and to the Go@@ vern@@ or of Tex@@ as , Mr B@@ us@@ h , who has the power to order a stay of ex@@ ec@@ ution and to re@@ pri@@ e@@ ve the con@@ dem@@ ned per@@ son .
2026-05-09 01:44:37,139 - INFO - joeynmt.data - First 10 Src tokens: (0) <unk> (1) <pad> (2) <s> (3) </s> (4) , (5) . (6) the (7) in (8) die (9) der
2026-05-09 01:44:37,139 - INFO - joeynmt.data - First 10 Trg tokens: (0) <unk> (1) <pad> (2) <s> (3) </s> (4) , (5) . (6) the (7) in (8) die (9) der
2026-05-09 01:44:37,139 - INFO - joeynmt.data - Number of unique Src tokens (vocab_size): 4117
2026-05-09 01:44:37,139 - INFO - joeynmt.data - Number of unique Trg tokens (vocab_size): 4117
2026-05-09 01:44:37,141 - INFO - joeynmt.model - Building an encoder-decoder model...
2026-05-09 01:44:37,197 - INFO - joeynmt.model - Enc-dec model built.
2026-05-09 01:44:37,199 - INFO - joeynmt.model - Total params: 3953152
2026-05-09 01:44:37,199 - DEBUG - joeynmt.model - Trainable parameters: ['decoder.layers.0.dec_layer_norm.bias', 'decoder.layers.0.dec_layer_norm.weight', 'decoder.layers.0.feed_forward.layer_norm.bias', 'decoder.layers.0.feed_forward.layer_norm.weight', 'decoder.layers.0.feed_forward.pwff_layer.0.bias', 'decoder.layers.0.feed_forward.pwff_layer.0.weight', 'decoder.layers.0.feed_forward.pwff_layer.3.bias', 'decoder.layers.0.feed_forward.pwff_layer.3.weight', 'decoder.layers.0.src_trg_att.k_layer.bias', 'decoder.layers.0.src_trg_att.k_layer.weight', 'decoder.layers.0.src_trg_att.output_layer.bias', 'decoder.layers.0.src_trg_att.output_layer.weight', 'decoder.layers.0.src_trg_att.q_layer.bias', 'decoder.layers.0.src_trg_att.q_layer.weight', 'decoder.layers.0.src_trg_att.v_layer.bias', 'decoder.layers.0.src_trg_att.v_layer.weight', 'decoder.layers.0.trg_trg_att.k_layer.bias', 'decoder.layers.0.trg_trg_att.k_layer.weight', 'decoder.layers.0.trg_trg_att.output_layer.bias', 'decoder.layers.0.trg_trg_att.output_layer.weight', 'decoder.layers.0.trg_trg_att.q_layer.bias', 'decoder.layers.0.trg_trg_att.q_layer.weight', 'decoder.layers.0.trg_trg_att.v_layer.bias', 'decoder.layers.0.trg_trg_att.v_layer.weight', 'decoder.layers.0.x_layer_norm.bias', 'decoder.layers.0.x_layer_norm.weight', 'encoder.layers.0.feed_forward.layer_norm.bias', 'encoder.layers.0.feed_forward.layer_norm.weight', 'encoder.layers.0.feed_forward.pwff_layer.0.bias', 'encoder.layers.0.feed_forward.pwff_layer.0.weight', 'encoder.layers.0.feed_forward.pwff_layer.3.bias', 'encoder.layers.0.feed_forward.pwff_layer.3.weight', 'encoder.layers.0.layer_norm.bias', 'encoder.layers.0.layer_norm.weight', 'encoder.layers.0.src_src_att.k_layer.bias', 'encoder.layers.0.src_src_att.k_layer.weight', 'encoder.layers.0.src_src_att.output_layer.bias', 'encoder.layers.0.src_src_att.output_layer.weight', 'encoder.layers.0.src_src_att.q_layer.bias', 'encoder.layers.0.src_src_att.q_layer.weight', 'encoder.layers.0.src_src_att.v_layer.bias', 'encoder.layers.0.src_src_att.v_layer.weight', 'encoder.layers.1.feed_forward.layer_norm.bias', 'encoder.layers.1.feed_forward.layer_norm.weight', 'encoder.layers.1.feed_forward.pwff_layer.0.bias', 'encoder.layers.1.feed_forward.pwff_layer.0.weight', 'encoder.layers.1.feed_forward.pwff_layer.3.bias', 'encoder.layers.1.feed_forward.pwff_layer.3.weight', 'encoder.layers.1.layer_norm.bias', 'encoder.layers.1.layer_norm.weight', 'encoder.layers.1.src_src_att.k_layer.bias', 'encoder.layers.1.src_src_att.k_layer.weight', 'encoder.layers.1.src_src_att.output_layer.bias', 'encoder.layers.1.src_src_att.output_layer.weight', 'encoder.layers.1.src_src_att.q_layer.bias', 'encoder.layers.1.src_src_att.q_layer.weight', 'encoder.layers.1.src_src_att.v_layer.bias', 'encoder.layers.1.src_src_att.v_layer.weight', 'encoder.layers.2.feed_forward.layer_norm.bias', 'encoder.layers.2.feed_forward.layer_norm.weight', 'encoder.layers.2.feed_forward.pwff_layer.0.bias', 'encoder.layers.2.feed_forward.pwff_layer.0.weight', 'encoder.layers.2.feed_forward.pwff_layer.3.bias', 'encoder.layers.2.feed_forward.pwff_layer.3.weight', 'encoder.layers.2.layer_norm.bias', 'encoder.layers.2.layer_norm.weight', 'encoder.layers.2.src_src_att.k_layer.bias', 'encoder.layers.2.src_src_att.k_layer.weight', 'encoder.layers.2.src_src_att.output_layer.bias', 'encoder.layers.2.src_src_att.output_layer.weight', 'encoder.layers.2.src_src_att.q_layer.bias', 'encoder.layers.2.src_src_att.q_layer.weight', 'encoder.layers.2.src_src_att.v_layer.bias', 'encoder.layers.2.src_src_att.v_layer.weight', 'encoder.layers.3.feed_forward.layer_norm.bias', 'encoder.layers.3.feed_forward.layer_norm.weight', 'encoder.layers.3.feed_forward.pwff_layer.0.bias', 'encoder.layers.3.feed_forward.pwff_layer.0.weight', 'encoder.layers.3.feed_forward.pwff_layer.3.bias', 'encoder.layers.3.feed_forward.pwff_layer.3.weight', 'encoder.layers.3.layer_norm.bias', 'encoder.layers.3.layer_norm.weight', 'encoder.layers.3.src_src_att.k_layer.bias', 'encoder.layers.3.src_src_att.k_layer.weight', 'encoder.layers.3.src_src_att.output_layer.bias', 'encoder.layers.3.src_src_att.output_layer.weight', 'encoder.layers.3.src_src_att.q_layer.bias', 'encoder.layers.3.src_src_att.q_layer.weight', 'encoder.layers.3.src_src_att.v_layer.bias', 'encoder.layers.3.src_src_att.v_layer.weight', 'src_embed.lut.weight']
2026-05-09 01:44:37,199 - INFO - joeynmt.training - Model(
	encoder=TransformerEncoder(num_layers=4, num_heads=2, alpha=1.0, layer_norm="pre", activation=ReLU()),
	decoder=TransformerDecoder(num_layers=1, num_heads=2, alpha=1.0, layer_norm="post", activation=ReLU()),
	src_embed=Embeddings(embedding_dim=256, vocab_size=4117),
	trg_embed=Embeddings(embedding_dim=256, vocab_size=4117),
	loss_function=XentLoss(criterion=KLDivLoss(), smoothing=0.3))
2026-05-09 01:44:37,883 - INFO - joeynmt.builders - Adam(lr=0.0003, weight_decay=0.0, betas=(0.9, 0.999))
2026-05-09 01:44:37,883 - INFO - joeynmt.builders - ReduceLROnPlateau(mode=min, threshold_mode=abs, eps=0.0, factor=0.7, patience=8)
2026-05-09 01:44:37,883 - INFO - joeynmt.training - Train stats:
	device: cpu
	n_gpu: 0
	16-bits training: False
	gradient accumulation: 1
	batch size per device: 2048
	effective batch size (w. parallel & accumulation): 2048
2026-05-09 01:44:37,884 - INFO - joeynmt.training - EPOCH 1
2026-05-09 01:45:00,282 - INFO - joeynmt.training - Epoch   1, Step:      100, Batch Loss:     4.274368, Batch Acc: 0.052944, Tokens per Sec:     4109, Lr: 0.000300
2026-05-09 01:45:24,814 - INFO - joeynmt.training - Epoch   1, Step:      200, Batch Loss:     4.194113, Batch Acc: 0.072041, Tokens per Sec:     3760, Lr: 0.000300
2026-05-09 01:45:45,757 - INFO - joeynmt.training - Epoch   1, Step:      300, Batch Loss:     4.110282, Batch Acc: 0.091262, Tokens per Sec:     4419, Lr: 0.000300
2026-05-09 01:46:06,149 - INFO - joeynmt.training - Epoch   1, Step:      400, Batch Loss:     3.975193, Batch Acc: 0.093133, Tokens per Sec:     4497, Lr: 0.000300
2026-05-09 01:46:25,817 - INFO - joeynmt.training - Epoch   1, Step:      500, Batch Loss:     3.928544, Batch Acc: 0.097981, Tokens per Sec:     4719, Lr: 0.000300
2026-05-09 01:46:25,818 - INFO - joeynmt.prediction - Predicting 500 example(s)... (Greedy decoding with min_output_length=1, max_output_length=-1, return_prob='none', generate_unk=True, repetition_penalty=-1, no_repeat_ngram_size=-1)
2026-05-09 01:47:31,977 - INFO - joeynmt.prediction - Evaluation result (greedy) loss:   4.04, ppl:  57.05, acc:   0.09, generation: 66.1432[sec], evaluation: 0.0000[sec]
2026-05-09 01:47:31,978 - INFO - joeynmt.training - Hooray! New best validation result [ppl]!
2026-05-09 01:47:32,091 - INFO - joeynmt.training - Example #0
2026-05-09 01:47:32,091 - DEBUG - joeynmt.training - 	Tokenized source:     ['die', 'Pre@@', 'mi@@', 'er@@', 'minist@@', 'er', 'Indi@@', 'ens', 'und', 'J@@', 'ap@@', 'ans', 'tra@@', 'fen', 'sich', 'in', 'T@@', 'ok@@', 'i@@', 'o', '.']
2026-05-09 01:47:32,091 - DEBUG - joeynmt.training - 	Tokenized reference:  ['Indi@@', 'a', 'and', 'J@@', 'ap@@', 'an', 'pri@@', 'me', 'minist@@', 'ers', 'me@@', 'et', 'in', 'T@@', 'ok@@', 'y@@', 'o']
2026-05-09 01:47:32,091 - DEBUG - joeynmt.training - 	Tokenized hypothesis: ['the', 'the', 'the', 'the', 'the', 'the', 'the', 'the', 'the', 'the', 'the', 'the', 'the', 'the', 'the', 'the', 'the', 'the', 'the', 'the', 'the', 'the', 'the', 'the', 'the', 'the', 'the', 'the', 'the', 'the', 'the', 'the', 'the', 'the', 'the', 'the', 'the', 'the', 'the', 'the', 'the', 'the', 'the', 'the', 'the', 'the', 'the', 'the', 'the', 'the', 'the', 'the', 'the', 'the', 'the', 'the', 'the', 'the', 'the', 'the', 'the', 'the', 'the', 'the', 'the', 'the', 'the', 'the', 'the', 'the', 'the', 'the', 'the', 'the', 'the', 'the', 'the', 'the', 'the', 'the', 'the', 'the', 'the', 'the', 'the', 'the', 'the', 'the', 'the', 'the', 'the', 'the', 'the', 'the', 'the', 'the', 'the', 'the', 'the', 'the', 'the', 'the', 'the', 'the', 'the', 'the', 'the', 'the', 'the', 'the', 'the', 'the', 'the', 'the', 'the', 'the', 'the', 'the', 'the', 'the', 'the', 'the', 'the', 'the', 'the', 'the', 'the', 'the', 'the', 'the', 'the', 'the', 'the', 'the', 'the', 'the', 'the', 'the']
2026-05-09 01:47:32,091 - INFO - joeynmt.training - 	Source:     die Premierminister Indiens und Japans trafen sich in Tokio .
2026-05-09 01:47:32,091 - INFO - joeynmt.training - 	Reference:  India and Japan prime ministers meet in Tokyo
2026-05-09 01:47:32,091 - INFO - joeynmt.training - 	Hypothesis: the the the the the the the the the the the the the the the the the the the the the the the the the the the the the the the the the the the the the the the the the the the the the the the the the the the the the the the the the the the the the the the the the the the the the the the the the the the the the the the the the the the the the the the the the the the the the the the the the the the the the the the the the the the the the the the the the the the the the the the the the the the the the the the the the the the the the the the the the the
2026-05-09 01:47:32,091 - INFO - joeynmt.training - Example #1
2026-05-09 01:47:32,091 - DEBUG - joeynmt.training - 	Tokenized source:     ['Indi@@', 'ens', 'neu@@', 'er', 'Pre@@', 'mi@@', 'er@@', 'minist@@', 'er', 'N@@', 'ar@@', 'end@@', 'ra', 'Mo@@', 'd@@', 'i', 'tri@@', 'fft', 'bei', 's@@', 'einem', 'ersten', 'wichti@@', 'gen', 'Aus@@', 'land@@', 's@@', 'bes@@', 'u@@', 'ch', 'seit', 's@@', 'einem', 'W@@', 'ah@@', 'l@@', 'si@@', 'e@@', 'g', 'im', 'Ma@@', 'i', 'seinen', 'j@@', 'ap@@', 'an@@', 'ischen', 'Am@@', 'ts@@', 'k@@', 'olle@@', 'gen', 'S@@', 'hin@@', 'z@@', 'o', 'A@@', 'be', 'in', 'T@@', 'ok@@', 'o', ',', 'um', 'wirtschaf@@', 'tliche', 'und', 'sicher@@', 'heits@@', 'politische', 'Be@@', 'zieh@@', 'ungen', 'zu', 'bes@@', 'pre@@', 'chen', '.']
2026-05-09 01:47:32,091 - DEBUG - joeynmt.training - 	Tokenized reference:  ['Indi@@', 'a', '&apos;s', 'new', 'pri@@', 'me', 'minist@@', 'er', ',', 'N@@', 'ar@@', 'end@@', 'ra', 'Mo@@', 'd@@', 'i', ',', 'is', 'me@@', 'eting', 'his', 'J@@', 'ap@@', 'an@@', 'ese', 'coun@@', 'ter@@', 'part', ',', 'S@@', 'hin@@', 'z@@', 'o', 'A@@', 'be', ',', 'in', 'T@@', 'ok@@', 'y@@', 'o', 'to', 'disc@@', 'uss', 'economic', 'and', 'security', 'ties', ',', 'on', 'his', 'first', 'major', 'fore@@', 'ign', 'visi@@', 't', 'since', 'w@@', 'inn@@', 'ing', 'Ma@@', 'y', '&apos;s', 'elec@@', 'tion', '.']
2026-05-09 01:47:32,092 - DEBUG - joeynmt.training - 	Tokenized hypothesis: ['the', 'the', 'the', 'the', 'the', 'the', 'the', 'the', 'the', 'the', 'the', 'the', 'the', 'the', 'the', 'the', 'the', 'the', 'the', 'the', 'the', 'the', 'the', 'the', 'the', 'the', 'the', 'the', 'the', 'the', 'the', 'the', 'the', 'the', 'the', 'the', 'the', 'the', 'the', 'the', 'the', 'the', 'the', 'the', 'the', 'the', 'the', 'the', 'the', 'the', 'the', 'the', 'the', 'the', 'the', 'the', 'the', 'the', 'the', 'the', 'the', 'the', 'the', 'the', 'the', 'the', 'the', 'the', 'the', 'the', 'the', 'the', 'the', 'the', 'the', 'the', 'the', 'the', 'the', 'the', 'the', 'the', 'the', 'the', 'the', 'the', 'the', 'the', 'the', 'the', 'the', 'the', 'the', 'the', 'the', 'the', 'the', 'the', 'the', 'the', 'the', 'the', 'the', 'the', 'the', 'the', 'the', 'the', 'the', 'the', 'the', 'the', 'the', 'the', 'the', 'the', 'the', 'the', 'the', 'the', 'the', 'the', 'the', 'the', 'the', 'the', 'the', 'the', 'the', 'the', 'the', 'the', 'the', 'the', 'the', 'the', 'the', 'the']
2026-05-09 01:47:32,092 - INFO - joeynmt.training - 	Source:     Indiens neuer Premierminister Narendra Modi trifft bei seinem ersten wichtigen Auslandsbesuch seit seinem Wahlsieg im Mai seinen japanischen Amtskollegen Shinzo Abe in Toko , um wirtschaftliche und sicherheitspolitische Beziehungen zu besprechen .
2026-05-09 01:47:32,092 - INFO - joeynmt.training - 	Reference:  India &apos;s new prime minister , Narendra Modi , is meeting his Japanese counterpart , Shinzo Abe , in Tokyo to discuss economic and security ties , on his first major foreign visit since winning May &apos;s election .
2026-05-09 01:47:32,092 - INFO - joeynmt.training - 	Hypothesis: the the the the the the the the the the the the the the the the the the the the the the the the the the the the the the the the the the the the the the the the the the the the the the the the the the the the the the the the the the the the the the the the the the the the the the the the the the the the the the the the the the the the the the the the the the the the the the the the the the the the the the the the the the the the the the the the the the the the the the the the the the the the the the the the the the the the the the the the the the
2026-05-09 01:47:32,092 - INFO - joeynmt.training - Example #2
2026-05-09 01:47:32,092 - DEBUG - joeynmt.training - 	Tokenized source:     ['Herr', 'Mo@@', 'd@@', 'i', 'befindet', 'sich', 'auf', 'einer', 'fü@@', 'n@@', 'f@@', 'tä@@', 'gi@@', 'gen', 'Rei@@', 'se', 'nach', 'J@@', 'ap@@', 'an', ',', 'um', 'die', 'wirtschaf@@', 'tlichen', 'Be@@', 'zieh@@', 'ungen', 'mit', 'der', 'd@@', 'rit@@', 't@@', 'größ@@', 'ten', 'Wirtschafts@@', 'n@@', 'ation', 'der', 'Welt', 'zu', 'fes@@', 'tigen', '.']
2026-05-09 01:47:32,092 - DEBUG - joeynmt.training - 	Tokenized reference:  ['Mr', 'Mo@@', 'd@@', 'i', 'is', 'on', 'a', 'fi@@', 've', '@@@', '-@@', '@', 'day', 'tri@@', 'p', 'to', 'J@@', 'ap@@', 'an', 'to', 'streng@@', 'then', 'economic', 'ties', 'with', 'the', 'third', 'lar@@', 'ges@@', 't', 'econom@@', 'y', 'in', 'the', 'world', '.']
2026-05-09 01:47:32,092 - DEBUG - joeynmt.training - 	Tokenized hypothesis: ['the', 'the', 'the', 'the', 'the', 'the', 'the', 'the', 'the', 'the', 'the', 'the', 'the', 'the', 'the', 'the', 'the', 'the', 'the', 'the', 'the', 'the', 'the', 'the', 'the', 'the', 'the', 'the', 'the', 'the', 'the', 'the', 'the', 'the', 'the', 'the', 'the', 'the', 'the', 'the', 'the', 'the', 'the', 'the', 'the', 'the', 'the', 'the', 'the', 'the', 'the', 'the', 'the', 'the', 'the', 'the', 'the', 'the', 'the', 'the', 'the', 'the', 'the', 'the', 'the', 'the', 'the', 'the', 'the', 'the', 'the', 'the', 'the', 'the', 'the', 'the', 'the', 'the', 'the', 'the', 'the', 'the', 'the', 'the', 'the', 'the', 'the', 'the', 'the', 'the', 'the', 'the', 'the', 'the', 'the', 'the', 'the', 'the', 'the', 'the', 'the', 'the', 'the', 'the', 'the', 'the', 'the', 'the', 'the', 'the', 'the', 'the', 'the', 'the', 'the', 'the', 'the', 'the', 'the', 'the', 'the', 'the', 'the', 'the', 'the', 'the', 'the', 'the', 'the', 'the', 'the', 'the', 'the', 'the', 'the', 'the', 'the', 'the']
2026-05-09 01:47:32,092 - INFO - joeynmt.training - 	Source:     Herr Modi befindet sich auf einer fünftägigen Reise nach Japan , um die wirtschaftlichen Beziehungen mit der drittgrößten Wirtschaftsnation der Welt zu festigen .
2026-05-09 01:47:32,092 - INFO - joeynmt.training - 	Reference:  Mr Modi is on a five @-@ day trip to Japan to strengthen economic ties with the third largest economy in the world .
2026-05-09 01:47:32,092 - INFO - joeynmt.training - 	Hypothesis: the the the the the the the the the the the the the the the the the the the the the the the the the the the the the the the the the the the the the the the the the the the the the the the the the the the the the the the the the the the the the the the the the the the the the the the the the the the the the the the the the the the the the the the the the the the the the the the the the the the the the the the the the the the the the the the the the the the the the the the the the the the the the the the the the the the the the the the the the the
2026-05-09 01:47:32,092 - INFO - joeynmt.training - Example #3
2026-05-09 01:47:32,092 - DEBUG - joeynmt.training - 	Tokenized source:     ['P@@', 'län@@', 'e', 'für', 'eine', 'stärk@@', 'ere', 'k@@', 'ern@@', 'techn@@', 'ische', 'Zusammenarbeit', 'stehen', 'ganz', 'ob@@', 'en', 'auf', 'der', 'Tag@@', 'es@@', 'ordnung', '.']
2026-05-09 01:47:32,092 - DEBUG - joeynmt.training - 	Tokenized reference:  ['high', 'on', 'the', 'agen@@', 'da', 'are', 'pl@@', 'ans', 'for', 'gre@@', 'ater', 'nu@@', 'clear', 'c@@', 'o', '@@@', '-@@', '@', 'operation', '.']
2026-05-09 01:47:32,092 - DEBUG - joeynmt.training - 	Tokenized hypothesis: ['the', 'the', 'the', 'the', 'the', 'the', 'the', 'the', 'the', 'the', 'the', 'the', 'the', 'the', 'the', 'the', 'the', 'the', 'the', 'the', 'the', 'the', 'the', 'the', 'the', 'the', 'the', 'the', 'the', 'the', 'the', 'the', 'the', 'the', 'the', 'the', 'the', 'the', 'the', 'the', 'the', 'the', 'the', 'the', 'the', 'the', 'the', 'the', 'the', 'the', 'the', 'the', 'the', 'the', 'the', 'the', 'the', 'the', 'the', 'the', 'the', 'the', 'the', 'the', 'the', 'the', 'the', 'the', 'the', 'the', 'the', 'the', 'the', 'the', 'the', 'the', 'the', 'the', 'the', 'the', 'the', 'the', 'the', 'the', 'the', 'the', 'the', 'the', 'the', 'the', 'the', 'the', 'the', 'the', 'the', 'the', 'the', 'the', 'the', 'the', 'the', 'the', 'the', 'the', 'the', 'the', 'the', 'the', 'the', 'the', 'the', 'the', 'the', 'the', 'the', 'the', 'the', 'the', 'the', 'the', 'the', 'the', 'the', 'the', 'the', 'the', 'the', 'the', 'the', 'the', 'the', 'the', 'the', 'the', 'the', 'the', 'the', 'the']
2026-05-09 01:47:32,092 - INFO - joeynmt.training - 	Source:     Pläne für eine stärkere kerntechnische Zusammenarbeit stehen ganz oben auf der Tagesordnung .
2026-05-09 01:47:32,092 - INFO - joeynmt.training - 	Reference:  high on the agenda are plans for greater nuclear co @-@ operation .
2026-05-09 01:47:32,092 - INFO - joeynmt.training - 	Hypothesis: the the the the the the the the the the the the the the the the the the the the the the the the the the the the the the the the the the the the the the the the the the the the the the the the the the the the the the the the the the the the the the the the the the the the the the the the the the the the the the the the the the the the the the the the the the the the the the the the the the the the the the the the the the the the the the the the the the the the the the the the the the the the the the the the the the the the the the the the the the
2026-05-09 01:47:32,092 - INFO - joeynmt.training - Example #4
2026-05-09 01:47:32,092 - DEBUG - joeynmt.training - 	Tokenized source:     ['Berich@@', 'ten', 'zu@@', 'fol@@', 'ge', 'ho@@', 'fft', 'Indi@@', 'en', 'darüber', 'hinaus', 'auf', 'einen', 'Ver@@', 'trag', 'zur', 'Ver@@', 'tei@@', 'dig@@', 'ungs@@', 'zusammen@@', 'arbeit', 'zwischen', 'den', 'beiden', 'N@@', 'ationen', '.']
2026-05-09 01:47:32,092 - DEBUG - joeynmt.training - 	Tokenized reference:  ['Indi@@', 'a', 'is', 'also', 're@@', 'porte@@', 'dly', 'hop@@', 'ing', 'for', 'a', 'de@@', 'al', 'on', 'def@@', 'ence', 'c@@', 'oll@@', 'ab@@', 'or@@', 'ation', 'between', 'the', 'two', 'n@@', 'ations', '.']
2026-05-09 01:47:32,092 - DEBUG - joeynmt.training - 	Tokenized hypothesis: ['the', 'the', 'the', 'the', 'the', 'the', 'the', 'the', 'the', 'the', 'the', 'the', 'the', 'the', 'the', 'the', 'the', 'the', 'the', 'the', 'the', 'the', 'the', 'the', 'the', 'the', 'the', 'the', 'the', 'the', 'the', 'the', 'the', 'the', 'the', 'the', 'the', 'the', 'the', 'the', 'the', 'the', 'the', 'the', 'the', 'the', 'the', 'the', 'the', 'the', 'the', 'the', 'the', 'the', 'the', 'the', 'the', 'the', 'the', 'the', 'the', 'the', 'the', 'the', 'the', 'the', 'the', 'the', 'the', 'the', 'the', 'the', 'the', 'the', 'the', 'the', 'the', 'the', 'the', 'the', 'the', 'the', 'the', 'the', 'the', 'the', 'the', 'the', 'the', 'the', 'the', 'the', 'the', 'the', 'the', 'the', 'the', 'the', 'the', 'the', 'the', 'the', 'the', 'the', 'the', 'the', 'the', 'the', 'the', 'the', 'the', 'the', 'the', 'the', 'the', 'the', 'the', 'the', 'the', 'the', 'the', 'the', 'the', 'the', 'the', 'the', 'the', 'the', 'the', 'the', 'the', 'the', 'the', 'the', 'the', 'the', 'the', 'the']
2026-05-09 01:47:32,093 - INFO - joeynmt.training - 	Source:     Berichten zufolge hofft Indien darüber hinaus auf einen Vertrag zur Verteidigungszusammenarbeit zwischen den beiden Nationen .
2026-05-09 01:47:32,093 - INFO - joeynmt.training - 	Reference:  India is also reportedly hoping for a deal on defence collaboration between the two nations .
2026-05-09 01:47:32,093 - INFO - joeynmt.training - 	Hypothesis: the the the the the the the the the the the the the the the the the the the the the the the the the the the the the the the the the the the the the the the the the the the the the the the the the the the the the the the the the the the the the the the the the the the the the the the the the the the the the the the the the the the the the the the the the the the the the the the the the the the the the the the the the the the the the the the the the the the the the the the the the the the the the the the the the the the the the the the the the the
2026-05-09 01:47:54,970 - INFO - joeynmt.training - Epoch   1, Step:      600, Batch Loss:     3.915524, Batch Acc: 0.099990, Tokens per Sec:     4080, Lr: 0.000300
2026-05-09 01:48:16,532 - INFO - joeynmt.training - Epoch   1, Step:      700, Batch Loss:     3.822345, Batch Acc: 0.101012, Tokens per Sec:     4291, Lr: 0.000300
2026-05-09 01:48:41,787 - INFO - joeynmt.training - Epoch   1, Step:      800, Batch Loss:     3.825577, Batch Acc: 0.101088, Tokens per Sec:     3627, Lr: 0.000300
2026-05-09 01:49:07,231 - INFO - joeynmt.training - Epoch   1, Step:      900, Batch Loss:     3.724661, Batch Acc: 0.103079, Tokens per Sec:     3572, Lr: 0.000300
2026-05-09 01:49:30,214 - INFO - joeynmt.training - Epoch   1, Step:     1000, Batch Loss:     3.688907, Batch Acc: 0.100418, Tokens per Sec:     4089, Lr: 0.000300
2026-05-09 01:49:30,215 - INFO - joeynmt.prediction - Predicting 500 example(s)... (Greedy decoding with min_output_length=1, max_output_length=-1, return_prob='none', generate_unk=True, repetition_penalty=-1, no_repeat_ngram_size=-1)
2026-05-09 01:50:34,723 - INFO - joeynmt.prediction - Evaluation result (greedy) loss:   3.95, ppl:  51.89, acc:   0.09, generation: 64.4973[sec], evaluation: 0.0000[sec]
2026-05-09 01:50:34,726 - INFO - joeynmt.training - Hooray! New best validation result [ppl]!
2026-05-09 01:50:34,839 - INFO - joeynmt.training - Example #0
2026-05-09 01:50:34,839 - DEBUG - joeynmt.training - 	Tokenized source:     ['die', 'Pre@@', 'mi@@', 'er@@', 'minist@@', 'er', 'Indi@@', 'ens', 'und', 'J@@', 'ap@@', 'ans', 'tra@@', 'fen', 'sich', 'in', 'T@@', 'ok@@', 'i@@', 'o', '.']
2026-05-09 01:50:34,839 - DEBUG - joeynmt.training - 	Tokenized reference:  ['Indi@@', 'a', 'and', 'J@@', 'ap@@', 'an', 'pri@@', 'me', 'minist@@', 'ers', 'me@@', 'et', 'in', 'T@@', 'ok@@', 'y@@', 'o']
2026-05-09 01:50:34,839 - DEBUG - joeynmt.training - 	Tokenized hypothesis: ['the', '.', '</s>']
2026-05-09 01:50:34,839 - INFO - joeynmt.training - 	Source:     die Premierminister Indiens und Japans trafen sich in Tokio .
2026-05-09 01:50:34,839 - INFO - joeynmt.training - 	Reference:  India and Japan prime ministers meet in Tokyo
2026-05-09 01:50:34,839 - INFO - joeynmt.training - 	Hypothesis: the .
2026-05-09 01:50:34,839 - INFO - joeynmt.training - Example #1
2026-05-09 01:50:34,840 - DEBUG - joeynmt.training - 	Tokenized source:     ['Indi@@', 'ens', 'neu@@', 'er', 'Pre@@', 'mi@@', 'er@@', 'minist@@', 'er', 'N@@', 'ar@@', 'end@@', 'ra', 'Mo@@', 'd@@', 'i', 'tri@@', 'fft', 'bei', 's@@', 'einem', 'ersten', 'wichti@@', 'gen', 'Aus@@', 'land@@', 's@@', 'bes@@', 'u@@', 'ch', 'seit', 's@@', 'einem', 'W@@', 'ah@@', 'l@@', 'si@@', 'e@@', 'g', 'im', 'Ma@@', 'i', 'seinen', 'j@@', 'ap@@', 'an@@', 'ischen', 'Am@@', 'ts@@', 'k@@', 'olle@@', 'gen', 'S@@', 'hin@@', 'z@@', 'o', 'A@@', 'be', 'in', 'T@@', 'ok@@', 'o', ',', 'um', 'wirtschaf@@', 'tliche', 'und', 'sicher@@', 'heits@@', 'politische', 'Be@@', 'zieh@@', 'ungen', 'zu', 'bes@@', 'pre@@', 'chen', '.']
2026-05-09 01:50:34,840 - DEBUG - joeynmt.training - 	Tokenized reference:  ['Indi@@', 'a', '&apos;s', 'new', 'pri@@', 'me', 'minist@@', 'er', ',', 'N@@', 'ar@@', 'end@@', 'ra', 'Mo@@', 'd@@', 'i', ',', 'is', 'me@@', 'eting', 'his', 'J@@', 'ap@@', 'an@@', 'ese', 'coun@@', 'ter@@', 'part', ',', 'S@@', 'hin@@', 'z@@', 'o', 'A@@', 'be', ',', 'in', 'T@@', 'ok@@', 'y@@', 'o', 'to', 'disc@@', 'uss', 'economic', 'and', 'security', 'ties', ',', 'on', 'his', 'first', 'major', 'fore@@', 'ign', 'visi@@', 't', 'since', 'w@@', 'inn@@', 'ing', 'Ma@@', 'y', '&apos;s', 'elec@@', 'tion', '.']
2026-05-09 01:50:34,840 - DEBUG - joeynmt.training - 	Tokenized hypothesis: ['the', 'European', 'European', 'European', 'European', 'European', 'European', 'European', 'European', 'European', 'European', 'European', 'European', 'European', 'European', 'European', 'European', 'European', 'European', 'European', 'European', 'European', 'European', 'European', 'European', 'European', 'European', 'European', 'European', 'European', 'European', 'European', 'European', 'European', 'European', 'European', 'European', 'European', 'European', 'European', 'European', 'European', 'European', 'European', 'European', 'European', 'European', 'European', 'European', 'European', 'European', 'European', 'European', 'European', 'European', 'European', 'European', 'European', 'European', 'European', 'European', 'European', 'European', 'European', 'European', 'European', 'European', 'European', 'European', 'European', 'European', 'European', 'European', 'European', 'European', 'European', 'European', 'European', 'European', 'European', 'European', 'European', 'European', 'European', 'European', 'European', 'A@@', 'A@@', 'A@@', 'A@@', 'A@@', 'A@@', 'A@@', 'A@@', 'A@@', 'A@@', 'ec@@', 'ation', '.', '</s>']
2026-05-09 01:50:34,840 - INFO - joeynmt.training - 	Source:     Indiens neuer Premierminister Narendra Modi trifft bei seinem ersten wichtigen Auslandsbesuch seit seinem Wahlsieg im Mai seinen japanischen Amtskollegen Shinzo Abe in Toko , um wirtschaftliche und sicherheitspolitische Beziehungen zu besprechen .
2026-05-09 01:50:34,840 - INFO - joeynmt.training - 	Reference:  India &apos;s new prime minister , Narendra Modi , is meeting his Japanese counterpart , Shinzo Abe , in Tokyo to discuss economic and security ties , on his first major foreign visit since winning May &apos;s election .
2026-05-09 01:50:34,840 - INFO - joeynmt.training - 	Hypothesis: the European European European European European European European European European European European European European European European European European European European European European European European European European European European European European European European European European European European European European European European European European European European European European European European European European European European European European European European European European European European European European European European European European European European European European European European European European European European European European European European European European European European European European AAAAAAAAAAecation .
2026-05-09 01:50:34,840 - INFO - joeynmt.training - Example #2
2026-05-09 01:50:34,840 - DEBUG - joeynmt.training - 	Tokenized source:     ['Herr', 'Mo@@', 'd@@', 'i', 'befindet', 'sich', 'auf', 'einer', 'fü@@', 'n@@', 'f@@', 'tä@@', 'gi@@', 'gen', 'Rei@@', 'se', 'nach', 'J@@', 'ap@@', 'an', ',', 'um', 'die', 'wirtschaf@@', 'tlichen', 'Be@@', 'zieh@@', 'ungen', 'mit', 'der', 'd@@', 'rit@@', 't@@', 'größ@@', 'ten', 'Wirtschafts@@', 'n@@', 'ation', 'der', 'Welt', 'zu', 'fes@@', 'tigen', '.']
2026-05-09 01:50:34,840 - DEBUG - joeynmt.training - 	Tokenized reference:  ['Mr', 'Mo@@', 'd@@', 'i', 'is', 'on', 'a', 'fi@@', 've', '@@@', '-@@', '@', 'day', 'tri@@', 'p', 'to', 'J@@', 'ap@@', 'an', 'to', 'streng@@', 'then', 'economic', 'ties', 'with', 'the', 'third', 'lar@@', 'ges@@', 't', 'econom@@', 'y', 'in', 'the', 'world', '.']
2026-05-09 01:50:34,840 - DEBUG - joeynmt.training - 	Tokenized hypothesis: ['the', 'European', 'European', 'European', 'European', 'European', 'European', 'European', 'European', 'European', 'European', 'European', 'European', 'European', 'European', 'European', 'European', 'European', 'European', 'European', 'European', 'European', 'European', 'European', 'European', 'European', 'European', 'European', 'European', 'European', 'European', 'European', 'European', 'European', 'European', 'European', 'European', 'European', 'European', 'European', 'European', 'European', 'European', 'European', 'European', 'European', 'European', 'European', 'European', 'European', 'European', 'European', 'European', 'European', 'European', 'European', 'European', 'European', 'European', 'European', 'European', 'European', 'European', 'European', 'European', 'European', 'European', 'European', 'European', 'European', 'European', 'European', 'European', 'European', 'European', 'European', 'European', 'European', 'European', 'European', 'European', 'European', 'European', 'European', 'European', 'European', 'European', 'European', 'European', 'European', 'European', 'European', 'European', 'European', 'European', 'European', 'European', 'European', 're@@', 'ec@@', 'ation', '.', '</s>']
2026-05-09 01:50:34,840 - INFO - joeynmt.training - 	Source:     Herr Modi befindet sich auf einer fünftägigen Reise nach Japan , um die wirtschaftlichen Beziehungen mit der drittgrößten Wirtschaftsnation der Welt zu festigen .
2026-05-09 01:50:34,840 - INFO - joeynmt.training - 	Reference:  Mr Modi is on a five @-@ day trip to Japan to strengthen economic ties with the third largest economy in the world .
2026-05-09 01:50:34,840 - INFO - joeynmt.training - 	Hypothesis: the European European European European European European European European European European European European European European European European European European European European European European European European European European European European European European European European European European European European European European European European European European European European European European European European European European European European European European European European European European European European European European European European European European European European European European European European European European European European European European European European European European European European European European European European European European European European European European European European European reecation .
2026-05-09 01:50:34,840 - INFO - joeynmt.training - Example #3
2026-05-09 01:50:34,840 - DEBUG - joeynmt.training - 	Tokenized source:     ['P@@', 'län@@', 'e', 'für', 'eine', 'stärk@@', 'ere', 'k@@', 'ern@@', 'techn@@', 'ische', 'Zusammenarbeit', 'stehen', 'ganz', 'ob@@', 'en', 'auf', 'der', 'Tag@@', 'es@@', 'ordnung', '.']
2026-05-09 01:50:34,840 - DEBUG - joeynmt.training - 	Tokenized reference:  ['high', 'on', 'the', 'agen@@', 'da', 'are', 'pl@@', 'ans', 'for', 'gre@@', 'ater', 'nu@@', 'clear', 'c@@', 'o', '@@@', '-@@', '@', 'operation', '.']
2026-05-09 01:50:34,840 - DEBUG - joeynmt.training - 	Tokenized hypothesis: ['the', '.', '</s>']
2026-05-09 01:50:34,840 - INFO - joeynmt.training - 	Source:     Pläne für eine stärkere kerntechnische Zusammenarbeit stehen ganz oben auf der Tagesordnung .
2026-05-09 01:50:34,840 - INFO - joeynmt.training - 	Reference:  high on the agenda are plans for greater nuclear co @-@ operation .
2026-05-09 01:50:34,840 - INFO - joeynmt.training - 	Hypothesis: the .
2026-05-09 01:50:34,840 - INFO - joeynmt.training - Example #4
2026-05-09 01:50:34,840 - DEBUG - joeynmt.training - 	Tokenized source:     ['Berich@@', 'ten', 'zu@@', 'fol@@', 'ge', 'ho@@', 'fft', 'Indi@@', 'en', 'darüber', 'hinaus', 'auf', 'einen', 'Ver@@', 'trag', 'zur', 'Ver@@', 'tei@@', 'dig@@', 'ungs@@', 'zusammen@@', 'arbeit', 'zwischen', 'den', 'beiden', 'N@@', 'ationen', '.']
2026-05-09 01:50:34,840 - DEBUG - joeynmt.training - 	Tokenized reference:  ['Indi@@', 'a', 'is', 'also', 're@@', 'porte@@', 'dly', 'hop@@', 'ing', 'for', 'a', 'de@@', 'al', 'on', 'def@@', 'ence', 'c@@', 'oll@@', 'ab@@', 'or@@', 'ation', 'between', 'the', 'two', 'n@@', 'ations', '.']
2026-05-09 01:50:34,840 - DEBUG - joeynmt.training - 	Tokenized hypothesis: ['the', 'European', 'European', 'European', 'European', 'European', 'European', 'European', 'European', 'European', 'European', 'European', 'European', 'European', 'European', 'European', 'European', 'European', 'European', 'European', 'European', 'European', 'European', 'European', 'European', 'European', 'European', 'European', 'European', 'European', 'European', 'European', 'European', 'European', 'European', 'European', 'European', 'European', 'European', 'European', 'European', 'European', 'European', 'European', 'European', 'European', 'European', 'European', 'European', 'European', 'European', 'European', 'European', 'European', 'European', 'European', 'European', 'European', 'European', 'European', 'European', 'European', 'European', 'European', 'European', 'European', 'European', 'European', 'European', 'European', 'European', 'European', 'European', 'European', 'European', 'European', 'European', 'European', 'European', 'European', 'European', 'European', 'European', 'European', 'European', 'European', 'European', 'European', 'European', 'European', 'European', 'European', 'European', 'European', 'European', 'European', 'European', 'European', 'European', 'European', 'European', 'European', 'European', 'European', '.', '</s>']
2026-05-09 01:50:34,840 - INFO - joeynmt.training - 	Source:     Berichten zufolge hofft Indien darüber hinaus auf einen Vertrag zur Verteidigungszusammenarbeit zwischen den beiden Nationen .
2026-05-09 01:50:34,841 - INFO - joeynmt.training - 	Reference:  India is also reportedly hoping for a deal on defence collaboration between the two nations .
2026-05-09 01:50:34,841 - INFO - joeynmt.training - 	Hypothesis: the European European European European European European European European European European European European European European European European European European European European European European European European European European European European European European European European European European European European European European European European European European European European European European European European European European European European European European European European European European European European European European European European European European European European European European European European European European European European European European European European European European European European European European European European European European European European European European European European European European European European European European European .
2026-05-09 01:50:52,560 - INFO - joeynmt.training - Epoch   1, Step:     1100, Batch Loss:     3.783942, Batch Acc: 0.102343, Tokens per Sec:     5153, Lr: 0.000300
2026-05-09 01:51:16,442 - INFO - joeynmt.training - Epoch   1, Step:     1200, Batch Loss:     3.831694, Batch Acc: 0.103748, Tokens per Sec:     3878, Lr: 0.000300
2026-05-09 01:51:34,124 - INFO - joeynmt.training - Epoch   1, Step:     1300, Batch Loss:     3.725008, Batch Acc: 0.103797, Tokens per Sec:     5203, Lr: 0.000300
2026-05-09 01:51:51,667 - INFO - joeynmt.training - Epoch   1, Step:     1400, Batch Loss:     3.694310, Batch Acc: 0.106020, Tokens per Sec:     5218, Lr: 0.000300
2026-05-09 01:52:09,258 - INFO - joeynmt.training - Epoch   1, Step:     1500, Batch Loss:     3.612085, Batch Acc: 0.113718, Tokens per Sec:     5171, Lr: 0.000300
2026-05-09 01:52:09,258 - INFO - joeynmt.prediction - Predicting 500 example(s)... (Greedy decoding with min_output_length=1, max_output_length=-1, return_prob='none', generate_unk=True, repetition_penalty=-1, no_repeat_ngram_size=-1)
2026-05-09 01:53:00,849 - INFO - joeynmt.prediction - Evaluation result (greedy) loss:   3.86, ppl:  47.30, acc:   0.10, generation: 51.5845[sec], evaluation: 0.0000[sec]
2026-05-09 01:53:00,851 - INFO - joeynmt.training - Hooray! New best validation result [ppl]!
2026-05-09 01:53:00,946 - INFO - joeynmt.training - Example #0
2026-05-09 01:53:00,946 - DEBUG - joeynmt.training - 	Tokenized source:     ['die', 'Pre@@', 'mi@@', 'er@@', 'minist@@', 'er', 'Indi@@', 'ens', 'und', 'J@@', 'ap@@', 'ans', 'tra@@', 'fen', 'sich', 'in', 'T@@', 'ok@@', 'i@@', 'o', '.']
2026-05-09 01:53:00,946 - DEBUG - joeynmt.training - 	Tokenized reference:  ['Indi@@', 'a', 'and', 'J@@', 'ap@@', 'an', 'pri@@', 'me', 'minist@@', 'ers', 'me@@', 'et', 'in', 'T@@', 'ok@@', 'y@@', 'o']
2026-05-09 01:53:00,946 - DEBUG - joeynmt.training - 	Tokenized hypothesis: ['the', 're@@', 'as@@', 'ing', 'of', 'the', 're@@', 'as@@', 'ing', 'of', 'the', 're@@', 'as@@', 'ing', '.', '</s>']
2026-05-09 01:53:00,946 - INFO - joeynmt.training - 	Source:     die Premierminister Indiens und Japans trafen sich in Tokio .
2026-05-09 01:53:00,946 - INFO - joeynmt.training - 	Reference:  India and Japan prime ministers meet in Tokyo
2026-05-09 01:53:00,946 - INFO - joeynmt.training - 	Hypothesis: the reasing of the reasing of the reasing .
2026-05-09 01:53:00,946 - INFO - joeynmt.training - Example #1
2026-05-09 01:53:00,946 - DEBUG - joeynmt.training - 	Tokenized source:     ['Indi@@', 'ens', 'neu@@', 'er', 'Pre@@', 'mi@@', 'er@@', 'minist@@', 'er', 'N@@', 'ar@@', 'end@@', 'ra', 'Mo@@', 'd@@', 'i', 'tri@@', 'fft', 'bei', 's@@', 'einem', 'ersten', 'wichti@@', 'gen', 'Aus@@', 'land@@', 's@@', 'bes@@', 'u@@', 'ch', 'seit', 's@@', 'einem', 'W@@', 'ah@@', 'l@@', 'si@@', 'e@@', 'g', 'im', 'Ma@@', 'i', 'seinen', 'j@@', 'ap@@', 'an@@', 'ischen', 'Am@@', 'ts@@', 'k@@', 'olle@@', 'gen', 'S@@', 'hin@@', 'z@@', 'o', 'A@@', 'be', 'in', 'T@@', 'ok@@', 'o', ',', 'um', 'wirtschaf@@', 'tliche', 'und', 'sicher@@', 'heits@@', 'politische', 'Be@@', 'zieh@@', 'ungen', 'zu', 'bes@@', 'pre@@', 'chen', '.']
2026-05-09 01:53:00,946 - DEBUG - joeynmt.training - 	Tokenized reference:  ['Indi@@', 'a', '&apos;s', 'new', 'pri@@', 'me', 'minist@@', 'er', ',', 'N@@', 'ar@@', 'end@@', 'ra', 'Mo@@', 'd@@', 'i', ',', 'is', 'me@@', 'eting', 'his', 'J@@', 'ap@@', 'an@@', 'ese', 'coun@@', 'ter@@', 'part', ',', 'S@@', 'hin@@', 'z@@', 'o', 'A@@', 'be', ',', 'in', 'T@@', 'ok@@', 'y@@', 'o', 'to', 'disc@@', 'uss', 'economic', 'and', 'security', 'ties', ',', 'on', 'his', 'first', 'major', 'fore@@', 'ign', 'visi@@', 't', 'since', 'w@@', 'inn@@', 'ing', 'Ma@@', 'y', '&apos;s', 'elec@@', 'tion', '.']
2026-05-09 01:53:00,946 - DEBUG - joeynmt.training - 	Tokenized hypothesis: ['the', 'p@@', 'ent', ',', 'the', 'p@@', 'ly', 'is', 'a', ',', 'and', 'the', 'European', 'p@@', 'ly', 'is', 'a', ',', 'and', 'the', 'European', 'p@@', 'ly', 'is', 'a', ',', 'and', 'the', 'European', 'p@@', 'ly', 'is', 'a', ',', 'and', 'the', 'European', 'p@@', 'ly', 'is', 'a', ',', 'and', 'the', 'European', 'p@@', 'ly', 'is', 'a', ',', 'and', 'the', 'European', 'p@@', 'ly', 'is', 'a', ',', 'and', 'the', 'European', 'p@@', 'ly', 'and', 'the', 'European', 'p@@', 'ly', 'is', 'a', ',', 'and', 'the', 'European', 'p@@', 'ly', 'is', 'a', ',', 'and', 'the', 'European', 'p@@', 'ly', 'the', 'p@@', 'ent', '.', '</s>']
2026-05-09 01:53:00,946 - INFO - joeynmt.training - 	Source:     Indiens neuer Premierminister Narendra Modi trifft bei seinem ersten wichtigen Auslandsbesuch seit seinem Wahlsieg im Mai seinen japanischen Amtskollegen Shinzo Abe in Toko , um wirtschaftliche und sicherheitspolitische Beziehungen zu besprechen .
2026-05-09 01:53:00,946 - INFO - joeynmt.training - 	Reference:  India &apos;s new prime minister , Narendra Modi , is meeting his Japanese counterpart , Shinzo Abe , in Tokyo to discuss economic and security ties , on his first major foreign visit since winning May &apos;s election .
2026-05-09 01:53:00,946 - INFO - joeynmt.training - 	Hypothesis: the pent , the ply is a , and the European ply is a , and the European ply is a , and the European ply is a , and the European ply is a , and the European ply is a , and the European ply is a , and the European ply and the European ply is a , and the European ply is a , and the European ply the pent .
2026-05-09 01:53:00,946 - INFO - joeynmt.training - Example #2
2026-05-09 01:53:00,946 - DEBUG - joeynmt.training - 	Tokenized source:     ['Herr', 'Mo@@', 'd@@', 'i', 'befindet', 'sich', 'auf', 'einer', 'fü@@', 'n@@', 'f@@', 'tä@@', 'gi@@', 'gen', 'Rei@@', 'se', 'nach', 'J@@', 'ap@@', 'an', ',', 'um', 'die', 'wirtschaf@@', 'tlichen', 'Be@@', 'zieh@@', 'ungen', 'mit', 'der', 'd@@', 'rit@@', 't@@', 'größ@@', 'ten', 'Wirtschafts@@', 'n@@', 'ation', 'der', 'Welt', 'zu', 'fes@@', 'tigen', '.']
2026-05-09 01:53:00,946 - DEBUG - joeynmt.training - 	Tokenized reference:  ['Mr', 'Mo@@', 'd@@', 'i', 'is', 'on', 'a', 'fi@@', 've', '@@@', '-@@', '@', 'day', 'tri@@', 'p', 'to', 'J@@', 'ap@@', 'an', 'to', 'streng@@', 'then', 'economic', 'ties', 'with', 'the', 'third', 'lar@@', 'ges@@', 't', 'econom@@', 'y', 'in', 'the', 'world', '.']
2026-05-09 01:53:00,946 - DEBUG - joeynmt.training - 	Tokenized hypothesis: ['I', 'have', 'be', 'be', 'be', 'be', 'be', 'be', 'be', 'be', 'be', 'be', 'be', 'be', 'be', 'be', 'be', 'be', 'be', 'be', 'be', 'be', 'be', 'be', 'be', 'be', 'be', 'be', 'be', 'be', 'be', 'be', 'be', 'be', 'be', 'be', 'be', 'be', 'be', 'be', 'be', 'be', 'be', 'be', 'be', 'be', 'be', 'be', 'be', 'be', 'be', 'be', 'be', 'be', 'be', 'be', 'be', 'be', 'be', 'be', 'be', 'be', 'be', 'be', 'be', 'be', 'be', 'be', 'be', 'be', 'be', 'be', 'be', 'be', 'be', 'the', 'European', 'President', '.', '</s>']
2026-05-09 01:53:00,947 - INFO - joeynmt.training - 	Source:     Herr Modi befindet sich auf einer fünftägigen Reise nach Japan , um die wirtschaftlichen Beziehungen mit der drittgrößten Wirtschaftsnation der Welt zu festigen .
2026-05-09 01:53:00,947 - INFO - joeynmt.training - 	Reference:  Mr Modi is on a five @-@ day trip to Japan to strengthen economic ties with the third largest economy in the world .
2026-05-09 01:53:00,947 - INFO - joeynmt.training - 	Hypothesis: I have be be be be be be be be be be be be be be be be be be be be be be be be be be be be be be be be be be be be be be be be be be be be be be be be be be be be be be be be be be be be be be be be be be be be be be be be be the European President .
2026-05-09 01:53:00,947 - INFO - joeynmt.training - Example #3
2026-05-09 01:53:00,947 - DEBUG - joeynmt.training - 	Tokenized source:     ['P@@', 'län@@', 'e', 'für', 'eine', 'stärk@@', 'ere', 'k@@', 'ern@@', 'techn@@', 'ische', 'Zusammenarbeit', 'stehen', 'ganz', 'ob@@', 'en', 'auf', 'der', 'Tag@@', 'es@@', 'ordnung', '.']
2026-05-09 01:53:00,947 - DEBUG - joeynmt.training - 	Tokenized reference:  ['high', 'on', 'the', 'agen@@', 'da', 'are', 'pl@@', 'ans', 'for', 'gre@@', 'ater', 'nu@@', 'clear', 'c@@', 'o', '@@@', '-@@', '@', 'operation', '.']
2026-05-09 01:53:00,947 - DEBUG - joeynmt.training - 	Tokenized hypothesis: ['the', 'p@@', 'ly', 'is', 'a', 're@@', 'ad', 'of', 'the', 'p@@', 'ly', 'is', 'be', 'a', 're@@', 'ad', 'of', 'the', 'p@@', 'ly', 'is', 'be', 'a', 're@@', 'ad', '.', '</s>']
2026-05-09 01:53:00,947 - INFO - joeynmt.training - 	Source:     Pläne für eine stärkere kerntechnische Zusammenarbeit stehen ganz oben auf der Tagesordnung .
2026-05-09 01:53:00,947 - INFO - joeynmt.training - 	Reference:  high on the agenda are plans for greater nuclear co @-@ operation .
2026-05-09 01:53:00,947 - INFO - joeynmt.training - 	Hypothesis: the ply is a read of the ply is be a read of the ply is be a read .
2026-05-09 01:53:00,947 - INFO - joeynmt.training - Example #4
2026-05-09 01:53:00,947 - DEBUG - joeynmt.training - 	Tokenized source:     ['Berich@@', 'ten', 'zu@@', 'fol@@', 'ge', 'ho@@', 'fft', 'Indi@@', 'en', 'darüber', 'hinaus', 'auf', 'einen', 'Ver@@', 'trag', 'zur', 'Ver@@', 'tei@@', 'dig@@', 'ungs@@', 'zusammen@@', 'arbeit', 'zwischen', 'den', 'beiden', 'N@@', 'ationen', '.']
2026-05-09 01:53:00,947 - DEBUG - joeynmt.training - 	Tokenized reference:  ['Indi@@', 'a', 'is', 'also', 're@@', 'porte@@', 'dly', 'hop@@', 'ing', 'for', 'a', 'de@@', 'al', 'on', 'def@@', 'ence', 'c@@', 'oll@@', 'ab@@', 'or@@', 'ation', 'between', 'the', 'two', 'n@@', 'ations', '.']
2026-05-09 01:53:00,947 - DEBUG - joeynmt.training - 	Tokenized hypothesis: ['the', 'p@@', 'ly', 'is', 'be', 'a', 're@@', 'ad', 'of', 'the', 'p@@', 'ly', 'is', 'be', 'a', 're@@', 'p@@', 'ed', '.', '</s>']
2026-05-09 01:53:00,947 - INFO - joeynmt.training - 	Source:     Berichten zufolge hofft Indien darüber hinaus auf einen Vertrag zur Verteidigungszusammenarbeit zwischen den beiden Nationen .
2026-05-09 01:53:00,947 - INFO - joeynmt.training - 	Reference:  India is also reportedly hoping for a deal on defence collaboration between the two nations .
2026-05-09 01:53:00,947 - INFO - joeynmt.training - 	Hypothesis: the ply is be a read of the ply is be a reped .
2026-05-09 01:53:18,670 - INFO - joeynmt.training - Epoch   1, Step:     1600, Batch Loss:     3.652333, Batch Acc: 0.114528, Tokens per Sec:     5238, Lr: 0.000300
2026-05-09 01:53:36,336 - INFO - joeynmt.training - Epoch   1, Step:     1700, Batch Loss:     3.602488, Batch Acc: 0.120241, Tokens per Sec:     5152, Lr: 0.000300
2026-05-09 01:53:54,214 - INFO - joeynmt.training - Epoch   1, Step:     1800, Batch Loss:     3.627869, Batch Acc: 0.120951, Tokens per Sec:     5128, Lr: 0.000300
2026-05-09 01:54:12,173 - INFO - joeynmt.training - Epoch   1, Step:     1900, Batch Loss:     3.565468, Batch Acc: 0.129197, Tokens per Sec:     5121, Lr: 0.000300
2026-05-09 01:54:30,344 - INFO - joeynmt.training - Epoch   1, Step:     2000, Batch Loss:     3.435774, Batch Acc: 0.132354, Tokens per Sec:     5033, Lr: 0.000300
2026-05-09 01:54:30,345 - INFO - joeynmt.prediction - Predicting 500 example(s)... (Greedy decoding with min_output_length=1, max_output_length=-1, return_prob='none', generate_unk=True, repetition_penalty=-1, no_repeat_ngram_size=-1)
2026-05-09 01:55:33,712 - INFO - joeynmt.prediction - Evaluation result (greedy) loss:   3.76, ppl:  42.97, acc:   0.11, generation: 63.3599[sec], evaluation: 0.0000[sec]
2026-05-09 01:55:33,715 - INFO - joeynmt.training - Hooray! New best validation result [ppl]!
2026-05-09 01:55:33,820 - INFO - joeynmt.training - Example #0
2026-05-09 01:55:33,820 - DEBUG - joeynmt.training - 	Tokenized source:     ['die', 'Pre@@', 'mi@@', 'er@@', 'minist@@', 'er', 'Indi@@', 'ens', 'und', 'J@@', 'ap@@', 'ans', 'tra@@', 'fen', 'sich', 'in', 'T@@', 'ok@@', 'i@@', 'o', '.']
2026-05-09 01:55:33,820 - DEBUG - joeynmt.training - 	Tokenized reference:  ['Indi@@', 'a', 'and', 'J@@', 'ap@@', 'an', 'pri@@', 'me', 'minist@@', 'ers', 'me@@', 'et', 'in', 'T@@', 'ok@@', 'y@@', 'o']
2026-05-09 01:55:33,820 - DEBUG - joeynmt.training - 	Tokenized hypothesis: ['the', 'C@@', 'y', 'is', 'a', '.', '</s>']
2026-05-09 01:55:33,820 - INFO - joeynmt.training - 	Source:     die Premierminister Indiens und Japans trafen sich in Tokio .
2026-05-09 01:55:33,820 - INFO - joeynmt.training - 	Reference:  India and Japan prime ministers meet in Tokyo
2026-05-09 01:55:33,820 - INFO - joeynmt.training - 	Hypothesis: the Cy is a .
2026-05-09 01:55:33,820 - INFO - joeynmt.training - Example #1
2026-05-09 01:55:33,820 - DEBUG - joeynmt.training - 	Tokenized source:     ['Indi@@', 'ens', 'neu@@', 'er', 'Pre@@', 'mi@@', 'er@@', 'minist@@', 'er', 'N@@', 'ar@@', 'end@@', 'ra', 'Mo@@', 'd@@', 'i', 'tri@@', 'fft', 'bei', 's@@', 'einem', 'ersten', 'wichti@@', 'gen', 'Aus@@', 'land@@', 's@@', 'bes@@', 'u@@', 'ch', 'seit', 's@@', 'einem', 'W@@', 'ah@@', 'l@@', 'si@@', 'e@@', 'g', 'im', 'Ma@@', 'i', 'seinen', 'j@@', 'ap@@', 'an@@', 'ischen', 'Am@@', 'ts@@', 'k@@', 'olle@@', 'gen', 'S@@', 'hin@@', 'z@@', 'o', 'A@@', 'be', 'in', 'T@@', 'ok@@', 'o', ',', 'um', 'wirtschaf@@', 'tliche', 'und', 'sicher@@', 'heits@@', 'politische', 'Be@@', 'zieh@@', 'ungen', 'zu', 'bes@@', 'pre@@', 'chen', '.']
2026-05-09 01:55:33,820 - DEBUG - joeynmt.training - 	Tokenized reference:  ['Indi@@', 'a', '&apos;s', 'new', 'pri@@', 'me', 'minist@@', 'er', ',', 'N@@', 'ar@@', 'end@@', 'ra', 'Mo@@', 'd@@', 'i', ',', 'is', 'me@@', 'eting', 'his', 'J@@', 'ap@@', 'an@@', 'ese', 'coun@@', 'ter@@', 'part', ',', 'S@@', 'hin@@', 'z@@', 'o', 'A@@', 'be', ',', 'in', 'T@@', 'ok@@', 'y@@', 'o', 'to', 'disc@@', 'uss', 'economic', 'and', 'security', 'ties', ',', 'on', 'his', 'first', 'major', 'fore@@', 'ign', 'visi@@', 't', 'since', 'w@@', 'inn@@', 'ing', 'Ma@@', 'y', '&apos;s', 'elec@@', 'tion', '.']
2026-05-09 01:55:33,820 - DEBUG - joeynmt.training - 	Tokenized hypothesis: ['the', 'C@@', 'A@@', 'A@@', 'A@@', 'A@@', 'A@@', 'A@@', 'A@@', 'A@@', 'A@@', 'A@@', 'A@@', 'A@@', 'A@@', 'A@@', 'A@@', 'A@@', 'A@@', 'A@@', 'A@@', 'A@@', 'A@@', 'A@@', 'A@@', 'A@@', 'A@@', 'A@@', 'A@@', 'A@@', 'A@@', 'A@@', 'A@@', 'A@@', 'A@@', 'A@@', 'A@@', 'A@@', 'A@@', 'S@@', 'S@@', 'S@@', 'S@@', 'S@@', 'S@@', 'S@@', 'S@@', 'S@@', 'S@@', 'S@@', 'S@@', 'S@@', 'S@@', 'S@@', 'S@@', 'S@@', 'S@@', 'S@@', 'S@@', 'S@@', 'S@@', 'S@@', 'S@@', 'S@@', 'S@@', 'S@@', 'S@@', 'S@@', 'S@@', 'S@@', 'S@@', 'S@@', 'S@@', 'I@@', 'I@@', 'I@@', 'I@@', 'I@@', 'I@@', 'I@@', 'I@@', 'I@@', 'I@@', 'I@@', 'I@@', 'I@@', 'I@@', 'I@@', '.@@', '5', '-RRB-', '.', '</s>']
2026-05-09 01:55:33,820 - INFO - joeynmt.training - 	Source:     Indiens neuer Premierminister Narendra Modi trifft bei seinem ersten wichtigen Auslandsbesuch seit seinem Wahlsieg im Mai seinen japanischen Amtskollegen Shinzo Abe in Toko , um wirtschaftliche und sicherheitspolitische Beziehungen zu besprechen .
2026-05-09 01:55:33,820 - INFO - joeynmt.training - 	Reference:  India &apos;s new prime minister , Narendra Modi , is meeting his Japanese counterpart , Shinzo Abe , in Tokyo to discuss economic and security ties , on his first major foreign visit since winning May &apos;s election .
2026-05-09 01:55:33,820 - INFO - joeynmt.training - 	Hypothesis: the CAAAAAAAAAAAAAAAAAAAAAAAAAAAAAAAAAAAAASSSSSSSSSSSSSSSSSSSSSSSSSSSSSSSSSSIIIIIIIIIIIIIII.5 -RRB- .
2026-05-09 01:55:33,820 - INFO - joeynmt.training - Example #2
2026-05-09 01:55:33,820 - DEBUG - joeynmt.training - 	Tokenized source:     ['Herr', 'Mo@@', 'd@@', 'i', 'befindet', 'sich', 'auf', 'einer', 'fü@@', 'n@@', 'f@@', 'tä@@', 'gi@@', 'gen', 'Rei@@', 'se', 'nach', 'J@@', 'ap@@', 'an', ',', 'um', 'die', 'wirtschaf@@', 'tlichen', 'Be@@', 'zieh@@', 'ungen', 'mit', 'der', 'd@@', 'rit@@', 't@@', 'größ@@', 'ten', 'Wirtschafts@@', 'n@@', 'ation', 'der', 'Welt', 'zu', 'fes@@', 'tigen', '.']
2026-05-09 01:55:33,820 - DEBUG - joeynmt.training - 	Tokenized reference:  ['Mr', 'Mo@@', 'd@@', 'i', 'is', 'on', 'a', 'fi@@', 've', '@@@', '-@@', '@', 'day', 'tri@@', 'p', 'to', 'J@@', 'ap@@', 'an', 'to', 'streng@@', 'then', 'economic', 'ties', 'with', 'the', 'third', 'lar@@', 'ges@@', 't', 'econom@@', 'y', 'in', 'the', 'world', '.']
2026-05-09 01:55:33,820 - DEBUG - joeynmt.training - 	Tokenized hypothesis: ['I', 'would', 'like', 'to', 'the', 'President', ',', 'the', 'President', ',', 'the', 'President', ',', 'the', 'President', ',', 'the', 'President', ',', 'the', 'President', ',', 'the', 'President', ',', 'the', 'President', ',', 'the', 'President', ',', 'the', 'President', ',', 'the', 'President', ',', 'the', 'President', ',', 'the', 'President', ',', 'the', 'President', ',', 'the', 'President', ',', 'the', 'President', ',', 'the', 'President', ',', 'the', 'President', '.', '</s>']
2026-05-09 01:55:33,821 - INFO - joeynmt.training - 	Source:     Herr Modi befindet sich auf einer fünftägigen Reise nach Japan , um die wirtschaftlichen Beziehungen mit der drittgrößten Wirtschaftsnation der Welt zu festigen .
2026-05-09 01:55:33,821 - INFO - joeynmt.training - 	Reference:  Mr Modi is on a five @-@ day trip to Japan to strengthen economic ties with the third largest economy in the world .
2026-05-09 01:55:33,821 - INFO - joeynmt.training - 	Hypothesis: I would like to the President , the President , the President , the President , the President , the President , the President , the President , the President , the President , the President , the President , the President , the President , the President , the President , the President , the President .
2026-05-09 01:55:33,821 - INFO - joeynmt.training - Example #3
2026-05-09 01:55:33,821 - DEBUG - joeynmt.training - 	Tokenized source:     ['P@@', 'län@@', 'e', 'für', 'eine', 'stärk@@', 'ere', 'k@@', 'ern@@', 'techn@@', 'ische', 'Zusammenarbeit', 'stehen', 'ganz', 'ob@@', 'en', 'auf', 'der', 'Tag@@', 'es@@', 'ordnung', '.']
2026-05-09 01:55:33,821 - DEBUG - joeynmt.training - 	Tokenized reference:  ['high', 'on', 'the', 'agen@@', 'da', 'are', 'pl@@', 'ans', 'for', 'gre@@', 'ater', 'nu@@', 'clear', 'c@@', 'o', '@@@', '-@@', '@', 'operation', '.']
2026-05-09 01:55:33,821 - DEBUG - joeynmt.training - 	Tokenized hypothesis: ['the', 'Commission', 'is', 'a', '.', '</s>']
2026-05-09 01:55:33,821 - INFO - joeynmt.training - 	Source:     Pläne für eine stärkere kerntechnische Zusammenarbeit stehen ganz oben auf der Tagesordnung .
2026-05-09 01:55:33,821 - INFO - joeynmt.training - 	Reference:  high on the agenda are plans for greater nuclear co @-@ operation .
2026-05-09 01:55:33,821 - INFO - joeynmt.training - 	Hypothesis: the Commission is a .
2026-05-09 01:55:33,821 - INFO - joeynmt.training - Example #4
2026-05-09 01:55:33,821 - DEBUG - joeynmt.training - 	Tokenized source:     ['Berich@@', 'ten', 'zu@@', 'fol@@', 'ge', 'ho@@', 'fft', 'Indi@@', 'en', 'darüber', 'hinaus', 'auf', 'einen', 'Ver@@', 'trag', 'zur', 'Ver@@', 'tei@@', 'dig@@', 'ungs@@', 'zusammen@@', 'arbeit', 'zwischen', 'den', 'beiden', 'N@@', 'ationen', '.']
2026-05-09 01:55:33,821 - DEBUG - joeynmt.training - 	Tokenized reference:  ['Indi@@', 'a', 'is', 'also', 're@@', 'porte@@', 'dly', 'hop@@', 'ing', 'for', 'a', 'de@@', 'al', 'on', 'def@@', 'ence', 'c@@', 'oll@@', 'ab@@', 'or@@', 'ation', 'between', 'the', 'two', 'n@@', 'ations', '.']
2026-05-09 01:55:33,821 - DEBUG - joeynmt.training - 	Tokenized hypothesis: ['the', 'Commission', ',', 'the', 're@@', 'mo@@', 'ly', 'the', 're@@', 'mo@@', 'ly', '.', '</s>']
2026-05-09 01:55:33,821 - INFO - joeynmt.training - 	Source:     Berichten zufolge hofft Indien darüber hinaus auf einen Vertrag zur Verteidigungszusammenarbeit zwischen den beiden Nationen .
2026-05-09 01:55:33,821 - INFO - joeynmt.training - 	Reference:  India is also reportedly hoping for a deal on defence collaboration between the two nations .
2026-05-09 01:55:33,821 - INFO - joeynmt.training - 	Hypothesis: the Commission , the remoly the remoly .
2026-05-09 01:55:52,756 - INFO - joeynmt.training - Epoch   1, Step:     2100, Batch Loss:     3.478309, Batch Acc: 0.135557, Tokens per Sec:     4833, Lr: 0.000300
2026-05-09 01:56:11,029 - INFO - joeynmt.training - Epoch   1, Step:     2200, Batch Loss:     3.459652, Batch Acc: 0.140440, Tokens per Sec:     5000, Lr: 0.000300
2026-05-09 01:56:29,053 - INFO - joeynmt.training - Epoch   1, Step:     2300, Batch Loss:     3.536267, Batch Acc: 0.146593, Tokens per Sec:     5063, Lr: 0.000300
2026-05-09 01:56:46,748 - INFO - joeynmt.training - Epoch   1, Step:     2400, Batch Loss:     3.428781, Batch Acc: 0.158432, Tokens per Sec:     5073, Lr: 0.000300
2026-05-09 01:57:04,488 - INFO - joeynmt.training - Epoch   1, Step:     2500, Batch Loss:     3.305516, Batch Acc: 0.166552, Tokens per Sec:     5075, Lr: 0.000300
2026-05-09 01:57:04,488 - INFO - joeynmt.prediction - Predicting 500 example(s)... (Greedy decoding with min_output_length=1, max_output_length=-1, return_prob='none', generate_unk=True, repetition_penalty=-1, no_repeat_ngram_size=-1)
2026-05-09 01:58:08,961 - INFO - joeynmt.prediction - Evaluation result (greedy) loss:   3.59, ppl:  36.23, acc:   0.14, generation: 64.4644[sec], evaluation: 0.0000[sec]
2026-05-09 01:58:08,962 - INFO - joeynmt.training - Hooray! New best validation result [ppl]!
2026-05-09 01:58:09,051 - INFO - joeynmt.training - Example #0
2026-05-09 01:58:09,052 - DEBUG - joeynmt.training - 	Tokenized source:     ['die', 'Pre@@', 'mi@@', 'er@@', 'minist@@', 'er', 'Indi@@', 'ens', 'und', 'J@@', 'ap@@', 'ans', 'tra@@', 'fen', 'sich', 'in', 'T@@', 'ok@@', 'i@@', 'o', '.']
2026-05-09 01:58:09,052 - DEBUG - joeynmt.training - 	Tokenized reference:  ['Indi@@', 'a', 'and', 'J@@', 'ap@@', 'an', 'pri@@', 'me', 'minist@@', 'ers', 'me@@', 'et', 'in', 'T@@', 'ok@@', 'y@@', 'o']
2026-05-09 01:58:09,052 - DEBUG - joeynmt.training - 	Tokenized hypothesis: ['the', 'most', 'most', 'p@@', 'age', 'of', 'the', 'p@@', 'est', 'of', 'the', 'p@@', 'age', 'of', 'the', 'p@@', 'ac@@', 'tu@@', 'al', 'of', 'the', 'the', 'the', 'p@@', 'est', '.', '</s>']
2026-05-09 01:58:09,052 - INFO - joeynmt.training - 	Source:     die Premierminister Indiens und Japans trafen sich in Tokio .
2026-05-09 01:58:09,052 - INFO - joeynmt.training - 	Reference:  India and Japan prime ministers meet in Tokyo
2026-05-09 01:58:09,052 - INFO - joeynmt.training - 	Hypothesis: the most most page of the pest of the page of the pactual of the the the pest .
2026-05-09 01:58:09,052 - INFO - joeynmt.training - Example #1
2026-05-09 01:58:09,052 - DEBUG - joeynmt.training - 	Tokenized source:     ['Indi@@', 'ens', 'neu@@', 'er', 'Pre@@', 'mi@@', 'er@@', 'minist@@', 'er', 'N@@', 'ar@@', 'end@@', 'ra', 'Mo@@', 'd@@', 'i', 'tri@@', 'fft', 'bei', 's@@', 'einem', 'ersten', 'wichti@@', 'gen', 'Aus@@', 'land@@', 's@@', 'bes@@', 'u@@', 'ch', 'seit', 's@@', 'einem', 'W@@', 'ah@@', 'l@@', 'si@@', 'e@@', 'g', 'im', 'Ma@@', 'i', 'seinen', 'j@@', 'ap@@', 'an@@', 'ischen', 'Am@@', 'ts@@', 'k@@', 'olle@@', 'gen', 'S@@', 'hin@@', 'z@@', 'o', 'A@@', 'be', 'in', 'T@@', 'ok@@', 'o', ',', 'um', 'wirtschaf@@', 'tliche', 'und', 'sicher@@', 'heits@@', 'politische', 'Be@@', 'zieh@@', 'ungen', 'zu', 'bes@@', 'pre@@', 'chen', '.']
2026-05-09 01:58:09,052 - DEBUG - joeynmt.training - 	Tokenized reference:  ['Indi@@', 'a', '&apos;s', 'new', 'pri@@', 'me', 'minist@@', 'er', ',', 'N@@', 'ar@@', 'end@@', 'ra', 'Mo@@', 'd@@', 'i', ',', 'is', 'me@@', 'eting', 'his', 'J@@', 'ap@@', 'an@@', 'ese', 'coun@@', 'ter@@', 'part', ',', 'S@@', 'hin@@', 'z@@', 'o', 'A@@', 'be', ',', 'in', 'T@@', 'ok@@', 'y@@', 'o', 'to', 'disc@@', 'uss', 'economic', 'and', 'security', 'ties', ',', 'on', 'his', 'first', 'major', 'fore@@', 'ign', 'visi@@', 't', 'since', 'w@@', 'inn@@', 'ing', 'Ma@@', 'y', '&apos;s', 'elec@@', 'tion', '.']
2026-05-09 01:58:09,052 - DEBUG - joeynmt.training - 	Tokenized hypothesis: ['the', 'C@@', 'C@@', 'C@@', 'C@@', 'C@@', 'C@@', 'C@@', 'C@@', 'C@@', 'C@@', 'C@@', 'C@@', 'C@@', 'C@@', 'C@@', 'C@@', 'C@@', 'C@@', 'C@@', 'C@@', 'C@@', 'C@@', 'C@@', 'C@@', 'C@@', 'C@@', 'C@@', 'C@@', 'C@@', 'C@@', 'C@@', 'C@@', 'C@@', 'C@@', 'C@@', 'C@@', 'C@@', 'C@@', 'C@@', 'C@@', 'C@@', 'C@@', 'C@@', 'C@@', 'C@@', 'C@@', 'C@@', 'C@@', 'C@@', 'C@@', 'C@@', 'C@@', 'C@@', 'C@@', 'C@@', 'C@@', 'C@@', 'C@@', 'C@@', 'C@@', 'C@@', 'C@@', 'C@@', 'C@@', 'C@@', 'C@@', 'C@@', 'C@@', 'C@@', 'C@@', 'C@@', 'C@@', 'C@@', 'C@@', 'C@@', 'C@@', 'C@@', 'C@@', 'C@@', 'C@@', 'C@@', 'C@@', 'C@@', 'C@@', 'A@@', 'A@@', 'A@@', 'A@@', 'A@@', 'A@@', 'A@@', 'A@@', 'A@@', 'A@@', 'A@@', 'A@@', 'A@@', 'A@@', 'A@@', 'A@@', 'A@@', 'A@@', 'A@@', 'A@@', 'A@@', 'A@@', 'A@@', 'A@@', 'A@@', 'A@@', 'A@@', 'A@@', 'A@@', 'A@@', 'A@@', 'A@@', 'A@@', 'A@@', 'A@@', 'A@@', 'A@@', 'A@@', 'A@@', 'A@@', 'A@@', 'A@@', 'A@@', 'A@@', 'A@@', 'A@@', 'A@@', 'A@@', 'A@@', 'A@@', 'A@@', 'A@@', 'A@@']
2026-05-09 01:58:09,052 - INFO - joeynmt.training - 	Source:     Indiens neuer Premierminister Narendra Modi trifft bei seinem ersten wichtigen Auslandsbesuch seit seinem Wahlsieg im Mai seinen japanischen Amtskollegen Shinzo Abe in Toko , um wirtschaftliche und sicherheitspolitische Beziehungen zu besprechen .
2026-05-09 01:58:09,052 - INFO - joeynmt.training - 	Reference:  India &apos;s new prime minister , Narendra Modi , is meeting his Japanese counterpart , Shinzo Abe , in Tokyo to discuss economic and security ties , on his first major foreign visit since winning May &apos;s election .
2026-05-09 01:58:09,052 - INFO - joeynmt.training - 	Hypothesis: the CCCCCCCCCCCCCCCCCCCCCCCCCCCCCCCCCCCCCCCCCCCCCCCCCCCCCCCCCCCCCCCCCCCCCCCCCCCCCCCCCCCCAAAAAAAAAAAAAAAAAAAAAAAAAAAAAAAAAAAAAAAAAAAAAAAAAAAAA
2026-05-09 01:58:09,052 - INFO - joeynmt.training - Example #2
2026-05-09 01:58:09,052 - DEBUG - joeynmt.training - 	Tokenized source:     ['Herr', 'Mo@@', 'd@@', 'i', 'befindet', 'sich', 'auf', 'einer', 'fü@@', 'n@@', 'f@@', 'tä@@', 'gi@@', 'gen', 'Rei@@', 'se', 'nach', 'J@@', 'ap@@', 'an', ',', 'um', 'die', 'wirtschaf@@', 'tlichen', 'Be@@', 'zieh@@', 'ungen', 'mit', 'der', 'd@@', 'rit@@', 't@@', 'größ@@', 'ten', 'Wirtschafts@@', 'n@@', 'ation', 'der', 'Welt', 'zu', 'fes@@', 'tigen', '.']
2026-05-09 01:58:09,052 - DEBUG - joeynmt.training - 	Tokenized reference:  ['Mr', 'Mo@@', 'd@@', 'i', 'is', 'on', 'a', 'fi@@', 've', '@@@', '-@@', '@', 'day', 'tri@@', 'p', 'to', 'J@@', 'ap@@', 'an', 'to', 'streng@@', 'then', 'economic', 'ties', 'with', 'the', 'third', 'lar@@', 'ges@@', 't', 'econom@@', 'y', 'in', 'the', 'world', '.']
2026-05-09 01:58:09,052 - DEBUG - joeynmt.training - 	Tokenized hypothesis: ['Mr', 'President', ',', 'the', 'Commission', ',', 'the', 'Commission', ',', 'the', 'Commission', 'is', 'a', 'con@@', 'sequ@@', 'ent', 'of', 'the', 'Commission', ',', 'the', 'Commission', ',', 'the', 'Commission', ',', 'the', 'Commission', 'of', 'the', 'European', 'Union', ',', 'the', 'Commission', ',', 'the', 'European', 'Union', ',', 'the', 'Commission', '.', '</s>']
2026-05-09 01:58:09,052 - INFO - joeynmt.training - 	Source:     Herr Modi befindet sich auf einer fünftägigen Reise nach Japan , um die wirtschaftlichen Beziehungen mit der drittgrößten Wirtschaftsnation der Welt zu festigen .
2026-05-09 01:58:09,052 - INFO - joeynmt.training - 	Reference:  Mr Modi is on a five @-@ day trip to Japan to strengthen economic ties with the third largest economy in the world .
2026-05-09 01:58:09,052 - INFO - joeynmt.training - 	Hypothesis: Mr President , the Commission , the Commission , the Commission is a consequent of the Commission , the Commission , the Commission , the Commission of the European Union , the Commission , the European Union , the Commission .
2026-05-09 01:58:09,052 - INFO - joeynmt.training - Example #3
2026-05-09 01:58:09,052 - DEBUG - joeynmt.training - 	Tokenized source:     ['P@@', 'län@@', 'e', 'für', 'eine', 'stärk@@', 'ere', 'k@@', 'ern@@', 'techn@@', 'ische', 'Zusammenarbeit', 'stehen', 'ganz', 'ob@@', 'en', 'auf', 'der', 'Tag@@', 'es@@', 'ordnung', '.']
2026-05-09 01:58:09,052 - DEBUG - joeynmt.training - 	Tokenized reference:  ['high', 'on', 'the', 'agen@@', 'da', 'are', 'pl@@', 'ans', 'for', 'gre@@', 'ater', 'nu@@', 'clear', 'c@@', 'o', '@@@', '-@@', '@', 'operation', '.']
2026-05-09 01:58:09,052 - DEBUG - joeynmt.training - 	Tokenized hypothesis: ['the', 'Commission', 'is', 'a', 're@@', 'p@@', 'age', 'of', 'the', 'European', 'Union', ',', 'and', 'the', 'European', 'Union', ',', 'and', 'the', 'European', 'Union', '.', '</s>']
2026-05-09 01:58:09,053 - INFO - joeynmt.training - 	Source:     Pläne für eine stärkere kerntechnische Zusammenarbeit stehen ganz oben auf der Tagesordnung .
2026-05-09 01:58:09,053 - INFO - joeynmt.training - 	Reference:  high on the agenda are plans for greater nuclear co @-@ operation .
2026-05-09 01:58:09,053 - INFO - joeynmt.training - 	Hypothesis: the Commission is a repage of the European Union , and the European Union , and the European Union .
2026-05-09 01:58:09,053 - INFO - joeynmt.training - Example #4
2026-05-09 01:58:09,053 - DEBUG - joeynmt.training - 	Tokenized source:     ['Berich@@', 'ten', 'zu@@', 'fol@@', 'ge', 'ho@@', 'fft', 'Indi@@', 'en', 'darüber', 'hinaus', 'auf', 'einen', 'Ver@@', 'trag', 'zur', 'Ver@@', 'tei@@', 'dig@@', 'ungs@@', 'zusammen@@', 'arbeit', 'zwischen', 'den', 'beiden', 'N@@', 'ationen', '.']
2026-05-09 01:58:09,053 - DEBUG - joeynmt.training - 	Tokenized reference:  ['Indi@@', 'a', 'is', 'also', 're@@', 'porte@@', 'dly', 'hop@@', 'ing', 'for', 'a', 'de@@', 'al', 'on', 'def@@', 'ence', 'c@@', 'oll@@', 'ab@@', 'or@@', 'ation', 'between', 'the', 'two', 'n@@', 'ations', '.']
2026-05-09 01:58:09,053 - DEBUG - joeynmt.training - 	Tokenized hypothesis: ['the', 'Commission', 'is', 'a', 're@@', 'p@@', 'age', 'of', 'the', 'Commission', 'is', 'a', 're@@', 'form', 'of', 'the', 'European', 'Union', ',', 'the', 'European', 'Union', '.', '</s>']
2026-05-09 01:58:09,053 - INFO - joeynmt.training - 	Source:     Berichten zufolge hofft Indien darüber hinaus auf einen Vertrag zur Verteidigungszusammenarbeit zwischen den beiden Nationen .
2026-05-09 01:58:09,053 - INFO - joeynmt.training - 	Reference:  India is also reportedly hoping for a deal on defence collaboration between the two nations .
2026-05-09 01:58:09,053 - INFO - joeynmt.training - 	Hypothesis: the Commission is a repage of the Commission is a reform of the European Union , the European Union .
2026-05-09 01:58:26,906 - INFO - joeynmt.training - Epoch   1, Step:     2600, Batch Loss:     3.173229, Batch Acc: 0.180289, Tokens per Sec:     5151, Lr: 0.000300
2026-05-09 01:58:44,716 - INFO - joeynmt.training - Epoch   1, Step:     2700, Batch Loss:     3.226596, Batch Acc: 0.191925, Tokens per Sec:     5189, Lr: 0.000300
2026-05-09 01:59:02,272 - INFO - joeynmt.training - Epoch   1, Step:     2800, Batch Loss:     3.226163, Batch Acc: 0.196020, Tokens per Sec:     5239, Lr: 0.000300
2026-05-09 01:59:19,933 - INFO - joeynmt.training - Epoch   1, Step:     2900, Batch Loss:     3.161016, Batch Acc: 0.204315, Tokens per Sec:     5170, Lr: 0.000300
2026-05-09 01:59:37,662 - INFO - joeynmt.training - Epoch   1, Step:     3000, Batch Loss:     2.992170, Batch Acc: 0.209797, Tokens per Sec:     5198, Lr: 0.000300
2026-05-09 01:59:37,662 - INFO - joeynmt.prediction - Predicting 500 example(s)... (Greedy decoding with min_output_length=1, max_output_length=-1, return_prob='none', generate_unk=True, repetition_penalty=-1, no_repeat_ngram_size=-1)
2026-05-09 02:00:26,922 - INFO - joeynmt.prediction - Evaluation result (greedy) loss:   3.40, ppl:  29.92, acc:   0.16, generation: 49.2547[sec], evaluation: 0.0000[sec]
2026-05-09 02:00:26,923 - INFO - joeynmt.training - Hooray! New best validation result [ppl]!
2026-05-09 02:00:27,011 - INFO - joeynmt.helpers - delete models/deen_transformer_regular/500.ckpt
2026-05-09 02:00:27,014 - INFO - joeynmt.training - Example #0
2026-05-09 02:00:27,014 - DEBUG - joeynmt.training - 	Tokenized source:     ['die', 'Pre@@', 'mi@@', 'er@@', 'minist@@', 'er', 'Indi@@', 'ens', 'und', 'J@@', 'ap@@', 'ans', 'tra@@', 'fen', 'sich', 'in', 'T@@', 'ok@@', 'i@@', 'o', '.']
2026-05-09 02:00:27,014 - DEBUG - joeynmt.training - 	Tokenized reference:  ['Indi@@', 'a', 'and', 'J@@', 'ap@@', 'an', 'pri@@', 'me', 'minist@@', 'ers', 'me@@', 'et', 'in', 'T@@', 'ok@@', 'y@@', 'o']
2026-05-09 02:00:27,014 - DEBUG - joeynmt.training - 	Tokenized hypothesis: ['the', 'same', 'p@@', 'le', 'is', 'a', 'a', 'a', 'a', 'a', 'a', 'a', 'a', 'a', 'a', 'a', 'a', 'a', 'a', 'a', 'a', 'a', 'a', 'a', 'a', 'a', 'a', 'a', 'a', 'a', 'a', 'a', 'a', 'a', 'a', 'a', 'a', 'a', 'a', 'a', 'a', 'a', '.', '</s>']
2026-05-09 02:00:27,014 - INFO - joeynmt.training - 	Source:     die Premierminister Indiens und Japans trafen sich in Tokio .
2026-05-09 02:00:27,014 - INFO - joeynmt.training - 	Reference:  India and Japan prime ministers meet in Tokyo
2026-05-09 02:00:27,014 - INFO - joeynmt.training - 	Hypothesis: the same ple is a a a a a a a a a a a a a a a a a a a a a a a a a a a a a a a a a a a a a .
2026-05-09 02:00:27,014 - INFO - joeynmt.training - Example #1
2026-05-09 02:00:27,015 - DEBUG - joeynmt.training - 	Tokenized source:     ['Indi@@', 'ens', 'neu@@', 'er', 'Pre@@', 'mi@@', 'er@@', 'minist@@', 'er', 'N@@', 'ar@@', 'end@@', 'ra', 'Mo@@', 'd@@', 'i', 'tri@@', 'fft', 'bei', 's@@', 'einem', 'ersten', 'wichti@@', 'gen', 'Aus@@', 'land@@', 's@@', 'bes@@', 'u@@', 'ch', 'seit', 's@@', 'einem', 'W@@', 'ah@@', 'l@@', 'si@@', 'e@@', 'g', 'im', 'Ma@@', 'i', 'seinen', 'j@@', 'ap@@', 'an@@', 'ischen', 'Am@@', 'ts@@', 'k@@', 'olle@@', 'gen', 'S@@', 'hin@@', 'z@@', 'o', 'A@@', 'be', 'in', 'T@@', 'ok@@', 'o', ',', 'um', 'wirtschaf@@', 'tliche', 'und', 'sicher@@', 'heits@@', 'politische', 'Be@@', 'zieh@@', 'ungen', 'zu', 'bes@@', 'pre@@', 'chen', '.']
2026-05-09 02:00:27,015 - DEBUG - joeynmt.training - 	Tokenized reference:  ['Indi@@', 'a', '&apos;s', 'new', 'pri@@', 'me', 'minist@@', 'er', ',', 'N@@', 'ar@@', 'end@@', 'ra', 'Mo@@', 'd@@', 'i', ',', 'is', 'me@@', 'eting', 'his', 'J@@', 'ap@@', 'an@@', 'ese', 'coun@@', 'ter@@', 'part', ',', 'S@@', 'hin@@', 'z@@', 'o', 'A@@', 'be', ',', 'in', 'T@@', 'ok@@', 'y@@', 'o', 'to', 'disc@@', 'uss', 'economic', 'and', 'security', 'ties', ',', 'on', 'his', 'first', 'major', 'fore@@', 'ign', 'visi@@', 't', 'since', 'w@@', 'inn@@', 'ing', 'Ma@@', 'y', '&apos;s', 'elec@@', 'tion', '.']
2026-05-09 02:00:27,015 - DEBUG - joeynmt.training - 	Tokenized hypothesis: ['the', 'C@@', 'C@@', 'C@@', 'C@@', 'C@@', 'C@@', 'C@@', 'A', ',', 'the', 'C@@', 'C@@', 'C@@', 'C@@', 'A', ',', 'the', 'C@@', 'C@@', 'C@@', 'A', ',', 'the', 'C@@', 'C@@', 'C@@', 'C@@', 'A', ',', 'the', 'C@@', 'C@@', 'A', ',', 'the', 'C@@', 'C@@', 'A', ',', 'the', 'C@@', 'C@@', 'C@@', 'A', ',', 'the', 'C@@', 'C@@', 'A', ',', 'the', 'C@@', 'C@@', 'or@@', 'e', ',', 'the', 'C@@', 'C@@', 'C@@', 'C@@', 'C@@', 'C@@', 'A', ',', 'the', 'C@@', 'C@@', 'C@@', 'C@@', 'A', ',', 'the', 'C@@', 'C@@', 'C@@', 'C@@', 'C@@', 'C@@', 'C@@', 'C@@', 'C@@', 'C@@', 'C@@', 'C@@', 'A', ',', 'the', 'C@@', 'C@@', 'C@@', 'C@@', 'C@@', 'C@@', 'C@@', 'or@@', 'a', '.', '</s>']
2026-05-09 02:00:27,015 - INFO - joeynmt.training - 	Source:     Indiens neuer Premierminister Narendra Modi trifft bei seinem ersten wichtigen Auslandsbesuch seit seinem Wahlsieg im Mai seinen japanischen Amtskollegen Shinzo Abe in Toko , um wirtschaftliche und sicherheitspolitische Beziehungen zu besprechen .
2026-05-09 02:00:27,015 - INFO - joeynmt.training - 	Reference:  India &apos;s new prime minister , Narendra Modi , is meeting his Japanese counterpart , Shinzo Abe , in Tokyo to discuss economic and security ties , on his first major foreign visit since winning May &apos;s election .
2026-05-09 02:00:27,015 - INFO - joeynmt.training - 	Hypothesis: the CCCCCCCA , the CCCCA , the CCCA , the CCCCA , the CCA , the CCA , the CCCA , the CCA , the CCore , the CCCCCCA , the CCCCA , the CCCCCCCCCCCCA , the CCCCCCCora .
2026-05-09 02:00:27,015 - INFO - joeynmt.training - Example #2
2026-05-09 02:00:27,015 - DEBUG - joeynmt.training - 	Tokenized source:     ['Herr', 'Mo@@', 'd@@', 'i', 'befindet', 'sich', 'auf', 'einer', 'fü@@', 'n@@', 'f@@', 'tä@@', 'gi@@', 'gen', 'Rei@@', 'se', 'nach', 'J@@', 'ap@@', 'an', ',', 'um', 'die', 'wirtschaf@@', 'tlichen', 'Be@@', 'zieh@@', 'ungen', 'mit', 'der', 'd@@', 'rit@@', 't@@', 'größ@@', 'ten', 'Wirtschafts@@', 'n@@', 'ation', 'der', 'Welt', 'zu', 'fes@@', 'tigen', '.']
2026-05-09 02:00:27,015 - DEBUG - joeynmt.training - 	Tokenized reference:  ['Mr', 'Mo@@', 'd@@', 'i', 'is', 'on', 'a', 'fi@@', 've', '@@@', '-@@', '@', 'day', 'tri@@', 'p', 'to', 'J@@', 'ap@@', 'an', 'to', 'streng@@', 'then', 'economic', 'ties', 'with', 'the', 'third', 'lar@@', 'ges@@', 't', 'econom@@', 'y', 'in', 'the', 'world', '.']
2026-05-09 02:00:27,015 - DEBUG - joeynmt.training - 	Tokenized hypothesis: ['Mr', 'President', ',', 'the', 'C@@', 'or@@', 'e', 'of', 'the', 'C@@', 'or@@', 'e', 'of', 'the', 'C@@', 'or@@', 'e', 'of', 'the', 'C@@', 'or@@', 'e', 'of', 'the', 'C@@', 'or@@', 'e', 'of', 'the', 'C@@', 'C@@', 'or@@', 'e', 'of', 'the', 'C@@', 'our@@', 't', 'of', 'the', 'C@@', 'or@@', 'e', 'of', 'the', 'C@@', 'or@@', 'e', 'of', 'the', 'European', 'Union', '.', '</s>']
2026-05-09 02:00:27,015 - INFO - joeynmt.training - 	Source:     Herr Modi befindet sich auf einer fünftägigen Reise nach Japan , um die wirtschaftlichen Beziehungen mit der drittgrößten Wirtschaftsnation der Welt zu festigen .
2026-05-09 02:00:27,015 - INFO - joeynmt.training - 	Reference:  Mr Modi is on a five @-@ day trip to Japan to strengthen economic ties with the third largest economy in the world .
2026-05-09 02:00:27,015 - INFO - joeynmt.training - 	Hypothesis: Mr President , the Core of the Core of the Core of the Core of the Core of the CCore of the Court of the Core of the Core of the European Union .
2026-05-09 02:00:27,015 - INFO - joeynmt.training - Example #3
2026-05-09 02:00:27,015 - DEBUG - joeynmt.training - 	Tokenized source:     ['P@@', 'län@@', 'e', 'für', 'eine', 'stärk@@', 'ere', 'k@@', 'ern@@', 'techn@@', 'ische', 'Zusammenarbeit', 'stehen', 'ganz', 'ob@@', 'en', 'auf', 'der', 'Tag@@', 'es@@', 'ordnung', '.']
2026-05-09 02:00:27,015 - DEBUG - joeynmt.training - 	Tokenized reference:  ['high', 'on', 'the', 'agen@@', 'da', 'are', 'pl@@', 'ans', 'for', 'gre@@', 'ater', 'nu@@', 'clear', 'c@@', 'o', '@@@', '-@@', '@', 'operation', '.']
2026-05-09 02:00:27,015 - DEBUG - joeynmt.training - 	Tokenized hypothesis: ['the', 'same', 'time', ',', 'the', 'same', 'time', ',', 'the', 'same', 'time', '.', '</s>']
2026-05-09 02:00:27,015 - INFO - joeynmt.training - 	Source:     Pläne für eine stärkere kerntechnische Zusammenarbeit stehen ganz oben auf der Tagesordnung .
2026-05-09 02:00:27,015 - INFO - joeynmt.training - 	Reference:  high on the agenda are plans for greater nuclear co @-@ operation .
2026-05-09 02:00:27,015 - INFO - joeynmt.training - 	Hypothesis: the same time , the same time , the same time .
2026-05-09 02:00:27,015 - INFO - joeynmt.training - Example #4
2026-05-09 02:00:27,015 - DEBUG - joeynmt.training - 	Tokenized source:     ['Berich@@', 'ten', 'zu@@', 'fol@@', 'ge', 'ho@@', 'fft', 'Indi@@', 'en', 'darüber', 'hinaus', 'auf', 'einen', 'Ver@@', 'trag', 'zur', 'Ver@@', 'tei@@', 'dig@@', 'ungs@@', 'zusammen@@', 'arbeit', 'zwischen', 'den', 'beiden', 'N@@', 'ationen', '.']
2026-05-09 02:00:27,015 - DEBUG - joeynmt.training - 	Tokenized reference:  ['Indi@@', 'a', 'is', 'also', 're@@', 'porte@@', 'dly', 'hop@@', 'ing', 'for', 'a', 'de@@', 'al', 'on', 'def@@', 'ence', 'c@@', 'oll@@', 'ab@@', 'or@@', 'ation', 'between', 'the', 'two', 'n@@', 'ations', '.']
2026-05-09 02:00:27,015 - DEBUG - joeynmt.training - 	Tokenized hypothesis: ['it', 'is', 'a', 'very', 'very', 'very', 'very', 'to', 'the', 'EU', '&apos;s', 're@@', 'form', 'of', 'the', 'European', 'Union', '.', '</s>']
2026-05-09 02:00:27,015 - INFO - joeynmt.training - 	Source:     Berichten zufolge hofft Indien darüber hinaus auf einen Vertrag zur Verteidigungszusammenarbeit zwischen den beiden Nationen .
2026-05-09 02:00:27,016 - INFO - joeynmt.training - 	Reference:  India is also reportedly hoping for a deal on defence collaboration between the two nations .
2026-05-09 02:00:27,016 - INFO - joeynmt.training - 	Hypothesis: it is a very very very very to the EU &apos;s reform of the European Union .
2026-05-09 02:00:44,878 - INFO - joeynmt.training - Epoch   1, Step:     3100, Batch Loss:     3.016809, Batch Acc: 0.217174, Tokens per Sec:     5176, Lr: 0.000300
2026-05-09 02:01:02,886 - INFO - joeynmt.training - Epoch   1, Step:     3200, Batch Loss:     2.878747, Batch Acc: 0.222783, Tokens per Sec:     5058, Lr: 0.000300
2026-05-09 02:01:20,890 - INFO - joeynmt.training - Epoch   1, Step:     3300, Batch Loss:     2.970380, Batch Acc: 0.226881, Tokens per Sec:     5069, Lr: 0.000300
2026-05-09 02:01:38,940 - INFO - joeynmt.training - Epoch   1, Step:     3400, Batch Loss:     2.808966, Batch Acc: 0.232374, Tokens per Sec:     5149, Lr: 0.000300
2026-05-09 02:01:56,971 - INFO - joeynmt.training - Epoch   1, Step:     3500, Batch Loss:     2.828151, Batch Acc: 0.231334, Tokens per Sec:     5087, Lr: 0.000300
2026-05-09 02:01:56,971 - INFO - joeynmt.prediction - Predicting 500 example(s)... (Greedy decoding with min_output_length=1, max_output_length=-1, return_prob='none', generate_unk=True, repetition_penalty=-1, no_repeat_ngram_size=-1)
2026-05-09 02:02:47,369 - INFO - joeynmt.prediction - Evaluation result (greedy) loss:   3.28, ppl:  26.48, acc:   0.18, generation: 50.3926[sec], evaluation: 0.0000[sec]
2026-05-09 02:02:47,371 - INFO - joeynmt.training - Hooray! New best validation result [ppl]!
2026-05-09 02:02:47,459 - INFO - joeynmt.helpers - delete models/deen_transformer_regular/1000.ckpt
2026-05-09 02:02:47,459 - INFO - joeynmt.training - Example #0
2026-05-09 02:02:47,459 - DEBUG - joeynmt.training - 	Tokenized source:     ['die', 'Pre@@', 'mi@@', 'er@@', 'minist@@', 'er', 'Indi@@', 'ens', 'und', 'J@@', 'ap@@', 'ans', 'tra@@', 'fen', 'sich', 'in', 'T@@', 'ok@@', 'i@@', 'o', '.']
2026-05-09 02:02:47,459 - DEBUG - joeynmt.training - 	Tokenized reference:  ['Indi@@', 'a', 'and', 'J@@', 'ap@@', 'an', 'pri@@', 'me', 'minist@@', 'ers', 'me@@', 'et', 'in', 'T@@', 'ok@@', 'y@@', 'o']
2026-05-09 02:02:47,459 - DEBUG - joeynmt.training - 	Tokenized hypothesis: ['the', 'C@@', 'as@@', 'tic', 'is', 'the', 'most', 'of', 'the', 'C@@', 'as@@', 'tic', '.', '</s>']
2026-05-09 02:02:47,460 - INFO - joeynmt.training - 	Source:     die Premierminister Indiens und Japans trafen sich in Tokio .
2026-05-09 02:02:47,460 - INFO - joeynmt.training - 	Reference:  India and Japan prime ministers meet in Tokyo
2026-05-09 02:02:47,460 - INFO - joeynmt.training - 	Hypothesis: the Castic is the most of the Castic .
2026-05-09 02:02:47,460 - INFO - joeynmt.training - Example #1
2026-05-09 02:02:47,460 - DEBUG - joeynmt.training - 	Tokenized source:     ['Indi@@', 'ens', 'neu@@', 'er', 'Pre@@', 'mi@@', 'er@@', 'minist@@', 'er', 'N@@', 'ar@@', 'end@@', 'ra', 'Mo@@', 'd@@', 'i', 'tri@@', 'fft', 'bei', 's@@', 'einem', 'ersten', 'wichti@@', 'gen', 'Aus@@', 'land@@', 's@@', 'bes@@', 'u@@', 'ch', 'seit', 's@@', 'einem', 'W@@', 'ah@@', 'l@@', 'si@@', 'e@@', 'g', 'im', 'Ma@@', 'i', 'seinen', 'j@@', 'ap@@', 'an@@', 'ischen', 'Am@@', 'ts@@', 'k@@', 'olle@@', 'gen', 'S@@', 'hin@@', 'z@@', 'o', 'A@@', 'be', 'in', 'T@@', 'ok@@', 'o', ',', 'um', 'wirtschaf@@', 'tliche', 'und', 'sicher@@', 'heits@@', 'politische', 'Be@@', 'zieh@@', 'ungen', 'zu', 'bes@@', 'pre@@', 'chen', '.']
2026-05-09 02:02:47,460 - DEBUG - joeynmt.training - 	Tokenized reference:  ['Indi@@', 'a', '&apos;s', 'new', 'pri@@', 'me', 'minist@@', 'er', ',', 'N@@', 'ar@@', 'end@@', 'ra', 'Mo@@', 'd@@', 'i', ',', 'is', 'me@@', 'eting', 'his', 'J@@', 'ap@@', 'an@@', 'ese', 'coun@@', 'ter@@', 'part', ',', 'S@@', 'hin@@', 'z@@', 'o', 'A@@', 'be', ',', 'in', 'T@@', 'ok@@', 'y@@', 'o', 'to', 'disc@@', 'uss', 'economic', 'and', 'security', 'ties', ',', 'on', 'his', 'first', 'major', 'fore@@', 'ign', 'visi@@', 't', 'since', 'w@@', 'inn@@', 'ing', 'Ma@@', 'y', '&apos;s', 'elec@@', 'tion', '.']
2026-05-09 02:02:47,460 - DEBUG - joeynmt.training - 	Tokenized hypothesis: ['the', 'C@@', 'an@@', 'an@@', 'an@@', 'an@@', 'an@@', 'an@@', 'ts', 'of', 'the', 'C@@', 'an@@', 'an@@', 'an@@', 'an@@', 'an@@', 'an@@', 'an@@', 'an@@', 'an@@', 'an@@', 'an@@', 'ts', ',', 'the', 'C@@', 'as@@', 'a', ',', 'and', 'the', 'C@@', 'an@@', 'an@@', 'an@@', 'an@@', 'an@@', 'an@@', 'an@@', 'an@@', 'an@@', 'an@@', 'an@@', 'an@@', 'an@@', 'an@@', 'an@@', 'an@@', 'ts', ',', 'and', 'the', 'C@@', 'or@@', 'or@@', 'or@@', 'or@@', 'or@@', 't@@', 'ory', 'of', 'the', 'C@@', 'as@@', 'tic', '.', '</s>']
2026-05-09 02:02:47,460 - INFO - joeynmt.training - 	Source:     Indiens neuer Premierminister Narendra Modi trifft bei seinem ersten wichtigen Auslandsbesuch seit seinem Wahlsieg im Mai seinen japanischen Amtskollegen Shinzo Abe in Toko , um wirtschaftliche und sicherheitspolitische Beziehungen zu besprechen .
2026-05-09 02:02:47,460 - INFO - joeynmt.training - 	Reference:  India &apos;s new prime minister , Narendra Modi , is meeting his Japanese counterpart , Shinzo Abe , in Tokyo to discuss economic and security ties , on his first major foreign visit since winning May &apos;s election .
2026-05-09 02:02:47,460 - INFO - joeynmt.training - 	Hypothesis: the Canananananants of the Cananananananananananants , the Casa , and the Canananananananananananananananants , and the Cororororortory of the Castic .
2026-05-09 02:02:47,460 - INFO - joeynmt.training - Example #2
2026-05-09 02:02:47,460 - DEBUG - joeynmt.training - 	Tokenized source:     ['Herr', 'Mo@@', 'd@@', 'i', 'befindet', 'sich', 'auf', 'einer', 'fü@@', 'n@@', 'f@@', 'tä@@', 'gi@@', 'gen', 'Rei@@', 'se', 'nach', 'J@@', 'ap@@', 'an', ',', 'um', 'die', 'wirtschaf@@', 'tlichen', 'Be@@', 'zieh@@', 'ungen', 'mit', 'der', 'd@@', 'rit@@', 't@@', 'größ@@', 'ten', 'Wirtschafts@@', 'n@@', 'ation', 'der', 'Welt', 'zu', 'fes@@', 'tigen', '.']
2026-05-09 02:02:47,460 - DEBUG - joeynmt.training - 	Tokenized reference:  ['Mr', 'Mo@@', 'd@@', 'i', 'is', 'on', 'a', 'fi@@', 've', '@@@', '-@@', '@', 'day', 'tri@@', 'p', 'to', 'J@@', 'ap@@', 'an', 'to', 'streng@@', 'then', 'economic', 'ties', 'with', 'the', 'third', 'lar@@', 'ges@@', 't', 'econom@@', 'y', 'in', 'the', 'world', '.']
2026-05-09 02:02:47,460 - DEBUG - joeynmt.training - 	Tokenized hypothesis: ['Mr', 'President', ',', 'the', 'European', 'Union', 'is', 'the', 'European', 'Union', ',', 'the', 'European', 'Union', ',', 'the', 'European', 'Union', ',', 'and', 'the', 'European', 'Union', ',', 'and', 'the', 'European', 'Union', 'of', 'the', 'European', 'Union', '.', '</s>']
2026-05-09 02:02:47,460 - INFO - joeynmt.training - 	Source:     Herr Modi befindet sich auf einer fünftägigen Reise nach Japan , um die wirtschaftlichen Beziehungen mit der drittgrößten Wirtschaftsnation der Welt zu festigen .
2026-05-09 02:02:47,460 - INFO - joeynmt.training - 	Reference:  Mr Modi is on a five @-@ day trip to Japan to strengthen economic ties with the third largest economy in the world .
2026-05-09 02:02:47,460 - INFO - joeynmt.training - 	Hypothesis: Mr President , the European Union is the European Union , the European Union , the European Union , and the European Union , and the European Union of the European Union .
2026-05-09 02:02:47,460 - INFO - joeynmt.training - Example #3
2026-05-09 02:02:47,460 - DEBUG - joeynmt.training - 	Tokenized source:     ['P@@', 'län@@', 'e', 'für', 'eine', 'stärk@@', 'ere', 'k@@', 'ern@@', 'techn@@', 'ische', 'Zusammenarbeit', 'stehen', 'ganz', 'ob@@', 'en', 'auf', 'der', 'Tag@@', 'es@@', 'ordnung', '.']
2026-05-09 02:02:47,460 - DEBUG - joeynmt.training - 	Tokenized reference:  ['high', 'on', 'the', 'agen@@', 'da', 'are', 'pl@@', 'ans', 'for', 'gre@@', 'ater', 'nu@@', 'clear', 'c@@', 'o', '@@@', '-@@', '@', 'operation', '.']
2026-05-09 02:02:47,460 - DEBUG - joeynmt.training - 	Tokenized hypothesis: ['the', 'Council', 'is', 'the', 'European', 'Union', 'is', 'the', 'right', 'of', 'the', 'European', 'Union', '.', '</s>']
2026-05-09 02:02:47,460 - INFO - joeynmt.training - 	Source:     Pläne für eine stärkere kerntechnische Zusammenarbeit stehen ganz oben auf der Tagesordnung .
2026-05-09 02:02:47,460 - INFO - joeynmt.training - 	Reference:  high on the agenda are plans for greater nuclear co @-@ operation .
2026-05-09 02:02:47,460 - INFO - joeynmt.training - 	Hypothesis: the Council is the European Union is the right of the European Union .
2026-05-09 02:02:47,460 - INFO - joeynmt.training - Example #4
2026-05-09 02:02:47,461 - DEBUG - joeynmt.training - 	Tokenized source:     ['Berich@@', 'ten', 'zu@@', 'fol@@', 'ge', 'ho@@', 'fft', 'Indi@@', 'en', 'darüber', 'hinaus', 'auf', 'einen', 'Ver@@', 'trag', 'zur', 'Ver@@', 'tei@@', 'dig@@', 'ungs@@', 'zusammen@@', 'arbeit', 'zwischen', 'den', 'beiden', 'N@@', 'ationen', '.']
2026-05-09 02:02:47,461 - DEBUG - joeynmt.training - 	Tokenized reference:  ['Indi@@', 'a', 'is', 'also', 're@@', 'porte@@', 'dly', 'hop@@', 'ing', 'for', 'a', 'de@@', 'al', 'on', 'def@@', 'ence', 'c@@', 'oll@@', 'ab@@', 'or@@', 'ation', 'between', 'the', 'two', 'n@@', 'ations', '.']
2026-05-09 02:02:47,461 - DEBUG - joeynmt.training - 	Tokenized hypothesis: ['the', 'Council', 'is', 'the', 'Council', 'to', 'the', 'Council', 'to', 'the', 'Council', 'to', 'the', 'Council', 'to', 'the', 'Council', '.', '</s>']
2026-05-09 02:02:47,461 - INFO - joeynmt.training - 	Source:     Berichten zufolge hofft Indien darüber hinaus auf einen Vertrag zur Verteidigungszusammenarbeit zwischen den beiden Nationen .
2026-05-09 02:02:47,461 - INFO - joeynmt.training - 	Reference:  India is also reportedly hoping for a deal on defence collaboration between the two nations .
2026-05-09 02:02:47,461 - INFO - joeynmt.training - 	Hypothesis: the Council is the Council to the Council to the Council to the Council to the Council .
2026-05-09 02:03:05,013 - INFO - joeynmt.training - Epoch   1, Step:     3600, Batch Loss:     3.142938, Batch Acc: 0.236248, Tokens per Sec:     5229, Lr: 0.000300
2026-05-09 02:03:22,751 - INFO - joeynmt.training - Epoch   1, Step:     3700, Batch Loss:     2.816828, Batch Acc: 0.236433, Tokens per Sec:     5205, Lr: 0.000300
2026-05-09 02:03:40,874 - INFO - joeynmt.training - Epoch   1, Step:     3800, Batch Loss:     2.931647, Batch Acc: 0.244168, Tokens per Sec:     5097, Lr: 0.000300
2026-05-09 02:03:58,727 - INFO - joeynmt.training - Epoch   1, Step:     3900, Batch Loss:     2.827229, Batch Acc: 0.247020, Tokens per Sec:     5207, Lr: 0.000300
2026-05-09 02:04:16,802 - INFO - joeynmt.training - Epoch   1, Step:     4000, Batch Loss:     2.759749, Batch Acc: 0.253226, Tokens per Sec:     5098, Lr: 0.000300
2026-05-09 02:04:16,804 - INFO - joeynmt.prediction - Predicting 500 example(s)... (Greedy decoding with min_output_length=1, max_output_length=-1, return_prob='none', generate_unk=True, repetition_penalty=-1, no_repeat_ngram_size=-1)
2026-05-09 02:04:49,513 - INFO - joeynmt.prediction - Evaluation result (greedy) loss:   3.20, ppl:  24.56, acc:   0.20, generation: 32.7043[sec], evaluation: 0.0000[sec]
2026-05-09 02:04:49,515 - INFO - joeynmt.training - Hooray! New best validation result [ppl]!
2026-05-09 02:04:49,606 - INFO - joeynmt.helpers - delete models/deen_transformer_regular/1500.ckpt
2026-05-09 02:04:49,607 - INFO - joeynmt.training - Example #0
2026-05-09 02:04:49,607 - DEBUG - joeynmt.training - 	Tokenized source:     ['die', 'Pre@@', 'mi@@', 'er@@', 'minist@@', 'er', 'Indi@@', 'ens', 'und', 'J@@', 'ap@@', 'ans', 'tra@@', 'fen', 'sich', 'in', 'T@@', 'ok@@', 'i@@', 'o', '.']
2026-05-09 02:04:49,607 - DEBUG - joeynmt.training - 	Tokenized reference:  ['Indi@@', 'a', 'and', 'J@@', 'ap@@', 'an', 'pri@@', 'me', 'minist@@', 'ers', 'me@@', 'et', 'in', 'T@@', 'ok@@', 'y@@', 'o']
2026-05-09 02:04:49,607 - DEBUG - joeynmt.training - 	Tokenized hypothesis: ['the', 'hotel', 'is', 'the', 'most', 'important', 'and', 'the', 'most', 'of', 'the', 'world', '.', '</s>']
2026-05-09 02:04:49,607 - INFO - joeynmt.training - 	Source:     die Premierminister Indiens und Japans trafen sich in Tokio .
2026-05-09 02:04:49,607 - INFO - joeynmt.training - 	Reference:  India and Japan prime ministers meet in Tokyo
2026-05-09 02:04:49,607 - INFO - joeynmt.training - 	Hypothesis: the hotel is the most important and the most of the world .
2026-05-09 02:04:49,607 - INFO - joeynmt.training - Example #1
2026-05-09 02:04:49,607 - DEBUG - joeynmt.training - 	Tokenized source:     ['Indi@@', 'ens', 'neu@@', 'er', 'Pre@@', 'mi@@', 'er@@', 'minist@@', 'er', 'N@@', 'ar@@', 'end@@', 'ra', 'Mo@@', 'd@@', 'i', 'tri@@', 'fft', 'bei', 's@@', 'einem', 'ersten', 'wichti@@', 'gen', 'Aus@@', 'land@@', 's@@', 'bes@@', 'u@@', 'ch', 'seit', 's@@', 'einem', 'W@@', 'ah@@', 'l@@', 'si@@', 'e@@', 'g', 'im', 'Ma@@', 'i', 'seinen', 'j@@', 'ap@@', 'an@@', 'ischen', 'Am@@', 'ts@@', 'k@@', 'olle@@', 'gen', 'S@@', 'hin@@', 'z@@', 'o', 'A@@', 'be', 'in', 'T@@', 'ok@@', 'o', ',', 'um', 'wirtschaf@@', 'tliche', 'und', 'sicher@@', 'heits@@', 'politische', 'Be@@', 'zieh@@', 'ungen', 'zu', 'bes@@', 'pre@@', 'chen', '.']
2026-05-09 02:04:49,607 - DEBUG - joeynmt.training - 	Tokenized reference:  ['Indi@@', 'a', '&apos;s', 'new', 'pri@@', 'me', 'minist@@', 'er', ',', 'N@@', 'ar@@', 'end@@', 'ra', 'Mo@@', 'd@@', 'i', ',', 'is', 'me@@', 'eting', 'his', 'J@@', 'ap@@', 'an@@', 'ese', 'coun@@', 'ter@@', 'part', ',', 'S@@', 'hin@@', 'z@@', 'o', 'A@@', 'be', ',', 'in', 'T@@', 'ok@@', 'y@@', 'o', 'to', 'disc@@', 'uss', 'economic', 'and', 'security', 'ties', ',', 'on', 'his', 'first', 'major', 'fore@@', 'ign', 'visi@@', 't', 'since', 'w@@', 'inn@@', 'ing', 'Ma@@', 'y', '&apos;s', 'elec@@', 'tion', '.']
2026-05-09 02:04:49,607 - DEBUG - joeynmt.training - 	Tokenized hypothesis: ['the', 'first', 'of', 'the', 'C@@', 'a@@', 'a@@', 'a@@', 'a@@', 'ware', 'of', 'the', 'C@@', 'an@@', 'an@@', 'an@@', 'an@@', 'an@@', 'an@@', 'an@@', 'an@@', 'ces', 'in', 'the', 'C@@', 'an@@', 'an@@', 'an@@', 'an@@', 'ia', ',', 'and', 'the', 'C@@', 'our@@', 't', 'of', 'the', 'C@@', 'a@@', 'a@@', 'a@@', 'a@@', 'th@@', 'us', 'of', 'the', 'C@@', 'an@@', 'an@@', 'an@@', 'an@@', 'ia', ',', 'and', 'the', 'C@@', 'a@@', 'a@@', 'a@@', 'a@@', 'th@@', 'us', 'of', 'the', 'S@@', 'outh', '&apos;s', '&apos;s', '&apos;s', '&apos;s', '&apos;s', 're@@', 'stri@@', 'ct', 'of', 'the', 'world', '.', '</s>']
2026-05-09 02:04:49,608 - INFO - joeynmt.training - 	Source:     Indiens neuer Premierminister Narendra Modi trifft bei seinem ersten wichtigen Auslandsbesuch seit seinem Wahlsieg im Mai seinen japanischen Amtskollegen Shinzo Abe in Toko , um wirtschaftliche und sicherheitspolitische Beziehungen zu besprechen .
2026-05-09 02:04:49,608 - INFO - joeynmt.training - 	Reference:  India &apos;s new prime minister , Narendra Modi , is meeting his Japanese counterpart , Shinzo Abe , in Tokyo to discuss economic and security ties , on his first major foreign visit since winning May &apos;s election .
2026-05-09 02:04:49,608 - INFO - joeynmt.training - 	Hypothesis: the first of the Caaaaware of the Canananananananances in the Canananania , and the Court of the Caaaathus of the Canananania , and the Caaaathus of the South &apos;s &apos;s &apos;s &apos;s &apos;s restrict of the world .
2026-05-09 02:04:49,608 - INFO - joeynmt.training - Example #2
2026-05-09 02:04:49,608 - DEBUG - joeynmt.training - 	Tokenized source:     ['Herr', 'Mo@@', 'd@@', 'i', 'befindet', 'sich', 'auf', 'einer', 'fü@@', 'n@@', 'f@@', 'tä@@', 'gi@@', 'gen', 'Rei@@', 'se', 'nach', 'J@@', 'ap@@', 'an', ',', 'um', 'die', 'wirtschaf@@', 'tlichen', 'Be@@', 'zieh@@', 'ungen', 'mit', 'der', 'd@@', 'rit@@', 't@@', 'größ@@', 'ten', 'Wirtschafts@@', 'n@@', 'ation', 'der', 'Welt', 'zu', 'fes@@', 'tigen', '.']
2026-05-09 02:04:49,608 - DEBUG - joeynmt.training - 	Tokenized reference:  ['Mr', 'Mo@@', 'd@@', 'i', 'is', 'on', 'a', 'fi@@', 've', '@@@', '-@@', '@', 'day', 'tri@@', 'p', 'to', 'J@@', 'ap@@', 'an', 'to', 'streng@@', 'then', 'economic', 'ties', 'with', 'the', 'third', 'lar@@', 'ges@@', 't', 'econom@@', 'y', 'in', 'the', 'world', '.']
2026-05-09 02:04:49,608 - DEBUG - joeynmt.training - 	Tokenized hypothesis: ['Mr', 'President', ',', 'the', 're@@', 'ports', 'of', 'the', 'European', 'Union', ',', 'the', 'European', 'Union', 'has', 'been', 'the', 're@@', 'fle@@', 'ct', 'of', 'the', 'European', 'Union', ',', 'and', 'the', 'European', 'Union', 'of', 'the', 'European', 'Union', '.', '</s>']
2026-05-09 02:04:49,608 - INFO - joeynmt.training - 	Source:     Herr Modi befindet sich auf einer fünftägigen Reise nach Japan , um die wirtschaftlichen Beziehungen mit der drittgrößten Wirtschaftsnation der Welt zu festigen .
2026-05-09 02:04:49,608 - INFO - joeynmt.training - 	Reference:  Mr Modi is on a five @-@ day trip to Japan to strengthen economic ties with the third largest economy in the world .
2026-05-09 02:04:49,608 - INFO - joeynmt.training - 	Hypothesis: Mr President , the reports of the European Union , the European Union has been the reflect of the European Union , and the European Union of the European Union .
2026-05-09 02:04:49,608 - INFO - joeynmt.training - Example #3
2026-05-09 02:04:49,608 - DEBUG - joeynmt.training - 	Tokenized source:     ['P@@', 'län@@', 'e', 'für', 'eine', 'stärk@@', 'ere', 'k@@', 'ern@@', 'techn@@', 'ische', 'Zusammenarbeit', 'stehen', 'ganz', 'ob@@', 'en', 'auf', 'der', 'Tag@@', 'es@@', 'ordnung', '.']
2026-05-09 02:04:49,608 - DEBUG - joeynmt.training - 	Tokenized reference:  ['high', 'on', 'the', 'agen@@', 'da', 'are', 'pl@@', 'ans', 'for', 'gre@@', 'ater', 'nu@@', 'clear', 'c@@', 'o', '@@@', '-@@', '@', 'operation', '.']
2026-05-09 02:04:49,608 - DEBUG - joeynmt.training - 	Tokenized hypothesis: ['in', 'the', 'European', 'Parliament', '&apos;s', 'own', 'own', 'own', 'own', 'own', 'own', 'own', 'own', 'own', '.', '</s>']
2026-05-09 02:04:49,608 - INFO - joeynmt.training - 	Source:     Pläne für eine stärkere kerntechnische Zusammenarbeit stehen ganz oben auf der Tagesordnung .
2026-05-09 02:04:49,608 - INFO - joeynmt.training - 	Reference:  high on the agenda are plans for greater nuclear co @-@ operation .
2026-05-09 02:04:49,608 - INFO - joeynmt.training - 	Hypothesis: in the European Parliament &apos;s own own own own own own own own own .
2026-05-09 02:04:49,608 - INFO - joeynmt.training - Example #4
2026-05-09 02:04:49,608 - DEBUG - joeynmt.training - 	Tokenized source:     ['Berich@@', 'ten', 'zu@@', 'fol@@', 'ge', 'ho@@', 'fft', 'Indi@@', 'en', 'darüber', 'hinaus', 'auf', 'einen', 'Ver@@', 'trag', 'zur', 'Ver@@', 'tei@@', 'dig@@', 'ungs@@', 'zusammen@@', 'arbeit', 'zwischen', 'den', 'beiden', 'N@@', 'ationen', '.']
2026-05-09 02:04:49,608 - DEBUG - joeynmt.training - 	Tokenized reference:  ['Indi@@', 'a', 'is', 'also', 're@@', 'porte@@', 'dly', 'hop@@', 'ing', 'for', 'a', 'de@@', 'al', 'on', 'def@@', 'ence', 'c@@', 'oll@@', 'ab@@', 'or@@', 'ation', 'between', 'the', 'two', 'n@@', 'ations', '.']
2026-05-09 02:04:49,608 - DEBUG - joeynmt.training - 	Tokenized hypothesis: ['in', 'the', 'Commission', '&apos;s', 'report', 'on', 'the', 'Council', '&apos;s', 'report', 'on', 'the', 'Council', 'of', 'the', 'Council', '&apos;s', 'report', 'on', 'the', 'Council', 'of', 'the', 'Council', '.', '</s>']
2026-05-09 02:04:49,608 - INFO - joeynmt.training - 	Source:     Berichten zufolge hofft Indien darüber hinaus auf einen Vertrag zur Verteidigungszusammenarbeit zwischen den beiden Nationen .
2026-05-09 02:04:49,608 - INFO - joeynmt.training - 	Reference:  India is also reportedly hoping for a deal on defence collaboration between the two nations .
2026-05-09 02:04:49,608 - INFO - joeynmt.training - 	Hypothesis: in the Commission &apos;s report on the Council &apos;s report on the Council of the Council &apos;s report on the Council of the Council .
2026-05-09 02:05:00,679 - INFO - joeynmt.training - Epoch   1: total training loss 14070.23
2026-05-09 02:05:00,679 - INFO - joeynmt.training - EPOCH 2
2026-05-09 02:05:07,031 - INFO - joeynmt.training - Epoch   2, Step:     4100, Batch Loss:     2.820970, Batch Acc: 0.258205, Tokens per Sec:     5224, Lr: 0.000300
2026-05-09 02:05:24,732 - INFO - joeynmt.training - Epoch   2, Step:     4200, Batch Loss:     2.847881, Batch Acc: 0.258503, Tokens per Sec:     5219, Lr: 0.000300
2026-05-09 02:05:42,493 - INFO - joeynmt.training - Epoch   2, Step:     4300, Batch Loss:     2.742893, Batch Acc: 0.262682, Tokens per Sec:     5111, Lr: 0.000300
2026-05-09 02:06:00,183 - INFO - joeynmt.training - Epoch   2, Step:     4400, Batch Loss:     2.847191, Batch Acc: 0.264508, Tokens per Sec:     5215, Lr: 0.000300
2026-05-09 02:06:17,766 - INFO - joeynmt.training - Epoch   2, Step:     4500, Batch Loss:     2.874193, Batch Acc: 0.267172, Tokens per Sec:     5265, Lr: 0.000300
2026-05-09 02:06:17,766 - INFO - joeynmt.prediction - Predicting 500 example(s)... (Greedy decoding with min_output_length=1, max_output_length=-1, return_prob='none', generate_unk=True, repetition_penalty=-1, no_repeat_ngram_size=-1)
2026-05-09 02:06:59,320 - INFO - joeynmt.prediction - Evaluation result (greedy) loss:   3.14, ppl:  23.09, acc:   0.21, generation: 41.5476[sec], evaluation: 0.0000[sec]
2026-05-09 02:06:59,322 - INFO - joeynmt.training - Hooray! New best validation result [ppl]!
2026-05-09 02:06:59,410 - INFO - joeynmt.helpers - delete models/deen_transformer_regular/2000.ckpt
2026-05-09 02:06:59,412 - INFO - joeynmt.training - Example #0
2026-05-09 02:06:59,412 - DEBUG - joeynmt.training - 	Tokenized source:     ['die', 'Pre@@', 'mi@@', 'er@@', 'minist@@', 'er', 'Indi@@', 'ens', 'und', 'J@@', 'ap@@', 'ans', 'tra@@', 'fen', 'sich', 'in', 'T@@', 'ok@@', 'i@@', 'o', '.']
2026-05-09 02:06:59,412 - DEBUG - joeynmt.training - 	Tokenized reference:  ['Indi@@', 'a', 'and', 'J@@', 'ap@@', 'an', 'pri@@', 'me', 'minist@@', 'ers', 'me@@', 'et', 'in', 'T@@', 'ok@@', 'y@@', 'o']
2026-05-09 02:06:59,412 - DEBUG - joeynmt.training - 	Tokenized hypothesis: ['the', 're@@', 'ma@@', 'ining', 'and', 'the', 're@@', 'st', 'of', 'the', 'ex@@', 'clu@@', 'sive', 'c@@', 'at@@', 'ors', '.', '</s>']
2026-05-09 02:06:59,412 - INFO - joeynmt.training - 	Source:     die Premierminister Indiens und Japans trafen sich in Tokio .
2026-05-09 02:06:59,412 - INFO - joeynmt.training - 	Reference:  India and Japan prime ministers meet in Tokyo
2026-05-09 02:06:59,412 - INFO - joeynmt.training - 	Hypothesis: the remaining and the rest of the exclusive cators .
2026-05-09 02:06:59,412 - INFO - joeynmt.training - Example #1
2026-05-09 02:06:59,413 - DEBUG - joeynmt.training - 	Tokenized source:     ['Indi@@', 'ens', 'neu@@', 'er', 'Pre@@', 'mi@@', 'er@@', 'minist@@', 'er', 'N@@', 'ar@@', 'end@@', 'ra', 'Mo@@', 'd@@', 'i', 'tri@@', 'fft', 'bei', 's@@', 'einem', 'ersten', 'wichti@@', 'gen', 'Aus@@', 'land@@', 's@@', 'bes@@', 'u@@', 'ch', 'seit', 's@@', 'einem', 'W@@', 'ah@@', 'l@@', 'si@@', 'e@@', 'g', 'im', 'Ma@@', 'i', 'seinen', 'j@@', 'ap@@', 'an@@', 'ischen', 'Am@@', 'ts@@', 'k@@', 'olle@@', 'gen', 'S@@', 'hin@@', 'z@@', 'o', 'A@@', 'be', 'in', 'T@@', 'ok@@', 'o', ',', 'um', 'wirtschaf@@', 'tliche', 'und', 'sicher@@', 'heits@@', 'politische', 'Be@@', 'zieh@@', 'ungen', 'zu', 'bes@@', 'pre@@', 'chen', '.']
2026-05-09 02:06:59,413 - DEBUG - joeynmt.training - 	Tokenized reference:  ['Indi@@', 'a', '&apos;s', 'new', 'pri@@', 'me', 'minist@@', 'er', ',', 'N@@', 'ar@@', 'end@@', 'ra', 'Mo@@', 'd@@', 'i', ',', 'is', 'me@@', 'eting', 'his', 'J@@', 'ap@@', 'an@@', 'ese', 'coun@@', 'ter@@', 'part', ',', 'S@@', 'hin@@', 'z@@', 'o', 'A@@', 'be', ',', 'in', 'T@@', 'ok@@', 'y@@', 'o', 'to', 'disc@@', 'uss', 'economic', 'and', 'security', 'ties', ',', 'on', 'his', 'first', 'major', 'fore@@', 'ign', 'visi@@', 't', 'since', 'w@@', 'inn@@', 'ing', 'Ma@@', 'y', '&apos;s', 'elec@@', 'tion', '.']
2026-05-09 02:06:59,413 - DEBUG - joeynmt.training - 	Tokenized hypothesis: ['the', 'first', 'of', 'the', 'first', 'of', 'the', 'first', 'of', 'the', 'first', 'of', 'the', 'first', 'of', 'the', 'first', 'of', 'the', 'first', 'of', 'the', 'first', 'of', 'the', 'European', 'Union', ',', 'and', 'the', 'first', 'of', 'the', 'European', 'Union', ',', 'and', 'the', 'first', 'of', 'the', 'C@@', 'our@@', 't', 'of', 'the', 'world', ',', 'and', 'the', 'most', 'of', 'the', 'world', '&apos;s', '&apos;s', 're@@', 'ma@@', 'ining', ',', 'and', 'the', 're@@', 'ma@@', 'ining', 'of', 'the', 'world', '.', '</s>']
2026-05-09 02:06:59,413 - INFO - joeynmt.training - 	Source:     Indiens neuer Premierminister Narendra Modi trifft bei seinem ersten wichtigen Auslandsbesuch seit seinem Wahlsieg im Mai seinen japanischen Amtskollegen Shinzo Abe in Toko , um wirtschaftliche und sicherheitspolitische Beziehungen zu besprechen .
2026-05-09 02:06:59,413 - INFO - joeynmt.training - 	Reference:  India &apos;s new prime minister , Narendra Modi , is meeting his Japanese counterpart , Shinzo Abe , in Tokyo to discuss economic and security ties , on his first major foreign visit since winning May &apos;s election .
2026-05-09 02:06:59,413 - INFO - joeynmt.training - 	Hypothesis: the first of the first of the first of the first of the first of the first of the first of the first of the European Union , and the first of the European Union , and the first of the Court of the world , and the most of the world &apos;s &apos;s remaining , and the remaining of the world .
2026-05-09 02:06:59,413 - INFO - joeynmt.training - Example #2
2026-05-09 02:06:59,413 - DEBUG - joeynmt.training - 	Tokenized source:     ['Herr', 'Mo@@', 'd@@', 'i', 'befindet', 'sich', 'auf', 'einer', 'fü@@', 'n@@', 'f@@', 'tä@@', 'gi@@', 'gen', 'Rei@@', 'se', 'nach', 'J@@', 'ap@@', 'an', ',', 'um', 'die', 'wirtschaf@@', 'tlichen', 'Be@@', 'zieh@@', 'ungen', 'mit', 'der', 'd@@', 'rit@@', 't@@', 'größ@@', 'ten', 'Wirtschafts@@', 'n@@', 'ation', 'der', 'Welt', 'zu', 'fes@@', 'tigen', '.']
2026-05-09 02:06:59,413 - DEBUG - joeynmt.training - 	Tokenized reference:  ['Mr', 'Mo@@', 'd@@', 'i', 'is', 'on', 'a', 'fi@@', 've', '@@@', '-@@', '@', 'day', 'tri@@', 'p', 'to', 'J@@', 'ap@@', 'an', 'to', 'streng@@', 'then', 'economic', 'ties', 'with', 'the', 'third', 'lar@@', 'ges@@', 't', 'econom@@', 'y', 'in', 'the', 'world', '.']
2026-05-09 02:06:59,413 - DEBUG - joeynmt.training - 	Tokenized hypothesis: ['Mr', 'President', ',', 'the', 're@@', 'ma@@', 'ining', 'of', 'the', 'world', '&apos;s', 're@@', 'ma@@', 'ining', ',', 'the', 'world', '&apos;s', 'economic', 'and', 'the', 'world', '&apos;s', 'economic', 'growth', ',', 'and', 'the', 'world', '&apos;s', '&apos;s', '&apos;s', 'European', 'Union', '.', '</s>']
2026-05-09 02:06:59,413 - INFO - joeynmt.training - 	Source:     Herr Modi befindet sich auf einer fünftägigen Reise nach Japan , um die wirtschaftlichen Beziehungen mit der drittgrößten Wirtschaftsnation der Welt zu festigen .
2026-05-09 02:06:59,413 - INFO - joeynmt.training - 	Reference:  Mr Modi is on a five @-@ day trip to Japan to strengthen economic ties with the third largest economy in the world .
2026-05-09 02:06:59,413 - INFO - joeynmt.training - 	Hypothesis: Mr President , the remaining of the world &apos;s remaining , the world &apos;s economic and the world &apos;s economic growth , and the world &apos;s &apos;s &apos;s European Union .
2026-05-09 02:06:59,413 - INFO - joeynmt.training - Example #3
2026-05-09 02:06:59,413 - DEBUG - joeynmt.training - 	Tokenized source:     ['P@@', 'län@@', 'e', 'für', 'eine', 'stärk@@', 'ere', 'k@@', 'ern@@', 'techn@@', 'ische', 'Zusammenarbeit', 'stehen', 'ganz', 'ob@@', 'en', 'auf', 'der', 'Tag@@', 'es@@', 'ordnung', '.']
2026-05-09 02:06:59,413 - DEBUG - joeynmt.training - 	Tokenized reference:  ['high', 'on', 'the', 'agen@@', 'da', 'are', 'pl@@', 'ans', 'for', 'gre@@', 'ater', 'nu@@', 'clear', 'c@@', 'o', '@@@', '-@@', '@', 'operation', '.']
2026-05-09 02:06:59,413 - DEBUG - joeynmt.training - 	Tokenized hypothesis: ['the', 'new', 'new', 'new', 'and', 'the', 'new', 'new', 'techn@@', 'ology', ',', 'the', 'new', 'and', 'the', 'new', 'and', 'the', 'new', 'techn@@', 'ology', '.', '</s>']
2026-05-09 02:06:59,413 - INFO - joeynmt.training - 	Source:     Pläne für eine stärkere kerntechnische Zusammenarbeit stehen ganz oben auf der Tagesordnung .
2026-05-09 02:06:59,413 - INFO - joeynmt.training - 	Reference:  high on the agenda are plans for greater nuclear co @-@ operation .
2026-05-09 02:06:59,413 - INFO - joeynmt.training - 	Hypothesis: the new new new and the new new technology , the new and the new and the new technology .
2026-05-09 02:06:59,413 - INFO - joeynmt.training - Example #4
2026-05-09 02:06:59,413 - DEBUG - joeynmt.training - 	Tokenized source:     ['Berich@@', 'ten', 'zu@@', 'fol@@', 'ge', 'ho@@', 'fft', 'Indi@@', 'en', 'darüber', 'hinaus', 'auf', 'einen', 'Ver@@', 'trag', 'zur', 'Ver@@', 'tei@@', 'dig@@', 'ungs@@', 'zusammen@@', 'arbeit', 'zwischen', 'den', 'beiden', 'N@@', 'ationen', '.']
2026-05-09 02:06:59,413 - DEBUG - joeynmt.training - 	Tokenized reference:  ['Indi@@', 'a', 'is', 'also', 're@@', 'porte@@', 'dly', 'hop@@', 'ing', 'for', 'a', 'de@@', 'al', 'on', 'def@@', 'ence', 'c@@', 'oll@@', 'ab@@', 'or@@', 'ation', 'between', 'the', 'two', 'n@@', 'ations', '.']
2026-05-09 02:06:59,413 - DEBUG - joeynmt.training - 	Tokenized hypothesis: ['in', 'the', 'report', ',', 'the', 'report', 'on', 'the', 'Council', 'of', 'the', 'Council', 'has', 'been', 'able', 'to', 'be', 'able', 'to', 'the', 're@@', 'st', 'of', 'the', 'the', 're@@', 'st', 'of', 'the', 'European', 'Parliament', '.', '</s>']
2026-05-09 02:06:59,413 - INFO - joeynmt.training - 	Source:     Berichten zufolge hofft Indien darüber hinaus auf einen Vertrag zur Verteidigungszusammenarbeit zwischen den beiden Nationen .
2026-05-09 02:06:59,414 - INFO - joeynmt.training - 	Reference:  India is also reportedly hoping for a deal on defence collaboration between the two nations .
2026-05-09 02:06:59,414 - INFO - joeynmt.training - 	Hypothesis: in the report , the report on the Council of the Council has been able to be able to the rest of the the rest of the European Parliament .
2026-05-09 02:07:17,158 - INFO - joeynmt.training - Epoch   2, Step:     4600, Batch Loss:     2.664943, Batch Acc: 0.272181, Tokens per Sec:     5226, Lr: 0.000300
2026-05-09 02:07:34,751 - INFO - joeynmt.training - Epoch   2, Step:     4700, Batch Loss:     2.700345, Batch Acc: 0.276044, Tokens per Sec:     5206, Lr: 0.000300
2026-05-09 02:07:52,469 - INFO - joeynmt.training - Epoch   2, Step:     4800, Batch Loss:     2.752480, Batch Acc: 0.277016, Tokens per Sec:     5272, Lr: 0.000300
2026-05-09 02:08:10,019 - INFO - joeynmt.training - Epoch   2, Step:     4900, Batch Loss:     2.720462, Batch Acc: 0.282848, Tokens per Sec:     5222, Lr: 0.000300
2026-05-09 02:08:27,672 - INFO - joeynmt.training - Epoch   2, Step:     5000, Batch Loss:     2.626553, Batch Acc: 0.283127, Tokens per Sec:     5173, Lr: 0.000300
2026-05-09 02:08:27,672 - INFO - joeynmt.prediction - Predicting 500 example(s)... (Greedy decoding with min_output_length=1, max_output_length=-1, return_prob='none', generate_unk=True, repetition_penalty=-1, no_repeat_ngram_size=-1)
2026-05-09 02:08:58,057 - INFO - joeynmt.prediction - Evaluation result (greedy) loss:   3.08, ppl:  21.68, acc:   0.22, generation: 30.3800[sec], evaluation: 0.0000[sec]
2026-05-09 02:08:58,059 - INFO - joeynmt.training - Hooray! New best validation result [ppl]!
2026-05-09 02:08:58,150 - INFO - joeynmt.helpers - delete models/deen_transformer_regular/2500.ckpt
2026-05-09 02:08:58,153 - INFO - joeynmt.training - Example #0
2026-05-09 02:08:58,153 - DEBUG - joeynmt.training - 	Tokenized source:     ['die', 'Pre@@', 'mi@@', 'er@@', 'minist@@', 'er', 'Indi@@', 'ens', 'und', 'J@@', 'ap@@', 'ans', 'tra@@', 'fen', 'sich', 'in', 'T@@', 'ok@@', 'i@@', 'o', '.']
2026-05-09 02:08:58,153 - DEBUG - joeynmt.training - 	Tokenized reference:  ['Indi@@', 'a', 'and', 'J@@', 'ap@@', 'an', 'pri@@', 'me', 'minist@@', 'ers', 'me@@', 'et', 'in', 'T@@', 'ok@@', 'y@@', 'o']
2026-05-09 02:08:58,153 - DEBUG - joeynmt.training - 	Tokenized hypothesis: ['the', 'p@@', 'ast', 'and', 'the', 'p@@', 'ast', 'and', 'the', 'p@@', 'ast', '.', '</s>']
2026-05-09 02:08:58,153 - INFO - joeynmt.training - 	Source:     die Premierminister Indiens und Japans trafen sich in Tokio .
2026-05-09 02:08:58,153 - INFO - joeynmt.training - 	Reference:  India and Japan prime ministers meet in Tokyo
2026-05-09 02:08:58,153 - INFO - joeynmt.training - 	Hypothesis: the past and the past and the past .
2026-05-09 02:08:58,153 - INFO - joeynmt.training - Example #1
2026-05-09 02:08:58,153 - DEBUG - joeynmt.training - 	Tokenized source:     ['Indi@@', 'ens', 'neu@@', 'er', 'Pre@@', 'mi@@', 'er@@', 'minist@@', 'er', 'N@@', 'ar@@', 'end@@', 'ra', 'Mo@@', 'd@@', 'i', 'tri@@', 'fft', 'bei', 's@@', 'einem', 'ersten', 'wichti@@', 'gen', 'Aus@@', 'land@@', 's@@', 'bes@@', 'u@@', 'ch', 'seit', 's@@', 'einem', 'W@@', 'ah@@', 'l@@', 'si@@', 'e@@', 'g', 'im', 'Ma@@', 'i', 'seinen', 'j@@', 'ap@@', 'an@@', 'ischen', 'Am@@', 'ts@@', 'k@@', 'olle@@', 'gen', 'S@@', 'hin@@', 'z@@', 'o', 'A@@', 'be', 'in', 'T@@', 'ok@@', 'o', ',', 'um', 'wirtschaf@@', 'tliche', 'und', 'sicher@@', 'heits@@', 'politische', 'Be@@', 'zieh@@', 'ungen', 'zu', 'bes@@', 'pre@@', 'chen', '.']
2026-05-09 02:08:58,153 - DEBUG - joeynmt.training - 	Tokenized reference:  ['Indi@@', 'a', '&apos;s', 'new', 'pri@@', 'me', 'minist@@', 'er', ',', 'N@@', 'ar@@', 'end@@', 'ra', 'Mo@@', 'd@@', 'i', ',', 'is', 'me@@', 'eting', 'his', 'J@@', 'ap@@', 'an@@', 'ese', 'coun@@', 'ter@@', 'part', ',', 'S@@', 'hin@@', 'z@@', 'o', 'A@@', 'be', ',', 'in', 'T@@', 'ok@@', 'y@@', 'o', 'to', 'disc@@', 'uss', 'economic', 'and', 'security', 'ties', ',', 'on', 'his', 'first', 'major', 'fore@@', 'ign', 'visi@@', 't', 'since', 'w@@', 'inn@@', 'ing', 'Ma@@', 'y', '&apos;s', 'elec@@', 'tion', '.']
2026-05-09 02:08:58,153 - DEBUG - joeynmt.training - 	Tokenized hypothesis: ['the', 'S@@', 'ec@@', 'urity', 'P@@', 'at@@', 'o', ',', 'the', 'first', 'of', 'the', 'first', 'of', 'the', 'first', 'of', 'the', 'first', 'of', 'the', 'first', 'of', 'the', 'first', 'of', 'the', 'first', 'of', 'the', 'first', 'of', 'the', 'first', 'of', 'the', 'first', 'of', 'the', 'first', 'of', 'the', 'first', 'of', 'the', 'world', ',', 'and', 'the', 'first', 'of', 'the', 'first', 'of', 'the', 'world', ',', 'and', 'the', 'first', 'of', 'the', 'first', 'of', 'the', 'first', 'of', 'the', 'first', 'of', 'the', 'world', '.', '</s>']
2026-05-09 02:08:58,153 - INFO - joeynmt.training - 	Source:     Indiens neuer Premierminister Narendra Modi trifft bei seinem ersten wichtigen Auslandsbesuch seit seinem Wahlsieg im Mai seinen japanischen Amtskollegen Shinzo Abe in Toko , um wirtschaftliche und sicherheitspolitische Beziehungen zu besprechen .
2026-05-09 02:08:58,153 - INFO - joeynmt.training - 	Reference:  India &apos;s new prime minister , Narendra Modi , is meeting his Japanese counterpart , Shinzo Abe , in Tokyo to discuss economic and security ties , on his first major foreign visit since winning May &apos;s election .
2026-05-09 02:08:58,153 - INFO - joeynmt.training - 	Hypothesis: the Security Pato , the first of the first of the first of the first of the first of the first of the first of the first of the first of the first of the first of the first of the world , and the first of the first of the world , and the first of the first of the first of the first of the world .
2026-05-09 02:08:58,153 - INFO - joeynmt.training - Example #2
2026-05-09 02:08:58,153 - DEBUG - joeynmt.training - 	Tokenized source:     ['Herr', 'Mo@@', 'd@@', 'i', 'befindet', 'sich', 'auf', 'einer', 'fü@@', 'n@@', 'f@@', 'tä@@', 'gi@@', 'gen', 'Rei@@', 'se', 'nach', 'J@@', 'ap@@', 'an', ',', 'um', 'die', 'wirtschaf@@', 'tlichen', 'Be@@', 'zieh@@', 'ungen', 'mit', 'der', 'd@@', 'rit@@', 't@@', 'größ@@', 'ten', 'Wirtschafts@@', 'n@@', 'ation', 'der', 'Welt', 'zu', 'fes@@', 'tigen', '.']
2026-05-09 02:08:58,153 - DEBUG - joeynmt.training - 	Tokenized reference:  ['Mr', 'Mo@@', 'd@@', 'i', 'is', 'on', 'a', 'fi@@', 've', '@@@', '-@@', '@', 'day', 'tri@@', 'p', 'to', 'J@@', 'ap@@', 'an', 'to', 'streng@@', 'then', 'economic', 'ties', 'with', 'the', 'third', 'lar@@', 'ges@@', 't', 'econom@@', 'y', 'in', 'the', 'world', '.']
2026-05-09 02:08:58,153 - DEBUG - joeynmt.training - 	Tokenized hypothesis: ['Mr', 'President', ',', 'the', 'hotel', 'is', 'a', 'very', 'very', 'important', 'of', 'the', 'world', ',', 'the', 'world', 'of', 'the', 'world', ',', 'the', 'world', 'of', 'the', 'world', '&apos;s', 'world', ',', 'and', 'the', 'world', 'of', 'the', 'world', '.', '</s>']
2026-05-09 02:08:58,154 - INFO - joeynmt.training - 	Source:     Herr Modi befindet sich auf einer fünftägigen Reise nach Japan , um die wirtschaftlichen Beziehungen mit der drittgrößten Wirtschaftsnation der Welt zu festigen .
2026-05-09 02:08:58,154 - INFO - joeynmt.training - 	Reference:  Mr Modi is on a five @-@ day trip to Japan to strengthen economic ties with the third largest economy in the world .
2026-05-09 02:08:58,154 - INFO - joeynmt.training - 	Hypothesis: Mr President , the hotel is a very very important of the world , the world of the world , the world of the world &apos;s world , and the world of the world .
2026-05-09 02:08:58,154 - INFO - joeynmt.training - Example #3
2026-05-09 02:08:58,154 - DEBUG - joeynmt.training - 	Tokenized source:     ['P@@', 'län@@', 'e', 'für', 'eine', 'stärk@@', 'ere', 'k@@', 'ern@@', 'techn@@', 'ische', 'Zusammenarbeit', 'stehen', 'ganz', 'ob@@', 'en', 'auf', 'der', 'Tag@@', 'es@@', 'ordnung', '.']
2026-05-09 02:08:58,154 - DEBUG - joeynmt.training - 	Tokenized reference:  ['high', 'on', 'the', 'agen@@', 'da', 'are', 'pl@@', 'ans', 'for', 'gre@@', 'ater', 'nu@@', 'clear', 'c@@', 'o', '@@@', '-@@', '@', 'operation', '.']
2026-05-09 02:08:58,154 - DEBUG - joeynmt.training - 	Tokenized hypothesis: ['for', 'example', ',', 'the', 'Commission', '&apos;s', 'proposal', 'for', 'a', 'number', 'of', 'of', 'the', 'Commission', '.', '</s>']
2026-05-09 02:08:58,154 - INFO - joeynmt.training - 	Source:     Pläne für eine stärkere kerntechnische Zusammenarbeit stehen ganz oben auf der Tagesordnung .
2026-05-09 02:08:58,154 - INFO - joeynmt.training - 	Reference:  high on the agenda are plans for greater nuclear co @-@ operation .
2026-05-09 02:08:58,154 - INFO - joeynmt.training - 	Hypothesis: for example , the Commission &apos;s proposal for a number of of the Commission .
2026-05-09 02:08:58,154 - INFO - joeynmt.training - Example #4
2026-05-09 02:08:58,154 - DEBUG - joeynmt.training - 	Tokenized source:     ['Berich@@', 'ten', 'zu@@', 'fol@@', 'ge', 'ho@@', 'fft', 'Indi@@', 'en', 'darüber', 'hinaus', 'auf', 'einen', 'Ver@@', 'trag', 'zur', 'Ver@@', 'tei@@', 'dig@@', 'ungs@@', 'zusammen@@', 'arbeit', 'zwischen', 'den', 'beiden', 'N@@', 'ationen', '.']
2026-05-09 02:08:58,154 - DEBUG - joeynmt.training - 	Tokenized reference:  ['Indi@@', 'a', 'is', 'also', 're@@', 'porte@@', 'dly', 'hop@@', 'ing', 'for', 'a', 'de@@', 'al', 'on', 'def@@', 'ence', 'c@@', 'oll@@', 'ab@@', 'or@@', 'ation', 'between', 'the', 'two', 'n@@', 'ations', '.']
2026-05-09 02:08:58,154 - DEBUG - joeynmt.training - 	Tokenized hypothesis: ['the', 'report', 'of', 'the', 'report', 'on', 'the', 'Council', 'of', 'the', 'Council', ',', 'the', 'Council', 'of', 'the', 'Council', 'of', 'the', 'Council', 'of', 'the', 'Council', '.', '</s>']
2026-05-09 02:08:58,154 - INFO - joeynmt.training - 	Source:     Berichten zufolge hofft Indien darüber hinaus auf einen Vertrag zur Verteidigungszusammenarbeit zwischen den beiden Nationen .
2026-05-09 02:08:58,154 - INFO - joeynmt.training - 	Reference:  India is also reportedly hoping for a deal on defence collaboration between the two nations .
2026-05-09 02:08:58,154 - INFO - joeynmt.training - 	Hypothesis: the report of the report on the Council of the Council , the Council of the Council of the Council of the Council .
2026-05-09 02:09:15,761 - INFO - joeynmt.training - Epoch   2, Step:     5100, Batch Loss:     2.702984, Batch Acc: 0.282471, Tokens per Sec:     5181, Lr: 0.000300
2026-05-09 02:09:33,379 - INFO - joeynmt.training - Epoch   2, Step:     5200, Batch Loss:     2.635508, Batch Acc: 0.288362, Tokens per Sec:     5388, Lr: 0.000300
2026-05-09 02:09:51,194 - INFO - joeynmt.training - Epoch   2, Step:     5300, Batch Loss:     2.554622, Batch Acc: 0.290883, Tokens per Sec:     5142, Lr: 0.000300
2026-05-09 02:10:08,915 - INFO - joeynmt.training - Epoch   2, Step:     5400, Batch Loss:     2.602046, Batch Acc: 0.295505, Tokens per Sec:     5241, Lr: 0.000300
2026-05-09 02:10:26,579 - INFO - joeynmt.training - Epoch   2, Step:     5500, Batch Loss:     2.621508, Batch Acc: 0.296206, Tokens per Sec:     5258, Lr: 0.000300
2026-05-09 02:10:26,580 - INFO - joeynmt.prediction - Predicting 500 example(s)... (Greedy decoding with min_output_length=1, max_output_length=-1, return_prob='none', generate_unk=True, repetition_penalty=-1, no_repeat_ngram_size=-1)
2026-05-09 02:11:05,117 - INFO - joeynmt.prediction - Evaluation result (greedy) loss:   3.01, ppl:  20.29, acc:   0.24, generation: 38.5318[sec], evaluation: 0.0000[sec]
2026-05-09 02:11:05,119 - INFO - joeynmt.training - Hooray! New best validation result [ppl]!
2026-05-09 02:11:05,206 - INFO - joeynmt.helpers - delete models/deen_transformer_regular/3000.ckpt
2026-05-09 02:11:05,209 - INFO - joeynmt.training - Example #0
2026-05-09 02:11:05,209 - DEBUG - joeynmt.training - 	Tokenized source:     ['die', 'Pre@@', 'mi@@', 'er@@', 'minist@@', 'er', 'Indi@@', 'ens', 'und', 'J@@', 'ap@@', 'ans', 'tra@@', 'fen', 'sich', 'in', 'T@@', 'ok@@', 'i@@', 'o', '.']
2026-05-09 02:11:05,209 - DEBUG - joeynmt.training - 	Tokenized reference:  ['Indi@@', 'a', 'and', 'J@@', 'ap@@', 'an', 'pri@@', 'me', 'minist@@', 'ers', 'me@@', 'et', 'in', 'T@@', 'ok@@', 'y@@', 'o']
2026-05-09 02:11:05,209 - DEBUG - joeynmt.training - 	Tokenized hypothesis: ['the', 're@@', 'ali@@', 'z@@', 'ation', 'of', 'the', 'C@@', 'ap@@', 'an', 'and', 'S@@', 'ap@@', 'er', '.', '</s>']
2026-05-09 02:11:05,209 - INFO - joeynmt.training - 	Source:     die Premierminister Indiens und Japans trafen sich in Tokio .
2026-05-09 02:11:05,209 - INFO - joeynmt.training - 	Reference:  India and Japan prime ministers meet in Tokyo
2026-05-09 02:11:05,209 - INFO - joeynmt.training - 	Hypothesis: the realization of the Capan and Saper .
2026-05-09 02:11:05,209 - INFO - joeynmt.training - Example #1
2026-05-09 02:11:05,209 - DEBUG - joeynmt.training - 	Tokenized source:     ['Indi@@', 'ens', 'neu@@', 'er', 'Pre@@', 'mi@@', 'er@@', 'minist@@', 'er', 'N@@', 'ar@@', 'end@@', 'ra', 'Mo@@', 'd@@', 'i', 'tri@@', 'fft', 'bei', 's@@', 'einem', 'ersten', 'wichti@@', 'gen', 'Aus@@', 'land@@', 's@@', 'bes@@', 'u@@', 'ch', 'seit', 's@@', 'einem', 'W@@', 'ah@@', 'l@@', 'si@@', 'e@@', 'g', 'im', 'Ma@@', 'i', 'seinen', 'j@@', 'ap@@', 'an@@', 'ischen', 'Am@@', 'ts@@', 'k@@', 'olle@@', 'gen', 'S@@', 'hin@@', 'z@@', 'o', 'A@@', 'be', 'in', 'T@@', 'ok@@', 'o', ',', 'um', 'wirtschaf@@', 'tliche', 'und', 'sicher@@', 'heits@@', 'politische', 'Be@@', 'zieh@@', 'ungen', 'zu', 'bes@@', 'pre@@', 'chen', '.']
2026-05-09 02:11:05,209 - DEBUG - joeynmt.training - 	Tokenized reference:  ['Indi@@', 'a', '&apos;s', 'new', 'pri@@', 'me', 'minist@@', 'er', ',', 'N@@', 'ar@@', 'end@@', 'ra', 'Mo@@', 'd@@', 'i', ',', 'is', 'me@@', 'eting', 'his', 'J@@', 'ap@@', 'an@@', 'ese', 'coun@@', 'ter@@', 'part', ',', 'S@@', 'hin@@', 'z@@', 'o', 'A@@', 'be', ',', 'in', 'T@@', 'ok@@', 'y@@', 'o', 'to', 'disc@@', 'uss', 'economic', 'and', 'security', 'ties', ',', 'on', 'his', 'first', 'major', 'fore@@', 'ign', 'visi@@', 't', 'since', 'w@@', 'inn@@', 'ing', 'Ma@@', 'y', '&apos;s', 'elec@@', 'tion', '.']
2026-05-09 02:11:05,209 - DEBUG - joeynmt.training - 	Tokenized hypothesis: ['in', 'the', 'C@@', 'ro@@', 'ati@@', 'a', ',', 'the', 'first', 'time', 'of', 'the', 'first', 'first', 'time', ',', 'a', 'first', 'first', 'first', 'of', 'the', 'first', 'first', 'of', 'the', 'first', 'time', 'in', 'the', 'first', 'of', 'the', 'first', 'and', 'the', 'first', 'of', 'the', 'first', 'time', 'of', 'the', 'C@@', 'an@@', 'an@@', 'an@@', 'an@@', 'an@@', 'an@@', 'di@@', 'date', ',', 'and', 'the', 're@@', 'st', 'of', 'the', 'first', 'and', 'the', 'first', 'of', 'the', 'first', 'of', 'the', 'S@@', 'outh', '&apos;s', 'economic', 'and', 'S@@', 'al@@', 'an', '&apos;s', 'inter@@', 'est', '.', '</s>']
2026-05-09 02:11:05,209 - INFO - joeynmt.training - 	Source:     Indiens neuer Premierminister Narendra Modi trifft bei seinem ersten wichtigen Auslandsbesuch seit seinem Wahlsieg im Mai seinen japanischen Amtskollegen Shinzo Abe in Toko , um wirtschaftliche und sicherheitspolitische Beziehungen zu besprechen .
2026-05-09 02:11:05,209 - INFO - joeynmt.training - 	Reference:  India &apos;s new prime minister , Narendra Modi , is meeting his Japanese counterpart , Shinzo Abe , in Tokyo to discuss economic and security ties , on his first major foreign visit since winning May &apos;s election .
2026-05-09 02:11:05,209 - INFO - joeynmt.training - 	Hypothesis: in the Croatia , the first time of the first first time , a first first first of the first first of the first time in the first of the first and the first of the first time of the Canananananandidate , and the rest of the first and the first of the first of the South &apos;s economic and Salan &apos;s interest .
2026-05-09 02:11:05,209 - INFO - joeynmt.training - Example #2
2026-05-09 02:11:05,209 - DEBUG - joeynmt.training - 	Tokenized source:     ['Herr', 'Mo@@', 'd@@', 'i', 'befindet', 'sich', 'auf', 'einer', 'fü@@', 'n@@', 'f@@', 'tä@@', 'gi@@', 'gen', 'Rei@@', 'se', 'nach', 'J@@', 'ap@@', 'an', ',', 'um', 'die', 'wirtschaf@@', 'tlichen', 'Be@@', 'zieh@@', 'ungen', 'mit', 'der', 'd@@', 'rit@@', 't@@', 'größ@@', 'ten', 'Wirtschafts@@', 'n@@', 'ation', 'der', 'Welt', 'zu', 'fes@@', 'tigen', '.']
2026-05-09 02:11:05,209 - DEBUG - joeynmt.training - 	Tokenized reference:  ['Mr', 'Mo@@', 'd@@', 'i', 'is', 'on', 'a', 'fi@@', 've', '@@@', '-@@', '@', 'day', 'tri@@', 'p', 'to', 'J@@', 'ap@@', 'an', 'to', 'streng@@', 'then', 'economic', 'ties', 'with', 'the', 'third', 'lar@@', 'ges@@', 't', 'econom@@', 'y', 'in', 'the', 'world', '.']
2026-05-09 02:11:05,209 - DEBUG - joeynmt.training - 	Tokenized hypothesis: ['Mr', 'President', ',', 'the', 'most', 'important', 'role', 'of', 'the', 'most', 'important', 'role', 'of', 'the', 'world', ',', 'the', 'world', '&apos;s', 'the', 'world', '&apos;s', '&apos;s', 'the', 'world', '&apos;s', 'the', 'world', '&apos;s', '&apos;s', 'world', '&apos;s', '&apos;s', 'economic', 'economic', 'economic', 'economic', 'economic', 'economic', 'economic', 'economic', 'economic', 'economic', 'economic', 'and', 'the', 'world', '.', '</s>']
2026-05-09 02:11:05,209 - INFO - joeynmt.training - 	Source:     Herr Modi befindet sich auf einer fünftägigen Reise nach Japan , um die wirtschaftlichen Beziehungen mit der drittgrößten Wirtschaftsnation der Welt zu festigen .
2026-05-09 02:11:05,209 - INFO - joeynmt.training - 	Reference:  Mr Modi is on a five @-@ day trip to Japan to strengthen economic ties with the third largest economy in the world .
2026-05-09 02:11:05,209 - INFO - joeynmt.training - 	Hypothesis: Mr President , the most important role of the most important role of the world , the world &apos;s the world &apos;s &apos;s the world &apos;s the world &apos;s &apos;s world &apos;s &apos;s economic economic economic economic economic economic economic economic economic economic economic and the world .
2026-05-09 02:11:05,209 - INFO - joeynmt.training - Example #3
2026-05-09 02:11:05,209 - DEBUG - joeynmt.training - 	Tokenized source:     ['P@@', 'län@@', 'e', 'für', 'eine', 'stärk@@', 'ere', 'k@@', 'ern@@', 'techn@@', 'ische', 'Zusammenarbeit', 'stehen', 'ganz', 'ob@@', 'en', 'auf', 'der', 'Tag@@', 'es@@', 'ordnung', '.']
2026-05-09 02:11:05,209 - DEBUG - joeynmt.training - 	Tokenized reference:  ['high', 'on', 'the', 'agen@@', 'da', 'are', 'pl@@', 'ans', 'for', 'gre@@', 'ater', 'nu@@', 'clear', 'c@@', 'o', '@@@', '-@@', '@', 'operation', '.']
2026-05-09 02:11:05,210 - DEBUG - joeynmt.training - 	Tokenized hypothesis: ['for', 'example', ',', 'a', 'new', 'techn@@', 'ology', 'for', 'the', 'Commission', ',', 'the', 'Commission', '&apos;s', 'proposal', '.', '</s>']
2026-05-09 02:11:05,210 - INFO - joeynmt.training - 	Source:     Pläne für eine stärkere kerntechnische Zusammenarbeit stehen ganz oben auf der Tagesordnung .
2026-05-09 02:11:05,210 - INFO - joeynmt.training - 	Reference:  high on the agenda are plans for greater nuclear co @-@ operation .
2026-05-09 02:11:05,210 - INFO - joeynmt.training - 	Hypothesis: for example , a new technology for the Commission , the Commission &apos;s proposal .
2026-05-09 02:11:05,210 - INFO - joeynmt.training - Example #4
2026-05-09 02:11:05,210 - DEBUG - joeynmt.training - 	Tokenized source:     ['Berich@@', 'ten', 'zu@@', 'fol@@', 'ge', 'ho@@', 'fft', 'Indi@@', 'en', 'darüber', 'hinaus', 'auf', 'einen', 'Ver@@', 'trag', 'zur', 'Ver@@', 'tei@@', 'dig@@', 'ungs@@', 'zusammen@@', 'arbeit', 'zwischen', 'den', 'beiden', 'N@@', 'ationen', '.']
2026-05-09 02:11:05,210 - DEBUG - joeynmt.training - 	Tokenized reference:  ['Indi@@', 'a', 'is', 'also', 're@@', 'porte@@', 'dly', 'hop@@', 'ing', 'for', 'a', 'de@@', 'al', 'on', 'def@@', 'ence', 'c@@', 'oll@@', 'ab@@', 'or@@', 'ation', 'between', 'the', 'two', 'n@@', 'ations', '.']
2026-05-09 02:11:05,210 - DEBUG - joeynmt.training - 	Tokenized hypothesis: ['fin@@', 'ally', ',', 'the', 'report', 'is', 'a', 'good', 'thing', 'for', 'the', 're@@', 'ference', 'of', 'the', 're@@', 'ference', 'of', 'the', 're@@', 'ference', '.', '</s>']
2026-05-09 02:11:05,210 - INFO - joeynmt.training - 	Source:     Berichten zufolge hofft Indien darüber hinaus auf einen Vertrag zur Verteidigungszusammenarbeit zwischen den beiden Nationen .
2026-05-09 02:11:05,210 - INFO - joeynmt.training - 	Reference:  India is also reportedly hoping for a deal on defence collaboration between the two nations .
2026-05-09 02:11:05,210 - INFO - joeynmt.training - 	Hypothesis: finally , the report is a good thing for the reference of the reference of the reference .
2026-05-09 02:11:22,529 - INFO - joeynmt.training - Epoch   2, Step:     5600, Batch Loss:     2.593488, Batch Acc: 0.301503, Tokens per Sec:     5125, Lr: 0.000300
2026-05-09 02:11:40,180 - INFO - joeynmt.training - Epoch   2, Step:     5700, Batch Loss:     2.490984, Batch Acc: 0.300904, Tokens per Sec:     5152, Lr: 0.000300
2026-05-09 02:11:58,151 - INFO - joeynmt.training - Epoch   2, Step:     5800, Batch Loss:     2.646214, Batch Acc: 0.303420, Tokens per Sec:     5175, Lr: 0.000300
2026-05-09 02:12:15,795 - INFO - joeynmt.training - Epoch   2, Step:     5900, Batch Loss:     2.683006, Batch Acc: 0.309014, Tokens per Sec:     5171, Lr: 0.000300
2026-05-09 02:12:33,473 - INFO - joeynmt.training - Epoch   2, Step:     6000, Batch Loss:     2.563131, Batch Acc: 0.310995, Tokens per Sec:     5255, Lr: 0.000300
2026-05-09 02:12:33,474 - INFO - joeynmt.prediction - Predicting 500 example(s)... (Greedy decoding with min_output_length=1, max_output_length=-1, return_prob='none', generate_unk=True, repetition_penalty=-1, no_repeat_ngram_size=-1)
2026-05-09 02:13:29,091 - INFO - joeynmt.prediction - Evaluation result (greedy) loss:   2.96, ppl:  19.32, acc:   0.25, generation: 55.6117[sec], evaluation: 0.0000[sec]
2026-05-09 02:13:29,094 - INFO - joeynmt.training - Hooray! New best validation result [ppl]!
2026-05-09 02:13:29,184 - INFO - joeynmt.helpers - delete models/deen_transformer_regular/3500.ckpt
2026-05-09 02:13:29,187 - INFO - joeynmt.training - Example #0
2026-05-09 02:13:29,187 - DEBUG - joeynmt.training - 	Tokenized source:     ['die', 'Pre@@', 'mi@@', 'er@@', 'minist@@', 'er', 'Indi@@', 'ens', 'und', 'J@@', 'ap@@', 'ans', 'tra@@', 'fen', 'sich', 'in', 'T@@', 'ok@@', 'i@@', 'o', '.']
2026-05-09 02:13:29,187 - DEBUG - joeynmt.training - 	Tokenized reference:  ['Indi@@', 'a', 'and', 'J@@', 'ap@@', 'an', 'pri@@', 'me', 'minist@@', 'ers', 'me@@', 'et', 'in', 'T@@', 'ok@@', 'y@@', 'o']
2026-05-09 02:13:29,187 - DEBUG - joeynmt.training - 	Tokenized hypothesis: ['the', 're@@', 'form', 'of', 'the', 'c@@', 'ast', 'and', 'the', 'c@@', 'ast', 'in', 'the', 'C@@', 'ap@@', 'an', '.', '</s>']
2026-05-09 02:13:29,187 - INFO - joeynmt.training - 	Source:     die Premierminister Indiens und Japans trafen sich in Tokio .
2026-05-09 02:13:29,187 - INFO - joeynmt.training - 	Reference:  India and Japan prime ministers meet in Tokyo
2026-05-09 02:13:29,187 - INFO - joeynmt.training - 	Hypothesis: the reform of the cast and the cast in the Capan .
2026-05-09 02:13:29,187 - INFO - joeynmt.training - Example #1
2026-05-09 02:13:29,187 - DEBUG - joeynmt.training - 	Tokenized source:     ['Indi@@', 'ens', 'neu@@', 'er', 'Pre@@', 'mi@@', 'er@@', 'minist@@', 'er', 'N@@', 'ar@@', 'end@@', 'ra', 'Mo@@', 'd@@', 'i', 'tri@@', 'fft', 'bei', 's@@', 'einem', 'ersten', 'wichti@@', 'gen', 'Aus@@', 'land@@', 's@@', 'bes@@', 'u@@', 'ch', 'seit', 's@@', 'einem', 'W@@', 'ah@@', 'l@@', 'si@@', 'e@@', 'g', 'im', 'Ma@@', 'i', 'seinen', 'j@@', 'ap@@', 'an@@', 'ischen', 'Am@@', 'ts@@', 'k@@', 'olle@@', 'gen', 'S@@', 'hin@@', 'z@@', 'o', 'A@@', 'be', 'in', 'T@@', 'ok@@', 'o', ',', 'um', 'wirtschaf@@', 'tliche', 'und', 'sicher@@', 'heits@@', 'politische', 'Be@@', 'zieh@@', 'ungen', 'zu', 'bes@@', 'pre@@', 'chen', '.']
2026-05-09 02:13:29,187 - DEBUG - joeynmt.training - 	Tokenized reference:  ['Indi@@', 'a', '&apos;s', 'new', 'pri@@', 'me', 'minist@@', 'er', ',', 'N@@', 'ar@@', 'end@@', 'ra', 'Mo@@', 'd@@', 'i', ',', 'is', 'me@@', 'eting', 'his', 'J@@', 'ap@@', 'an@@', 'ese', 'coun@@', 'ter@@', 'part', ',', 'S@@', 'hin@@', 'z@@', 'o', 'A@@', 'be', ',', 'in', 'T@@', 'ok@@', 'y@@', 'o', 'to', 'disc@@', 'uss', 'economic', 'and', 'security', 'ties', ',', 'on', 'his', 'first', 'major', 'fore@@', 'ign', 'visi@@', 't', 'since', 'w@@', 'inn@@', 'ing', 'Ma@@', 'y', '&apos;s', 'elec@@', 'tion', '.']
2026-05-09 02:13:29,187 - DEBUG - joeynmt.training - 	Tokenized hypothesis: ['in', 'the', 'new', 'c@@', 'ases', 'of', 'the', 'C@@', 'ar@@', 'd@@', 'i', ',', 'the', 'first', 'time', ',', 'a', 'very', 'important', 'role', 'in', 'a', 'few', 'years', ',', 'a', 'very', 'important', 'role', 'in', 'the', 'first', 'time', 'of', 'the', 'first', 'time', ',', 'and', 'in', 'the', 'S@@', 'ap@@', 'an', ',', 'and', 'the', 're@@', 'st', 'of', 'the', 'S@@', 'ap@@', 'an', 'Ri@@', 'o', 'and', 'the', 're@@', 'st', 'of', 'the', 'S@@', 'ap@@', 'an', 'Ri@@', 'o', '.', '</s>']
2026-05-09 02:13:29,187 - INFO - joeynmt.training - 	Source:     Indiens neuer Premierminister Narendra Modi trifft bei seinem ersten wichtigen Auslandsbesuch seit seinem Wahlsieg im Mai seinen japanischen Amtskollegen Shinzo Abe in Toko , um wirtschaftliche und sicherheitspolitische Beziehungen zu besprechen .
2026-05-09 02:13:29,187 - INFO - joeynmt.training - 	Reference:  India &apos;s new prime minister , Narendra Modi , is meeting his Japanese counterpart , Shinzo Abe , in Tokyo to discuss economic and security ties , on his first major foreign visit since winning May &apos;s election .
2026-05-09 02:13:29,187 - INFO - joeynmt.training - 	Hypothesis: in the new cases of the Cardi , the first time , a very important role in a few years , a very important role in the first time of the first time , and in the Sapan , and the rest of the Sapan Rio and the rest of the Sapan Rio .
2026-05-09 02:13:29,188 - INFO - joeynmt.training - Example #2
2026-05-09 02:13:29,188 - DEBUG - joeynmt.training - 	Tokenized source:     ['Herr', 'Mo@@', 'd@@', 'i', 'befindet', 'sich', 'auf', 'einer', 'fü@@', 'n@@', 'f@@', 'tä@@', 'gi@@', 'gen', 'Rei@@', 'se', 'nach', 'J@@', 'ap@@', 'an', ',', 'um', 'die', 'wirtschaf@@', 'tlichen', 'Be@@', 'zieh@@', 'ungen', 'mit', 'der', 'd@@', 'rit@@', 't@@', 'größ@@', 'ten', 'Wirtschafts@@', 'n@@', 'ation', 'der', 'Welt', 'zu', 'fes@@', 'tigen', '.']
2026-05-09 02:13:29,188 - DEBUG - joeynmt.training - 	Tokenized reference:  ['Mr', 'Mo@@', 'd@@', 'i', 'is', 'on', 'a', 'fi@@', 've', '@@@', '-@@', '@', 'day', 'tri@@', 'p', 'to', 'J@@', 'ap@@', 'an', 'to', 'streng@@', 'then', 'economic', 'ties', 'with', 'the', 'third', 'lar@@', 'ges@@', 't', 'econom@@', 'y', 'in', 'the', 'world', '.']
2026-05-09 02:13:29,188 - DEBUG - joeynmt.training - 	Tokenized hypothesis: ['Mr', 'President', ',', 'the', 's@@', 'wi@@', 'mm@@', 'ing', 'is', 'a', 'very', 'very', 'much', 'to', 'the', 'world', ',', 'the', 'world', ',', 'the', 'world', ',', 'the', 'world', '&apos;s', 'economic', 'economic', 'economic', 'economic', 'economic', 'economic', 'economic', 'economic', 'economic', 'economic', 'economic', 'economic', 'economic', 'economic', 'economic', 'economic', 'economic', 'economic', 'economic', 'economic', 'and', 'the', 'world', '.', '</s>']
2026-05-09 02:13:29,188 - INFO - joeynmt.training - 	Source:     Herr Modi befindet sich auf einer fünftägigen Reise nach Japan , um die wirtschaftlichen Beziehungen mit der drittgrößten Wirtschaftsnation der Welt zu festigen .
2026-05-09 02:13:29,188 - INFO - joeynmt.training - 	Reference:  Mr Modi is on a five @-@ day trip to Japan to strengthen economic ties with the third largest economy in the world .
2026-05-09 02:13:29,188 - INFO - joeynmt.training - 	Hypothesis: Mr President , the swimming is a very very much to the world , the world , the world , the world &apos;s economic economic economic economic economic economic economic economic economic economic economic economic economic economic economic economic economic economic economic economic and the world .
2026-05-09 02:13:29,188 - INFO - joeynmt.training - Example #3
2026-05-09 02:13:29,188 - DEBUG - joeynmt.training - 	Tokenized source:     ['P@@', 'län@@', 'e', 'für', 'eine', 'stärk@@', 'ere', 'k@@', 'ern@@', 'techn@@', 'ische', 'Zusammenarbeit', 'stehen', 'ganz', 'ob@@', 'en', 'auf', 'der', 'Tag@@', 'es@@', 'ordnung', '.']
2026-05-09 02:13:29,188 - DEBUG - joeynmt.training - 	Tokenized reference:  ['high', 'on', 'the', 'agen@@', 'da', 'are', 'pl@@', 'ans', 'for', 'gre@@', 'ater', 'nu@@', 'clear', 'c@@', 'o', '@@@', '-@@', '@', 'operation', '.']
2026-05-09 02:13:29,188 - DEBUG - joeynmt.training - 	Tokenized hypothesis: ['for', 'example', ',', 'a', 'number', 'of', 'techn@@', 'ologi@@', 'cal', 'development', 'in', 'the', 'area', 'of', 'the', 'Commission', '&apos;s', 'proposal', '.', '</s>']
2026-05-09 02:13:29,188 - INFO - joeynmt.training - 	Source:     Pläne für eine stärkere kerntechnische Zusammenarbeit stehen ganz oben auf der Tagesordnung .
2026-05-09 02:13:29,188 - INFO - joeynmt.training - 	Reference:  high on the agenda are plans for greater nuclear co @-@ operation .
2026-05-09 02:13:29,188 - INFO - joeynmt.training - 	Hypothesis: for example , a number of technological development in the area of the Commission &apos;s proposal .
2026-05-09 02:13:29,188 - INFO - joeynmt.training - Example #4
2026-05-09 02:13:29,188 - DEBUG - joeynmt.training - 	Tokenized source:     ['Berich@@', 'ten', 'zu@@', 'fol@@', 'ge', 'ho@@', 'fft', 'Indi@@', 'en', 'darüber', 'hinaus', 'auf', 'einen', 'Ver@@', 'trag', 'zur', 'Ver@@', 'tei@@', 'dig@@', 'ungs@@', 'zusammen@@', 'arbeit', 'zwischen', 'den', 'beiden', 'N@@', 'ationen', '.']
2026-05-09 02:13:29,188 - DEBUG - joeynmt.training - 	Tokenized reference:  ['Indi@@', 'a', 'is', 'also', 're@@', 'porte@@', 'dly', 'hop@@', 'ing', 'for', 'a', 'de@@', 'al', 'on', 'def@@', 'ence', 'c@@', 'oll@@', 'ab@@', 'or@@', 'ation', 'between', 'the', 'two', 'n@@', 'ations', '.']
2026-05-09 02:13:29,188 - DEBUG - joeynmt.training - 	Tokenized hypothesis: ['fin@@', 'ally', ',', 'the', 're@@', 'form', 'of', 'the', 're@@', 'form', 'of', 'the', 're@@', 'form', 'of', 'the', 'two', 'two', 'years', '.', '</s>']
2026-05-09 02:13:29,188 - INFO - joeynmt.training - 	Source:     Berichten zufolge hofft Indien darüber hinaus auf einen Vertrag zur Verteidigungszusammenarbeit zwischen den beiden Nationen .
2026-05-09 02:13:29,188 - INFO - joeynmt.training - 	Reference:  India is also reportedly hoping for a deal on defence collaboration between the two nations .
2026-05-09 02:13:29,188 - INFO - joeynmt.training - 	Hypothesis: finally , the reform of the reform of the reform of the two two years .
2026-05-09 02:13:46,745 - INFO - joeynmt.training - Epoch   2, Step:     6100, Batch Loss:     2.429865, Batch Acc: 0.309926, Tokens per Sec:     5202, Lr: 0.000300
2026-05-09 02:14:04,335 - INFO - joeynmt.training - Epoch   2, Step:     6200, Batch Loss:     2.649945, Batch Acc: 0.314432, Tokens per Sec:     5210, Lr: 0.000300
2026-05-09 02:14:22,047 - INFO - joeynmt.training - Epoch   2, Step:     6300, Batch Loss:     2.461236, Batch Acc: 0.318914, Tokens per Sec:     5234, Lr: 0.000300
2026-05-09 02:14:39,462 - INFO - joeynmt.training - Epoch   2, Step:     6400, Batch Loss:     2.358785, Batch Acc: 0.326974, Tokens per Sec:     5240, Lr: 0.000300
2026-05-09 02:14:56,954 - INFO - joeynmt.training - Epoch   2, Step:     6500, Batch Loss:     2.589811, Batch Acc: 0.326221, Tokens per Sec:     5120, Lr: 0.000300
2026-05-09 02:14:56,954 - INFO - joeynmt.prediction - Predicting 500 example(s)... (Greedy decoding with min_output_length=1, max_output_length=-1, return_prob='none', generate_unk=True, repetition_penalty=-1, no_repeat_ngram_size=-1)
2026-05-09 02:15:38,624 - INFO - joeynmt.prediction - Evaluation result (greedy) loss:   2.91, ppl:  18.27, acc:   0.26, generation: 41.6656[sec], evaluation: 0.0000[sec]
2026-05-09 02:15:38,626 - INFO - joeynmt.training - Hooray! New best validation result [ppl]!
2026-05-09 02:15:38,713 - INFO - joeynmt.helpers - delete models/deen_transformer_regular/4000.ckpt
2026-05-09 02:15:38,715 - INFO - joeynmt.training - Example #0
2026-05-09 02:15:38,715 - DEBUG - joeynmt.training - 	Tokenized source:     ['die', 'Pre@@', 'mi@@', 'er@@', 'minist@@', 'er', 'Indi@@', 'ens', 'und', 'J@@', 'ap@@', 'ans', 'tra@@', 'fen', 'sich', 'in', 'T@@', 'ok@@', 'i@@', 'o', '.']
2026-05-09 02:15:38,715 - DEBUG - joeynmt.training - 	Tokenized reference:  ['Indi@@', 'a', 'and', 'J@@', 'ap@@', 'an', 'pri@@', 'me', 'minist@@', 'ers', 'me@@', 'et', 'in', 'T@@', 'ok@@', 'y@@', 'o']
2026-05-09 02:15:38,715 - DEBUG - joeynmt.training - 	Tokenized hypothesis: ['the', 're@@', 'le@@', 'ase', 'of', 'the', 'J@@', 'ap@@', 'an', 'and', 'J@@', 'ap@@', 'an', '.', '</s>']
2026-05-09 02:15:38,715 - INFO - joeynmt.training - 	Source:     die Premierminister Indiens und Japans trafen sich in Tokio .
2026-05-09 02:15:38,715 - INFO - joeynmt.training - 	Reference:  India and Japan prime ministers meet in Tokyo
2026-05-09 02:15:38,715 - INFO - joeynmt.training - 	Hypothesis: the release of the Japan and Japan .
2026-05-09 02:15:38,715 - INFO - joeynmt.training - Example #1
2026-05-09 02:15:38,715 - DEBUG - joeynmt.training - 	Tokenized source:     ['Indi@@', 'ens', 'neu@@', 'er', 'Pre@@', 'mi@@', 'er@@', 'minist@@', 'er', 'N@@', 'ar@@', 'end@@', 'ra', 'Mo@@', 'd@@', 'i', 'tri@@', 'fft', 'bei', 's@@', 'einem', 'ersten', 'wichti@@', 'gen', 'Aus@@', 'land@@', 's@@', 'bes@@', 'u@@', 'ch', 'seit', 's@@', 'einem', 'W@@', 'ah@@', 'l@@', 'si@@', 'e@@', 'g', 'im', 'Ma@@', 'i', 'seinen', 'j@@', 'ap@@', 'an@@', 'ischen', 'Am@@', 'ts@@', 'k@@', 'olle@@', 'gen', 'S@@', 'hin@@', 'z@@', 'o', 'A@@', 'be', 'in', 'T@@', 'ok@@', 'o', ',', 'um', 'wirtschaf@@', 'tliche', 'und', 'sicher@@', 'heits@@', 'politische', 'Be@@', 'zieh@@', 'ungen', 'zu', 'bes@@', 'pre@@', 'chen', '.']
2026-05-09 02:15:38,715 - DEBUG - joeynmt.training - 	Tokenized reference:  ['Indi@@', 'a', '&apos;s', 'new', 'pri@@', 'me', 'minist@@', 'er', ',', 'N@@', 'ar@@', 'end@@', 'ra', 'Mo@@', 'd@@', 'i', ',', 'is', 'me@@', 'eting', 'his', 'J@@', 'ap@@', 'an@@', 'ese', 'coun@@', 'ter@@', 'part', ',', 'S@@', 'hin@@', 'z@@', 'o', 'A@@', 'be', ',', 'in', 'T@@', 'ok@@', 'y@@', 'o', 'to', 'disc@@', 'uss', 'economic', 'and', 'security', 'ties', ',', 'on', 'his', 'first', 'major', 'fore@@', 'ign', 'visi@@', 't', 'since', 'w@@', 'inn@@', 'ing', 'Ma@@', 'y', '&apos;s', 'elec@@', 'tion', '.']
2026-05-09 02:15:38,715 - DEBUG - joeynmt.training - 	Tokenized hypothesis: ['in', 'the', 'first', 'of', 'the', 'M@@', 'ap@@', 'o', ',', 'the', 'first', 'time', ',', 'the', 'first', 'first', 'time', ',', 'a', 'very', 'important', 'of', 'the', 'first', 'time', 'of', 'the', 'first', 'time', 'of', 'the', 'first', 'time', 'of', 'the', 'first', 'time', 'in', 'the', 'first', 'time', 'of', 'the', 'C@@', 'ap@@', 'o', ',', 'and', 'the', 'e@@', 'uro', ',', 'and', 'the', 'e@@', 'uro', ',', 'and', 'the', 'e@@', 'as@@', 'y', 'of', 'the', 'political', 'and', 'the', 'political', 'and', 'the', 'political', 'and', 'the', 'political', 'par@@', 'ties', '.', '</s>']
2026-05-09 02:15:38,715 - INFO - joeynmt.training - 	Source:     Indiens neuer Premierminister Narendra Modi trifft bei seinem ersten wichtigen Auslandsbesuch seit seinem Wahlsieg im Mai seinen japanischen Amtskollegen Shinzo Abe in Toko , um wirtschaftliche und sicherheitspolitische Beziehungen zu besprechen .
2026-05-09 02:15:38,715 - INFO - joeynmt.training - 	Reference:  India &apos;s new prime minister , Narendra Modi , is meeting his Japanese counterpart , Shinzo Abe , in Tokyo to discuss economic and security ties , on his first major foreign visit since winning May &apos;s election .
2026-05-09 02:15:38,715 - INFO - joeynmt.training - 	Hypothesis: in the first of the Mapo , the first time , the first first time , a very important of the first time of the first time of the first time of the first time in the first time of the Capo , and the euro , and the euro , and the easy of the political and the political and the political and the political parties .
2026-05-09 02:15:38,715 - INFO - joeynmt.training - Example #2
2026-05-09 02:15:38,715 - DEBUG - joeynmt.training - 	Tokenized source:     ['Herr', 'Mo@@', 'd@@', 'i', 'befindet', 'sich', 'auf', 'einer', 'fü@@', 'n@@', 'f@@', 'tä@@', 'gi@@', 'gen', 'Rei@@', 'se', 'nach', 'J@@', 'ap@@', 'an', ',', 'um', 'die', 'wirtschaf@@', 'tlichen', 'Be@@', 'zieh@@', 'ungen', 'mit', 'der', 'd@@', 'rit@@', 't@@', 'größ@@', 'ten', 'Wirtschafts@@', 'n@@', 'ation', 'der', 'Welt', 'zu', 'fes@@', 'tigen', '.']
2026-05-09 02:15:38,715 - DEBUG - joeynmt.training - 	Tokenized reference:  ['Mr', 'Mo@@', 'd@@', 'i', 'is', 'on', 'a', 'fi@@', 've', '@@@', '-@@', '@', 'day', 'tri@@', 'p', 'to', 'J@@', 'ap@@', 'an', 'to', 'streng@@', 'then', 'economic', 'ties', 'with', 'the', 'third', 'lar@@', 'ges@@', 't', 'econom@@', 'y', 'in', 'the', 'world', '.']
2026-05-09 02:15:38,715 - DEBUG - joeynmt.training - 	Tokenized hypothesis: ['Mr', 'C@@', 'ap@@', 'an', 'is', 'to', 'the', 'most', 'most', 'most', 'of', 'the', 'world', ',', 'the', 'most', 'most', 'important', 'role', 'of', 'the', 'world', ',', 'the', 'world', '&apos;s', 'economic', 'economic', 'economic', 'economic', 'economic', 'economic', 'economic', 'economic', 'economic', 'economic', 'economic', 'economic', 'economic', 'economic', 'economic', 'policy', '.', '</s>']
2026-05-09 02:15:38,716 - INFO - joeynmt.training - 	Source:     Herr Modi befindet sich auf einer fünftägigen Reise nach Japan , um die wirtschaftlichen Beziehungen mit der drittgrößten Wirtschaftsnation der Welt zu festigen .
2026-05-09 02:15:38,716 - INFO - joeynmt.training - 	Reference:  Mr Modi is on a five @-@ day trip to Japan to strengthen economic ties with the third largest economy in the world .
2026-05-09 02:15:38,716 - INFO - joeynmt.training - 	Hypothesis: Mr Capan is to the most most most of the world , the most most important role of the world , the world &apos;s economic economic economic economic economic economic economic economic economic economic economic economic economic economic economic policy .
2026-05-09 02:15:38,716 - INFO - joeynmt.training - Example #3
2026-05-09 02:15:38,716 - DEBUG - joeynmt.training - 	Tokenized source:     ['P@@', 'län@@', 'e', 'für', 'eine', 'stärk@@', 'ere', 'k@@', 'ern@@', 'techn@@', 'ische', 'Zusammenarbeit', 'stehen', 'ganz', 'ob@@', 'en', 'auf', 'der', 'Tag@@', 'es@@', 'ordnung', '.']
2026-05-09 02:15:38,716 - DEBUG - joeynmt.training - 	Tokenized reference:  ['high', 'on', 'the', 'agen@@', 'da', 'are', 'pl@@', 'ans', 'for', 'gre@@', 'ater', 'nu@@', 'clear', 'c@@', 'o', '@@@', '-@@', '@', 'operation', '.']
2026-05-09 02:15:38,716 - DEBUG - joeynmt.training - 	Tokenized hypothesis: ['P@@', 'P@@', 'S', 'is', 'a', 'new', 'techn@@', 'ology', 'to', 're@@', 'main', 'in', 'the', 'next', 'to', 'the', 'next', 'to', 'the', 'next', 'to', 'the', 'next', 'it@@', 'em', '.', '</s>']
2026-05-09 02:15:38,716 - INFO - joeynmt.training - 	Source:     Pläne für eine stärkere kerntechnische Zusammenarbeit stehen ganz oben auf der Tagesordnung .
2026-05-09 02:15:38,716 - INFO - joeynmt.training - 	Reference:  high on the agenda are plans for greater nuclear co @-@ operation .
2026-05-09 02:15:38,716 - INFO - joeynmt.training - 	Hypothesis: PPS is a new technology to remain in the next to the next to the next to the next item .
2026-05-09 02:15:38,716 - INFO - joeynmt.training - Example #4
2026-05-09 02:15:38,716 - DEBUG - joeynmt.training - 	Tokenized source:     ['Berich@@', 'ten', 'zu@@', 'fol@@', 'ge', 'ho@@', 'fft', 'Indi@@', 'en', 'darüber', 'hinaus', 'auf', 'einen', 'Ver@@', 'trag', 'zur', 'Ver@@', 'tei@@', 'dig@@', 'ungs@@', 'zusammen@@', 'arbeit', 'zwischen', 'den', 'beiden', 'N@@', 'ationen', '.']
2026-05-09 02:15:38,716 - DEBUG - joeynmt.training - 	Tokenized reference:  ['Indi@@', 'a', 'is', 'also', 're@@', 'porte@@', 'dly', 'hop@@', 'ing', 'for', 'a', 'de@@', 'al', 'on', 'def@@', 'ence', 'c@@', 'oll@@', 'ab@@', 'or@@', 'ation', 'between', 'the', 'two', 'n@@', 'ations', '.']
2026-05-09 02:15:38,716 - DEBUG - joeynmt.training - 	Tokenized hypothesis: ['in', 'the', 'report', ',', 'the', 'con@@', 'sequ@@', 'ences', 'of', 'the', 'two', 'par@@', 'ag@@', 'rap@@', 'h', ',', 'the', 'two', 'par@@', 'ag@@', 'rap@@', 'h', '.', '</s>']
2026-05-09 02:15:38,716 - INFO - joeynmt.training - 	Source:     Berichten zufolge hofft Indien darüber hinaus auf einen Vertrag zur Verteidigungszusammenarbeit zwischen den beiden Nationen .
2026-05-09 02:15:38,716 - INFO - joeynmt.training - 	Reference:  India is also reportedly hoping for a deal on defence collaboration between the two nations .
2026-05-09 02:15:38,716 - INFO - joeynmt.training - 	Hypothesis: in the report , the consequences of the two paragraph , the two paragraph .
2026-05-09 02:15:56,370 - INFO - joeynmt.training - Epoch   2, Step:     6600, Batch Loss:     2.497331, Batch Acc: 0.323394, Tokens per Sec:     5173, Lr: 0.000300
2026-05-09 02:16:13,853 - INFO - joeynmt.training - Epoch   2, Step:     6700, Batch Loss:     2.448399, Batch Acc: 0.330223, Tokens per Sec:     5254, Lr: 0.000300
2026-05-09 02:16:31,157 - INFO - joeynmt.training - Epoch   2, Step:     6800, Batch Loss:     2.463326, Batch Acc: 0.332600, Tokens per Sec:     5309, Lr: 0.000300
2026-05-09 02:16:48,730 - INFO - joeynmt.training - Epoch   2, Step:     6900, Batch Loss:     2.403434, Batch Acc: 0.328327, Tokens per Sec:     5214, Lr: 0.000300
2026-05-09 02:17:06,267 - INFO - joeynmt.training - Epoch   2, Step:     7000, Batch Loss:     2.486023, Batch Acc: 0.334402, Tokens per Sec:     5228, Lr: 0.000300
2026-05-09 02:17:06,268 - INFO - joeynmt.prediction - Predicting 500 example(s)... (Greedy decoding with min_output_length=1, max_output_length=-1, return_prob='none', generate_unk=True, repetition_penalty=-1, no_repeat_ngram_size=-1)
2026-05-09 02:17:41,613 - INFO - joeynmt.prediction - Evaluation result (greedy) loss:   2.86, ppl:  17.51, acc:   0.27, generation: 35.3404[sec], evaluation: 0.0000[sec]
2026-05-09 02:17:41,615 - INFO - joeynmt.training - Hooray! New best validation result [ppl]!
2026-05-09 02:17:41,701 - INFO - joeynmt.helpers - delete models/deen_transformer_regular/4500.ckpt
2026-05-09 02:17:41,703 - INFO - joeynmt.training - Example #0
2026-05-09 02:17:41,703 - DEBUG - joeynmt.training - 	Tokenized source:     ['die', 'Pre@@', 'mi@@', 'er@@', 'minist@@', 'er', 'Indi@@', 'ens', 'und', 'J@@', 'ap@@', 'ans', 'tra@@', 'fen', 'sich', 'in', 'T@@', 'ok@@', 'i@@', 'o', '.']
2026-05-09 02:17:41,703 - DEBUG - joeynmt.training - 	Tokenized reference:  ['Indi@@', 'a', 'and', 'J@@', 'ap@@', 'an', 'pri@@', 'me', 'minist@@', 'ers', 'me@@', 'et', 'in', 'T@@', 'ok@@', 'y@@', 'o']
2026-05-09 02:17:41,703 - DEBUG - joeynmt.training - 	Tokenized hypothesis: ['the', 'm@@', 'm@@', 'ember', 'of', 'the', 'm@@', 'om@@', 'o', 'and', 'J@@', 'ap@@', 'an', 'and', 'J@@', 'ap@@', 'an', '.', '</s>']
2026-05-09 02:17:41,703 - INFO - joeynmt.training - 	Source:     die Premierminister Indiens und Japans trafen sich in Tokio .
2026-05-09 02:17:41,703 - INFO - joeynmt.training - 	Reference:  India and Japan prime ministers meet in Tokyo
2026-05-09 02:17:41,703 - INFO - joeynmt.training - 	Hypothesis: the mmember of the momo and Japan and Japan .
2026-05-09 02:17:41,703 - INFO - joeynmt.training - Example #1
2026-05-09 02:17:41,703 - DEBUG - joeynmt.training - 	Tokenized source:     ['Indi@@', 'ens', 'neu@@', 'er', 'Pre@@', 'mi@@', 'er@@', 'minist@@', 'er', 'N@@', 'ar@@', 'end@@', 'ra', 'Mo@@', 'd@@', 'i', 'tri@@', 'fft', 'bei', 's@@', 'einem', 'ersten', 'wichti@@', 'gen', 'Aus@@', 'land@@', 's@@', 'bes@@', 'u@@', 'ch', 'seit', 's@@', 'einem', 'W@@', 'ah@@', 'l@@', 'si@@', 'e@@', 'g', 'im', 'Ma@@', 'i', 'seinen', 'j@@', 'ap@@', 'an@@', 'ischen', 'Am@@', 'ts@@', 'k@@', 'olle@@', 'gen', 'S@@', 'hin@@', 'z@@', 'o', 'A@@', 'be', 'in', 'T@@', 'ok@@', 'o', ',', 'um', 'wirtschaf@@', 'tliche', 'und', 'sicher@@', 'heits@@', 'politische', 'Be@@', 'zieh@@', 'ungen', 'zu', 'bes@@', 'pre@@', 'chen', '.']
2026-05-09 02:17:41,703 - DEBUG - joeynmt.training - 	Tokenized reference:  ['Indi@@', 'a', '&apos;s', 'new', 'pri@@', 'me', 'minist@@', 'er', ',', 'N@@', 'ar@@', 'end@@', 'ra', 'Mo@@', 'd@@', 'i', ',', 'is', 'me@@', 'eting', 'his', 'J@@', 'ap@@', 'an@@', 'ese', 'coun@@', 'ter@@', 'part', ',', 'S@@', 'hin@@', 'z@@', 'o', 'A@@', 'be', ',', 'in', 'T@@', 'ok@@', 'y@@', 'o', 'to', 'disc@@', 'uss', 'economic', 'and', 'security', 'ties', ',', 'on', 'his', 'first', 'major', 'fore@@', 'ign', 'visi@@', 't', 'since', 'w@@', 'inn@@', 'ing', 'Ma@@', 'y', '&apos;s', 'elec@@', 'tion', '.']
2026-05-09 02:17:41,703 - DEBUG - joeynmt.training - 	Tokenized hypothesis: ['in', 'the', 'new', 're@@', 'form', 'of', 'the', 'N@@', 'ar@@', 'd@@', 'i', ',', 'the', 'United', 'N@@', 'ations', ',', 'the', 'first', 'time', ',', 'the', 'first', 'time', 'of', 'the', 'first', 'time', ',', 'in', 'the', 'S@@', 'we@@', 'den', 'of', 'the', 'S@@', 'um@@', 'mit', 'in', 'his', 'own', ',', 'the', 'A@@', 'mer@@', 'ic@@', 'o', ',', 'and', 'the', 'A@@', 'mer@@', 'ic@@', 'o', '.', '</s>']
2026-05-09 02:17:41,703 - INFO - joeynmt.training - 	Source:     Indiens neuer Premierminister Narendra Modi trifft bei seinem ersten wichtigen Auslandsbesuch seit seinem Wahlsieg im Mai seinen japanischen Amtskollegen Shinzo Abe in Toko , um wirtschaftliche und sicherheitspolitische Beziehungen zu besprechen .
2026-05-09 02:17:41,703 - INFO - joeynmt.training - 	Reference:  India &apos;s new prime minister , Narendra Modi , is meeting his Japanese counterpart , Shinzo Abe , in Tokyo to discuss economic and security ties , on his first major foreign visit since winning May &apos;s election .
2026-05-09 02:17:41,703 - INFO - joeynmt.training - 	Hypothesis: in the new reform of the Nardi , the United Nations , the first time , the first time of the first time , in the Sweden of the Summit in his own , the Americo , and the Americo .
2026-05-09 02:17:41,703 - INFO - joeynmt.training - Example #2
2026-05-09 02:17:41,703 - DEBUG - joeynmt.training - 	Tokenized source:     ['Herr', 'Mo@@', 'd@@', 'i', 'befindet', 'sich', 'auf', 'einer', 'fü@@', 'n@@', 'f@@', 'tä@@', 'gi@@', 'gen', 'Rei@@', 'se', 'nach', 'J@@', 'ap@@', 'an', ',', 'um', 'die', 'wirtschaf@@', 'tlichen', 'Be@@', 'zieh@@', 'ungen', 'mit', 'der', 'd@@', 'rit@@', 't@@', 'größ@@', 'ten', 'Wirtschafts@@', 'n@@', 'ation', 'der', 'Welt', 'zu', 'fes@@', 'tigen', '.']
2026-05-09 02:17:41,703 - DEBUG - joeynmt.training - 	Tokenized reference:  ['Mr', 'Mo@@', 'd@@', 'i', 'is', 'on', 'a', 'fi@@', 've', '@@@', '-@@', '@', 'day', 'tri@@', 'p', 'to', 'J@@', 'ap@@', 'an', 'to', 'streng@@', 'then', 'economic', 'ties', 'with', 'the', 'third', 'lar@@', 'ges@@', 't', 'econom@@', 'y', 'in', 'the', 'world', '.']
2026-05-09 02:17:41,703 - DEBUG - joeynmt.training - 	Tokenized hypothesis: ['Mr', 'President', ',', 'the', 'C@@', 'ap@@', 'an', 'is', 'to', 'be', 'a', 's@@', 'our@@', 'ce', 'of', 'the', 'J@@', 'ap@@', 'an', ',', 'the', 'world', ',', 'the', 'world', '&apos;s', 'economic', 'growth', '.', '</s>']
2026-05-09 02:17:41,703 - INFO - joeynmt.training - 	Source:     Herr Modi befindet sich auf einer fünftägigen Reise nach Japan , um die wirtschaftlichen Beziehungen mit der drittgrößten Wirtschaftsnation der Welt zu festigen .
2026-05-09 02:17:41,703 - INFO - joeynmt.training - 	Reference:  Mr Modi is on a five @-@ day trip to Japan to strengthen economic ties with the third largest economy in the world .
2026-05-09 02:17:41,704 - INFO - joeynmt.training - 	Hypothesis: Mr President , the Capan is to be a source of the Japan , the world , the world &apos;s economic growth .
2026-05-09 02:17:41,704 - INFO - joeynmt.training - Example #3
2026-05-09 02:17:41,704 - DEBUG - joeynmt.training - 	Tokenized source:     ['P@@', 'län@@', 'e', 'für', 'eine', 'stärk@@', 'ere', 'k@@', 'ern@@', 'techn@@', 'ische', 'Zusammenarbeit', 'stehen', 'ganz', 'ob@@', 'en', 'auf', 'der', 'Tag@@', 'es@@', 'ordnung', '.']
2026-05-09 02:17:41,704 - DEBUG - joeynmt.training - 	Tokenized reference:  ['high', 'on', 'the', 'agen@@', 'da', 'are', 'pl@@', 'ans', 'for', 'gre@@', 'ater', 'nu@@', 'clear', 'c@@', 'o', '@@@', '-@@', '@', 'operation', '.']
2026-05-09 02:17:41,704 - DEBUG - joeynmt.training - 	Tokenized hypothesis: ['P@@', 'ubli@@', 'c', 'has', 'a', 'great', 'techn@@', 'ologi@@', 'cal', 'cooperation', 'on', 'the', 'issue', 'of', 'the', 'next', 'techn@@', 'ical', 'cooperation', '.', '</s>']
2026-05-09 02:17:41,704 - INFO - joeynmt.training - 	Source:     Pläne für eine stärkere kerntechnische Zusammenarbeit stehen ganz oben auf der Tagesordnung .
2026-05-09 02:17:41,704 - INFO - joeynmt.training - 	Reference:  high on the agenda are plans for greater nuclear co @-@ operation .
2026-05-09 02:17:41,704 - INFO - joeynmt.training - 	Hypothesis: Public has a great technological cooperation on the issue of the next technical cooperation .
2026-05-09 02:17:41,704 - INFO - joeynmt.training - Example #4
2026-05-09 02:17:41,704 - DEBUG - joeynmt.training - 	Tokenized source:     ['Berich@@', 'ten', 'zu@@', 'fol@@', 'ge', 'ho@@', 'fft', 'Indi@@', 'en', 'darüber', 'hinaus', 'auf', 'einen', 'Ver@@', 'trag', 'zur', 'Ver@@', 'tei@@', 'dig@@', 'ungs@@', 'zusammen@@', 'arbeit', 'zwischen', 'den', 'beiden', 'N@@', 'ationen', '.']
2026-05-09 02:17:41,704 - DEBUG - joeynmt.training - 	Tokenized reference:  ['Indi@@', 'a', 'is', 'also', 're@@', 'porte@@', 'dly', 'hop@@', 'ing', 'for', 'a', 'de@@', 'al', 'on', 'def@@', 'ence', 'c@@', 'oll@@', 'ab@@', 'or@@', 'ation', 'between', 'the', 'two', 'n@@', 'ations', '.']
2026-05-09 02:17:41,704 - DEBUG - joeynmt.training - 	Tokenized hypothesis: ['in', 'the', 'report', ',', 'the', 'propos@@', 'ed', 'by', 'the', 'two', 're@@', 'ports', 'to', 'the', 'two', 're@@', 'ports', 'to', 'the', 'two', 're@@', 'form', 'of', 'the', 'two', '.', '</s>']
2026-05-09 02:17:41,704 - INFO - joeynmt.training - 	Source:     Berichten zufolge hofft Indien darüber hinaus auf einen Vertrag zur Verteidigungszusammenarbeit zwischen den beiden Nationen .
2026-05-09 02:17:41,704 - INFO - joeynmt.training - 	Reference:  India is also reportedly hoping for a deal on defence collaboration between the two nations .
2026-05-09 02:17:41,704 - INFO - joeynmt.training - 	Hypothesis: in the report , the proposed by the two reports to the two reports to the two reform of the two .
2026-05-09 02:17:59,057 - INFO - joeynmt.training - Epoch   2, Step:     7100, Batch Loss:     2.443654, Batch Acc: 0.342219, Tokens per Sec:     5295, Lr: 0.000300
2026-05-09 02:18:16,695 - INFO - joeynmt.training - Epoch   2, Step:     7200, Batch Loss:     2.346402, Batch Acc: 0.338111, Tokens per Sec:     5257, Lr: 0.000300
2026-05-09 02:18:34,290 - INFO - joeynmt.training - Epoch   2, Step:     7300, Batch Loss:     2.612181, Batch Acc: 0.345287, Tokens per Sec:     5178, Lr: 0.000300
2026-05-09 02:18:51,752 - INFO - joeynmt.training - Epoch   2, Step:     7400, Batch Loss:     2.359134, Batch Acc: 0.347856, Tokens per Sec:     5162, Lr: 0.000300
2026-05-09 02:19:09,426 - INFO - joeynmt.training - Epoch   2, Step:     7500, Batch Loss:     2.472471, Batch Acc: 0.346435, Tokens per Sec:     5276, Lr: 0.000300
2026-05-09 02:19:09,427 - INFO - joeynmt.prediction - Predicting 500 example(s)... (Greedy decoding with min_output_length=1, max_output_length=-1, return_prob='none', generate_unk=True, repetition_penalty=-1, no_repeat_ngram_size=-1)
2026-05-09 02:19:42,140 - INFO - joeynmt.prediction - Evaluation result (greedy) loss:   2.80, ppl:  16.37, acc:   0.29, generation: 32.7081[sec], evaluation: 0.0000[sec]
2026-05-09 02:19:42,142 - INFO - joeynmt.training - Hooray! New best validation result [ppl]!
2026-05-09 02:19:42,229 - INFO - joeynmt.helpers - delete models/deen_transformer_regular/5000.ckpt
2026-05-09 02:19:42,234 - INFO - joeynmt.training - Example #0
2026-05-09 02:19:42,234 - DEBUG - joeynmt.training - 	Tokenized source:     ['die', 'Pre@@', 'mi@@', 'er@@', 'minist@@', 'er', 'Indi@@', 'ens', 'und', 'J@@', 'ap@@', 'ans', 'tra@@', 'fen', 'sich', 'in', 'T@@', 'ok@@', 'i@@', 'o', '.']
2026-05-09 02:19:42,234 - DEBUG - joeynmt.training - 	Tokenized reference:  ['Indi@@', 'a', 'and', 'J@@', 'ap@@', 'an', 'pri@@', 'me', 'minist@@', 'ers', 'me@@', 'et', 'in', 'T@@', 'ok@@', 'y@@', 'o']
2026-05-09 02:19:42,234 - DEBUG - joeynmt.training - 	Tokenized hypothesis: ['the', 'M@@', 'er@@', 'o', 'and', 'J@@', 'ap@@', 'an', 'and', 'J@@', 'ap@@', 'an', 'T@@', 'i@@', 'o', '.', '</s>']
2026-05-09 02:19:42,234 - INFO - joeynmt.training - 	Source:     die Premierminister Indiens und Japans trafen sich in Tokio .
2026-05-09 02:19:42,234 - INFO - joeynmt.training - 	Reference:  India and Japan prime ministers meet in Tokyo
2026-05-09 02:19:42,234 - INFO - joeynmt.training - 	Hypothesis: the Mero and Japan and Japan Tio .
2026-05-09 02:19:42,234 - INFO - joeynmt.training - Example #1
2026-05-09 02:19:42,235 - DEBUG - joeynmt.training - 	Tokenized source:     ['Indi@@', 'ens', 'neu@@', 'er', 'Pre@@', 'mi@@', 'er@@', 'minist@@', 'er', 'N@@', 'ar@@', 'end@@', 'ra', 'Mo@@', 'd@@', 'i', 'tri@@', 'fft', 'bei', 's@@', 'einem', 'ersten', 'wichti@@', 'gen', 'Aus@@', 'land@@', 's@@', 'bes@@', 'u@@', 'ch', 'seit', 's@@', 'einem', 'W@@', 'ah@@', 'l@@', 'si@@', 'e@@', 'g', 'im', 'Ma@@', 'i', 'seinen', 'j@@', 'ap@@', 'an@@', 'ischen', 'Am@@', 'ts@@', 'k@@', 'olle@@', 'gen', 'S@@', 'hin@@', 'z@@', 'o', 'A@@', 'be', 'in', 'T@@', 'ok@@', 'o', ',', 'um', 'wirtschaf@@', 'tliche', 'und', 'sicher@@', 'heits@@', 'politische', 'Be@@', 'zieh@@', 'ungen', 'zu', 'bes@@', 'pre@@', 'chen', '.']
2026-05-09 02:19:42,235 - DEBUG - joeynmt.training - 	Tokenized reference:  ['Indi@@', 'a', '&apos;s', 'new', 'pri@@', 'me', 'minist@@', 'er', ',', 'N@@', 'ar@@', 'end@@', 'ra', 'Mo@@', 'd@@', 'i', ',', 'is', 'me@@', 'eting', 'his', 'J@@', 'ap@@', 'an@@', 'ese', 'coun@@', 'ter@@', 'part', ',', 'S@@', 'hin@@', 'z@@', 'o', 'A@@', 'be', ',', 'in', 'T@@', 'ok@@', 'y@@', 'o', 'to', 'disc@@', 'uss', 'economic', 'and', 'security', 'ties', ',', 'on', 'his', 'first', 'major', 'fore@@', 'ign', 'visi@@', 't', 'since', 'w@@', 'inn@@', 'ing', 'Ma@@', 'y', '&apos;s', 'elec@@', 'tion', '.']
2026-05-09 02:19:42,235 - DEBUG - joeynmt.training - 	Tokenized hypothesis: ['in', 'the', 'new', 'new', 'N@@', 'N@@', 'N@@', 'ational', 'A@@', 'mer@@', 'ic@@', 'a', ',', 'the', 'first', 'first', 'first', 'first', 'of', 'the', 'first', 'first', 'time', ',', 'in', 'a', 'sh@@', 'ort', 'of', 'the', 'S@@', 'S@@', 'S@@', 'S@@', 'S@@', 'an', 'A@@', 'mer@@', 'ic@@', 'a', ',', 'the', 'S@@', 'we@@', 'den', 'and', 'the', 'political', ',', 'and', 'political', ',', 'the', 'A@@', 'mer@@', 'ic@@', 'o', '.', '</s>']
2026-05-09 02:19:42,235 - INFO - joeynmt.training - 	Source:     Indiens neuer Premierminister Narendra Modi trifft bei seinem ersten wichtigen Auslandsbesuch seit seinem Wahlsieg im Mai seinen japanischen Amtskollegen Shinzo Abe in Toko , um wirtschaftliche und sicherheitspolitische Beziehungen zu besprechen .
2026-05-09 02:19:42,235 - INFO - joeynmt.training - 	Reference:  India &apos;s new prime minister , Narendra Modi , is meeting his Japanese counterpart , Shinzo Abe , in Tokyo to discuss economic and security ties , on his first major foreign visit since winning May &apos;s election .
2026-05-09 02:19:42,235 - INFO - joeynmt.training - 	Hypothesis: in the new new NNNational America , the first first first first of the first first time , in a short of the SSSSSan America , the Sweden and the political , and political , the Americo .
2026-05-09 02:19:42,235 - INFO - joeynmt.training - Example #2
2026-05-09 02:19:42,235 - DEBUG - joeynmt.training - 	Tokenized source:     ['Herr', 'Mo@@', 'd@@', 'i', 'befindet', 'sich', 'auf', 'einer', 'fü@@', 'n@@', 'f@@', 'tä@@', 'gi@@', 'gen', 'Rei@@', 'se', 'nach', 'J@@', 'ap@@', 'an', ',', 'um', 'die', 'wirtschaf@@', 'tlichen', 'Be@@', 'zieh@@', 'ungen', 'mit', 'der', 'd@@', 'rit@@', 't@@', 'größ@@', 'ten', 'Wirtschafts@@', 'n@@', 'ation', 'der', 'Welt', 'zu', 'fes@@', 'tigen', '.']
2026-05-09 02:19:42,235 - DEBUG - joeynmt.training - 	Tokenized reference:  ['Mr', 'Mo@@', 'd@@', 'i', 'is', 'on', 'a', 'fi@@', 've', '@@@', '-@@', '@', 'day', 'tri@@', 'p', 'to', 'J@@', 'ap@@', 'an', 'to', 'streng@@', 'then', 'economic', 'ties', 'with', 'the', 'third', 'lar@@', 'ges@@', 't', 'econom@@', 'y', 'in', 'the', 'world', '.']
2026-05-09 02:19:42,235 - DEBUG - joeynmt.training - 	Tokenized hypothesis: ['Mr', 'Ma@@', 'd@@', 'i', 'is', 'located', 'on', 'a', 'f@@', 'air', ',', 'the', 'J@@', 'ap@@', 'an', ',', 'the', 'J@@', 'ap@@', 'an', ',', 'the', 'economic', 'rel@@', 'ations', 'with', 'the', 'economic', 'economic', 'economic', 'economic', 'economic', 'economic', 'economic', 'economic', 'economic', 'economic', 'economic', 'economic', 'economic', 'economic', '.', '</s>']
2026-05-09 02:19:42,235 - INFO - joeynmt.training - 	Source:     Herr Modi befindet sich auf einer fünftägigen Reise nach Japan , um die wirtschaftlichen Beziehungen mit der drittgrößten Wirtschaftsnation der Welt zu festigen .
2026-05-09 02:19:42,235 - INFO - joeynmt.training - 	Reference:  Mr Modi is on a five @-@ day trip to Japan to strengthen economic ties with the third largest economy in the world .
2026-05-09 02:19:42,235 - INFO - joeynmt.training - 	Hypothesis: Mr Madi is located on a fair , the Japan , the Japan , the economic relations with the economic economic economic economic economic economic economic economic economic economic economic economic economic economic .
2026-05-09 02:19:42,235 - INFO - joeynmt.training - Example #3
2026-05-09 02:19:42,235 - DEBUG - joeynmt.training - 	Tokenized source:     ['P@@', 'län@@', 'e', 'für', 'eine', 'stärk@@', 'ere', 'k@@', 'ern@@', 'techn@@', 'ische', 'Zusammenarbeit', 'stehen', 'ganz', 'ob@@', 'en', 'auf', 'der', 'Tag@@', 'es@@', 'ordnung', '.']
2026-05-09 02:19:42,235 - DEBUG - joeynmt.training - 	Tokenized reference:  ['high', 'on', 'the', 'agen@@', 'da', 'are', 'pl@@', 'ans', 'for', 'gre@@', 'ater', 'nu@@', 'clear', 'c@@', 'o', '@@@', '-@@', '@', 'operation', '.']
2026-05-09 02:19:42,235 - DEBUG - joeynmt.training - 	Tokenized hypothesis: ['P@@', 'e@@', 'e@@', 'e@@', 'e@@', 'ver', 'for', 'techn@@', 'ical', 'cooperation', '.', '</s>']
2026-05-09 02:19:42,235 - INFO - joeynmt.training - 	Source:     Pläne für eine stärkere kerntechnische Zusammenarbeit stehen ganz oben auf der Tagesordnung .
2026-05-09 02:19:42,235 - INFO - joeynmt.training - 	Reference:  high on the agenda are plans for greater nuclear co @-@ operation .
2026-05-09 02:19:42,235 - INFO - joeynmt.training - 	Hypothesis: Peeeever for technical cooperation .
2026-05-09 02:19:42,235 - INFO - joeynmt.training - Example #4
2026-05-09 02:19:42,235 - DEBUG - joeynmt.training - 	Tokenized source:     ['Berich@@', 'ten', 'zu@@', 'fol@@', 'ge', 'ho@@', 'fft', 'Indi@@', 'en', 'darüber', 'hinaus', 'auf', 'einen', 'Ver@@', 'trag', 'zur', 'Ver@@', 'tei@@', 'dig@@', 'ungs@@', 'zusammen@@', 'arbeit', 'zwischen', 'den', 'beiden', 'N@@', 'ationen', '.']
2026-05-09 02:19:42,235 - DEBUG - joeynmt.training - 	Tokenized reference:  ['Indi@@', 'a', 'is', 'also', 're@@', 'porte@@', 'dly', 'hop@@', 'ing', 'for', 'a', 'de@@', 'al', 'on', 'def@@', 'ence', 'c@@', 'oll@@', 'ab@@', 'or@@', 'ation', 'between', 'the', 'two', 'n@@', 'ations', '.']
2026-05-09 02:19:42,235 - DEBUG - joeynmt.training - 	Tokenized hypothesis: ['the', 'report', 'on', 'a', 're@@', 'ality', 'of', 'the', 'US', ',', 'a', 're@@', 'view', 'of', 'the', 'Tre@@', 'aty', 'on', 'the', 'two', 'par@@', 'ties', '.', '</s>']
2026-05-09 02:19:42,235 - INFO - joeynmt.training - 	Source:     Berichten zufolge hofft Indien darüber hinaus auf einen Vertrag zur Verteidigungszusammenarbeit zwischen den beiden Nationen .
2026-05-09 02:19:42,235 - INFO - joeynmt.training - 	Reference:  India is also reportedly hoping for a deal on defence collaboration between the two nations .
2026-05-09 02:19:42,236 - INFO - joeynmt.training - 	Hypothesis: the report on a reality of the US , a review of the Treaty on the two parties .
2026-05-09 02:19:59,648 - INFO - joeynmt.training - Epoch   2, Step:     7600, Batch Loss:     2.493084, Batch Acc: 0.353772, Tokens per Sec:     5251, Lr: 0.000300
2026-05-09 02:20:17,182 - INFO - joeynmt.training - Epoch   2, Step:     7700, Batch Loss:     2.444907, Batch Acc: 0.352886, Tokens per Sec:     5295, Lr: 0.000300
2026-05-09 02:20:34,681 - INFO - joeynmt.training - Epoch   2, Step:     7800, Batch Loss:     2.418577, Batch Acc: 0.363554, Tokens per Sec:     5216, Lr: 0.000300
2026-05-09 02:20:52,261 - INFO - joeynmt.training - Epoch   2, Step:     7900, Batch Loss:     2.313812, Batch Acc: 0.361596, Tokens per Sec:     5244, Lr: 0.000300
2026-05-09 02:21:09,662 - INFO - joeynmt.training - Epoch   2, Step:     8000, Batch Loss:     2.334473, Batch Acc: 0.369912, Tokens per Sec:     5248, Lr: 0.000300
2026-05-09 02:21:09,662 - INFO - joeynmt.prediction - Predicting 500 example(s)... (Greedy decoding with min_output_length=1, max_output_length=-1, return_prob='none', generate_unk=True, repetition_penalty=-1, no_repeat_ngram_size=-1)
2026-05-09 02:21:49,656 - INFO - joeynmt.prediction - Evaluation result (greedy) loss:   2.72, ppl:  15.21, acc:   0.30, generation: 39.9892[sec], evaluation: 0.0000[sec]
2026-05-09 02:21:49,657 - INFO - joeynmt.training - Hooray! New best validation result [ppl]!
2026-05-09 02:21:49,745 - INFO - joeynmt.helpers - delete models/deen_transformer_regular/5500.ckpt
2026-05-09 02:21:49,748 - INFO - joeynmt.training - Example #0
2026-05-09 02:21:49,748 - DEBUG - joeynmt.training - 	Tokenized source:     ['die', 'Pre@@', 'mi@@', 'er@@', 'minist@@', 'er', 'Indi@@', 'ens', 'und', 'J@@', 'ap@@', 'ans', 'tra@@', 'fen', 'sich', 'in', 'T@@', 'ok@@', 'i@@', 'o', '.']
2026-05-09 02:21:49,748 - DEBUG - joeynmt.training - 	Tokenized reference:  ['Indi@@', 'a', 'and', 'J@@', 'ap@@', 'an', 'pri@@', 'me', 'minist@@', 'ers', 'me@@', 'et', 'in', 'T@@', 'ok@@', 'y@@', 'o']
2026-05-09 02:21:49,748 - DEBUG - joeynmt.training - 	Tokenized hypothesis: ['the', 're@@', 'ma@@', 'ins', 'of', 'the', 'A@@', 'mer@@', 'ic@@', 'o', 'and', 'J@@', 'ap@@', 'an', '.', '</s>']
2026-05-09 02:21:49,748 - INFO - joeynmt.training - 	Source:     die Premierminister Indiens und Japans trafen sich in Tokio .
2026-05-09 02:21:49,748 - INFO - joeynmt.training - 	Reference:  India and Japan prime ministers meet in Tokyo
2026-05-09 02:21:49,748 - INFO - joeynmt.training - 	Hypothesis: the remains of the Americo and Japan .
2026-05-09 02:21:49,748 - INFO - joeynmt.training - Example #1
2026-05-09 02:21:49,749 - DEBUG - joeynmt.training - 	Tokenized source:     ['Indi@@', 'ens', 'neu@@', 'er', 'Pre@@', 'mi@@', 'er@@', 'minist@@', 'er', 'N@@', 'ar@@', 'end@@', 'ra', 'Mo@@', 'd@@', 'i', 'tri@@', 'fft', 'bei', 's@@', 'einem', 'ersten', 'wichti@@', 'gen', 'Aus@@', 'land@@', 's@@', 'bes@@', 'u@@', 'ch', 'seit', 's@@', 'einem', 'W@@', 'ah@@', 'l@@', 'si@@', 'e@@', 'g', 'im', 'Ma@@', 'i', 'seinen', 'j@@', 'ap@@', 'an@@', 'ischen', 'Am@@', 'ts@@', 'k@@', 'olle@@', 'gen', 'S@@', 'hin@@', 'z@@', 'o', 'A@@', 'be', 'in', 'T@@', 'ok@@', 'o', ',', 'um', 'wirtschaf@@', 'tliche', 'und', 'sicher@@', 'heits@@', 'politische', 'Be@@', 'zieh@@', 'ungen', 'zu', 'bes@@', 'pre@@', 'chen', '.']
2026-05-09 02:21:49,749 - DEBUG - joeynmt.training - 	Tokenized reference:  ['Indi@@', 'a', '&apos;s', 'new', 'pri@@', 'me', 'minist@@', 'er', ',', 'N@@', 'ar@@', 'end@@', 'ra', 'Mo@@', 'd@@', 'i', ',', 'is', 'me@@', 'eting', 'his', 'J@@', 'ap@@', 'an@@', 'ese', 'coun@@', 'ter@@', 'part', ',', 'S@@', 'hin@@', 'z@@', 'o', 'A@@', 'be', ',', 'in', 'T@@', 'ok@@', 'y@@', 'o', 'to', 'disc@@', 'uss', 'economic', 'and', 'security', 'ties', ',', 'on', 'his', 'first', 'major', 'fore@@', 'ign', 'visi@@', 't', 'since', 'w@@', 'inn@@', 'ing', 'Ma@@', 'y', '&apos;s', 'elec@@', 'tion', '.']
2026-05-09 02:21:49,749 - DEBUG - joeynmt.training - 	Tokenized hypothesis: ['Indi@@', 'a', ',', 'the', 're@@', 'ma@@', 'ins', 'of', 'the', 'N@@', 'ar@@', 'ri@@', 'v@@', 'al', ',', 'a', 'first', 'time', 'of', 'the', 'first', 'time', 'of', 'the', 'S@@', 'we@@', 'den', 'in', 'his', 'his', 'his', 'his', 'own', 'S@@', 'ec@@', 'urity', 'Council', ',', 'the', 'S@@', 'outh', 'A@@', 'mer@@', 'ic@@', 'o', ',', 'the', 'A@@', 's@@', 'soci@@', 'ation', 'of', 'A@@', 's@@', 'soci@@', 'ation', 'in', 'the', 'A@@', 's@@', 'soci@@', 'ation', 'of', 'A@@', 's@@', 'soci@@', 'ation', '.', '</s>']
2026-05-09 02:21:49,749 - INFO - joeynmt.training - 	Source:     Indiens neuer Premierminister Narendra Modi trifft bei seinem ersten wichtigen Auslandsbesuch seit seinem Wahlsieg im Mai seinen japanischen Amtskollegen Shinzo Abe in Toko , um wirtschaftliche und sicherheitspolitische Beziehungen zu besprechen .
2026-05-09 02:21:49,749 - INFO - joeynmt.training - 	Reference:  India &apos;s new prime minister , Narendra Modi , is meeting his Japanese counterpart , Shinzo Abe , in Tokyo to discuss economic and security ties , on his first major foreign visit since winning May &apos;s election .
2026-05-09 02:21:49,749 - INFO - joeynmt.training - 	Hypothesis: India , the remains of the Narrival , a first time of the first time of the Sweden in his his his his own Security Council , the South Americo , the Association of Association in the Association of Association .
2026-05-09 02:21:49,749 - INFO - joeynmt.training - Example #2
2026-05-09 02:21:49,749 - DEBUG - joeynmt.training - 	Tokenized source:     ['Herr', 'Mo@@', 'd@@', 'i', 'befindet', 'sich', 'auf', 'einer', 'fü@@', 'n@@', 'f@@', 'tä@@', 'gi@@', 'gen', 'Rei@@', 'se', 'nach', 'J@@', 'ap@@', 'an', ',', 'um', 'die', 'wirtschaf@@', 'tlichen', 'Be@@', 'zieh@@', 'ungen', 'mit', 'der', 'd@@', 'rit@@', 't@@', 'größ@@', 'ten', 'Wirtschafts@@', 'n@@', 'ation', 'der', 'Welt', 'zu', 'fes@@', 'tigen', '.']
2026-05-09 02:21:49,749 - DEBUG - joeynmt.training - 	Tokenized reference:  ['Mr', 'Mo@@', 'd@@', 'i', 'is', 'on', 'a', 'fi@@', 've', '@@@', '-@@', '@', 'day', 'tri@@', 'p', 'to', 'J@@', 'ap@@', 'an', 'to', 'streng@@', 'then', 'economic', 'ties', 'with', 'the', 'third', 'lar@@', 'ges@@', 't', 'econom@@', 'y', 'in', 'the', 'world', '.']
2026-05-09 02:21:49,749 - DEBUG - joeynmt.training - 	Tokenized hypothesis: ['Mr', 'Bar@@', 'd@@', 'i', 'is', 'located', 'on', 'a', 'f@@', 'air', ',', 'the', 'world', ',', 'the', 'economic', 'rel@@', 'ations', 'with', 'the', 'economic', 'rel@@', 'ations', 'with', 'the', 'world', '&apos;s', 'economic', 'growth', '.', '</s>']
2026-05-09 02:21:49,749 - INFO - joeynmt.training - 	Source:     Herr Modi befindet sich auf einer fünftägigen Reise nach Japan , um die wirtschaftlichen Beziehungen mit der drittgrößten Wirtschaftsnation der Welt zu festigen .
2026-05-09 02:21:49,749 - INFO - joeynmt.training - 	Reference:  Mr Modi is on a five @-@ day trip to Japan to strengthen economic ties with the third largest economy in the world .
2026-05-09 02:21:49,749 - INFO - joeynmt.training - 	Hypothesis: Mr Bardi is located on a fair , the world , the economic relations with the economic relations with the world &apos;s economic growth .
2026-05-09 02:21:49,749 - INFO - joeynmt.training - Example #3
2026-05-09 02:21:49,749 - DEBUG - joeynmt.training - 	Tokenized source:     ['P@@', 'län@@', 'e', 'für', 'eine', 'stärk@@', 'ere', 'k@@', 'ern@@', 'techn@@', 'ische', 'Zusammenarbeit', 'stehen', 'ganz', 'ob@@', 'en', 'auf', 'der', 'Tag@@', 'es@@', 'ordnung', '.']
2026-05-09 02:21:49,749 - DEBUG - joeynmt.training - 	Tokenized reference:  ['high', 'on', 'the', 'agen@@', 'da', 'are', 'pl@@', 'ans', 'for', 'gre@@', 'ater', 'nu@@', 'clear', 'c@@', 'o', '@@@', '-@@', '@', 'operation', '.']
2026-05-09 02:21:49,749 - DEBUG - joeynmt.training - 	Tokenized hypothesis: ['P@@', 'ubli@@', 'c', 'is', 'a', 'more', 'effective', 'cooperation', 'on', 'the', 'basis', 'of', 'the', 'next', 'it@@', 'em', 'is', 'to', 'be', 'a', 'more', 'than', 'the', 'next', 'it@@', 'em', '.', '</s>']
2026-05-09 02:21:49,749 - INFO - joeynmt.training - 	Source:     Pläne für eine stärkere kerntechnische Zusammenarbeit stehen ganz oben auf der Tagesordnung .
2026-05-09 02:21:49,749 - INFO - joeynmt.training - 	Reference:  high on the agenda are plans for greater nuclear co @-@ operation .
2026-05-09 02:21:49,749 - INFO - joeynmt.training - 	Hypothesis: Public is a more effective cooperation on the basis of the next item is to be a more than the next item .
2026-05-09 02:21:49,749 - INFO - joeynmt.training - Example #4
2026-05-09 02:21:49,749 - DEBUG - joeynmt.training - 	Tokenized source:     ['Berich@@', 'ten', 'zu@@', 'fol@@', 'ge', 'ho@@', 'fft', 'Indi@@', 'en', 'darüber', 'hinaus', 'auf', 'einen', 'Ver@@', 'trag', 'zur', 'Ver@@', 'tei@@', 'dig@@', 'ungs@@', 'zusammen@@', 'arbeit', 'zwischen', 'den', 'beiden', 'N@@', 'ationen', '.']
2026-05-09 02:21:49,749 - DEBUG - joeynmt.training - 	Tokenized reference:  ['Indi@@', 'a', 'is', 'also', 're@@', 'porte@@', 'dly', 'hop@@', 'ing', 'for', 'a', 'de@@', 'al', 'on', 'def@@', 'ence', 'c@@', 'oll@@', 'ab@@', 'or@@', 'ation', 'between', 'the', 'two', 'n@@', 'ations', '.']
2026-05-09 02:21:49,749 - DEBUG - joeynmt.training - 	Tokenized hypothesis: ['in', 'ad@@', 'dition', ',', 'the', 'fact', ',', 'the', 'A@@', 'men@@', 'd@@', 'ment', 'of', 'the', 'two', 're@@', 'lev@@', 'ant', 'to', 'the', 'two', 'N@@', 'ations', '.', '</s>']
2026-05-09 02:21:49,750 - INFO - joeynmt.training - 	Source:     Berichten zufolge hofft Indien darüber hinaus auf einen Vertrag zur Verteidigungszusammenarbeit zwischen den beiden Nationen .
2026-05-09 02:21:49,750 - INFO - joeynmt.training - 	Reference:  India is also reportedly hoping for a deal on defence collaboration between the two nations .
2026-05-09 02:21:49,750 - INFO - joeynmt.training - 	Hypothesis: in addition , the fact , the Amendment of the two relevant to the two Nations .
2026-05-09 02:22:07,027 - INFO - joeynmt.training - Epoch   2, Step:     8100, Batch Loss:     2.310853, Batch Acc: 0.371484, Tokens per Sec:     5174, Lr: 0.000300
2026-05-09 02:22:12,429 - INFO - joeynmt.training - Epoch   2: total training loss 10489.72
2026-05-09 02:22:12,429 - INFO - joeynmt.training - EPOCH 3
2026-05-09 02:22:24,409 - INFO - joeynmt.training - Epoch   3, Step:     8200, Batch Loss:     2.399687, Batch Acc: 0.377876, Tokens per Sec:     5387, Lr: 0.000300
2026-05-09 02:22:41,597 - INFO - joeynmt.training - Epoch   3, Step:     8300, Batch Loss:     2.122562, Batch Acc: 0.384952, Tokens per Sec:     5313, Lr: 0.000300
2026-05-09 02:22:58,935 - INFO - joeynmt.training - Epoch   3, Step:     8400, Batch Loss:     2.273158, Batch Acc: 0.387276, Tokens per Sec:     5243, Lr: 0.000300
2026-05-09 02:23:16,233 - INFO - joeynmt.training - Epoch   3, Step:     8500, Batch Loss:     2.472884, Batch Acc: 0.389671, Tokens per Sec:     5312, Lr: 0.000300
2026-05-09 02:23:16,234 - INFO - joeynmt.prediction - Predicting 500 example(s)... (Greedy decoding with min_output_length=1, max_output_length=-1, return_prob='none', generate_unk=True, repetition_penalty=-1, no_repeat_ngram_size=-1)
2026-05-09 02:24:00,416 - INFO - joeynmt.prediction - Evaluation result (greedy) loss:   2.66, ppl:  14.24, acc:   0.32, generation: 44.1775[sec], evaluation: 0.0000[sec]
2026-05-09 02:24:00,418 - INFO - joeynmt.training - Hooray! New best validation result [ppl]!
2026-05-09 02:24:00,503 - INFO - joeynmt.helpers - delete models/deen_transformer_regular/6000.ckpt
2026-05-09 02:24:00,504 - INFO - joeynmt.training - Example #0
2026-05-09 02:24:00,504 - DEBUG - joeynmt.training - 	Tokenized source:     ['die', 'Pre@@', 'mi@@', 'er@@', 'minist@@', 'er', 'Indi@@', 'ens', 'und', 'J@@', 'ap@@', 'ans', 'tra@@', 'fen', 'sich', 'in', 'T@@', 'ok@@', 'i@@', 'o', '.']
2026-05-09 02:24:00,504 - DEBUG - joeynmt.training - 	Tokenized reference:  ['Indi@@', 'a', 'and', 'J@@', 'ap@@', 'an', 'pri@@', 'me', 'minist@@', 'ers', 'me@@', 'et', 'in', 'T@@', 'ok@@', 'y@@', 'o']
2026-05-09 02:24:00,504 - DEBUG - joeynmt.training - 	Tokenized hypothesis: ['the', 'pri@@', 'm@@', 'ari@@', 'ly', ',', 'Indi@@', 'a', 'and', 'J@@', 'ap@@', 'an', 'and', 'J@@', 'ap@@', 'an', '.', '</s>']
2026-05-09 02:24:00,504 - INFO - joeynmt.training - 	Source:     die Premierminister Indiens und Japans trafen sich in Tokio .
2026-05-09 02:24:00,504 - INFO - joeynmt.training - 	Reference:  India and Japan prime ministers meet in Tokyo
2026-05-09 02:24:00,504 - INFO - joeynmt.training - 	Hypothesis: the primarily , India and Japan and Japan .
2026-05-09 02:24:00,504 - INFO - joeynmt.training - Example #1
2026-05-09 02:24:00,504 - DEBUG - joeynmt.training - 	Tokenized source:     ['Indi@@', 'ens', 'neu@@', 'er', 'Pre@@', 'mi@@', 'er@@', 'minist@@', 'er', 'N@@', 'ar@@', 'end@@', 'ra', 'Mo@@', 'd@@', 'i', 'tri@@', 'fft', 'bei', 's@@', 'einem', 'ersten', 'wichti@@', 'gen', 'Aus@@', 'land@@', 's@@', 'bes@@', 'u@@', 'ch', 'seit', 's@@', 'einem', 'W@@', 'ah@@', 'l@@', 'si@@', 'e@@', 'g', 'im', 'Ma@@', 'i', 'seinen', 'j@@', 'ap@@', 'an@@', 'ischen', 'Am@@', 'ts@@', 'k@@', 'olle@@', 'gen', 'S@@', 'hin@@', 'z@@', 'o', 'A@@', 'be', 'in', 'T@@', 'ok@@', 'o', ',', 'um', 'wirtschaf@@', 'tliche', 'und', 'sicher@@', 'heits@@', 'politische', 'Be@@', 'zieh@@', 'ungen', 'zu', 'bes@@', 'pre@@', 'chen', '.']
2026-05-09 02:24:00,504 - DEBUG - joeynmt.training - 	Tokenized reference:  ['Indi@@', 'a', '&apos;s', 'new', 'pri@@', 'me', 'minist@@', 'er', ',', 'N@@', 'ar@@', 'end@@', 'ra', 'Mo@@', 'd@@', 'i', ',', 'is', 'me@@', 'eting', 'his', 'J@@', 'ap@@', 'an@@', 'ese', 'coun@@', 'ter@@', 'part', ',', 'S@@', 'hin@@', 'z@@', 'o', 'A@@', 'be', ',', 'in', 'T@@', 'ok@@', 'y@@', 'o', 'to', 'disc@@', 'uss', 'economic', 'and', 'security', 'ties', ',', 'on', 'his', 'first', 'major', 'fore@@', 'ign', 'visi@@', 't', 'since', 'w@@', 'inn@@', 'ing', 'Ma@@', 'y', '&apos;s', 'elec@@', 'tion', '.']
2026-05-09 02:24:00,505 - DEBUG - joeynmt.training - 	Tokenized hypothesis: ['in', 'T@@', 'T@@', 'T@@', 'T@@', 'T@@', 'T@@', 'T@@', 'T@@', 'T@@', 'T@@', 'T@@', 'T@@', 'T@@', 'T@@', 'T@@', 'T@@', 'T@@', 'T@@', 'T@@', 'T@@', 'T@@', 'T@@', 'T@@', 'A@@', 'A@@', 'A@@', 'A@@', 'T@@', 'T@@', 'T@@', 'T@@', 'A@@', 'A@@', 'A@@', 'T@@', 'T@@', 'T@@', 'T@@', 'T@@', 'T@@', 'T@@', 'T@@', 'T@@', 'T@@', 'T@@', 'T@@', 'T@@', 'T@@', 'T@@', 'T@@', 'T@@', 'T@@', 'T@@', 'T@@', 'T@@', 'T@@', 'T@@', 'T@@', 'T@@', 'T@@', 'T@@', 'T@@', 'T@@', 'T@@', 'T@@', 'T@@', 'T@@', 'T@@', 'T@@', 'T@@', 'T@@', 'T@@', 'T@@', 'T@@', 'T@@', 'T@@', 'T@@', 'T@@', 'T@@', 'T@@', 'T@@', 'T@@', 'T@@', 'T@@', 'T@@', 'T@@', 'T@@', 'T@@', 'T@@', 'T@@', 'T@@', 'T@@', 'T@@', 'T@@', 'T@@', 'T@@', 'T@@', 'T@@', 'T@@', 'T@@', 'T@@', 'T@@', 'T@@', 'T@@', 'T@@', 'T@@', 'T@@', 'T@@', 'T@@', 'A@@', 'A@@', 'A@@', 'A@@', 'A@@', 'A@@', 'A@@', 'A@@', 'A@@', 'A@@', 'A@@', 'A@@', 'A@@', 'A@@', 'A@@', 'A@@', 'A@@', 'A@@', 'A@@', 'A@@', 'A@@', 'A@@', 'A@@', 'A@@', 'A@@', 'A@@', 'A@@', 'A@@']
2026-05-09 02:24:00,505 - INFO - joeynmt.training - 	Source:     Indiens neuer Premierminister Narendra Modi trifft bei seinem ersten wichtigen Auslandsbesuch seit seinem Wahlsieg im Mai seinen japanischen Amtskollegen Shinzo Abe in Toko , um wirtschaftliche und sicherheitspolitische Beziehungen zu besprechen .
2026-05-09 02:24:00,505 - INFO - joeynmt.training - 	Reference:  India &apos;s new prime minister , Narendra Modi , is meeting his Japanese counterpart , Shinzo Abe , in Tokyo to discuss economic and security ties , on his first major foreign visit since winning May &apos;s election .
2026-05-09 02:24:00,505 - INFO - joeynmt.training - 	Hypothesis: in TTTTTTTTTTTTTTTTTTTTTTTAAAATTTTAAATTTTTTTTTTTTTTTTTTTTTTTTTTTTTTTTTTTTTTTTTTTTTTTTTTTTTTTTTTTTTTTTTTTTTTTTTTTAAAAAAAAAAAAAAAAAAAAAAAAAAAA
2026-05-09 02:24:00,505 - INFO - joeynmt.training - Example #2
2026-05-09 02:24:00,505 - DEBUG - joeynmt.training - 	Tokenized source:     ['Herr', 'Mo@@', 'd@@', 'i', 'befindet', 'sich', 'auf', 'einer', 'fü@@', 'n@@', 'f@@', 'tä@@', 'gi@@', 'gen', 'Rei@@', 'se', 'nach', 'J@@', 'ap@@', 'an', ',', 'um', 'die', 'wirtschaf@@', 'tlichen', 'Be@@', 'zieh@@', 'ungen', 'mit', 'der', 'd@@', 'rit@@', 't@@', 'größ@@', 'ten', 'Wirtschafts@@', 'n@@', 'ation', 'der', 'Welt', 'zu', 'fes@@', 'tigen', '.']
2026-05-09 02:24:00,505 - DEBUG - joeynmt.training - 	Tokenized reference:  ['Mr', 'Mo@@', 'd@@', 'i', 'is', 'on', 'a', 'fi@@', 've', '@@@', '-@@', '@', 'day', 'tri@@', 'p', 'to', 'J@@', 'ap@@', 'an', 'to', 'streng@@', 'then', 'economic', 'ties', 'with', 'the', 'third', 'lar@@', 'ges@@', 't', 'econom@@', 'y', 'in', 'the', 'world', '.']
2026-05-09 02:24:00,505 - DEBUG - joeynmt.training - 	Tokenized hypothesis: ['Mr', 'Bar@@', 'd@@', 'i', 'is', 'a', 'f@@', 'ar@@', 'm', 'of', 'the', 'world', '&apos;s', 'b@@', 'ig@@', 'ges@@', 't', 'and', 'the', 'economic', 'rel@@', 'ations', 'with', 'the', 'econom@@', 'ies', 'of', 'economic', 'rel@@', 'ations', 'with', 'the', 'world', '.', '</s>']
2026-05-09 02:24:00,505 - INFO - joeynmt.training - 	Source:     Herr Modi befindet sich auf einer fünftägigen Reise nach Japan , um die wirtschaftlichen Beziehungen mit der drittgrößten Wirtschaftsnation der Welt zu festigen .
2026-05-09 02:24:00,505 - INFO - joeynmt.training - 	Reference:  Mr Modi is on a five @-@ day trip to Japan to strengthen economic ties with the third largest economy in the world .
2026-05-09 02:24:00,505 - INFO - joeynmt.training - 	Hypothesis: Mr Bardi is a farm of the world &apos;s biggest and the economic relations with the economies of economic relations with the world .
2026-05-09 02:24:00,505 - INFO - joeynmt.training - Example #3
2026-05-09 02:24:00,505 - DEBUG - joeynmt.training - 	Tokenized source:     ['P@@', 'län@@', 'e', 'für', 'eine', 'stärk@@', 'ere', 'k@@', 'ern@@', 'techn@@', 'ische', 'Zusammenarbeit', 'stehen', 'ganz', 'ob@@', 'en', 'auf', 'der', 'Tag@@', 'es@@', 'ordnung', '.']
2026-05-09 02:24:00,505 - DEBUG - joeynmt.training - 	Tokenized reference:  ['high', 'on', 'the', 'agen@@', 'da', 'are', 'pl@@', 'ans', 'for', 'gre@@', 'ater', 'nu@@', 'clear', 'c@@', 'o', '@@@', '-@@', '@', 'operation', '.']
2026-05-09 02:24:00,505 - DEBUG - joeynmt.training - 	Tokenized hypothesis: ['P@@', 'ap@@', 'er', 'is', 'a', 'more', 'techn@@', 'ical', 'cooperation', 'and', 'the', 'next', 'it@@', 'em', 'is', 'to', 'be', 're@@', 'ach@@', 'ed', '.', '</s>']
2026-05-09 02:24:00,505 - INFO - joeynmt.training - 	Source:     Pläne für eine stärkere kerntechnische Zusammenarbeit stehen ganz oben auf der Tagesordnung .
2026-05-09 02:24:00,505 - INFO - joeynmt.training - 	Reference:  high on the agenda are plans for greater nuclear co @-@ operation .
2026-05-09 02:24:00,505 - INFO - joeynmt.training - 	Hypothesis: Paper is a more technical cooperation and the next item is to be reached .
2026-05-09 02:24:00,505 - INFO - joeynmt.training - Example #4
2026-05-09 02:24:00,505 - DEBUG - joeynmt.training - 	Tokenized source:     ['Berich@@', 'ten', 'zu@@', 'fol@@', 'ge', 'ho@@', 'fft', 'Indi@@', 'en', 'darüber', 'hinaus', 'auf', 'einen', 'Ver@@', 'trag', 'zur', 'Ver@@', 'tei@@', 'dig@@', 'ungs@@', 'zusammen@@', 'arbeit', 'zwischen', 'den', 'beiden', 'N@@', 'ationen', '.']
2026-05-09 02:24:00,505 - DEBUG - joeynmt.training - 	Tokenized reference:  ['Indi@@', 'a', 'is', 'also', 're@@', 'porte@@', 'dly', 'hop@@', 'ing', 'for', 'a', 'de@@', 'al', 'on', 'def@@', 'ence', 'c@@', 'oll@@', 'ab@@', 'or@@', 'ation', 'between', 'the', 'two', 'n@@', 'ations', '.']
2026-05-09 02:24:00,505 - DEBUG - joeynmt.training - 	Tokenized hypothesis: ['in', 'ad@@', 'dition', ',', 'the', 'report', ',', 'also', 'also', 'also', 'to', 'a', 'con@@', 'stitu@@', 'tion', 'on', 'the', 'two', 'par@@', 'ties', '.', '</s>']
2026-05-09 02:24:00,505 - INFO - joeynmt.training - 	Source:     Berichten zufolge hofft Indien darüber hinaus auf einen Vertrag zur Verteidigungszusammenarbeit zwischen den beiden Nationen .
2026-05-09 02:24:00,505 - INFO - joeynmt.training - 	Reference:  India is also reportedly hoping for a deal on defence collaboration between the two nations .
2026-05-09 02:24:00,505 - INFO - joeynmt.training - 	Hypothesis: in addition , the report , also also also to a constitution on the two parties .
2026-05-09 02:24:18,038 - INFO - joeynmt.training - Epoch   3, Step:     8600, Batch Loss:     2.178927, Batch Acc: 0.395754, Tokens per Sec:     5176, Lr: 0.000300
2026-05-09 02:24:35,522 - INFO - joeynmt.training - Epoch   3, Step:     8700, Batch Loss:     2.210688, Batch Acc: 0.398704, Tokens per Sec:     5350, Lr: 0.000300
2026-05-09 02:24:53,059 - INFO - joeynmt.training - Epoch   3, Step:     8800, Batch Loss:     2.263490, Batch Acc: 0.398090, Tokens per Sec:     5379, Lr: 0.000300
2026-05-09 02:25:10,649 - INFO - joeynmt.training - Epoch   3, Step:     8900, Batch Loss:     2.127554, Batch Acc: 0.399281, Tokens per Sec:     5238, Lr: 0.000300
2026-05-09 02:25:27,863 - INFO - joeynmt.training - Epoch   3, Step:     9000, Batch Loss:     2.119377, Batch Acc: 0.404354, Tokens per Sec:     5390, Lr: 0.000300
2026-05-09 02:25:27,864 - INFO - joeynmt.prediction - Predicting 500 example(s)... (Greedy decoding with min_output_length=1, max_output_length=-1, return_prob='none', generate_unk=True, repetition_penalty=-1, no_repeat_ngram_size=-1)
2026-05-09 02:26:00,132 - INFO - joeynmt.prediction - Evaluation result (greedy) loss:   2.61, ppl:  13.60, acc:   0.34, generation: 32.2636[sec], evaluation: 0.0000[sec]
2026-05-09 02:26:00,134 - INFO - joeynmt.training - Hooray! New best validation result [ppl]!
2026-05-09 02:26:00,222 - INFO - joeynmt.helpers - delete models/deen_transformer_regular/6500.ckpt
2026-05-09 02:26:00,227 - INFO - joeynmt.training - Example #0
2026-05-09 02:26:00,227 - DEBUG - joeynmt.training - 	Tokenized source:     ['die', 'Pre@@', 'mi@@', 'er@@', 'minist@@', 'er', 'Indi@@', 'ens', 'und', 'J@@', 'ap@@', 'ans', 'tra@@', 'fen', 'sich', 'in', 'T@@', 'ok@@', 'i@@', 'o', '.']
2026-05-09 02:26:00,227 - DEBUG - joeynmt.training - 	Tokenized reference:  ['Indi@@', 'a', 'and', 'J@@', 'ap@@', 'an', 'pri@@', 'me', 'minist@@', 'ers', 'me@@', 'et', 'in', 'T@@', 'ok@@', 'y@@', 'o']
2026-05-09 02:26:00,227 - DEBUG - joeynmt.training - 	Tokenized hypothesis: ['the', 'price', 'of', 'the', 'Pri@@', 'me', 'Minist@@', 'er', 'and', 'J@@', 'ap@@', 'an', '.', '</s>']
2026-05-09 02:26:00,227 - INFO - joeynmt.training - 	Source:     die Premierminister Indiens und Japans trafen sich in Tokio .
2026-05-09 02:26:00,227 - INFO - joeynmt.training - 	Reference:  India and Japan prime ministers meet in Tokyo
2026-05-09 02:26:00,227 - INFO - joeynmt.training - 	Hypothesis: the price of the Prime Minister and Japan .
2026-05-09 02:26:00,227 - INFO - joeynmt.training - Example #1
2026-05-09 02:26:00,227 - DEBUG - joeynmt.training - 	Tokenized source:     ['Indi@@', 'ens', 'neu@@', 'er', 'Pre@@', 'mi@@', 'er@@', 'minist@@', 'er', 'N@@', 'ar@@', 'end@@', 'ra', 'Mo@@', 'd@@', 'i', 'tri@@', 'fft', 'bei', 's@@', 'einem', 'ersten', 'wichti@@', 'gen', 'Aus@@', 'land@@', 's@@', 'bes@@', 'u@@', 'ch', 'seit', 's@@', 'einem', 'W@@', 'ah@@', 'l@@', 'si@@', 'e@@', 'g', 'im', 'Ma@@', 'i', 'seinen', 'j@@', 'ap@@', 'an@@', 'ischen', 'Am@@', 'ts@@', 'k@@', 'olle@@', 'gen', 'S@@', 'hin@@', 'z@@', 'o', 'A@@', 'be', 'in', 'T@@', 'ok@@', 'o', ',', 'um', 'wirtschaf@@', 'tliche', 'und', 'sicher@@', 'heits@@', 'politische', 'Be@@', 'zieh@@', 'ungen', 'zu', 'bes@@', 'pre@@', 'chen', '.']
2026-05-09 02:26:00,227 - DEBUG - joeynmt.training - 	Tokenized reference:  ['Indi@@', 'a', '&apos;s', 'new', 'pri@@', 'me', 'minist@@', 'er', ',', 'N@@', 'ar@@', 'end@@', 'ra', 'Mo@@', 'd@@', 'i', ',', 'is', 'me@@', 'eting', 'his', 'J@@', 'ap@@', 'an@@', 'ese', 'coun@@', 'ter@@', 'part', ',', 'S@@', 'hin@@', 'z@@', 'o', 'A@@', 'be', ',', 'in', 'T@@', 'ok@@', 'y@@', 'o', 'to', 'disc@@', 'uss', 'economic', 'and', 'security', 'ties', ',', 'on', 'his', 'first', 'major', 'fore@@', 'ign', 'visi@@', 't', 'since', 'w@@', 'inn@@', 'ing', 'Ma@@', 'y', '&apos;s', 'elec@@', 'tion', '.']
2026-05-09 02:26:00,227 - DEBUG - joeynmt.training - 	Tokenized hypothesis: ['Indi@@', 'a', 'Pre@@', 'mi@@', 'er', 'N@@', 'ar@@', 'i', ',', 'N@@', 'ar@@', 'i', ',', 'a', 'was', 'a', 'first', 'part', 'of', 'the', 'S@@', 'outh', 'Mo@@', 'd@@', 'i', ',', 'has', 'been', 'a', 'h@@', 'ouse', 'in', 'Ma@@', 'j@@', 'ap@@', 'an@@', 'ese', ',', 'the', 'M@@', 'ac@@', 'i@@', 'j@@', 'ap@@', 'an@@', 'ic', 'A@@', 'pp@@', 'o', ',', 'A@@', 'pp@@', 'o', ',', 'A@@', 'pp@@', 'o', ',', 'A@@', 'pp@@', 'o', ',', 'A@@', 'pp@@', 'o', ',', 'and', 'the', 'political', 'rel@@', 'ations', '.', '</s>']
2026-05-09 02:26:00,227 - INFO - joeynmt.training - 	Source:     Indiens neuer Premierminister Narendra Modi trifft bei seinem ersten wichtigen Auslandsbesuch seit seinem Wahlsieg im Mai seinen japanischen Amtskollegen Shinzo Abe in Toko , um wirtschaftliche und sicherheitspolitische Beziehungen zu besprechen .
2026-05-09 02:26:00,227 - INFO - joeynmt.training - 	Reference:  India &apos;s new prime minister , Narendra Modi , is meeting his Japanese counterpart , Shinzo Abe , in Tokyo to discuss economic and security ties , on his first major foreign visit since winning May &apos;s election .
2026-05-09 02:26:00,227 - INFO - joeynmt.training - 	Hypothesis: India Premier Nari , Nari , a was a first part of the South Modi , has been a house in Majapanese , the Macijapanic Appo , Appo , Appo , Appo , Appo , and the political relations .
2026-05-09 02:26:00,227 - INFO - joeynmt.training - Example #2
2026-05-09 02:26:00,227 - DEBUG - joeynmt.training - 	Tokenized source:     ['Herr', 'Mo@@', 'd@@', 'i', 'befindet', 'sich', 'auf', 'einer', 'fü@@', 'n@@', 'f@@', 'tä@@', 'gi@@', 'gen', 'Rei@@', 'se', 'nach', 'J@@', 'ap@@', 'an', ',', 'um', 'die', 'wirtschaf@@', 'tlichen', 'Be@@', 'zieh@@', 'ungen', 'mit', 'der', 'd@@', 'rit@@', 't@@', 'größ@@', 'ten', 'Wirtschafts@@', 'n@@', 'ation', 'der', 'Welt', 'zu', 'fes@@', 'tigen', '.']
2026-05-09 02:26:00,227 - DEBUG - joeynmt.training - 	Tokenized reference:  ['Mr', 'Mo@@', 'd@@', 'i', 'is', 'on', 'a', 'fi@@', 've', '@@@', '-@@', '@', 'day', 'tri@@', 'p', 'to', 'J@@', 'ap@@', 'an', 'to', 'streng@@', 'then', 'economic', 'ties', 'with', 'the', 'third', 'lar@@', 'ges@@', 't', 'econom@@', 'y', 'in', 'the', 'world', '.']
2026-05-09 02:26:00,227 - DEBUG - joeynmt.training - 	Tokenized hypothesis: ['Mr', 'Mo@@', 'd@@', 'i', 'is', 'located', 'on', 'a', 'f@@', 'ar@@', 'm', 'of', 'the', 'world', ',', 'which', 'is', 'a', 'f@@', 'air', ',', 'with', 'the', 'economic', 'rel@@', 'ations', 'with', 'the', 'economic', 'rel@@', 'ations', '.', '</s>']
2026-05-09 02:26:00,227 - INFO - joeynmt.training - 	Source:     Herr Modi befindet sich auf einer fünftägigen Reise nach Japan , um die wirtschaftlichen Beziehungen mit der drittgrößten Wirtschaftsnation der Welt zu festigen .
2026-05-09 02:26:00,228 - INFO - joeynmt.training - 	Reference:  Mr Modi is on a five @-@ day trip to Japan to strengthen economic ties with the third largest economy in the world .
2026-05-09 02:26:00,228 - INFO - joeynmt.training - 	Hypothesis: Mr Modi is located on a farm of the world , which is a fair , with the economic relations with the economic relations .
2026-05-09 02:26:00,228 - INFO - joeynmt.training - Example #3
2026-05-09 02:26:00,228 - DEBUG - joeynmt.training - 	Tokenized source:     ['P@@', 'län@@', 'e', 'für', 'eine', 'stärk@@', 'ere', 'k@@', 'ern@@', 'techn@@', 'ische', 'Zusammenarbeit', 'stehen', 'ganz', 'ob@@', 'en', 'auf', 'der', 'Tag@@', 'es@@', 'ordnung', '.']
2026-05-09 02:26:00,228 - DEBUG - joeynmt.training - 	Tokenized reference:  ['high', 'on', 'the', 'agen@@', 'da', 'are', 'pl@@', 'ans', 'for', 'gre@@', 'ater', 'nu@@', 'clear', 'c@@', 'o', '@@@', '-@@', '@', 'operation', '.']
2026-05-09 02:26:00,228 - DEBUG - joeynmt.training - 	Tokenized hypothesis: ['P@@', 'P', 'countries', 'is', 'a', 'more', 'effective', 'techn@@', 'ical', 'cooperation', ',', 'and', 'also', 'on', 'the', 'agen@@', 'da', '.', '</s>']
2026-05-09 02:26:00,228 - INFO - joeynmt.training - 	Source:     Pläne für eine stärkere kerntechnische Zusammenarbeit stehen ganz oben auf der Tagesordnung .
2026-05-09 02:26:00,228 - INFO - joeynmt.training - 	Reference:  high on the agenda are plans for greater nuclear co @-@ operation .
2026-05-09 02:26:00,228 - INFO - joeynmt.training - 	Hypothesis: PP countries is a more effective technical cooperation , and also on the agenda .
2026-05-09 02:26:00,228 - INFO - joeynmt.training - Example #4
2026-05-09 02:26:00,228 - DEBUG - joeynmt.training - 	Tokenized source:     ['Berich@@', 'ten', 'zu@@', 'fol@@', 'ge', 'ho@@', 'fft', 'Indi@@', 'en', 'darüber', 'hinaus', 'auf', 'einen', 'Ver@@', 'trag', 'zur', 'Ver@@', 'tei@@', 'dig@@', 'ungs@@', 'zusammen@@', 'arbeit', 'zwischen', 'den', 'beiden', 'N@@', 'ationen', '.']
2026-05-09 02:26:00,228 - DEBUG - joeynmt.training - 	Tokenized reference:  ['Indi@@', 'a', 'is', 'also', 're@@', 'porte@@', 'dly', 'hop@@', 'ing', 'for', 'a', 'de@@', 'al', 'on', 'def@@', 'ence', 'c@@', 'oll@@', 'ab@@', 'or@@', 'ation', 'between', 'the', 'two', 'n@@', 'ations', '.']
2026-05-09 02:26:00,228 - DEBUG - joeynmt.training - 	Tokenized hypothesis: ['in', 'the', 'report', ',', 'we', 'hope', 'that', 'Indi@@', 'a', 'has', 'been', 'a', 'con@@', 'text', 'to', 'a', 'con@@', 'text', 'to', 'the', 'two', 'N@@', 'ations', '.', '</s>']
2026-05-09 02:26:00,228 - INFO - joeynmt.training - 	Source:     Berichten zufolge hofft Indien darüber hinaus auf einen Vertrag zur Verteidigungszusammenarbeit zwischen den beiden Nationen .
2026-05-09 02:26:00,228 - INFO - joeynmt.training - 	Reference:  India is also reportedly hoping for a deal on defence collaboration between the two nations .
2026-05-09 02:26:00,228 - INFO - joeynmt.training - 	Hypothesis: in the report , we hope that India has been a context to a context to the two Nations .
2026-05-09 02:26:17,232 - INFO - joeynmt.training - Epoch   3, Step:     9100, Batch Loss:     2.130006, Batch Acc: 0.404360, Tokens per Sec:     5321, Lr: 0.000300
2026-05-09 02:26:34,433 - INFO - joeynmt.training - Epoch   3, Step:     9200, Batch Loss:     2.286258, Batch Acc: 0.401238, Tokens per Sec:     5370, Lr: 0.000300
2026-05-09 02:26:51,530 - INFO - joeynmt.training - Epoch   3, Step:     9300, Batch Loss:     2.225981, Batch Acc: 0.405138, Tokens per Sec:     5346, Lr: 0.000300
2026-05-09 02:27:08,668 - INFO - joeynmt.training - Epoch   3, Step:     9400, Batch Loss:     2.168331, Batch Acc: 0.409116, Tokens per Sec:     5393, Lr: 0.000300
2026-05-09 02:27:25,896 - INFO - joeynmt.training - Epoch   3, Step:     9500, Batch Loss:     2.245049, Batch Acc: 0.408697, Tokens per Sec:     5377, Lr: 0.000300
2026-05-09 02:27:25,897 - INFO - joeynmt.prediction - Predicting 500 example(s)... (Greedy decoding with min_output_length=1, max_output_length=-1, return_prob='none', generate_unk=True, repetition_penalty=-1, no_repeat_ngram_size=-1)
2026-05-09 02:27:59,651 - INFO - joeynmt.prediction - Evaluation result (greedy) loss:   2.56, ppl:  12.92, acc:   0.35, generation: 33.7490[sec], evaluation: 0.0000[sec]
2026-05-09 02:27:59,653 - INFO - joeynmt.training - Hooray! New best validation result [ppl]!
2026-05-09 02:27:59,740 - INFO - joeynmt.helpers - delete models/deen_transformer_regular/7000.ckpt
2026-05-09 02:27:59,741 - INFO - joeynmt.training - Example #0
2026-05-09 02:27:59,741 - DEBUG - joeynmt.training - 	Tokenized source:     ['die', 'Pre@@', 'mi@@', 'er@@', 'minist@@', 'er', 'Indi@@', 'ens', 'und', 'J@@', 'ap@@', 'ans', 'tra@@', 'fen', 'sich', 'in', 'T@@', 'ok@@', 'i@@', 'o', '.']
2026-05-09 02:27:59,741 - DEBUG - joeynmt.training - 	Tokenized reference:  ['Indi@@', 'a', 'and', 'J@@', 'ap@@', 'an', 'pri@@', 'me', 'minist@@', 'ers', 'me@@', 'et', 'in', 'T@@', 'ok@@', 'y@@', 'o']
2026-05-09 02:27:59,741 - DEBUG - joeynmt.training - 	Tokenized hypothesis: ['the', 'pri@@', 'me', 'minist@@', 'er', 'Indi@@', 'a', 'and', 'J@@', 'ap@@', 'an', 'and', 'J@@', 'ap@@', 'an', '.', '</s>']
2026-05-09 02:27:59,741 - INFO - joeynmt.training - 	Source:     die Premierminister Indiens und Japans trafen sich in Tokio .
2026-05-09 02:27:59,741 - INFO - joeynmt.training - 	Reference:  India and Japan prime ministers meet in Tokyo
2026-05-09 02:27:59,741 - INFO - joeynmt.training - 	Hypothesis: the prime minister India and Japan and Japan .
2026-05-09 02:27:59,741 - INFO - joeynmt.training - Example #1
2026-05-09 02:27:59,742 - DEBUG - joeynmt.training - 	Tokenized source:     ['Indi@@', 'ens', 'neu@@', 'er', 'Pre@@', 'mi@@', 'er@@', 'minist@@', 'er', 'N@@', 'ar@@', 'end@@', 'ra', 'Mo@@', 'd@@', 'i', 'tri@@', 'fft', 'bei', 's@@', 'einem', 'ersten', 'wichti@@', 'gen', 'Aus@@', 'land@@', 's@@', 'bes@@', 'u@@', 'ch', 'seit', 's@@', 'einem', 'W@@', 'ah@@', 'l@@', 'si@@', 'e@@', 'g', 'im', 'Ma@@', 'i', 'seinen', 'j@@', 'ap@@', 'an@@', 'ischen', 'Am@@', 'ts@@', 'k@@', 'olle@@', 'gen', 'S@@', 'hin@@', 'z@@', 'o', 'A@@', 'be', 'in', 'T@@', 'ok@@', 'o', ',', 'um', 'wirtschaf@@', 'tliche', 'und', 'sicher@@', 'heits@@', 'politische', 'Be@@', 'zieh@@', 'ungen', 'zu', 'bes@@', 'pre@@', 'chen', '.']
2026-05-09 02:27:59,742 - DEBUG - joeynmt.training - 	Tokenized reference:  ['Indi@@', 'a', '&apos;s', 'new', 'pri@@', 'me', 'minist@@', 'er', ',', 'N@@', 'ar@@', 'end@@', 'ra', 'Mo@@', 'd@@', 'i', ',', 'is', 'me@@', 'eting', 'his', 'J@@', 'ap@@', 'an@@', 'ese', 'coun@@', 'ter@@', 'part', ',', 'S@@', 'hin@@', 'z@@', 'o', 'A@@', 'be', ',', 'in', 'T@@', 'ok@@', 'y@@', 'o', 'to', 'disc@@', 'uss', 'economic', 'and', 'security', 'ties', ',', 'on', 'his', 'first', 'major', 'fore@@', 'ign', 'visi@@', 't', 'since', 'w@@', 'inn@@', 'ing', 'Ma@@', 'y', '&apos;s', 'elec@@', 'tion', '.']
2026-05-09 02:27:59,742 - DEBUG - joeynmt.training - 	Tokenized hypothesis: ['Indi@@', 'a', '&apos;s', 'pri@@', 'me', 'minist@@', 'er', 'Pre@@', 'mi@@', 'er', 'N@@', 'ar@@', 'end@@', 'ra', 'Mo@@', 'd@@', 'i', ',', 'in', 'the', 'Ma@@', 'y', 'of', 'the', 'W@@', 'ah@@', 'e@@', 'ch', ',', 'the', 'S@@', 'outh', 'A@@', 'ward', 'S@@', 'outh', 'A@@', 'ward', 'S@@', 'outh', 'A@@', 'C@@', 'C@@', 'C@@', 'a@@', 'th@@', 'ed@@', 'o', ',', 'and', 'the', 'political', 'rel@@', 'ation@@', 'ship', '.', '</s>']
2026-05-09 02:27:59,742 - INFO - joeynmt.training - 	Source:     Indiens neuer Premierminister Narendra Modi trifft bei seinem ersten wichtigen Auslandsbesuch seit seinem Wahlsieg im Mai seinen japanischen Amtskollegen Shinzo Abe in Toko , um wirtschaftliche und sicherheitspolitische Beziehungen zu besprechen .
2026-05-09 02:27:59,742 - INFO - joeynmt.training - 	Reference:  India &apos;s new prime minister , Narendra Modi , is meeting his Japanese counterpart , Shinzo Abe , in Tokyo to discuss economic and security ties , on his first major foreign visit since winning May &apos;s election .
2026-05-09 02:27:59,742 - INFO - joeynmt.training - 	Hypothesis: India &apos;s prime minister Premier Narendra Modi , in the May of the Wahech , the South Award South Award South ACCCathedo , and the political relationship .
2026-05-09 02:27:59,742 - INFO - joeynmt.training - Example #2
2026-05-09 02:27:59,742 - DEBUG - joeynmt.training - 	Tokenized source:     ['Herr', 'Mo@@', 'd@@', 'i', 'befindet', 'sich', 'auf', 'einer', 'fü@@', 'n@@', 'f@@', 'tä@@', 'gi@@', 'gen', 'Rei@@', 'se', 'nach', 'J@@', 'ap@@', 'an', ',', 'um', 'die', 'wirtschaf@@', 'tlichen', 'Be@@', 'zieh@@', 'ungen', 'mit', 'der', 'd@@', 'rit@@', 't@@', 'größ@@', 'ten', 'Wirtschafts@@', 'n@@', 'ation', 'der', 'Welt', 'zu', 'fes@@', 'tigen', '.']
2026-05-09 02:27:59,742 - DEBUG - joeynmt.training - 	Tokenized reference:  ['Mr', 'Mo@@', 'd@@', 'i', 'is', 'on', 'a', 'fi@@', 've', '@@@', '-@@', '@', 'day', 'tri@@', 'p', 'to', 'J@@', 'ap@@', 'an', 'to', 'streng@@', 'then', 'economic', 'ties', 'with', 'the', 'third', 'lar@@', 'ges@@', 't', 'econom@@', 'y', 'in', 'the', 'world', '.']
2026-05-09 02:27:59,742 - DEBUG - joeynmt.training - 	Tokenized hypothesis: ['Mr', 'Mo@@', 'd@@', 'i', 'is', 'a', 'b@@', 'ut@@', 'ton', 'of', 'the', 'world', '&apos;s', 'b@@', 'ig@@', 'ges@@', 't', 'tra@@', 'v@@', 'el', ',', 'to', 'the', 'economic', 'rel@@', 'ations', 'with', 'the', 'economic', 'rel@@', 'ations', 'with', 'the', 'world', '&apos;s', 'econom@@', 'y', '.', '</s>']
2026-05-09 02:27:59,742 - INFO - joeynmt.training - 	Source:     Herr Modi befindet sich auf einer fünftägigen Reise nach Japan , um die wirtschaftlichen Beziehungen mit der drittgrößten Wirtschaftsnation der Welt zu festigen .
2026-05-09 02:27:59,742 - INFO - joeynmt.training - 	Reference:  Mr Modi is on a five @-@ day trip to Japan to strengthen economic ties with the third largest economy in the world .
2026-05-09 02:27:59,742 - INFO - joeynmt.training - 	Hypothesis: Mr Modi is a button of the world &apos;s biggest travel , to the economic relations with the economic relations with the world &apos;s economy .
2026-05-09 02:27:59,742 - INFO - joeynmt.training - Example #3
2026-05-09 02:27:59,742 - DEBUG - joeynmt.training - 	Tokenized source:     ['P@@', 'län@@', 'e', 'für', 'eine', 'stärk@@', 'ere', 'k@@', 'ern@@', 'techn@@', 'ische', 'Zusammenarbeit', 'stehen', 'ganz', 'ob@@', 'en', 'auf', 'der', 'Tag@@', 'es@@', 'ordnung', '.']
2026-05-09 02:27:59,742 - DEBUG - joeynmt.training - 	Tokenized reference:  ['high', 'on', 'the', 'agen@@', 'da', 'are', 'pl@@', 'ans', 'for', 'gre@@', 'ater', 'nu@@', 'clear', 'c@@', 'o', '@@@', '-@@', '@', 'operation', '.']
2026-05-09 02:27:59,742 - DEBUG - joeynmt.training - 	Tokenized hypothesis: ['P@@', 'P', 'is', 'a', 'more', 'effective', 'techn@@', 'ical', 'cooperation', 'and', 'will', 'be', 're@@', 'fle@@', 'c@@', 'ted', 'on', 'the', 'basis', 'of', 'the', 'agen@@', 'da', '.', '</s>']
2026-05-09 02:27:59,742 - INFO - joeynmt.training - 	Source:     Pläne für eine stärkere kerntechnische Zusammenarbeit stehen ganz oben auf der Tagesordnung .
2026-05-09 02:27:59,742 - INFO - joeynmt.training - 	Reference:  high on the agenda are plans for greater nuclear co @-@ operation .
2026-05-09 02:27:59,742 - INFO - joeynmt.training - 	Hypothesis: PP is a more effective technical cooperation and will be reflected on the basis of the agenda .
2026-05-09 02:27:59,742 - INFO - joeynmt.training - Example #4
2026-05-09 02:27:59,742 - DEBUG - joeynmt.training - 	Tokenized source:     ['Berich@@', 'ten', 'zu@@', 'fol@@', 'ge', 'ho@@', 'fft', 'Indi@@', 'en', 'darüber', 'hinaus', 'auf', 'einen', 'Ver@@', 'trag', 'zur', 'Ver@@', 'tei@@', 'dig@@', 'ungs@@', 'zusammen@@', 'arbeit', 'zwischen', 'den', 'beiden', 'N@@', 'ationen', '.']
2026-05-09 02:27:59,742 - DEBUG - joeynmt.training - 	Tokenized reference:  ['Indi@@', 'a', 'is', 'also', 're@@', 'porte@@', 'dly', 'hop@@', 'ing', 'for', 'a', 'de@@', 'al', 'on', 'def@@', 'ence', 'c@@', 'oll@@', 'ab@@', 'or@@', 'ation', 'between', 'the', 'two', 'n@@', 'ations', '.']
2026-05-09 02:27:59,742 - DEBUG - joeynmt.training - 	Tokenized hypothesis: ['it', 'is', 'also', 'a', 're@@', 'ports', 'on', 'a', 'con@@', 'text', 'on', 'a', 'con@@', 'text', 'to', 'the', 'two', 'N@@', 'ations', '.', '</s>']
2026-05-09 02:27:59,743 - INFO - joeynmt.training - 	Source:     Berichten zufolge hofft Indien darüber hinaus auf einen Vertrag zur Verteidigungszusammenarbeit zwischen den beiden Nationen .
2026-05-09 02:27:59,743 - INFO - joeynmt.training - 	Reference:  India is also reportedly hoping for a deal on defence collaboration between the two nations .
2026-05-09 02:27:59,743 - INFO - joeynmt.training - 	Hypothesis: it is also a reports on a context on a context to the two Nations .
2026-05-09 02:28:17,212 - INFO - joeynmt.training - Epoch   3, Step:     9600, Batch Loss:     2.265508, Batch Acc: 0.410994, Tokens per Sec:     5151, Lr: 0.000300
2026-05-09 02:28:34,728 - INFO - joeynmt.training - Epoch   3, Step:     9700, Batch Loss:     2.009062, Batch Acc: 0.424493, Tokens per Sec:     5128, Lr: 0.000300
2026-05-09 02:28:52,472 - INFO - joeynmt.training - Epoch   3, Step:     9800, Batch Loss:     2.132581, Batch Acc: 0.413241, Tokens per Sec:     5277, Lr: 0.000300
2026-05-09 02:29:09,841 - INFO - joeynmt.training - Epoch   3, Step:     9900, Batch Loss:     2.069985, Batch Acc: 0.420907, Tokens per Sec:     5312, Lr: 0.000300
2026-05-09 02:29:27,136 - INFO - joeynmt.training - Epoch   3, Step:    10000, Batch Loss:     2.254650, Batch Acc: 0.422291, Tokens per Sec:     5348, Lr: 0.000300
2026-05-09 02:29:27,137 - INFO - joeynmt.prediction - Predicting 500 example(s)... (Greedy decoding with min_output_length=1, max_output_length=-1, return_prob='none', generate_unk=True, repetition_penalty=-1, no_repeat_ngram_size=-1)
2026-05-09 02:29:58,850 - INFO - joeynmt.prediction - Evaluation result (greedy) loss:   2.51, ppl:  12.35, acc:   0.36, generation: 31.7087[sec], evaluation: 0.0000[sec]
2026-05-09 02:29:58,852 - INFO - joeynmt.training - Hooray! New best validation result [ppl]!
2026-05-09 02:29:58,935 - INFO - joeynmt.helpers - delete models/deen_transformer_regular/7500.ckpt
2026-05-09 02:29:58,937 - INFO - joeynmt.training - Example #0
2026-05-09 02:29:58,937 - DEBUG - joeynmt.training - 	Tokenized source:     ['die', 'Pre@@', 'mi@@', 'er@@', 'minist@@', 'er', 'Indi@@', 'ens', 'und', 'J@@', 'ap@@', 'ans', 'tra@@', 'fen', 'sich', 'in', 'T@@', 'ok@@', 'i@@', 'o', '.']
2026-05-09 02:29:58,937 - DEBUG - joeynmt.training - 	Tokenized reference:  ['Indi@@', 'a', 'and', 'J@@', 'ap@@', 'an', 'pri@@', 'me', 'minist@@', 'ers', 'me@@', 'et', 'in', 'T@@', 'ok@@', 'y@@', 'o']
2026-05-09 02:29:58,937 - DEBUG - joeynmt.training - 	Tokenized hypothesis: ['the', 'price', 'of', 'the', 'pri@@', 'me', 'minist@@', 'er', 'and', 'J@@', 'ap@@', 'ans', 'are', 'in', 'T@@', 'ok@@', 'i@@', 'o', '.', '</s>']
2026-05-09 02:29:58,937 - INFO - joeynmt.training - 	Source:     die Premierminister Indiens und Japans trafen sich in Tokio .
2026-05-09 02:29:58,937 - INFO - joeynmt.training - 	Reference:  India and Japan prime ministers meet in Tokyo
2026-05-09 02:29:58,937 - INFO - joeynmt.training - 	Hypothesis: the price of the prime minister and Japans are in Tokio .
2026-05-09 02:29:58,937 - INFO - joeynmt.training - Example #1
2026-05-09 02:29:58,937 - DEBUG - joeynmt.training - 	Tokenized source:     ['Indi@@', 'ens', 'neu@@', 'er', 'Pre@@', 'mi@@', 'er@@', 'minist@@', 'er', 'N@@', 'ar@@', 'end@@', 'ra', 'Mo@@', 'd@@', 'i', 'tri@@', 'fft', 'bei', 's@@', 'einem', 'ersten', 'wichti@@', 'gen', 'Aus@@', 'land@@', 's@@', 'bes@@', 'u@@', 'ch', 'seit', 's@@', 'einem', 'W@@', 'ah@@', 'l@@', 'si@@', 'e@@', 'g', 'im', 'Ma@@', 'i', 'seinen', 'j@@', 'ap@@', 'an@@', 'ischen', 'Am@@', 'ts@@', 'k@@', 'olle@@', 'gen', 'S@@', 'hin@@', 'z@@', 'o', 'A@@', 'be', 'in', 'T@@', 'ok@@', 'o', ',', 'um', 'wirtschaf@@', 'tliche', 'und', 'sicher@@', 'heits@@', 'politische', 'Be@@', 'zieh@@', 'ungen', 'zu', 'bes@@', 'pre@@', 'chen', '.']
2026-05-09 02:29:58,937 - DEBUG - joeynmt.training - 	Tokenized reference:  ['Indi@@', 'a', '&apos;s', 'new', 'pri@@', 'me', 'minist@@', 'er', ',', 'N@@', 'ar@@', 'end@@', 'ra', 'Mo@@', 'd@@', 'i', ',', 'is', 'me@@', 'eting', 'his', 'J@@', 'ap@@', 'an@@', 'ese', 'coun@@', 'ter@@', 'part', ',', 'S@@', 'hin@@', 'z@@', 'o', 'A@@', 'be', ',', 'in', 'T@@', 'ok@@', 'y@@', 'o', 'to', 'disc@@', 'uss', 'economic', 'and', 'security', 'ties', ',', 'on', 'his', 'first', 'major', 'fore@@', 'ign', 'visi@@', 't', 'since', 'w@@', 'inn@@', 'ing', 'Ma@@', 'y', '&apos;s', 'elec@@', 'tion', '.']
2026-05-09 02:29:58,937 - DEBUG - joeynmt.training - 	Tokenized hypothesis: ['Indi@@', 'a', '&apos;s', 'pri@@', 'me', 'minist@@', 'er', 'N@@', 'ar@@', 'end@@', 'ra', 'Mo@@', 'd@@', 'i', 'Mo@@', 'd@@', 'i', '&apos;s', 'first', 'first', 'first', 'of', 'all', ',', 'in', 'the', 'Ma@@', 'y', 'of', 'S@@', 'outh', 'A@@', 'mer@@', 'ic@@', 'a', '&apos;s', 'first', 'first', 'time', 'of', 'S@@', 'outh', 'A@@', 'sia', ',', 'A@@', 'be', ',', 'the', 'S@@', 'outh', 'A@@', 'sia', ',', 'A@@', 'be', 'in', 'T@@', 'ok@@', 'o', 'A@@', 'be', 'in', 'T@@', 'ok@@', 'o', '.', '</s>']
2026-05-09 02:29:58,937 - INFO - joeynmt.training - 	Source:     Indiens neuer Premierminister Narendra Modi trifft bei seinem ersten wichtigen Auslandsbesuch seit seinem Wahlsieg im Mai seinen japanischen Amtskollegen Shinzo Abe in Toko , um wirtschaftliche und sicherheitspolitische Beziehungen zu besprechen .
2026-05-09 02:29:58,937 - INFO - joeynmt.training - 	Reference:  India &apos;s new prime minister , Narendra Modi , is meeting his Japanese counterpart , Shinzo Abe , in Tokyo to discuss economic and security ties , on his first major foreign visit since winning May &apos;s election .
2026-05-09 02:29:58,937 - INFO - joeynmt.training - 	Hypothesis: India &apos;s prime minister Narendra Modi Modi &apos;s first first first of all , in the May of South America &apos;s first first time of South Asia , Abe , the South Asia , Abe in Toko Abe in Toko .
2026-05-09 02:29:58,937 - INFO - joeynmt.training - Example #2
2026-05-09 02:29:58,937 - DEBUG - joeynmt.training - 	Tokenized source:     ['Herr', 'Mo@@', 'd@@', 'i', 'befindet', 'sich', 'auf', 'einer', 'fü@@', 'n@@', 'f@@', 'tä@@', 'gi@@', 'gen', 'Rei@@', 'se', 'nach', 'J@@', 'ap@@', 'an', ',', 'um', 'die', 'wirtschaf@@', 'tlichen', 'Be@@', 'zieh@@', 'ungen', 'mit', 'der', 'd@@', 'rit@@', 't@@', 'größ@@', 'ten', 'Wirtschafts@@', 'n@@', 'ation', 'der', 'Welt', 'zu', 'fes@@', 'tigen', '.']
2026-05-09 02:29:58,937 - DEBUG - joeynmt.training - 	Tokenized reference:  ['Mr', 'Mo@@', 'd@@', 'i', 'is', 'on', 'a', 'fi@@', 've', '@@@', '-@@', '@', 'day', 'tri@@', 'p', 'to', 'J@@', 'ap@@', 'an', 'to', 'streng@@', 'then', 'economic', 'ties', 'with', 'the', 'third', 'lar@@', 'ges@@', 't', 'econom@@', 'y', 'in', 'the', 'world', '.']
2026-05-09 02:29:58,937 - DEBUG - joeynmt.training - 	Tokenized hypothesis: ['Mr', 'Mo@@', 'd@@', 'i', 'is', 'located', 'on', 'a', 'fi@@', 'f@@', 'th', ',', 'the', 'f@@', 'air', ',', 'to', 'J@@', 'ap@@', 'an', ',', 'to', 'the', 'economic', 'rel@@', 'ations', 'with', 'the', 'economic', 'rel@@', 'ations', 'with', 'the', 'world', '&apos;s', 'lar@@', 'ges@@', 't', 'economic', 'rel@@', 'ations', '.', '</s>']
2026-05-09 02:29:58,937 - INFO - joeynmt.training - 	Source:     Herr Modi befindet sich auf einer fünftägigen Reise nach Japan , um die wirtschaftlichen Beziehungen mit der drittgrößten Wirtschaftsnation der Welt zu festigen .
2026-05-09 02:29:58,937 - INFO - joeynmt.training - 	Reference:  Mr Modi is on a five @-@ day trip to Japan to strengthen economic ties with the third largest economy in the world .
2026-05-09 02:29:58,937 - INFO - joeynmt.training - 	Hypothesis: Mr Modi is located on a fifth , the fair , to Japan , to the economic relations with the economic relations with the world &apos;s largest economic relations .
2026-05-09 02:29:58,937 - INFO - joeynmt.training - Example #3
2026-05-09 02:29:58,937 - DEBUG - joeynmt.training - 	Tokenized source:     ['P@@', 'län@@', 'e', 'für', 'eine', 'stärk@@', 'ere', 'k@@', 'ern@@', 'techn@@', 'ische', 'Zusammenarbeit', 'stehen', 'ganz', 'ob@@', 'en', 'auf', 'der', 'Tag@@', 'es@@', 'ordnung', '.']
2026-05-09 02:29:58,938 - DEBUG - joeynmt.training - 	Tokenized reference:  ['high', 'on', 'the', 'agen@@', 'da', 'are', 'pl@@', 'ans', 'for', 'gre@@', 'ater', 'nu@@', 'clear', 'c@@', 'o', '@@@', '-@@', '@', 'operation', '.']
2026-05-09 02:29:58,938 - DEBUG - joeynmt.training - 	Tokenized hypothesis: ['P@@', 'P@@', 'P', 'is', 'based', 'on', 'the', 'e@@', 'arly', 'techn@@', 'ical', 'cooperation', 'will', 'be', 'able', 'to', 'be', 'able', 'to', 'be', 'able', 'to', 'be', 'able', 'to', 'be', 'able', 'to', 'be', 'able', 'to', 'be', 'done', '.', '</s>']
2026-05-09 02:29:58,938 - INFO - joeynmt.training - 	Source:     Pläne für eine stärkere kerntechnische Zusammenarbeit stehen ganz oben auf der Tagesordnung .
2026-05-09 02:29:58,938 - INFO - joeynmt.training - 	Reference:  high on the agenda are plans for greater nuclear co @-@ operation .
2026-05-09 02:29:58,938 - INFO - joeynmt.training - 	Hypothesis: PPP is based on the early technical cooperation will be able to be able to be able to be able to be able to be able to be done .
2026-05-09 02:29:58,938 - INFO - joeynmt.training - Example #4
2026-05-09 02:29:58,938 - DEBUG - joeynmt.training - 	Tokenized source:     ['Berich@@', 'ten', 'zu@@', 'fol@@', 'ge', 'ho@@', 'fft', 'Indi@@', 'en', 'darüber', 'hinaus', 'auf', 'einen', 'Ver@@', 'trag', 'zur', 'Ver@@', 'tei@@', 'dig@@', 'ungs@@', 'zusammen@@', 'arbeit', 'zwischen', 'den', 'beiden', 'N@@', 'ationen', '.']
2026-05-09 02:29:58,938 - DEBUG - joeynmt.training - 	Tokenized reference:  ['Indi@@', 'a', 'is', 'also', 're@@', 'porte@@', 'dly', 'hop@@', 'ing', 'for', 'a', 'de@@', 'al', 'on', 'def@@', 'ence', 'c@@', 'oll@@', 'ab@@', 'or@@', 'ation', 'between', 'the', 'two', 'n@@', 'ations', '.']
2026-05-09 02:29:58,938 - DEBUG - joeynmt.training - 	Tokenized hypothesis: ['in', 'ad@@', 'dition', ',', 'Indi@@', 'a', '&apos;s', 're@@', 'ports', 'on', 'a', 'con@@', 'stitu@@', 'tion', 'on', 'the', 'con@@', 'stitu@@', 'tion', 'between', 'the', 'two', 'N@@', 'ations', '.', '</s>']
2026-05-09 02:29:58,938 - INFO - joeynmt.training - 	Source:     Berichten zufolge hofft Indien darüber hinaus auf einen Vertrag zur Verteidigungszusammenarbeit zwischen den beiden Nationen .
2026-05-09 02:29:58,938 - INFO - joeynmt.training - 	Reference:  India is also reportedly hoping for a deal on defence collaboration between the two nations .
2026-05-09 02:29:58,938 - INFO - joeynmt.training - 	Hypothesis: in addition , India &apos;s reports on a constitution on the constitution between the two Nations .
2026-05-09 02:30:16,049 - INFO - joeynmt.training - Epoch   3, Step:    10100, Batch Loss:     2.260837, Batch Acc: 0.424647, Tokens per Sec:     5374, Lr: 0.000300
2026-05-09 02:30:33,289 - INFO - joeynmt.training - Epoch   3, Step:    10200, Batch Loss:     2.064027, Batch Acc: 0.427404, Tokens per Sec:     5316, Lr: 0.000300
2026-05-09 02:30:50,572 - INFO - joeynmt.training - Epoch   3, Step:    10300, Batch Loss:     2.081949, Batch Acc: 0.424517, Tokens per Sec:     5297, Lr: 0.000300
2026-05-09 02:31:08,125 - INFO - joeynmt.training - Epoch   3, Step:    10400, Batch Loss:     2.125717, Batch Acc: 0.427818, Tokens per Sec:     5290, Lr: 0.000300
2026-05-09 02:31:25,589 - INFO - joeynmt.training - Epoch   3, Step:    10500, Batch Loss:     2.136085, Batch Acc: 0.433131, Tokens per Sec:     5187, Lr: 0.000300
2026-05-09 02:31:25,590 - INFO - joeynmt.prediction - Predicting 500 example(s)... (Greedy decoding with min_output_length=1, max_output_length=-1, return_prob='none', generate_unk=True, repetition_penalty=-1, no_repeat_ngram_size=-1)
2026-05-09 02:32:02,763 - INFO - joeynmt.prediction - Evaluation result (greedy) loss:   2.47, ppl:  11.88, acc:   0.37, generation: 37.1686[sec], evaluation: 0.0000[sec]
2026-05-09 02:32:02,765 - INFO - joeynmt.training - Hooray! New best validation result [ppl]!
2026-05-09 02:32:02,851 - INFO - joeynmt.helpers - delete models/deen_transformer_regular/8000.ckpt
2026-05-09 02:32:02,853 - INFO - joeynmt.training - Example #0
2026-05-09 02:32:02,853 - DEBUG - joeynmt.training - 	Tokenized source:     ['die', 'Pre@@', 'mi@@', 'er@@', 'minist@@', 'er', 'Indi@@', 'ens', 'und', 'J@@', 'ap@@', 'ans', 'tra@@', 'fen', 'sich', 'in', 'T@@', 'ok@@', 'i@@', 'o', '.']
2026-05-09 02:32:02,853 - DEBUG - joeynmt.training - 	Tokenized reference:  ['Indi@@', 'a', 'and', 'J@@', 'ap@@', 'an', 'pri@@', 'me', 'minist@@', 'ers', 'me@@', 'et', 'in', 'T@@', 'ok@@', 'y@@', 'o']
2026-05-09 02:32:02,853 - DEBUG - joeynmt.training - 	Tokenized hypothesis: ['the', 'pri@@', 'me', 'minist@@', 'er', 'minist@@', 'ers', 'of', 'J@@', 'ap@@', 'ans', 'and', 'J@@', 'ap@@', 'ans', '.', '</s>']
2026-05-09 02:32:02,853 - INFO - joeynmt.training - 	Source:     die Premierminister Indiens und Japans trafen sich in Tokio .
2026-05-09 02:32:02,853 - INFO - joeynmt.training - 	Reference:  India and Japan prime ministers meet in Tokyo
2026-05-09 02:32:02,853 - INFO - joeynmt.training - 	Hypothesis: the prime minister ministers of Japans and Japans .
2026-05-09 02:32:02,853 - INFO - joeynmt.training - Example #1
2026-05-09 02:32:02,853 - DEBUG - joeynmt.training - 	Tokenized source:     ['Indi@@', 'ens', 'neu@@', 'er', 'Pre@@', 'mi@@', 'er@@', 'minist@@', 'er', 'N@@', 'ar@@', 'end@@', 'ra', 'Mo@@', 'd@@', 'i', 'tri@@', 'fft', 'bei', 's@@', 'einem', 'ersten', 'wichti@@', 'gen', 'Aus@@', 'land@@', 's@@', 'bes@@', 'u@@', 'ch', 'seit', 's@@', 'einem', 'W@@', 'ah@@', 'l@@', 'si@@', 'e@@', 'g', 'im', 'Ma@@', 'i', 'seinen', 'j@@', 'ap@@', 'an@@', 'ischen', 'Am@@', 'ts@@', 'k@@', 'olle@@', 'gen', 'S@@', 'hin@@', 'z@@', 'o', 'A@@', 'be', 'in', 'T@@', 'ok@@', 'o', ',', 'um', 'wirtschaf@@', 'tliche', 'und', 'sicher@@', 'heits@@', 'politische', 'Be@@', 'zieh@@', 'ungen', 'zu', 'bes@@', 'pre@@', 'chen', '.']
2026-05-09 02:32:02,854 - DEBUG - joeynmt.training - 	Tokenized reference:  ['Indi@@', 'a', '&apos;s', 'new', 'pri@@', 'me', 'minist@@', 'er', ',', 'N@@', 'ar@@', 'end@@', 'ra', 'Mo@@', 'd@@', 'i', ',', 'is', 'me@@', 'eting', 'his', 'J@@', 'ap@@', 'an@@', 'ese', 'coun@@', 'ter@@', 'part', ',', 'S@@', 'hin@@', 'z@@', 'o', 'A@@', 'be', ',', 'in', 'T@@', 'ok@@', 'y@@', 'o', 'to', 'disc@@', 'uss', 'economic', 'and', 'security', 'ties', ',', 'on', 'his', 'first', 'major', 'fore@@', 'ign', 'visi@@', 't', 'since', 'w@@', 'inn@@', 'ing', 'Ma@@', 'y', '&apos;s', 'elec@@', 'tion', '.']
2026-05-09 02:32:02,854 - DEBUG - joeynmt.training - 	Tokenized hypothesis: ['Indi@@', 'a', 'Pre@@', 'mi@@', 'er', 'Pre@@', 'mi@@', 'er', 'N@@', 'ar@@', 'end@@', 'ra', 'Mo@@', 'd@@', 'i', 'Mo@@', 'd@@', 'i', 'Mo@@', 'd@@', 'i', '&apos;s', 'most', 'important', 'ex@@', 'plan@@', 'ation', ',', 'in', 'the', 'Ma@@', 'y', 'A@@', 'be', ',', 'in', 'the', 'Ma@@', 'y', 'A@@', 'be', ',', 'in', 'T@@', 'ok@@', 'o', ',', 'to', 'the', 'A@@', 'be', 'in', 'T@@', 'ok@@', 'o', '.', '</s>']
2026-05-09 02:32:02,854 - INFO - joeynmt.training - 	Source:     Indiens neuer Premierminister Narendra Modi trifft bei seinem ersten wichtigen Auslandsbesuch seit seinem Wahlsieg im Mai seinen japanischen Amtskollegen Shinzo Abe in Toko , um wirtschaftliche und sicherheitspolitische Beziehungen zu besprechen .
2026-05-09 02:32:02,854 - INFO - joeynmt.training - 	Reference:  India &apos;s new prime minister , Narendra Modi , is meeting his Japanese counterpart , Shinzo Abe , in Tokyo to discuss economic and security ties , on his first major foreign visit since winning May &apos;s election .
2026-05-09 02:32:02,854 - INFO - joeynmt.training - 	Hypothesis: India Premier Premier Narendra Modi Modi Modi &apos;s most important explanation , in the May Abe , in the May Abe , in Toko , to the Abe in Toko .
2026-05-09 02:32:02,854 - INFO - joeynmt.training - Example #2
2026-05-09 02:32:02,854 - DEBUG - joeynmt.training - 	Tokenized source:     ['Herr', 'Mo@@', 'd@@', 'i', 'befindet', 'sich', 'auf', 'einer', 'fü@@', 'n@@', 'f@@', 'tä@@', 'gi@@', 'gen', 'Rei@@', 'se', 'nach', 'J@@', 'ap@@', 'an', ',', 'um', 'die', 'wirtschaf@@', 'tlichen', 'Be@@', 'zieh@@', 'ungen', 'mit', 'der', 'd@@', 'rit@@', 't@@', 'größ@@', 'ten', 'Wirtschafts@@', 'n@@', 'ation', 'der', 'Welt', 'zu', 'fes@@', 'tigen', '.']
2026-05-09 02:32:02,854 - DEBUG - joeynmt.training - 	Tokenized reference:  ['Mr', 'Mo@@', 'd@@', 'i', 'is', 'on', 'a', 'fi@@', 've', '@@@', '-@@', '@', 'day', 'tri@@', 'p', 'to', 'J@@', 'ap@@', 'an', 'to', 'streng@@', 'then', 'economic', 'ties', 'with', 'the', 'third', 'lar@@', 'ges@@', 't', 'econom@@', 'y', 'in', 'the', 'world', '.']
2026-05-09 02:32:02,854 - DEBUG - joeynmt.training - 	Tokenized hypothesis: ['Mr', 'Mo@@', 'd@@', 'i', 'is', 'a', 'fi@@', 'f@@', 'th', ',', 'the', 'economic', 'rel@@', 'ations', 'with', 'the', 'economic', 'rel@@', 'ations', 'with', 'the', 'economic', 'rel@@', 'ations', 'with', 'the', 'economic', 'rel@@', 'ations', 'with', 'the', 'economic', 'n@@', 'ation', 'of', 'the', 'world', '.', '</s>']
2026-05-09 02:32:02,854 - INFO - joeynmt.training - 	Source:     Herr Modi befindet sich auf einer fünftägigen Reise nach Japan , um die wirtschaftlichen Beziehungen mit der drittgrößten Wirtschaftsnation der Welt zu festigen .
2026-05-09 02:32:02,854 - INFO - joeynmt.training - 	Reference:  Mr Modi is on a five @-@ day trip to Japan to strengthen economic ties with the third largest economy in the world .
2026-05-09 02:32:02,854 - INFO - joeynmt.training - 	Hypothesis: Mr Modi is a fifth , the economic relations with the economic relations with the economic relations with the economic relations with the economic nation of the world .
2026-05-09 02:32:02,854 - INFO - joeynmt.training - Example #3
2026-05-09 02:32:02,854 - DEBUG - joeynmt.training - 	Tokenized source:     ['P@@', 'län@@', 'e', 'für', 'eine', 'stärk@@', 'ere', 'k@@', 'ern@@', 'techn@@', 'ische', 'Zusammenarbeit', 'stehen', 'ganz', 'ob@@', 'en', 'auf', 'der', 'Tag@@', 'es@@', 'ordnung', '.']
2026-05-09 02:32:02,854 - DEBUG - joeynmt.training - 	Tokenized reference:  ['high', 'on', 'the', 'agen@@', 'da', 'are', 'pl@@', 'ans', 'for', 'gre@@', 'ater', 'nu@@', 'clear', 'c@@', 'o', '@@@', '-@@', '@', 'operation', '.']
2026-05-09 02:32:02,854 - DEBUG - joeynmt.training - 	Tokenized hypothesis: ['P@@', 'e@@', 'as@@', 'y', 'for', 'a', 'more', 'techn@@', 'ical', 'cooperation', 'and', 'are', 'very', 'much', 'on', 'the', 'agen@@', 'da', '.', '</s>']
2026-05-09 02:32:02,854 - INFO - joeynmt.training - 	Source:     Pläne für eine stärkere kerntechnische Zusammenarbeit stehen ganz oben auf der Tagesordnung .
2026-05-09 02:32:02,854 - INFO - joeynmt.training - 	Reference:  high on the agenda are plans for greater nuclear co @-@ operation .
2026-05-09 02:32:02,854 - INFO - joeynmt.training - 	Hypothesis: Peasy for a more technical cooperation and are very much on the agenda .
2026-05-09 02:32:02,854 - INFO - joeynmt.training - Example #4
2026-05-09 02:32:02,854 - DEBUG - joeynmt.training - 	Tokenized source:     ['Berich@@', 'ten', 'zu@@', 'fol@@', 'ge', 'ho@@', 'fft', 'Indi@@', 'en', 'darüber', 'hinaus', 'auf', 'einen', 'Ver@@', 'trag', 'zur', 'Ver@@', 'tei@@', 'dig@@', 'ungs@@', 'zusammen@@', 'arbeit', 'zwischen', 'den', 'beiden', 'N@@', 'ationen', '.']
2026-05-09 02:32:02,854 - DEBUG - joeynmt.training - 	Tokenized reference:  ['Indi@@', 'a', 'is', 'also', 're@@', 'porte@@', 'dly', 'hop@@', 'ing', 'for', 'a', 'de@@', 'al', 'on', 'def@@', 'ence', 'c@@', 'oll@@', 'ab@@', 'or@@', 'ation', 'between', 'the', 'two', 'n@@', 'ations', '.']
2026-05-09 02:32:02,854 - DEBUG - joeynmt.training - 	Tokenized hypothesis: ['the', 're@@', 'ports', 'are', 'also', 'a', 're@@', 'ports', 'on', 'a', 'con@@', 'stitu@@', 'tion', 'of', 'dig@@', 'ital', 'dig@@', 'ital', 'con@@', 'stitu@@', 'te', 'the', 'two', 'N@@', 'ations', '.', '</s>']
2026-05-09 02:32:02,854 - INFO - joeynmt.training - 	Source:     Berichten zufolge hofft Indien darüber hinaus auf einen Vertrag zur Verteidigungszusammenarbeit zwischen den beiden Nationen .
2026-05-09 02:32:02,854 - INFO - joeynmt.training - 	Reference:  India is also reportedly hoping for a deal on defence collaboration between the two nations .
2026-05-09 02:32:02,854 - INFO - joeynmt.training - 	Hypothesis: the reports are also a reports on a constitution of digital digital constitute the two Nations .
2026-05-09 02:32:20,107 - INFO - joeynmt.training - Epoch   3, Step:    10600, Batch Loss:     2.018547, Batch Acc: 0.424272, Tokens per Sec:     5326, Lr: 0.000300
2026-05-09 02:32:37,997 - INFO - joeynmt.training - Epoch   3, Step:    10700, Batch Loss:     2.062017, Batch Acc: 0.434837, Tokens per Sec:     5153, Lr: 0.000300
2026-05-09 02:32:55,733 - INFO - joeynmt.training - Epoch   3, Step:    10800, Batch Loss:     2.157691, Batch Acc: 0.428446, Tokens per Sec:     5155, Lr: 0.000300
2026-05-09 02:33:13,562 - INFO - joeynmt.training - Epoch   3, Step:    10900, Batch Loss:     2.184999, Batch Acc: 0.430421, Tokens per Sec:     5185, Lr: 0.000300
2026-05-09 02:33:31,346 - INFO - joeynmt.training - Epoch   3, Step:    11000, Batch Loss:     1.876586, Batch Acc: 0.435000, Tokens per Sec:     5169, Lr: 0.000300
2026-05-09 02:33:31,347 - INFO - joeynmt.prediction - Predicting 500 example(s)... (Greedy decoding with min_output_length=1, max_output_length=-1, return_prob='none', generate_unk=True, repetition_penalty=-1, no_repeat_ngram_size=-1)
2026-05-09 02:34:01,124 - INFO - joeynmt.prediction - Evaluation result (greedy) loss:   2.44, ppl:  11.46, acc:   0.38, generation: 29.7720[sec], evaluation: 0.0000[sec]
2026-05-09 02:34:01,125 - INFO - joeynmt.training - Hooray! New best validation result [ppl]!
2026-05-09 02:34:01,208 - INFO - joeynmt.helpers - delete models/deen_transformer_regular/8500.ckpt
2026-05-09 02:34:01,211 - INFO - joeynmt.training - Example #0
2026-05-09 02:34:01,211 - DEBUG - joeynmt.training - 	Tokenized source:     ['die', 'Pre@@', 'mi@@', 'er@@', 'minist@@', 'er', 'Indi@@', 'ens', 'und', 'J@@', 'ap@@', 'ans', 'tra@@', 'fen', 'sich', 'in', 'T@@', 'ok@@', 'i@@', 'o', '.']
2026-05-09 02:34:01,211 - DEBUG - joeynmt.training - 	Tokenized reference:  ['Indi@@', 'a', 'and', 'J@@', 'ap@@', 'an', 'pri@@', 'me', 'minist@@', 'ers', 'me@@', 'et', 'in', 'T@@', 'ok@@', 'y@@', 'o']
2026-05-09 02:34:01,211 - DEBUG - joeynmt.training - 	Tokenized hypothesis: ['the', 'pri@@', 'me', 'minist@@', 'er', 'Indi@@', 'a', 'and', 'J@@', 'ap@@', 'an', ',', 'the', 'pri@@', 'me', 'minist@@', 'ers', '.', '</s>']
2026-05-09 02:34:01,211 - INFO - joeynmt.training - 	Source:     die Premierminister Indiens und Japans trafen sich in Tokio .
2026-05-09 02:34:01,211 - INFO - joeynmt.training - 	Reference:  India and Japan prime ministers meet in Tokyo
2026-05-09 02:34:01,211 - INFO - joeynmt.training - 	Hypothesis: the prime minister India and Japan , the prime ministers .
2026-05-09 02:34:01,211 - INFO - joeynmt.training - Example #1
2026-05-09 02:34:01,211 - DEBUG - joeynmt.training - 	Tokenized source:     ['Indi@@', 'ens', 'neu@@', 'er', 'Pre@@', 'mi@@', 'er@@', 'minist@@', 'er', 'N@@', 'ar@@', 'end@@', 'ra', 'Mo@@', 'd@@', 'i', 'tri@@', 'fft', 'bei', 's@@', 'einem', 'ersten', 'wichti@@', 'gen', 'Aus@@', 'land@@', 's@@', 'bes@@', 'u@@', 'ch', 'seit', 's@@', 'einem', 'W@@', 'ah@@', 'l@@', 'si@@', 'e@@', 'g', 'im', 'Ma@@', 'i', 'seinen', 'j@@', 'ap@@', 'an@@', 'ischen', 'Am@@', 'ts@@', 'k@@', 'olle@@', 'gen', 'S@@', 'hin@@', 'z@@', 'o', 'A@@', 'be', 'in', 'T@@', 'ok@@', 'o', ',', 'um', 'wirtschaf@@', 'tliche', 'und', 'sicher@@', 'heits@@', 'politische', 'Be@@', 'zieh@@', 'ungen', 'zu', 'bes@@', 'pre@@', 'chen', '.']
2026-05-09 02:34:01,211 - DEBUG - joeynmt.training - 	Tokenized reference:  ['Indi@@', 'a', '&apos;s', 'new', 'pri@@', 'me', 'minist@@', 'er', ',', 'N@@', 'ar@@', 'end@@', 'ra', 'Mo@@', 'd@@', 'i', ',', 'is', 'me@@', 'eting', 'his', 'J@@', 'ap@@', 'an@@', 'ese', 'coun@@', 'ter@@', 'part', ',', 'S@@', 'hin@@', 'z@@', 'o', 'A@@', 'be', ',', 'in', 'T@@', 'ok@@', 'y@@', 'o', 'to', 'disc@@', 'uss', 'economic', 'and', 'security', 'ties', ',', 'on', 'his', 'first', 'major', 'fore@@', 'ign', 'visi@@', 't', 'since', 'w@@', 'inn@@', 'ing', 'Ma@@', 'y', '&apos;s', 'elec@@', 'tion', '.']
2026-05-09 02:34:01,211 - DEBUG - joeynmt.training - 	Tokenized hypothesis: ['Indi@@', 'a', '&apos;s', 'Pre@@', 'mi@@', 'er', 'Minist@@', 'er', 'N@@', 'ar@@', 'end@@', 'ra', 'Mo@@', 'd@@', 'i', ',', 'in', 'his', 'first', 'important', 'ex@@', 'per@@', 'ti@@', 'se', 'of', 'the', 'S@@', 'outh', 'A@@', 'gre@@', 'ement', 'in', 'Ma@@', 'y', ',', 'the', 'Ma@@', 'y', 'A@@', 'be', 'in', 'Ma@@', 'y', ',', 'the', 'A@@', 'be', 'in', 'T@@', 'ok@@', 'o', 'A@@', 'be', 'in', 'T@@', 'ok@@', 'o', ',', 'and', 'economic', 'and', 'security', 'of', 'the', 'political', 'and', 'security', 'of', 'the', 'political', 'rel@@', 'ations', '.', '</s>']
2026-05-09 02:34:01,212 - INFO - joeynmt.training - 	Source:     Indiens neuer Premierminister Narendra Modi trifft bei seinem ersten wichtigen Auslandsbesuch seit seinem Wahlsieg im Mai seinen japanischen Amtskollegen Shinzo Abe in Toko , um wirtschaftliche und sicherheitspolitische Beziehungen zu besprechen .
2026-05-09 02:34:01,212 - INFO - joeynmt.training - 	Reference:  India &apos;s new prime minister , Narendra Modi , is meeting his Japanese counterpart , Shinzo Abe , in Tokyo to discuss economic and security ties , on his first major foreign visit since winning May &apos;s election .
2026-05-09 02:34:01,212 - INFO - joeynmt.training - 	Hypothesis: India &apos;s Premier Minister Narendra Modi , in his first important expertise of the South Agreement in May , the May Abe in May , the Abe in Toko Abe in Toko , and economic and security of the political and security of the political relations .
2026-05-09 02:34:01,212 - INFO - joeynmt.training - Example #2
2026-05-09 02:34:01,212 - DEBUG - joeynmt.training - 	Tokenized source:     ['Herr', 'Mo@@', 'd@@', 'i', 'befindet', 'sich', 'auf', 'einer', 'fü@@', 'n@@', 'f@@', 'tä@@', 'gi@@', 'gen', 'Rei@@', 'se', 'nach', 'J@@', 'ap@@', 'an', ',', 'um', 'die', 'wirtschaf@@', 'tlichen', 'Be@@', 'zieh@@', 'ungen', 'mit', 'der', 'd@@', 'rit@@', 't@@', 'größ@@', 'ten', 'Wirtschafts@@', 'n@@', 'ation', 'der', 'Welt', 'zu', 'fes@@', 'tigen', '.']
2026-05-09 02:34:01,212 - DEBUG - joeynmt.training - 	Tokenized reference:  ['Mr', 'Mo@@', 'd@@', 'i', 'is', 'on', 'a', 'fi@@', 've', '@@@', '-@@', '@', 'day', 'tri@@', 'p', 'to', 'J@@', 'ap@@', 'an', 'to', 'streng@@', 'then', 'economic', 'ties', 'with', 'the', 'third', 'lar@@', 'ges@@', 't', 'econom@@', 'y', 'in', 'the', 'world', '.']
2026-05-09 02:34:01,212 - DEBUG - joeynmt.training - 	Tokenized hypothesis: ['Mr', 'Mo@@', 'd@@', 'i', 'is', 'a', 'fi@@', 'f@@', 'th', ',', 'in', 'order', 'to', 'achie@@', 've', 'the', 'economic', 'rel@@', 'ations', 'with', 'the', 'economic', 'rel@@', 'ations', 'with', 'the', 'd@@', 'ut@@', 'ation', 'of', 'the', 'world', '.', '</s>']
2026-05-09 02:34:01,212 - INFO - joeynmt.training - 	Source:     Herr Modi befindet sich auf einer fünftägigen Reise nach Japan , um die wirtschaftlichen Beziehungen mit der drittgrößten Wirtschaftsnation der Welt zu festigen .
2026-05-09 02:34:01,212 - INFO - joeynmt.training - 	Reference:  Mr Modi is on a five @-@ day trip to Japan to strengthen economic ties with the third largest economy in the world .
2026-05-09 02:34:01,212 - INFO - joeynmt.training - 	Hypothesis: Mr Modi is a fifth , in order to achieve the economic relations with the economic relations with the dutation of the world .
2026-05-09 02:34:01,212 - INFO - joeynmt.training - Example #3
2026-05-09 02:34:01,212 - DEBUG - joeynmt.training - 	Tokenized source:     ['P@@', 'län@@', 'e', 'für', 'eine', 'stärk@@', 'ere', 'k@@', 'ern@@', 'techn@@', 'ische', 'Zusammenarbeit', 'stehen', 'ganz', 'ob@@', 'en', 'auf', 'der', 'Tag@@', 'es@@', 'ordnung', '.']
2026-05-09 02:34:01,212 - DEBUG - joeynmt.training - 	Tokenized reference:  ['high', 'on', 'the', 'agen@@', 'da', 'are', 'pl@@', 'ans', 'for', 'gre@@', 'ater', 'nu@@', 'clear', 'c@@', 'o', '@@@', '-@@', '@', 'operation', '.']
2026-05-09 02:34:01,212 - DEBUG - joeynmt.training - 	Tokenized hypothesis: ['P@@', 'ubli@@', 'c', 'and', 'to', 'be', 'more', 'seri@@', 'ous', 'techn@@', 'ical', 'cooperation', 'are', 'on', 'the', 'agen@@', 'da', '.', '</s>']
2026-05-09 02:34:01,212 - INFO - joeynmt.training - 	Source:     Pläne für eine stärkere kerntechnische Zusammenarbeit stehen ganz oben auf der Tagesordnung .
2026-05-09 02:34:01,212 - INFO - joeynmt.training - 	Reference:  high on the agenda are plans for greater nuclear co @-@ operation .
2026-05-09 02:34:01,212 - INFO - joeynmt.training - 	Hypothesis: Public and to be more serious technical cooperation are on the agenda .
2026-05-09 02:34:01,212 - INFO - joeynmt.training - Example #4
2026-05-09 02:34:01,212 - DEBUG - joeynmt.training - 	Tokenized source:     ['Berich@@', 'ten', 'zu@@', 'fol@@', 'ge', 'ho@@', 'fft', 'Indi@@', 'en', 'darüber', 'hinaus', 'auf', 'einen', 'Ver@@', 'trag', 'zur', 'Ver@@', 'tei@@', 'dig@@', 'ungs@@', 'zusammen@@', 'arbeit', 'zwischen', 'den', 'beiden', 'N@@', 'ationen', '.']
2026-05-09 02:34:01,212 - DEBUG - joeynmt.training - 	Tokenized reference:  ['Indi@@', 'a', 'is', 'also', 're@@', 'porte@@', 'dly', 'hop@@', 'ing', 'for', 'a', 'de@@', 'al', 'on', 'def@@', 'ence', 'c@@', 'oll@@', 'ab@@', 'or@@', 'ation', 'between', 'the', 'two', 'n@@', 'ations', '.']
2026-05-09 02:34:01,212 - DEBUG - joeynmt.training - 	Tokenized hypothesis: ['in', 'ad@@', 'dition', 'to', 'the', 're@@', 'ports', ',', 'in', 'ad@@', 'dition', 'to', 'a', 'con@@', 'stitu@@', 'tional', 'con@@', 'dition', 'to', 'a', 'con@@', 'stitu@@', 'tional', 'agreement', 'between', 'the', 'two', 'N@@', 'ations', '.', '</s>']
2026-05-09 02:34:01,212 - INFO - joeynmt.training - 	Source:     Berichten zufolge hofft Indien darüber hinaus auf einen Vertrag zur Verteidigungszusammenarbeit zwischen den beiden Nationen .
2026-05-09 02:34:01,212 - INFO - joeynmt.training - 	Reference:  India is also reportedly hoping for a deal on defence collaboration between the two nations .
2026-05-09 02:34:01,212 - INFO - joeynmt.training - 	Hypothesis: in addition to the reports , in addition to a constitutional condition to a constitutional agreement between the two Nations .
2026-05-09 02:34:18,753 - INFO - joeynmt.training - Epoch   3, Step:    11100, Batch Loss:     2.310648, Batch Acc: 0.435483, Tokens per Sec:     5206, Lr: 0.000300
2026-05-09 02:34:36,375 - INFO - joeynmt.training - Epoch   3, Step:    11200, Batch Loss:     1.946423, Batch Acc: 0.432261, Tokens per Sec:     5282, Lr: 0.000300
2026-05-09 02:34:53,991 - INFO - joeynmt.training - Epoch   3, Step:    11300, Batch Loss:     2.091989, Batch Acc: 0.434597, Tokens per Sec:     5138, Lr: 0.000300
2026-05-09 02:35:11,594 - INFO - joeynmt.training - Epoch   3, Step:    11400, Batch Loss:     2.173147, Batch Acc: 0.439709, Tokens per Sec:     5209, Lr: 0.000300
2026-05-09 02:35:29,280 - INFO - joeynmt.training - Epoch   3, Step:    11500, Batch Loss:     2.220983, Batch Acc: 0.439396, Tokens per Sec:     5119, Lr: 0.000300
2026-05-09 02:35:29,280 - INFO - joeynmt.prediction - Predicting 500 example(s)... (Greedy decoding with min_output_length=1, max_output_length=-1, return_prob='none', generate_unk=True, repetition_penalty=-1, no_repeat_ngram_size=-1)
2026-05-09 02:36:01,143 - INFO - joeynmt.prediction - Evaluation result (greedy) loss:   2.40, ppl:  11.03, acc:   0.39, generation: 31.8584[sec], evaluation: 0.0000[sec]
2026-05-09 02:36:01,145 - INFO - joeynmt.training - Hooray! New best validation result [ppl]!
2026-05-09 02:36:01,231 - INFO - joeynmt.helpers - delete models/deen_transformer_regular/9000.ckpt
2026-05-09 02:36:01,233 - INFO - joeynmt.training - Example #0
2026-05-09 02:36:01,233 - DEBUG - joeynmt.training - 	Tokenized source:     ['die', 'Pre@@', 'mi@@', 'er@@', 'minist@@', 'er', 'Indi@@', 'ens', 'und', 'J@@', 'ap@@', 'ans', 'tra@@', 'fen', 'sich', 'in', 'T@@', 'ok@@', 'i@@', 'o', '.']
2026-05-09 02:36:01,233 - DEBUG - joeynmt.training - 	Tokenized reference:  ['Indi@@', 'a', 'and', 'J@@', 'ap@@', 'an', 'pri@@', 'me', 'minist@@', 'ers', 'me@@', 'et', 'in', 'T@@', 'ok@@', 'y@@', 'o']
2026-05-09 02:36:01,233 - DEBUG - joeynmt.training - 	Tokenized hypothesis: ['the', 'Pre@@', 'mi@@', 'er', 'Indi@@', 'a', 'and', 'J@@', 'ap@@', 'an', '&apos;s', 'pri@@', 'me', 'minist@@', 'er', ',', 'the', 'price', '.', '</s>']
2026-05-09 02:36:01,233 - INFO - joeynmt.training - 	Source:     die Premierminister Indiens und Japans trafen sich in Tokio .
2026-05-09 02:36:01,233 - INFO - joeynmt.training - 	Reference:  India and Japan prime ministers meet in Tokyo
2026-05-09 02:36:01,233 - INFO - joeynmt.training - 	Hypothesis: the Premier India and Japan &apos;s prime minister , the price .
2026-05-09 02:36:01,233 - INFO - joeynmt.training - Example #1
2026-05-09 02:36:01,233 - DEBUG - joeynmt.training - 	Tokenized source:     ['Indi@@', 'ens', 'neu@@', 'er', 'Pre@@', 'mi@@', 'er@@', 'minist@@', 'er', 'N@@', 'ar@@', 'end@@', 'ra', 'Mo@@', 'd@@', 'i', 'tri@@', 'fft', 'bei', 's@@', 'einem', 'ersten', 'wichti@@', 'gen', 'Aus@@', 'land@@', 's@@', 'bes@@', 'u@@', 'ch', 'seit', 's@@', 'einem', 'W@@', 'ah@@', 'l@@', 'si@@', 'e@@', 'g', 'im', 'Ma@@', 'i', 'seinen', 'j@@', 'ap@@', 'an@@', 'ischen', 'Am@@', 'ts@@', 'k@@', 'olle@@', 'gen', 'S@@', 'hin@@', 'z@@', 'o', 'A@@', 'be', 'in', 'T@@', 'ok@@', 'o', ',', 'um', 'wirtschaf@@', 'tliche', 'und', 'sicher@@', 'heits@@', 'politische', 'Be@@', 'zieh@@', 'ungen', 'zu', 'bes@@', 'pre@@', 'chen', '.']
2026-05-09 02:36:01,233 - DEBUG - joeynmt.training - 	Tokenized reference:  ['Indi@@', 'a', '&apos;s', 'new', 'pri@@', 'me', 'minist@@', 'er', ',', 'N@@', 'ar@@', 'end@@', 'ra', 'Mo@@', 'd@@', 'i', ',', 'is', 'me@@', 'eting', 'his', 'J@@', 'ap@@', 'an@@', 'ese', 'coun@@', 'ter@@', 'part', ',', 'S@@', 'hin@@', 'z@@', 'o', 'A@@', 'be', ',', 'in', 'T@@', 'ok@@', 'y@@', 'o', 'to', 'disc@@', 'uss', 'economic', 'and', 'security', 'ties', ',', 'on', 'his', 'first', 'major', 'fore@@', 'ign', 'visi@@', 't', 'since', 'w@@', 'inn@@', 'ing', 'Ma@@', 'y', '&apos;s', 'elec@@', 'tion', '.']
2026-05-09 02:36:01,233 - DEBUG - joeynmt.training - 	Tokenized hypothesis: ['Indi@@', 'a', 'new', 'Pre@@', 'mi@@', 'er', 'N@@', 'ar@@', 'end@@', 'ra', 'Mo@@', 'd@@', 'i', 'Mo@@', 'd@@', 'i', '&apos;s', 'first', 'important', 'ex@@', 'clu@@', 'sive', 'mo@@', 'del', 'of', 'his', 'first', 'first', 'of', 'the', 'M@@', 'or@@', 'a@@', 'i', '&apos;s', '&apos;s', 'S@@', 'outh', 'A@@', 'll', ',', 'the', 'M@@', 'un@@', 'ich', '&apos;s', 'S@@', 'hin@@', 'o', 'A@@', 'be', 'in', 'T@@', 'ok@@', 'o', ',', 'and', 'the', 'f@@', 'ron@@', 't', 'of', 'the', 'S@@', 'outh', 'A@@', 'y@@', 'be', 'in', 'T@@', 'ok@@', 'o', '.', '</s>']
2026-05-09 02:36:01,233 - INFO - joeynmt.training - 	Source:     Indiens neuer Premierminister Narendra Modi trifft bei seinem ersten wichtigen Auslandsbesuch seit seinem Wahlsieg im Mai seinen japanischen Amtskollegen Shinzo Abe in Toko , um wirtschaftliche und sicherheitspolitische Beziehungen zu besprechen .
2026-05-09 02:36:01,233 - INFO - joeynmt.training - 	Reference:  India &apos;s new prime minister , Narendra Modi , is meeting his Japanese counterpart , Shinzo Abe , in Tokyo to discuss economic and security ties , on his first major foreign visit since winning May &apos;s election .
2026-05-09 02:36:01,233 - INFO - joeynmt.training - 	Hypothesis: India new Premier Narendra Modi Modi &apos;s first important exclusive model of his first first of the Morai &apos;s &apos;s South All , the Munich &apos;s Shino Abe in Toko , and the front of the South Aybe in Toko .
2026-05-09 02:36:01,233 - INFO - joeynmt.training - Example #2
2026-05-09 02:36:01,233 - DEBUG - joeynmt.training - 	Tokenized source:     ['Herr', 'Mo@@', 'd@@', 'i', 'befindet', 'sich', 'auf', 'einer', 'fü@@', 'n@@', 'f@@', 'tä@@', 'gi@@', 'gen', 'Rei@@', 'se', 'nach', 'J@@', 'ap@@', 'an', ',', 'um', 'die', 'wirtschaf@@', 'tlichen', 'Be@@', 'zieh@@', 'ungen', 'mit', 'der', 'd@@', 'rit@@', 't@@', 'größ@@', 'ten', 'Wirtschafts@@', 'n@@', 'ation', 'der', 'Welt', 'zu', 'fes@@', 'tigen', '.']
2026-05-09 02:36:01,233 - DEBUG - joeynmt.training - 	Tokenized reference:  ['Mr', 'Mo@@', 'd@@', 'i', 'is', 'on', 'a', 'fi@@', 've', '@@@', '-@@', '@', 'day', 'tri@@', 'p', 'to', 'J@@', 'ap@@', 'an', 'to', 'streng@@', 'then', 'economic', 'ties', 'with', 'the', 'third', 'lar@@', 'ges@@', 't', 'econom@@', 'y', 'in', 'the', 'world', '.']
2026-05-09 02:36:01,233 - DEBUG - joeynmt.training - 	Tokenized hypothesis: ['Mr', 'Mo@@', 'd@@', 'i', 'is', 'located', 'on', 'a', 'fi@@', 'f@@', 'te@@', 'dly', ',', 'J@@', 'ap@@', 'an', ',', 'to', 'J@@', 'ap@@', 'an', ',', 'to', 'J@@', 'ap@@', 'an', ',', 'to', 'the', 'world', '&apos;s', 'lar@@', 'ges@@', 't', 'economic', 'rel@@', 'ations', '.', '</s>']
2026-05-09 02:36:01,234 - INFO - joeynmt.training - 	Source:     Herr Modi befindet sich auf einer fünftägigen Reise nach Japan , um die wirtschaftlichen Beziehungen mit der drittgrößten Wirtschaftsnation der Welt zu festigen .
2026-05-09 02:36:01,234 - INFO - joeynmt.training - 	Reference:  Mr Modi is on a five @-@ day trip to Japan to strengthen economic ties with the third largest economy in the world .
2026-05-09 02:36:01,234 - INFO - joeynmt.training - 	Hypothesis: Mr Modi is located on a fiftedly , Japan , to Japan , to Japan , to the world &apos;s largest economic relations .
2026-05-09 02:36:01,234 - INFO - joeynmt.training - Example #3
2026-05-09 02:36:01,234 - DEBUG - joeynmt.training - 	Tokenized source:     ['P@@', 'län@@', 'e', 'für', 'eine', 'stärk@@', 'ere', 'k@@', 'ern@@', 'techn@@', 'ische', 'Zusammenarbeit', 'stehen', 'ganz', 'ob@@', 'en', 'auf', 'der', 'Tag@@', 'es@@', 'ordnung', '.']
2026-05-09 02:36:01,234 - DEBUG - joeynmt.training - 	Tokenized reference:  ['high', 'on', 'the', 'agen@@', 'da', 'are', 'pl@@', 'ans', 'for', 'gre@@', 'ater', 'nu@@', 'clear', 'c@@', 'o', '@@@', '-@@', '@', 'operation', '.']
2026-05-09 02:36:01,234 - DEBUG - joeynmt.training - 	Tokenized hypothesis: ['p@@', 'ic@@', 'ture', 'for', 'a', 'more', 'techn@@', 'ical', 'and', 'the', 'agen@@', 'da', '.', '</s>']
2026-05-09 02:36:01,234 - INFO - joeynmt.training - 	Source:     Pläne für eine stärkere kerntechnische Zusammenarbeit stehen ganz oben auf der Tagesordnung .
2026-05-09 02:36:01,234 - INFO - joeynmt.training - 	Reference:  high on the agenda are plans for greater nuclear co @-@ operation .
2026-05-09 02:36:01,234 - INFO - joeynmt.training - 	Hypothesis: picture for a more technical and the agenda .
2026-05-09 02:36:01,234 - INFO - joeynmt.training - Example #4
2026-05-09 02:36:01,234 - DEBUG - joeynmt.training - 	Tokenized source:     ['Berich@@', 'ten', 'zu@@', 'fol@@', 'ge', 'ho@@', 'fft', 'Indi@@', 'en', 'darüber', 'hinaus', 'auf', 'einen', 'Ver@@', 'trag', 'zur', 'Ver@@', 'tei@@', 'dig@@', 'ungs@@', 'zusammen@@', 'arbeit', 'zwischen', 'den', 'beiden', 'N@@', 'ationen', '.']
2026-05-09 02:36:01,234 - DEBUG - joeynmt.training - 	Tokenized reference:  ['Indi@@', 'a', 'is', 'also', 're@@', 'porte@@', 'dly', 'hop@@', 'ing', 'for', 'a', 'de@@', 'al', 'on', 'def@@', 'ence', 'c@@', 'oll@@', 'ab@@', 'or@@', 'ation', 'between', 'the', 'two', 'n@@', 'ations', '.']
2026-05-09 02:36:01,234 - DEBUG - joeynmt.training - 	Tokenized hypothesis: ['in', 'the', 'report', ',', 'Indi@@', 'a', 'is', 'also', 'a', 'con@@', 'stitu@@', 'tion', 'on', 'a', 'con@@', 'stitu@@', 'tion', 'between', 'the', 'two', 'N@@', 'ations', '.', '</s>']
2026-05-09 02:36:01,234 - INFO - joeynmt.training - 	Source:     Berichten zufolge hofft Indien darüber hinaus auf einen Vertrag zur Verteidigungszusammenarbeit zwischen den beiden Nationen .
2026-05-09 02:36:01,234 - INFO - joeynmt.training - 	Reference:  India is also reportedly hoping for a deal on defence collaboration between the two nations .
2026-05-09 02:36:01,234 - INFO - joeynmt.training - 	Hypothesis: in the report , India is also a constitution on a constitution between the two Nations .
2026-05-09 02:36:18,676 - INFO - joeynmt.training - Epoch   3, Step:    11600, Batch Loss:     2.041752, Batch Acc: 0.443464, Tokens per Sec:     5294, Lr: 0.000300
2026-05-09 02:36:36,397 - INFO - joeynmt.training - Epoch   3, Step:    11700, Batch Loss:     2.228171, Batch Acc: 0.443646, Tokens per Sec:     5169, Lr: 0.000300
2026-05-09 02:36:54,143 - INFO - joeynmt.training - Epoch   3, Step:    11800, Batch Loss:     2.168716, Batch Acc: 0.441372, Tokens per Sec:     5109, Lr: 0.000300
2026-05-09 02:37:12,001 - INFO - joeynmt.training - Epoch   3, Step:    11900, Batch Loss:     1.993376, Batch Acc: 0.444458, Tokens per Sec:     5168, Lr: 0.000300
2026-05-09 02:37:29,955 - INFO - joeynmt.training - Epoch   3, Step:    12000, Batch Loss:     2.251795, Batch Acc: 0.439998, Tokens per Sec:     5152, Lr: 0.000300
2026-05-09 02:37:29,956 - INFO - joeynmt.prediction - Predicting 500 example(s)... (Greedy decoding with min_output_length=1, max_output_length=-1, return_prob='none', generate_unk=True, repetition_penalty=-1, no_repeat_ngram_size=-1)
2026-05-09 02:37:58,725 - INFO - joeynmt.prediction - Evaluation result (greedy) loss:   2.38, ppl:  10.80, acc:   0.39, generation: 28.7644[sec], evaluation: 0.0000[sec]
2026-05-09 02:37:58,727 - INFO - joeynmt.training - Hooray! New best validation result [ppl]!
2026-05-09 02:37:58,813 - INFO - joeynmt.helpers - delete models/deen_transformer_regular/9500.ckpt
2026-05-09 02:37:58,816 - INFO - joeynmt.training - Example #0
2026-05-09 02:37:58,817 - DEBUG - joeynmt.training - 	Tokenized source:     ['die', 'Pre@@', 'mi@@', 'er@@', 'minist@@', 'er', 'Indi@@', 'ens', 'und', 'J@@', 'ap@@', 'ans', 'tra@@', 'fen', 'sich', 'in', 'T@@', 'ok@@', 'i@@', 'o', '.']
2026-05-09 02:37:58,817 - DEBUG - joeynmt.training - 	Tokenized reference:  ['Indi@@', 'a', 'and', 'J@@', 'ap@@', 'an', 'pri@@', 'me', 'minist@@', 'ers', 'me@@', 'et', 'in', 'T@@', 'ok@@', 'y@@', 'o']
2026-05-09 02:37:58,817 - DEBUG - joeynmt.training - 	Tokenized hypothesis: ['the', 'Pri@@', 'me', 'Minist@@', 'er', 'Indi@@', 'a', 'and', 'J@@', 'ap@@', 'an', '.', '</s>']
2026-05-09 02:37:58,817 - INFO - joeynmt.training - 	Source:     die Premierminister Indiens und Japans trafen sich in Tokio .
2026-05-09 02:37:58,817 - INFO - joeynmt.training - 	Reference:  India and Japan prime ministers meet in Tokyo
2026-05-09 02:37:58,817 - INFO - joeynmt.training - 	Hypothesis: the Prime Minister India and Japan .
2026-05-09 02:37:58,817 - INFO - joeynmt.training - Example #1
2026-05-09 02:37:58,817 - DEBUG - joeynmt.training - 	Tokenized source:     ['Indi@@', 'ens', 'neu@@', 'er', 'Pre@@', 'mi@@', 'er@@', 'minist@@', 'er', 'N@@', 'ar@@', 'end@@', 'ra', 'Mo@@', 'd@@', 'i', 'tri@@', 'fft', 'bei', 's@@', 'einem', 'ersten', 'wichti@@', 'gen', 'Aus@@', 'land@@', 's@@', 'bes@@', 'u@@', 'ch', 'seit', 's@@', 'einem', 'W@@', 'ah@@', 'l@@', 'si@@', 'e@@', 'g', 'im', 'Ma@@', 'i', 'seinen', 'j@@', 'ap@@', 'an@@', 'ischen', 'Am@@', 'ts@@', 'k@@', 'olle@@', 'gen', 'S@@', 'hin@@', 'z@@', 'o', 'A@@', 'be', 'in', 'T@@', 'ok@@', 'o', ',', 'um', 'wirtschaf@@', 'tliche', 'und', 'sicher@@', 'heits@@', 'politische', 'Be@@', 'zieh@@', 'ungen', 'zu', 'bes@@', 'pre@@', 'chen', '.']
2026-05-09 02:37:58,817 - DEBUG - joeynmt.training - 	Tokenized reference:  ['Indi@@', 'a', '&apos;s', 'new', 'pri@@', 'me', 'minist@@', 'er', ',', 'N@@', 'ar@@', 'end@@', 'ra', 'Mo@@', 'd@@', 'i', ',', 'is', 'me@@', 'eting', 'his', 'J@@', 'ap@@', 'an@@', 'ese', 'coun@@', 'ter@@', 'part', ',', 'S@@', 'hin@@', 'z@@', 'o', 'A@@', 'be', ',', 'in', 'T@@', 'ok@@', 'y@@', 'o', 'to', 'disc@@', 'uss', 'economic', 'and', 'security', 'ties', ',', 'on', 'his', 'first', 'major', 'fore@@', 'ign', 'visi@@', 't', 'since', 'w@@', 'inn@@', 'ing', 'Ma@@', 'y', '&apos;s', 'elec@@', 'tion', '.']
2026-05-09 02:37:58,817 - DEBUG - joeynmt.training - 	Tokenized hypothesis: ['Indi@@', 'a', '&apos;s', 'Pre@@', 'mi@@', 'er@@', 'ed', 'Minist@@', 'er', 'N@@', 'ar@@', 'end@@', 'ra', 'Mo@@', 'd@@', 'i', ',', 'in', 'his', 'first', 'important', 'ex@@', 'hi@@', 'bi@@', 'tion', 'of', 'the', 'S@@', 'outh', 'A@@', 'be', 'in', 'Ma@@', 'y', ',', 'the', 'M@@', 'ah@@', 'e@@', 'ad', 'in', 'the', 'Ma@@', 'y', 'of', 'S@@', 'hin@@', 'z@@', 'o', ',', 'and', 'saf@@', 'ety', 'of', 'the', 'S@@', 'hin@@', 'z@@', 'o', 'A@@', 'be', 'in', 'T@@', 'ok@@', 'o', ',', 'and', 'saf@@', 'ety', 'of', 'the', 're@@', 'siden@@', 'ce', '.', '</s>']
2026-05-09 02:37:58,817 - INFO - joeynmt.training - 	Source:     Indiens neuer Premierminister Narendra Modi trifft bei seinem ersten wichtigen Auslandsbesuch seit seinem Wahlsieg im Mai seinen japanischen Amtskollegen Shinzo Abe in Toko , um wirtschaftliche und sicherheitspolitische Beziehungen zu besprechen .
2026-05-09 02:37:58,817 - INFO - joeynmt.training - 	Reference:  India &apos;s new prime minister , Narendra Modi , is meeting his Japanese counterpart , Shinzo Abe , in Tokyo to discuss economic and security ties , on his first major foreign visit since winning May &apos;s election .
2026-05-09 02:37:58,817 - INFO - joeynmt.training - 	Hypothesis: India &apos;s Premiered Minister Narendra Modi , in his first important exhibition of the South Abe in May , the Mahead in the May of Shinzo , and safety of the Shinzo Abe in Toko , and safety of the residence .
2026-05-09 02:37:58,817 - INFO - joeynmt.training - Example #2
2026-05-09 02:37:58,817 - DEBUG - joeynmt.training - 	Tokenized source:     ['Herr', 'Mo@@', 'd@@', 'i', 'befindet', 'sich', 'auf', 'einer', 'fü@@', 'n@@', 'f@@', 'tä@@', 'gi@@', 'gen', 'Rei@@', 'se', 'nach', 'J@@', 'ap@@', 'an', ',', 'um', 'die', 'wirtschaf@@', 'tlichen', 'Be@@', 'zieh@@', 'ungen', 'mit', 'der', 'd@@', 'rit@@', 't@@', 'größ@@', 'ten', 'Wirtschafts@@', 'n@@', 'ation', 'der', 'Welt', 'zu', 'fes@@', 'tigen', '.']
2026-05-09 02:37:58,817 - DEBUG - joeynmt.training - 	Tokenized reference:  ['Mr', 'Mo@@', 'd@@', 'i', 'is', 'on', 'a', 'fi@@', 've', '@@@', '-@@', '@', 'day', 'tri@@', 'p', 'to', 'J@@', 'ap@@', 'an', 'to', 'streng@@', 'then', 'economic', 'ties', 'with', 'the', 'third', 'lar@@', 'ges@@', 't', 'econom@@', 'y', 'in', 'the', 'world', '.']
2026-05-09 02:37:58,817 - DEBUG - joeynmt.training - 	Tokenized hypothesis: ['Mr', 'Mo@@', 'd@@', 'i', 'is', 'located', 'on', 'a', 'fi@@', 'f@@', 'th', 'of', 'the', 'world', '&apos;s', 'b@@', 'ig@@', 'ges@@', 't', 'economic', 'rel@@', 'ations', 'with', 'the', 'd@@', 'on@@', 'ation', 'of', 'the', 'world', '.', '</s>']
2026-05-09 02:37:58,817 - INFO - joeynmt.training - 	Source:     Herr Modi befindet sich auf einer fünftägigen Reise nach Japan , um die wirtschaftlichen Beziehungen mit der drittgrößten Wirtschaftsnation der Welt zu festigen .
2026-05-09 02:37:58,817 - INFO - joeynmt.training - 	Reference:  Mr Modi is on a five @-@ day trip to Japan to strengthen economic ties with the third largest economy in the world .
2026-05-09 02:37:58,817 - INFO - joeynmt.training - 	Hypothesis: Mr Modi is located on a fifth of the world &apos;s biggest economic relations with the donation of the world .
2026-05-09 02:37:58,817 - INFO - joeynmt.training - Example #3
2026-05-09 02:37:58,817 - DEBUG - joeynmt.training - 	Tokenized source:     ['P@@', 'län@@', 'e', 'für', 'eine', 'stärk@@', 'ere', 'k@@', 'ern@@', 'techn@@', 'ische', 'Zusammenarbeit', 'stehen', 'ganz', 'ob@@', 'en', 'auf', 'der', 'Tag@@', 'es@@', 'ordnung', '.']
2026-05-09 02:37:58,817 - DEBUG - joeynmt.training - 	Tokenized reference:  ['high', 'on', 'the', 'agen@@', 'da', 'are', 'pl@@', 'ans', 'for', 'gre@@', 'ater', 'nu@@', 'clear', 'c@@', 'o', '@@@', '-@@', '@', 'operation', '.']
2026-05-09 02:37:58,817 - DEBUG - joeynmt.training - 	Tokenized hypothesis: ['P@@', 'lon@@', 'e', 'for', 'more', 'seri@@', 'ous', 'techn@@', 'ical', 'cooperation', 'are', 'on', 'the', 'agen@@', 'da', '.', '</s>']
2026-05-09 02:37:58,818 - INFO - joeynmt.training - 	Source:     Pläne für eine stärkere kerntechnische Zusammenarbeit stehen ganz oben auf der Tagesordnung .
2026-05-09 02:37:58,818 - INFO - joeynmt.training - 	Reference:  high on the agenda are plans for greater nuclear co @-@ operation .
2026-05-09 02:37:58,818 - INFO - joeynmt.training - 	Hypothesis: Plone for more serious technical cooperation are on the agenda .
2026-05-09 02:37:58,818 - INFO - joeynmt.training - Example #4
2026-05-09 02:37:58,818 - DEBUG - joeynmt.training - 	Tokenized source:     ['Berich@@', 'ten', 'zu@@', 'fol@@', 'ge', 'ho@@', 'fft', 'Indi@@', 'en', 'darüber', 'hinaus', 'auf', 'einen', 'Ver@@', 'trag', 'zur', 'Ver@@', 'tei@@', 'dig@@', 'ungs@@', 'zusammen@@', 'arbeit', 'zwischen', 'den', 'beiden', 'N@@', 'ationen', '.']
2026-05-09 02:37:58,818 - DEBUG - joeynmt.training - 	Tokenized reference:  ['Indi@@', 'a', 'is', 'also', 're@@', 'porte@@', 'dly', 'hop@@', 'ing', 'for', 'a', 'de@@', 'al', 'on', 'def@@', 'ence', 'c@@', 'oll@@', 'ab@@', 'or@@', 'ation', 'between', 'the', 'two', 'n@@', 'ations', '.']
2026-05-09 02:37:58,818 - DEBUG - joeynmt.training - 	Tokenized hypothesis: ['in', 'ad@@', 'dition', ',', 'there', 'is', 'also', 'a', 'con@@', 'stitu@@', 'tion', 'on', 'a', 'con@@', 'stitu@@', 'tion', 'on', 'the', 'con@@', 'stitu@@', 'tion', 'of', 'the', 'two', 'N@@', 'ations', '.', '</s>']
2026-05-09 02:37:58,818 - INFO - joeynmt.training - 	Source:     Berichten zufolge hofft Indien darüber hinaus auf einen Vertrag zur Verteidigungszusammenarbeit zwischen den beiden Nationen .
2026-05-09 02:37:58,818 - INFO - joeynmt.training - 	Reference:  India is also reportedly hoping for a deal on defence collaboration between the two nations .
2026-05-09 02:37:58,818 - INFO - joeynmt.training - 	Hypothesis: in addition , there is also a constitution on a constitution on the constitution of the two Nations .
2026-05-09 02:38:16,370 - INFO - joeynmt.training - Epoch   3, Step:    12100, Batch Loss:     1.956281, Batch Acc: 0.447010, Tokens per Sec:     5216, Lr: 0.000300
2026-05-09 02:38:32,877 - INFO - joeynmt.training - Epoch   3: total training loss 8806.12
2026-05-09 02:38:32,877 - INFO - joeynmt.training - EPOCH 4
2026-05-09 02:38:33,775 - INFO - joeynmt.training - Epoch   4, Step:    12200, Batch Loss:     2.052299, Batch Acc: 0.459459, Tokens per Sec:     5236, Lr: 0.000300
2026-05-09 02:38:51,312 - INFO - joeynmt.training - Epoch   4, Step:    12300, Batch Loss:     1.949947, Batch Acc: 0.464395, Tokens per Sec:     5270, Lr: 0.000300
2026-05-09 02:39:08,932 - INFO - joeynmt.training - Epoch   4, Step:    12400, Batch Loss:     2.191266, Batch Acc: 0.459801, Tokens per Sec:     5233, Lr: 0.000300
2026-05-09 02:39:26,565 - INFO - joeynmt.training - Epoch   4, Step:    12500, Batch Loss:     2.181348, Batch Acc: 0.462053, Tokens per Sec:     5235, Lr: 0.000300
2026-05-09 02:39:26,565 - INFO - joeynmt.prediction - Predicting 500 example(s)... (Greedy decoding with min_output_length=1, max_output_length=-1, return_prob='none', generate_unk=True, repetition_penalty=-1, no_repeat_ngram_size=-1)
2026-05-09 02:39:53,797 - INFO - joeynmt.prediction - Evaluation result (greedy) loss:   2.37, ppl:  10.65, acc:   0.40, generation: 27.2270[sec], evaluation: 0.0000[sec]
2026-05-09 02:39:53,798 - INFO - joeynmt.training - Hooray! New best validation result [ppl]!
2026-05-09 02:39:53,887 - INFO - joeynmt.helpers - delete models/deen_transformer_regular/10000.ckpt
2026-05-09 02:39:53,888 - INFO - joeynmt.training - Example #0
2026-05-09 02:39:53,888 - DEBUG - joeynmt.training - 	Tokenized source:     ['die', 'Pre@@', 'mi@@', 'er@@', 'minist@@', 'er', 'Indi@@', 'ens', 'und', 'J@@', 'ap@@', 'ans', 'tra@@', 'fen', 'sich', 'in', 'T@@', 'ok@@', 'i@@', 'o', '.']
2026-05-09 02:39:53,888 - DEBUG - joeynmt.training - 	Tokenized reference:  ['Indi@@', 'a', 'and', 'J@@', 'ap@@', 'an', 'pri@@', 'me', 'minist@@', 'ers', 'me@@', 'et', 'in', 'T@@', 'ok@@', 'y@@', 'o']
2026-05-09 02:39:53,888 - DEBUG - joeynmt.training - 	Tokenized hypothesis: ['the', 'pri@@', 'm@@', 'ary', 'minist@@', 'er', 'Indi@@', 'a', 'and', 'J@@', 'ap@@', 'ans', '.', '</s>']
2026-05-09 02:39:53,888 - INFO - joeynmt.training - 	Source:     die Premierminister Indiens und Japans trafen sich in Tokio .
2026-05-09 02:39:53,888 - INFO - joeynmt.training - 	Reference:  India and Japan prime ministers meet in Tokyo
2026-05-09 02:39:53,888 - INFO - joeynmt.training - 	Hypothesis: the primary minister India and Japans .
2026-05-09 02:39:53,889 - INFO - joeynmt.training - Example #1
2026-05-09 02:39:53,889 - DEBUG - joeynmt.training - 	Tokenized source:     ['Indi@@', 'ens', 'neu@@', 'er', 'Pre@@', 'mi@@', 'er@@', 'minist@@', 'er', 'N@@', 'ar@@', 'end@@', 'ra', 'Mo@@', 'd@@', 'i', 'tri@@', 'fft', 'bei', 's@@', 'einem', 'ersten', 'wichti@@', 'gen', 'Aus@@', 'land@@', 's@@', 'bes@@', 'u@@', 'ch', 'seit', 's@@', 'einem', 'W@@', 'ah@@', 'l@@', 'si@@', 'e@@', 'g', 'im', 'Ma@@', 'i', 'seinen', 'j@@', 'ap@@', 'an@@', 'ischen', 'Am@@', 'ts@@', 'k@@', 'olle@@', 'gen', 'S@@', 'hin@@', 'z@@', 'o', 'A@@', 'be', 'in', 'T@@', 'ok@@', 'o', ',', 'um', 'wirtschaf@@', 'tliche', 'und', 'sicher@@', 'heits@@', 'politische', 'Be@@', 'zieh@@', 'ungen', 'zu', 'bes@@', 'pre@@', 'chen', '.']
2026-05-09 02:39:53,889 - DEBUG - joeynmt.training - 	Tokenized reference:  ['Indi@@', 'a', '&apos;s', 'new', 'pri@@', 'me', 'minist@@', 'er', ',', 'N@@', 'ar@@', 'end@@', 'ra', 'Mo@@', 'd@@', 'i', ',', 'is', 'me@@', 'eting', 'his', 'J@@', 'ap@@', 'an@@', 'ese', 'coun@@', 'ter@@', 'part', ',', 'S@@', 'hin@@', 'z@@', 'o', 'A@@', 'be', ',', 'in', 'T@@', 'ok@@', 'y@@', 'o', 'to', 'disc@@', 'uss', 'economic', 'and', 'security', 'ties', ',', 'on', 'his', 'first', 'major', 'fore@@', 'ign', 'visi@@', 't', 'since', 'w@@', 'inn@@', 'ing', 'Ma@@', 'y', '&apos;s', 'elec@@', 'tion', '.']
2026-05-09 02:39:53,889 - DEBUG - joeynmt.training - 	Tokenized hypothesis: ['Indi@@', 'a', 'new', 'Pre@@', 'mi@@', 'er', 'N@@', 'ar@@', 'end@@', 'ra', 'Mo@@', 'd@@', 'i', 'T@@', 'H@@', 'H@@', 'H@@', 'H@@', 'H@@', 'H@@', 'H@@', 'H@@', 'H@@', 'H@@', 'H@@', 'H@@', 'H@@', 'H@@', 'H@@', 'P', ',', 'in', 'M@@', 'or@@', 'occ@@', 'o', ',', 'in', 'M@@', 'or@@', 'occ@@', 'o', 'A@@', 'be', ',', 'in', 'T@@', 'ok@@', 'o', ',', 'and', 'the', 'saf@@', 'ety', 'of', 'A@@', 'be', 'in', 'T@@', 'ok@@', 'o', '.', '</s>']
2026-05-09 02:39:53,889 - INFO - joeynmt.training - 	Source:     Indiens neuer Premierminister Narendra Modi trifft bei seinem ersten wichtigen Auslandsbesuch seit seinem Wahlsieg im Mai seinen japanischen Amtskollegen Shinzo Abe in Toko , um wirtschaftliche und sicherheitspolitische Beziehungen zu besprechen .
2026-05-09 02:39:53,889 - INFO - joeynmt.training - 	Reference:  India &apos;s new prime minister , Narendra Modi , is meeting his Japanese counterpart , Shinzo Abe , in Tokyo to discuss economic and security ties , on his first major foreign visit since winning May &apos;s election .
2026-05-09 02:39:53,889 - INFO - joeynmt.training - 	Hypothesis: India new Premier Narendra Modi THHHHHHHHHHHHHHHP , in Morocco , in Morocco Abe , in Toko , and the safety of Abe in Toko .
2026-05-09 02:39:53,889 - INFO - joeynmt.training - Example #2
2026-05-09 02:39:53,889 - DEBUG - joeynmt.training - 	Tokenized source:     ['Herr', 'Mo@@', 'd@@', 'i', 'befindet', 'sich', 'auf', 'einer', 'fü@@', 'n@@', 'f@@', 'tä@@', 'gi@@', 'gen', 'Rei@@', 'se', 'nach', 'J@@', 'ap@@', 'an', ',', 'um', 'die', 'wirtschaf@@', 'tlichen', 'Be@@', 'zieh@@', 'ungen', 'mit', 'der', 'd@@', 'rit@@', 't@@', 'größ@@', 'ten', 'Wirtschafts@@', 'n@@', 'ation', 'der', 'Welt', 'zu', 'fes@@', 'tigen', '.']
2026-05-09 02:39:53,889 - DEBUG - joeynmt.training - 	Tokenized reference:  ['Mr', 'Mo@@', 'd@@', 'i', 'is', 'on', 'a', 'fi@@', 've', '@@@', '-@@', '@', 'day', 'tri@@', 'p', 'to', 'J@@', 'ap@@', 'an', 'to', 'streng@@', 'then', 'economic', 'ties', 'with', 'the', 'third', 'lar@@', 'ges@@', 't', 'econom@@', 'y', 'in', 'the', 'world', '.']
2026-05-09 02:39:53,889 - DEBUG - joeynmt.training - 	Tokenized hypothesis: ['Mr', 'Mo@@', 'd@@', 'i', 'is', 'located', 'on', 'a', 'fi@@', 'f@@', 'th', ',', 'the', 'J@@', 'ap@@', 'an', ',', 'to', 'J@@', 'ap@@', 'an', ',', 'to', 'J@@', 'ap@@', 'an', ',', 'with', 'the', 'economic', 'rel@@', 'ations', 'with', 'the', 'd@@', 'd@@', 'on@@', 'or', 'the', 'world', '.', '</s>']
2026-05-09 02:39:53,889 - INFO - joeynmt.training - 	Source:     Herr Modi befindet sich auf einer fünftägigen Reise nach Japan , um die wirtschaftlichen Beziehungen mit der drittgrößten Wirtschaftsnation der Welt zu festigen .
2026-05-09 02:39:53,889 - INFO - joeynmt.training - 	Reference:  Mr Modi is on a five @-@ day trip to Japan to strengthen economic ties with the third largest economy in the world .
2026-05-09 02:39:53,889 - INFO - joeynmt.training - 	Hypothesis: Mr Modi is located on a fifth , the Japan , to Japan , to Japan , with the economic relations with the ddonor the world .
2026-05-09 02:39:53,889 - INFO - joeynmt.training - Example #3
2026-05-09 02:39:53,889 - DEBUG - joeynmt.training - 	Tokenized source:     ['P@@', 'län@@', 'e', 'für', 'eine', 'stärk@@', 'ere', 'k@@', 'ern@@', 'techn@@', 'ische', 'Zusammenarbeit', 'stehen', 'ganz', 'ob@@', 'en', 'auf', 'der', 'Tag@@', 'es@@', 'ordnung', '.']
2026-05-09 02:39:53,889 - DEBUG - joeynmt.training - 	Tokenized reference:  ['high', 'on', 'the', 'agen@@', 'da', 'are', 'pl@@', 'ans', 'for', 'gre@@', 'ater', 'nu@@', 'clear', 'c@@', 'o', '@@@', '-@@', '@', 'operation', '.']
2026-05-09 02:39:53,889 - DEBUG - joeynmt.training - 	Tokenized hypothesis: ['P@@', 'ro@@', 's', 'for', 'more', 'seri@@', 'ous', 'techn@@', 'ical', 'cooperation', 'are', 'very', 'str@@', 'ong', 'techn@@', 'ical', 'cooperation', '.', '</s>']
2026-05-09 02:39:53,889 - INFO - joeynmt.training - 	Source:     Pläne für eine stärkere kerntechnische Zusammenarbeit stehen ganz oben auf der Tagesordnung .
2026-05-09 02:39:53,889 - INFO - joeynmt.training - 	Reference:  high on the agenda are plans for greater nuclear co @-@ operation .
2026-05-09 02:39:53,889 - INFO - joeynmt.training - 	Hypothesis: Pros for more serious technical cooperation are very strong technical cooperation .
2026-05-09 02:39:53,889 - INFO - joeynmt.training - Example #4
2026-05-09 02:39:53,889 - DEBUG - joeynmt.training - 	Tokenized source:     ['Berich@@', 'ten', 'zu@@', 'fol@@', 'ge', 'ho@@', 'fft', 'Indi@@', 'en', 'darüber', 'hinaus', 'auf', 'einen', 'Ver@@', 'trag', 'zur', 'Ver@@', 'tei@@', 'dig@@', 'ungs@@', 'zusammen@@', 'arbeit', 'zwischen', 'den', 'beiden', 'N@@', 'ationen', '.']
2026-05-09 02:39:53,889 - DEBUG - joeynmt.training - 	Tokenized reference:  ['Indi@@', 'a', 'is', 'also', 're@@', 'porte@@', 'dly', 'hop@@', 'ing', 'for', 'a', 'de@@', 'al', 'on', 'def@@', 'ence', 'c@@', 'oll@@', 'ab@@', 'or@@', 'ation', 'between', 'the', 'two', 'n@@', 'ations', '.']
2026-05-09 02:39:53,889 - DEBUG - joeynmt.training - 	Tokenized hypothesis: ['the', 're@@', 'ports', 'to', 'the', 'con@@', 'tra@@', 'ct', 'of', 'the', 'Tre@@', 'aty', 'on', 'the', 'Tre@@', 'aty', 'of', 'the', 'two', 'N@@', 'ations', '.', '</s>']
2026-05-09 02:39:53,890 - INFO - joeynmt.training - 	Source:     Berichten zufolge hofft Indien darüber hinaus auf einen Vertrag zur Verteidigungszusammenarbeit zwischen den beiden Nationen .
2026-05-09 02:39:53,890 - INFO - joeynmt.training - 	Reference:  India is also reportedly hoping for a deal on defence collaboration between the two nations .
2026-05-09 02:39:53,890 - INFO - joeynmt.training - 	Hypothesis: the reports to the contract of the Treaty on the Treaty of the two Nations .
2026-05-09 02:40:11,465 - INFO - joeynmt.training - Epoch   4, Step:    12600, Batch Loss:     1.958289, Batch Acc: 0.461202, Tokens per Sec:     5236, Lr: 0.000300
2026-05-09 02:40:29,115 - INFO - joeynmt.training - Epoch   4, Step:    12700, Batch Loss:     1.953938, Batch Acc: 0.461386, Tokens per Sec:     5121, Lr: 0.000300
2026-05-09 02:40:46,865 - INFO - joeynmt.training - Epoch   4, Step:    12800, Batch Loss:     1.802900, Batch Acc: 0.462123, Tokens per Sec:     5173, Lr: 0.000300
2026-05-09 02:41:04,564 - INFO - joeynmt.training - Epoch   4, Step:    12900, Batch Loss:     1.873956, Batch Acc: 0.466940, Tokens per Sec:     5176, Lr: 0.000300
2026-05-09 02:41:22,284 - INFO - joeynmt.training - Epoch   4, Step:    13000, Batch Loss:     2.148935, Batch Acc: 0.461801, Tokens per Sec:     5154, Lr: 0.000300
2026-05-09 02:41:22,284 - INFO - joeynmt.prediction - Predicting 500 example(s)... (Greedy decoding with min_output_length=1, max_output_length=-1, return_prob='none', generate_unk=True, repetition_penalty=-1, no_repeat_ngram_size=-1)
2026-05-09 02:41:50,219 - INFO - joeynmt.prediction - Evaluation result (greedy) loss:   2.35, ppl:  10.53, acc:   0.40, generation: 27.9301[sec], evaluation: 0.0000[sec]
2026-05-09 02:41:50,221 - INFO - joeynmt.training - Hooray! New best validation result [ppl]!
2026-05-09 02:41:50,307 - INFO - joeynmt.helpers - delete models/deen_transformer_regular/10500.ckpt
2026-05-09 02:41:50,308 - INFO - joeynmt.training - Example #0
2026-05-09 02:41:50,308 - DEBUG - joeynmt.training - 	Tokenized source:     ['die', 'Pre@@', 'mi@@', 'er@@', 'minist@@', 'er', 'Indi@@', 'ens', 'und', 'J@@', 'ap@@', 'ans', 'tra@@', 'fen', 'sich', 'in', 'T@@', 'ok@@', 'i@@', 'o', '.']
2026-05-09 02:41:50,308 - DEBUG - joeynmt.training - 	Tokenized reference:  ['Indi@@', 'a', 'and', 'J@@', 'ap@@', 'an', 'pri@@', 'me', 'minist@@', 'ers', 'me@@', 'et', 'in', 'T@@', 'ok@@', 'y@@', 'o']
2026-05-09 02:41:50,308 - DEBUG - joeynmt.training - 	Tokenized hypothesis: ['the', 'pri@@', 'm@@', 'ary', 'minist@@', 'ers', 'and', 'J@@', 'ap@@', 'an', ',', 'the', 'pri@@', 'm@@', 'ary', '.', '</s>']
2026-05-09 02:41:50,308 - INFO - joeynmt.training - 	Source:     die Premierminister Indiens und Japans trafen sich in Tokio .
2026-05-09 02:41:50,308 - INFO - joeynmt.training - 	Reference:  India and Japan prime ministers meet in Tokyo
2026-05-09 02:41:50,308 - INFO - joeynmt.training - 	Hypothesis: the primary ministers and Japan , the primary .
2026-05-09 02:41:50,308 - INFO - joeynmt.training - Example #1
2026-05-09 02:41:50,308 - DEBUG - joeynmt.training - 	Tokenized source:     ['Indi@@', 'ens', 'neu@@', 'er', 'Pre@@', 'mi@@', 'er@@', 'minist@@', 'er', 'N@@', 'ar@@', 'end@@', 'ra', 'Mo@@', 'd@@', 'i', 'tri@@', 'fft', 'bei', 's@@', 'einem', 'ersten', 'wichti@@', 'gen', 'Aus@@', 'land@@', 's@@', 'bes@@', 'u@@', 'ch', 'seit', 's@@', 'einem', 'W@@', 'ah@@', 'l@@', 'si@@', 'e@@', 'g', 'im', 'Ma@@', 'i', 'seinen', 'j@@', 'ap@@', 'an@@', 'ischen', 'Am@@', 'ts@@', 'k@@', 'olle@@', 'gen', 'S@@', 'hin@@', 'z@@', 'o', 'A@@', 'be', 'in', 'T@@', 'ok@@', 'o', ',', 'um', 'wirtschaf@@', 'tliche', 'und', 'sicher@@', 'heits@@', 'politische', 'Be@@', 'zieh@@', 'ungen', 'zu', 'bes@@', 'pre@@', 'chen', '.']
2026-05-09 02:41:50,308 - DEBUG - joeynmt.training - 	Tokenized reference:  ['Indi@@', 'a', '&apos;s', 'new', 'pri@@', 'me', 'minist@@', 'er', ',', 'N@@', 'ar@@', 'end@@', 'ra', 'Mo@@', 'd@@', 'i', ',', 'is', 'me@@', 'eting', 'his', 'J@@', 'ap@@', 'an@@', 'ese', 'coun@@', 'ter@@', 'part', ',', 'S@@', 'hin@@', 'z@@', 'o', 'A@@', 'be', ',', 'in', 'T@@', 'ok@@', 'y@@', 'o', 'to', 'disc@@', 'uss', 'economic', 'and', 'security', 'ties', ',', 'on', 'his', 'first', 'major', 'fore@@', 'ign', 'visi@@', 't', 'since', 'w@@', 'inn@@', 'ing', 'Ma@@', 'y', '&apos;s', 'elec@@', 'tion', '.']
2026-05-09 02:41:50,308 - DEBUG - joeynmt.training - 	Tokenized hypothesis: ['Indi@@', 'a', 'new', 'Pre@@', 'mi@@', 'er', 'N@@', 'ar@@', 'end@@', 'ra', 'Mo@@', 'd@@', 'i', 'Mo@@', 'd@@', 'i', ',', 'in', 'his', 'first', 'of', 'all', ',', 'the', 'S@@', 'outh', 'T@@', 'y@@', 'si@@', 'an', ',', 'in', 'the', 'Ma@@', 'y', 'of', 'his', 'his', 'j@@', 'ap@@', 'an@@', 'ese', 'in', 'the', 'Ma@@', 'y', 'of', 'S@@', 'hin@@', 'z@@', 'o', 'A@@', 'be', 'in', 'T@@', 'ok@@', 'o', ',', 'and', 'the', 'security', 'policy', 'rel@@', 'ations', '.', '</s>']
2026-05-09 02:41:50,309 - INFO - joeynmt.training - 	Source:     Indiens neuer Premierminister Narendra Modi trifft bei seinem ersten wichtigen Auslandsbesuch seit seinem Wahlsieg im Mai seinen japanischen Amtskollegen Shinzo Abe in Toko , um wirtschaftliche und sicherheitspolitische Beziehungen zu besprechen .
2026-05-09 02:41:50,309 - INFO - joeynmt.training - 	Reference:  India &apos;s new prime minister , Narendra Modi , is meeting his Japanese counterpart , Shinzo Abe , in Tokyo to discuss economic and security ties , on his first major foreign visit since winning May &apos;s election .
2026-05-09 02:41:50,309 - INFO - joeynmt.training - 	Hypothesis: India new Premier Narendra Modi Modi , in his first of all , the South Tysian , in the May of his his japanese in the May of Shinzo Abe in Toko , and the security policy relations .
2026-05-09 02:41:50,309 - INFO - joeynmt.training - Example #2
2026-05-09 02:41:50,309 - DEBUG - joeynmt.training - 	Tokenized source:     ['Herr', 'Mo@@', 'd@@', 'i', 'befindet', 'sich', 'auf', 'einer', 'fü@@', 'n@@', 'f@@', 'tä@@', 'gi@@', 'gen', 'Rei@@', 'se', 'nach', 'J@@', 'ap@@', 'an', ',', 'um', 'die', 'wirtschaf@@', 'tlichen', 'Be@@', 'zieh@@', 'ungen', 'mit', 'der', 'd@@', 'rit@@', 't@@', 'größ@@', 'ten', 'Wirtschafts@@', 'n@@', 'ation', 'der', 'Welt', 'zu', 'fes@@', 'tigen', '.']
2026-05-09 02:41:50,309 - DEBUG - joeynmt.training - 	Tokenized reference:  ['Mr', 'Mo@@', 'd@@', 'i', 'is', 'on', 'a', 'fi@@', 've', '@@@', '-@@', '@', 'day', 'tri@@', 'p', 'to', 'J@@', 'ap@@', 'an', 'to', 'streng@@', 'then', 'economic', 'ties', 'with', 'the', 'third', 'lar@@', 'ges@@', 't', 'econom@@', 'y', 'in', 'the', 'world', '.']
2026-05-09 02:41:50,309 - DEBUG - joeynmt.training - 	Tokenized hypothesis: ['Mr', 'Mo@@', 'd@@', 'i', 'is', 'on', 'a', 'fi@@', 'f@@', 'th', 'of', 'J@@', 'ap@@', 'an', ',', 'to', 'J@@', 'ap@@', 'an', ',', 'to', 'J@@', 'ap@@', 'an', ',', 'to', 'the', 'economic', 'rel@@', 'ations', 'with', 'the', 'd@@', 'on@@', 'or', 'the', 'world', '.', '</s>']
2026-05-09 02:41:50,309 - INFO - joeynmt.training - 	Source:     Herr Modi befindet sich auf einer fünftägigen Reise nach Japan , um die wirtschaftlichen Beziehungen mit der drittgrößten Wirtschaftsnation der Welt zu festigen .
2026-05-09 02:41:50,309 - INFO - joeynmt.training - 	Reference:  Mr Modi is on a five @-@ day trip to Japan to strengthen economic ties with the third largest economy in the world .
2026-05-09 02:41:50,309 - INFO - joeynmt.training - 	Hypothesis: Mr Modi is on a fifth of Japan , to Japan , to Japan , to the economic relations with the donor the world .
2026-05-09 02:41:50,309 - INFO - joeynmt.training - Example #3
2026-05-09 02:41:50,309 - DEBUG - joeynmt.training - 	Tokenized source:     ['P@@', 'län@@', 'e', 'für', 'eine', 'stärk@@', 'ere', 'k@@', 'ern@@', 'techn@@', 'ische', 'Zusammenarbeit', 'stehen', 'ganz', 'ob@@', 'en', 'auf', 'der', 'Tag@@', 'es@@', 'ordnung', '.']
2026-05-09 02:41:50,309 - DEBUG - joeynmt.training - 	Tokenized reference:  ['high', 'on', 'the', 'agen@@', 'da', 'are', 'pl@@', 'ans', 'for', 'gre@@', 'ater', 'nu@@', 'clear', 'c@@', 'o', '@@@', '-@@', '@', 'operation', '.']
2026-05-09 02:41:50,309 - DEBUG - joeynmt.training - 	Tokenized hypothesis: ['P@@', 'rop@@', 'e', 'for', 'a', 'gre@@', 'ater', 'techn@@', 'ical', 'cooperation', 'are', 'very', 'seri@@', 'ous', ',', 'and', 'the', 'agen@@', 'da', '.', '</s>']
2026-05-09 02:41:50,309 - INFO - joeynmt.training - 	Source:     Pläne für eine stärkere kerntechnische Zusammenarbeit stehen ganz oben auf der Tagesordnung .
2026-05-09 02:41:50,309 - INFO - joeynmt.training - 	Reference:  high on the agenda are plans for greater nuclear co @-@ operation .
2026-05-09 02:41:50,309 - INFO - joeynmt.training - 	Hypothesis: Prope for a greater technical cooperation are very serious , and the agenda .
2026-05-09 02:41:50,309 - INFO - joeynmt.training - Example #4
2026-05-09 02:41:50,309 - DEBUG - joeynmt.training - 	Tokenized source:     ['Berich@@', 'ten', 'zu@@', 'fol@@', 'ge', 'ho@@', 'fft', 'Indi@@', 'en', 'darüber', 'hinaus', 'auf', 'einen', 'Ver@@', 'trag', 'zur', 'Ver@@', 'tei@@', 'dig@@', 'ungs@@', 'zusammen@@', 'arbeit', 'zwischen', 'den', 'beiden', 'N@@', 'ationen', '.']
2026-05-09 02:41:50,309 - DEBUG - joeynmt.training - 	Tokenized reference:  ['Indi@@', 'a', 'is', 'also', 're@@', 'porte@@', 'dly', 'hop@@', 'ing', 'for', 'a', 'de@@', 'al', 'on', 'def@@', 'ence', 'c@@', 'oll@@', 'ab@@', 'or@@', 'ation', 'between', 'the', 'two', 'n@@', 'ations', '.']
2026-05-09 02:41:50,309 - DEBUG - joeynmt.training - 	Tokenized hypothesis: ['in', 'ad@@', 'dition', ',', 'the', 'report', 'is', 'also', 'to', 'a', 'con@@', 'tra@@', 'ct', 'on', 'the', 'con@@', 'tra@@', 'ct', 'of', 'the', 'two', 'N@@', 'ations', '.', '</s>']
2026-05-09 02:41:50,309 - INFO - joeynmt.training - 	Source:     Berichten zufolge hofft Indien darüber hinaus auf einen Vertrag zur Verteidigungszusammenarbeit zwischen den beiden Nationen .
2026-05-09 02:41:50,309 - INFO - joeynmt.training - 	Reference:  India is also reportedly hoping for a deal on defence collaboration between the two nations .
2026-05-09 02:41:50,309 - INFO - joeynmt.training - 	Hypothesis: in addition , the report is also to a contract on the contract of the two Nations .
2026-05-09 02:42:07,915 - INFO - joeynmt.training - Epoch   4, Step:    13100, Batch Loss:     2.110153, Batch Acc: 0.467958, Tokens per Sec:     5190, Lr: 0.000300
2026-05-09 02:42:25,513 - INFO - joeynmt.training - Epoch   4, Step:    13200, Batch Loss:     1.975655, Batch Acc: 0.469144, Tokens per Sec:     5216, Lr: 0.000300
2026-05-09 02:42:43,117 - INFO - joeynmt.training - Epoch   4, Step:    13300, Batch Loss:     2.073086, Batch Acc: 0.465215, Tokens per Sec:     5205, Lr: 0.000300
2026-05-09 02:43:00,871 - INFO - joeynmt.training - Epoch   4, Step:    13400, Batch Loss:     1.992751, Batch Acc: 0.468921, Tokens per Sec:     5154, Lr: 0.000300
2026-05-09 02:43:18,660 - INFO - joeynmt.training - Epoch   4, Step:    13500, Batch Loss:     2.305252, Batch Acc: 0.468463, Tokens per Sec:     5186, Lr: 0.000300
2026-05-09 02:43:18,661 - INFO - joeynmt.prediction - Predicting 500 example(s)... (Greedy decoding with min_output_length=1, max_output_length=-1, return_prob='none', generate_unk=True, repetition_penalty=-1, no_repeat_ngram_size=-1)
2026-05-09 02:43:48,735 - INFO - joeynmt.prediction - Evaluation result (greedy) loss:   2.33, ppl:  10.31, acc:   0.40, generation: 30.0698[sec], evaluation: 0.0000[sec]
2026-05-09 02:43:48,737 - INFO - joeynmt.training - Hooray! New best validation result [ppl]!
2026-05-09 02:43:48,822 - INFO - joeynmt.helpers - delete models/deen_transformer_regular/11000.ckpt
2026-05-09 02:43:48,823 - INFO - joeynmt.training - Example #0
2026-05-09 02:43:48,823 - DEBUG - joeynmt.training - 	Tokenized source:     ['die', 'Pre@@', 'mi@@', 'er@@', 'minist@@', 'er', 'Indi@@', 'ens', 'und', 'J@@', 'ap@@', 'ans', 'tra@@', 'fen', 'sich', 'in', 'T@@', 'ok@@', 'i@@', 'o', '.']
2026-05-09 02:43:48,823 - DEBUG - joeynmt.training - 	Tokenized reference:  ['Indi@@', 'a', 'and', 'J@@', 'ap@@', 'an', 'pri@@', 'me', 'minist@@', 'ers', 'me@@', 'et', 'in', 'T@@', 'ok@@', 'y@@', 'o']
2026-05-09 02:43:48,823 - DEBUG - joeynmt.training - 	Tokenized hypothesis: ['the', 'Pre@@', 'mi@@', 'er', 'Indi@@', 'a', 'and', 'J@@', 'ap@@', 'ans', '.', '</s>']
2026-05-09 02:43:48,823 - INFO - joeynmt.training - 	Source:     die Premierminister Indiens und Japans trafen sich in Tokio .
2026-05-09 02:43:48,823 - INFO - joeynmt.training - 	Reference:  India and Japan prime ministers meet in Tokyo
2026-05-09 02:43:48,823 - INFO - joeynmt.training - 	Hypothesis: the Premier India and Japans .
2026-05-09 02:43:48,823 - INFO - joeynmt.training - Example #1
2026-05-09 02:43:48,823 - DEBUG - joeynmt.training - 	Tokenized source:     ['Indi@@', 'ens', 'neu@@', 'er', 'Pre@@', 'mi@@', 'er@@', 'minist@@', 'er', 'N@@', 'ar@@', 'end@@', 'ra', 'Mo@@', 'd@@', 'i', 'tri@@', 'fft', 'bei', 's@@', 'einem', 'ersten', 'wichti@@', 'gen', 'Aus@@', 'land@@', 's@@', 'bes@@', 'u@@', 'ch', 'seit', 's@@', 'einem', 'W@@', 'ah@@', 'l@@', 'si@@', 'e@@', 'g', 'im', 'Ma@@', 'i', 'seinen', 'j@@', 'ap@@', 'an@@', 'ischen', 'Am@@', 'ts@@', 'k@@', 'olle@@', 'gen', 'S@@', 'hin@@', 'z@@', 'o', 'A@@', 'be', 'in', 'T@@', 'ok@@', 'o', ',', 'um', 'wirtschaf@@', 'tliche', 'und', 'sicher@@', 'heits@@', 'politische', 'Be@@', 'zieh@@', 'ungen', 'zu', 'bes@@', 'pre@@', 'chen', '.']
2026-05-09 02:43:48,823 - DEBUG - joeynmt.training - 	Tokenized reference:  ['Indi@@', 'a', '&apos;s', 'new', 'pri@@', 'me', 'minist@@', 'er', ',', 'N@@', 'ar@@', 'end@@', 'ra', 'Mo@@', 'd@@', 'i', ',', 'is', 'me@@', 'eting', 'his', 'J@@', 'ap@@', 'an@@', 'ese', 'coun@@', 'ter@@', 'part', ',', 'S@@', 'hin@@', 'z@@', 'o', 'A@@', 'be', ',', 'in', 'T@@', 'ok@@', 'y@@', 'o', 'to', 'disc@@', 'uss', 'economic', 'and', 'security', 'ties', ',', 'on', 'his', 'first', 'major', 'fore@@', 'ign', 'visi@@', 't', 'since', 'w@@', 'inn@@', 'ing', 'Ma@@', 'y', '&apos;s', 'elec@@', 'tion', '.']
2026-05-09 02:43:48,824 - DEBUG - joeynmt.training - 	Tokenized hypothesis: ['Indi@@', 'a', '&apos;s', 'Pre@@', 'mi@@', 'er', 'N@@', 'ar@@', 'end@@', 'ra', 'Mo@@', 'd@@', 'i', 'Mo@@', 'd@@', 'i', 'Mo@@', 'd@@', 'i', 'Mo@@', 'd@@', 'i', '&apos;s', 'S@@', 'outh', 'A@@', 'be', 'in', 'M@@', 'or@@', 'i', 'Mo@@', 'd@@', 'i', ',', 'his', 'yo@@', 'ung', ',', 'in', 'the', 'Ma@@', 'y', 'of', 'S@@', 'hin@@', 'z@@', 'o', 'A@@', 'be', 'in', 'T@@', 'ok@@', 'o', 'A@@', 'be', 'in', 'T@@', 'ok@@', 'o', '.', '</s>']
2026-05-09 02:43:48,824 - INFO - joeynmt.training - 	Source:     Indiens neuer Premierminister Narendra Modi trifft bei seinem ersten wichtigen Auslandsbesuch seit seinem Wahlsieg im Mai seinen japanischen Amtskollegen Shinzo Abe in Toko , um wirtschaftliche und sicherheitspolitische Beziehungen zu besprechen .
2026-05-09 02:43:48,824 - INFO - joeynmt.training - 	Reference:  India &apos;s new prime minister , Narendra Modi , is meeting his Japanese counterpart , Shinzo Abe , in Tokyo to discuss economic and security ties , on his first major foreign visit since winning May &apos;s election .
2026-05-09 02:43:48,824 - INFO - joeynmt.training - 	Hypothesis: India &apos;s Premier Narendra Modi Modi Modi Modi &apos;s South Abe in Mori Modi , his young , in the May of Shinzo Abe in Toko Abe in Toko .
2026-05-09 02:43:48,824 - INFO - joeynmt.training - Example #2
2026-05-09 02:43:48,824 - DEBUG - joeynmt.training - 	Tokenized source:     ['Herr', 'Mo@@', 'd@@', 'i', 'befindet', 'sich', 'auf', 'einer', 'fü@@', 'n@@', 'f@@', 'tä@@', 'gi@@', 'gen', 'Rei@@', 'se', 'nach', 'J@@', 'ap@@', 'an', ',', 'um', 'die', 'wirtschaf@@', 'tlichen', 'Be@@', 'zieh@@', 'ungen', 'mit', 'der', 'd@@', 'rit@@', 't@@', 'größ@@', 'ten', 'Wirtschafts@@', 'n@@', 'ation', 'der', 'Welt', 'zu', 'fes@@', 'tigen', '.']
2026-05-09 02:43:48,824 - DEBUG - joeynmt.training - 	Tokenized reference:  ['Mr', 'Mo@@', 'd@@', 'i', 'is', 'on', 'a', 'fi@@', 've', '@@@', '-@@', '@', 'day', 'tri@@', 'p', 'to', 'J@@', 'ap@@', 'an', 'to', 'streng@@', 'then', 'economic', 'ties', 'with', 'the', 'third', 'lar@@', 'ges@@', 't', 'econom@@', 'y', 'in', 'the', 'world', '.']
2026-05-09 02:43:48,824 - DEBUG - joeynmt.training - 	Tokenized hypothesis: ['Mr', 'Mo@@', 'd@@', 'i', 'is', 'located', 'on', 'a', 'fi@@', 'f@@', 'th', 'of', 'the', 'world', '&apos;s', 'economic', 'rel@@', 'ations', 'with', 'the', 'economic', 'rel@@', 'ations', 'with', 'the', 'd@@', 'd@@', 'i', 'of', 'the', 'world', '&apos;s', 'economic', 'rel@@', 'ations', 'with', 'the', 'world', '.', '</s>']
2026-05-09 02:43:48,824 - INFO - joeynmt.training - 	Source:     Herr Modi befindet sich auf einer fünftägigen Reise nach Japan , um die wirtschaftlichen Beziehungen mit der drittgrößten Wirtschaftsnation der Welt zu festigen .
2026-05-09 02:43:48,824 - INFO - joeynmt.training - 	Reference:  Mr Modi is on a five @-@ day trip to Japan to strengthen economic ties with the third largest economy in the world .
2026-05-09 02:43:48,824 - INFO - joeynmt.training - 	Hypothesis: Mr Modi is located on a fifth of the world &apos;s economic relations with the economic relations with the ddi of the world &apos;s economic relations with the world .
2026-05-09 02:43:48,824 - INFO - joeynmt.training - Example #3
2026-05-09 02:43:48,824 - DEBUG - joeynmt.training - 	Tokenized source:     ['P@@', 'län@@', 'e', 'für', 'eine', 'stärk@@', 'ere', 'k@@', 'ern@@', 'techn@@', 'ische', 'Zusammenarbeit', 'stehen', 'ganz', 'ob@@', 'en', 'auf', 'der', 'Tag@@', 'es@@', 'ordnung', '.']
2026-05-09 02:43:48,824 - DEBUG - joeynmt.training - 	Tokenized reference:  ['high', 'on', 'the', 'agen@@', 'da', 'are', 'pl@@', 'ans', 'for', 'gre@@', 'ater', 'nu@@', 'clear', 'c@@', 'o', '@@@', '-@@', '@', 'operation', '.']
2026-05-09 02:43:48,824 - DEBUG - joeynmt.training - 	Tokenized hypothesis: ['p@@', 'ic@@', 'tures', 'for', 'more', 'seri@@', 'ous', 'techn@@', 'ical', 'cooperation', 'are', 'on', 'the', 'agen@@', 'da', '.', '</s>']
2026-05-09 02:43:48,824 - INFO - joeynmt.training - 	Source:     Pläne für eine stärkere kerntechnische Zusammenarbeit stehen ganz oben auf der Tagesordnung .
2026-05-09 02:43:48,824 - INFO - joeynmt.training - 	Reference:  high on the agenda are plans for greater nuclear co @-@ operation .
2026-05-09 02:43:48,824 - INFO - joeynmt.training - 	Hypothesis: pictures for more serious technical cooperation are on the agenda .
2026-05-09 02:43:48,824 - INFO - joeynmt.training - Example #4
2026-05-09 02:43:48,824 - DEBUG - joeynmt.training - 	Tokenized source:     ['Berich@@', 'ten', 'zu@@', 'fol@@', 'ge', 'ho@@', 'fft', 'Indi@@', 'en', 'darüber', 'hinaus', 'auf', 'einen', 'Ver@@', 'trag', 'zur', 'Ver@@', 'tei@@', 'dig@@', 'ungs@@', 'zusammen@@', 'arbeit', 'zwischen', 'den', 'beiden', 'N@@', 'ationen', '.']
2026-05-09 02:43:48,824 - DEBUG - joeynmt.training - 	Tokenized reference:  ['Indi@@', 'a', 'is', 'also', 're@@', 'porte@@', 'dly', 'hop@@', 'ing', 'for', 'a', 'de@@', 'al', 'on', 'def@@', 'ence', 'c@@', 'oll@@', 'ab@@', 'or@@', 'ation', 'between', 'the', 'two', 'n@@', 'ations', '.']
2026-05-09 02:43:48,824 - DEBUG - joeynmt.training - 	Tokenized hypothesis: ['the', 're@@', 'ports', 'to', 'the', 'con@@', 'tra@@', 'ct', 'of', 'the', 'con@@', 'tra@@', 'ct', 'on', 'the', 'con@@', 'tra@@', 'ct', 'of', 'work', 'between', 'both', 'both', 'N@@', 'ations', '.', '</s>']
2026-05-09 02:43:48,824 - INFO - joeynmt.training - 	Source:     Berichten zufolge hofft Indien darüber hinaus auf einen Vertrag zur Verteidigungszusammenarbeit zwischen den beiden Nationen .
2026-05-09 02:43:48,824 - INFO - joeynmt.training - 	Reference:  India is also reportedly hoping for a deal on defence collaboration between the two nations .
2026-05-09 02:43:48,824 - INFO - joeynmt.training - 	Hypothesis: the reports to the contract of the contract on the contract of work between both both Nations .
2026-05-09 02:44:06,398 - INFO - joeynmt.training - Epoch   4, Step:    13600, Batch Loss:     2.006013, Batch Acc: 0.466617, Tokens per Sec:     5188, Lr: 0.000300
2026-05-09 02:44:23,935 - INFO - joeynmt.training - Epoch   4, Step:    13700, Batch Loss:     1.830685, Batch Acc: 0.464528, Tokens per Sec:     5233, Lr: 0.000300
2026-05-09 02:44:41,431 - INFO - joeynmt.training - Epoch   4, Step:    13800, Batch Loss:     1.988973, Batch Acc: 0.467121, Tokens per Sec:     5248, Lr: 0.000300
2026-05-09 02:44:58,982 - INFO - joeynmt.training - Epoch   4, Step:    13900, Batch Loss:     2.046583, Batch Acc: 0.469292, Tokens per Sec:     5101, Lr: 0.000300
2026-05-09 02:45:16,302 - INFO - joeynmt.training - Epoch   4, Step:    14000, Batch Loss:     2.114984, Batch Acc: 0.471044, Tokens per Sec:     5355, Lr: 0.000300
2026-05-09 02:45:16,303 - INFO - joeynmt.prediction - Predicting 500 example(s)... (Greedy decoding with min_output_length=1, max_output_length=-1, return_prob='none', generate_unk=True, repetition_penalty=-1, no_repeat_ngram_size=-1)
2026-05-09 02:45:46,033 - INFO - joeynmt.prediction - Evaluation result (greedy) loss:   2.31, ppl:  10.12, acc:   0.41, generation: 29.7261[sec], evaluation: 0.0000[sec]
2026-05-09 02:45:46,035 - INFO - joeynmt.training - Hooray! New best validation result [ppl]!
2026-05-09 02:45:46,124 - INFO - joeynmt.helpers - delete models/deen_transformer_regular/11500.ckpt
2026-05-09 02:45:46,125 - INFO - joeynmt.training - Example #0
2026-05-09 02:45:46,126 - DEBUG - joeynmt.training - 	Tokenized source:     ['die', 'Pre@@', 'mi@@', 'er@@', 'minist@@', 'er', 'Indi@@', 'ens', 'und', 'J@@', 'ap@@', 'ans', 'tra@@', 'fen', 'sich', 'in', 'T@@', 'ok@@', 'i@@', 'o', '.']
2026-05-09 02:45:46,126 - DEBUG - joeynmt.training - 	Tokenized reference:  ['Indi@@', 'a', 'and', 'J@@', 'ap@@', 'an', 'pri@@', 'me', 'minist@@', 'ers', 'me@@', 'et', 'in', 'T@@', 'ok@@', 'y@@', 'o']
2026-05-09 02:45:46,126 - DEBUG - joeynmt.training - 	Tokenized hypothesis: ['the', 'price', 'of', 'the', 'price', 'of', 'the', 'price', 'of', 'the', 'price', '.', '</s>']
2026-05-09 02:45:46,126 - INFO - joeynmt.training - 	Source:     die Premierminister Indiens und Japans trafen sich in Tokio .
2026-05-09 02:45:46,126 - INFO - joeynmt.training - 	Reference:  India and Japan prime ministers meet in Tokyo
2026-05-09 02:45:46,126 - INFO - joeynmt.training - 	Hypothesis: the price of the price of the price of the price .
2026-05-09 02:45:46,126 - INFO - joeynmt.training - Example #1
2026-05-09 02:45:46,126 - DEBUG - joeynmt.training - 	Tokenized source:     ['Indi@@', 'ens', 'neu@@', 'er', 'Pre@@', 'mi@@', 'er@@', 'minist@@', 'er', 'N@@', 'ar@@', 'end@@', 'ra', 'Mo@@', 'd@@', 'i', 'tri@@', 'fft', 'bei', 's@@', 'einem', 'ersten', 'wichti@@', 'gen', 'Aus@@', 'land@@', 's@@', 'bes@@', 'u@@', 'ch', 'seit', 's@@', 'einem', 'W@@', 'ah@@', 'l@@', 'si@@', 'e@@', 'g', 'im', 'Ma@@', 'i', 'seinen', 'j@@', 'ap@@', 'an@@', 'ischen', 'Am@@', 'ts@@', 'k@@', 'olle@@', 'gen', 'S@@', 'hin@@', 'z@@', 'o', 'A@@', 'be', 'in', 'T@@', 'ok@@', 'o', ',', 'um', 'wirtschaf@@', 'tliche', 'und', 'sicher@@', 'heits@@', 'politische', 'Be@@', 'zieh@@', 'ungen', 'zu', 'bes@@', 'pre@@', 'chen', '.']
2026-05-09 02:45:46,126 - DEBUG - joeynmt.training - 	Tokenized reference:  ['Indi@@', 'a', '&apos;s', 'new', 'pri@@', 'me', 'minist@@', 'er', ',', 'N@@', 'ar@@', 'end@@', 'ra', 'Mo@@', 'd@@', 'i', ',', 'is', 'me@@', 'eting', 'his', 'J@@', 'ap@@', 'an@@', 'ese', 'coun@@', 'ter@@', 'part', ',', 'S@@', 'hin@@', 'z@@', 'o', 'A@@', 'be', ',', 'in', 'T@@', 'ok@@', 'y@@', 'o', 'to', 'disc@@', 'uss', 'economic', 'and', 'security', 'ties', ',', 'on', 'his', 'first', 'major', 'fore@@', 'ign', 'visi@@', 't', 'since', 'w@@', 'inn@@', 'ing', 'Ma@@', 'y', '&apos;s', 'elec@@', 'tion', '.']
2026-05-09 02:45:46,126 - DEBUG - joeynmt.training - 	Tokenized hypothesis: ['Indi@@', 'a', 'new', 'Pre@@', 'mi@@', 'er', 'N@@', 'end@@', 'ra', 'Mo@@', 'd@@', 'i', 'is', 'a', 'first', 'first', 'first', 'of', 'the', 'S@@', 'hin@@', 'e', 'of', 'S@@', 'hin@@', 'e', ',', 'S@@', 'hin@@', 'e', 'of', 'his', 'elec@@', 'tion', 'in', 'the', 'Ma@@', 'y', 'S@@', 'hin@@', 'z@@', 'e@@', 'g', 'in', 'the', 'Ma@@', 'y', 'S@@', 'hin@@', 'z@@', 'e@@', 'g', ',', 'economic', 'and', 'security', 'policy', 'rel@@', 'ation@@', 'ship', '.', '</s>']
2026-05-09 02:45:46,126 - INFO - joeynmt.training - 	Source:     Indiens neuer Premierminister Narendra Modi trifft bei seinem ersten wichtigen Auslandsbesuch seit seinem Wahlsieg im Mai seinen japanischen Amtskollegen Shinzo Abe in Toko , um wirtschaftliche und sicherheitspolitische Beziehungen zu besprechen .
2026-05-09 02:45:46,126 - INFO - joeynmt.training - 	Reference:  India &apos;s new prime minister , Narendra Modi , is meeting his Japanese counterpart , Shinzo Abe , in Tokyo to discuss economic and security ties , on his first major foreign visit since winning May &apos;s election .
2026-05-09 02:45:46,126 - INFO - joeynmt.training - 	Hypothesis: India new Premier Nendra Modi is a first first first of the Shine of Shine , Shine of his election in the May Shinzeg in the May Shinzeg , economic and security policy relationship .
2026-05-09 02:45:46,126 - INFO - joeynmt.training - Example #2
2026-05-09 02:45:46,126 - DEBUG - joeynmt.training - 	Tokenized source:     ['Herr', 'Mo@@', 'd@@', 'i', 'befindet', 'sich', 'auf', 'einer', 'fü@@', 'n@@', 'f@@', 'tä@@', 'gi@@', 'gen', 'Rei@@', 'se', 'nach', 'J@@', 'ap@@', 'an', ',', 'um', 'die', 'wirtschaf@@', 'tlichen', 'Be@@', 'zieh@@', 'ungen', 'mit', 'der', 'd@@', 'rit@@', 't@@', 'größ@@', 'ten', 'Wirtschafts@@', 'n@@', 'ation', 'der', 'Welt', 'zu', 'fes@@', 'tigen', '.']
2026-05-09 02:45:46,126 - DEBUG - joeynmt.training - 	Tokenized reference:  ['Mr', 'Mo@@', 'd@@', 'i', 'is', 'on', 'a', 'fi@@', 've', '@@@', '-@@', '@', 'day', 'tri@@', 'p', 'to', 'J@@', 'ap@@', 'an', 'to', 'streng@@', 'then', 'economic', 'ties', 'with', 'the', 'third', 'lar@@', 'ges@@', 't', 'econom@@', 'y', 'in', 'the', 'world', '.']
2026-05-09 02:45:46,126 - DEBUG - joeynmt.training - 	Tokenized hypothesis: ['Mr', 'Mo@@', 'd@@', 'i', 'is', 'a', 'fi@@', 'f@@', 'th', 'to', 'a', 'fi@@', 'f@@', 'th', 'after', 'J@@', 'ap@@', 'an', ',', 'to', 'the', 'economic', 'rel@@', 'ations', 'with', 'the', 'third', 'of', 'the', 'world', '.', '</s>']
2026-05-09 02:45:46,126 - INFO - joeynmt.training - 	Source:     Herr Modi befindet sich auf einer fünftägigen Reise nach Japan , um die wirtschaftlichen Beziehungen mit der drittgrößten Wirtschaftsnation der Welt zu festigen .
2026-05-09 02:45:46,126 - INFO - joeynmt.training - 	Reference:  Mr Modi is on a five @-@ day trip to Japan to strengthen economic ties with the third largest economy in the world .
2026-05-09 02:45:46,126 - INFO - joeynmt.training - 	Hypothesis: Mr Modi is a fifth to a fifth after Japan , to the economic relations with the third of the world .
2026-05-09 02:45:46,126 - INFO - joeynmt.training - Example #3
2026-05-09 02:45:46,126 - DEBUG - joeynmt.training - 	Tokenized source:     ['P@@', 'län@@', 'e', 'für', 'eine', 'stärk@@', 'ere', 'k@@', 'ern@@', 'techn@@', 'ische', 'Zusammenarbeit', 'stehen', 'ganz', 'ob@@', 'en', 'auf', 'der', 'Tag@@', 'es@@', 'ordnung', '.']
2026-05-09 02:45:46,126 - DEBUG - joeynmt.training - 	Tokenized reference:  ['high', 'on', 'the', 'agen@@', 'da', 'are', 'pl@@', 'ans', 'for', 'gre@@', 'ater', 'nu@@', 'clear', 'c@@', 'o', '@@@', '-@@', '@', 'operation', '.']
2026-05-09 02:45:46,126 - DEBUG - joeynmt.training - 	Tokenized hypothesis: ['P@@', 'ru@@', 'e', 'for', 'a', 'more', 'seri@@', 'ous', 'techn@@', 'ical', 'cooperation', 'are', 'on', 'the', 'agen@@', 'da', '.', '</s>']
2026-05-09 02:45:46,127 - INFO - joeynmt.training - 	Source:     Pläne für eine stärkere kerntechnische Zusammenarbeit stehen ganz oben auf der Tagesordnung .
2026-05-09 02:45:46,127 - INFO - joeynmt.training - 	Reference:  high on the agenda are plans for greater nuclear co @-@ operation .
2026-05-09 02:45:46,127 - INFO - joeynmt.training - 	Hypothesis: Prue for a more serious technical cooperation are on the agenda .
2026-05-09 02:45:46,127 - INFO - joeynmt.training - Example #4
2026-05-09 02:45:46,127 - DEBUG - joeynmt.training - 	Tokenized source:     ['Berich@@', 'ten', 'zu@@', 'fol@@', 'ge', 'ho@@', 'fft', 'Indi@@', 'en', 'darüber', 'hinaus', 'auf', 'einen', 'Ver@@', 'trag', 'zur', 'Ver@@', 'tei@@', 'dig@@', 'ungs@@', 'zusammen@@', 'arbeit', 'zwischen', 'den', 'beiden', 'N@@', 'ationen', '.']
2026-05-09 02:45:46,127 - DEBUG - joeynmt.training - 	Tokenized reference:  ['Indi@@', 'a', 'is', 'also', 're@@', 'porte@@', 'dly', 'hop@@', 'ing', 'for', 'a', 'de@@', 'al', 'on', 'def@@', 'ence', 'c@@', 'oll@@', 'ab@@', 'or@@', 'ation', 'between', 'the', 'two', 'n@@', 'ations', '.']
2026-05-09 02:45:46,127 - DEBUG - joeynmt.training - 	Tokenized hypothesis: ['in', 'ad@@', 'dition', ',', 'Indi@@', 'a', ',', 'Indi@@', 'a', 'is', 'also', 'to', 'the', 'Tre@@', 'aty', 'on', 'the', 'con@@', 'tra@@', 'ct', '.', '</s>']
2026-05-09 02:45:46,127 - INFO - joeynmt.training - 	Source:     Berichten zufolge hofft Indien darüber hinaus auf einen Vertrag zur Verteidigungszusammenarbeit zwischen den beiden Nationen .
2026-05-09 02:45:46,127 - INFO - joeynmt.training - 	Reference:  India is also reportedly hoping for a deal on defence collaboration between the two nations .
2026-05-09 02:45:46,127 - INFO - joeynmt.training - 	Hypothesis: in addition , India , India is also to the Treaty on the contract .
2026-05-09 02:46:03,814 - INFO - joeynmt.training - Epoch   4, Step:    14100, Batch Loss:     1.902456, Batch Acc: 0.469539, Tokens per Sec:     5315, Lr: 0.000300
2026-05-09 02:46:21,472 - INFO - joeynmt.training - Epoch   4, Step:    14200, Batch Loss:     1.883962, Batch Acc: 0.476820, Tokens per Sec:     5178, Lr: 0.000300
2026-05-09 02:46:38,999 - INFO - joeynmt.training - Epoch   4, Step:    14300, Batch Loss:     1.947540, Batch Acc: 0.469309, Tokens per Sec:     5266, Lr: 0.000300
2026-05-09 02:46:56,675 - INFO - joeynmt.training - Epoch   4, Step:    14400, Batch Loss:     2.066767, Batch Acc: 0.467178, Tokens per Sec:     5257, Lr: 0.000300
2026-05-09 02:47:14,188 - INFO - joeynmt.training - Epoch   4, Step:    14500, Batch Loss:     2.138405, Batch Acc: 0.472905, Tokens per Sec:     5117, Lr: 0.000300
2026-05-09 02:47:14,188 - INFO - joeynmt.prediction - Predicting 500 example(s)... (Greedy decoding with min_output_length=1, max_output_length=-1, return_prob='none', generate_unk=True, repetition_penalty=-1, no_repeat_ngram_size=-1)
2026-05-09 02:47:40,885 - INFO - joeynmt.prediction - Evaluation result (greedy) loss:   2.29, ppl:   9.89, acc:   0.42, generation: 26.6921[sec], evaluation: 0.0000[sec]
2026-05-09 02:47:40,886 - INFO - joeynmt.training - Hooray! New best validation result [ppl]!
2026-05-09 02:47:40,971 - INFO - joeynmt.helpers - delete models/deen_transformer_regular/12000.ckpt
2026-05-09 02:47:40,974 - INFO - joeynmt.training - Example #0
2026-05-09 02:47:40,975 - DEBUG - joeynmt.training - 	Tokenized source:     ['die', 'Pre@@', 'mi@@', 'er@@', 'minist@@', 'er', 'Indi@@', 'ens', 'und', 'J@@', 'ap@@', 'ans', 'tra@@', 'fen', 'sich', 'in', 'T@@', 'ok@@', 'i@@', 'o', '.']
2026-05-09 02:47:40,975 - DEBUG - joeynmt.training - 	Tokenized reference:  ['Indi@@', 'a', 'and', 'J@@', 'ap@@', 'an', 'pri@@', 'me', 'minist@@', 'ers', 'me@@', 'et', 'in', 'T@@', 'ok@@', 'y@@', 'o']
2026-05-09 02:47:40,975 - DEBUG - joeynmt.training - 	Tokenized hypothesis: ['the', 'price', 'of', 'the', 'price', 'of', 'the', 'J@@', 'ap@@', 'ans', 'and', 'J@@', 'ap@@', 'ans', '.', '</s>']
2026-05-09 02:47:40,975 - INFO - joeynmt.training - 	Source:     die Premierminister Indiens und Japans trafen sich in Tokio .
2026-05-09 02:47:40,975 - INFO - joeynmt.training - 	Reference:  India and Japan prime ministers meet in Tokyo
2026-05-09 02:47:40,975 - INFO - joeynmt.training - 	Hypothesis: the price of the price of the Japans and Japans .
2026-05-09 02:47:40,975 - INFO - joeynmt.training - Example #1
2026-05-09 02:47:40,975 - DEBUG - joeynmt.training - 	Tokenized source:     ['Indi@@', 'ens', 'neu@@', 'er', 'Pre@@', 'mi@@', 'er@@', 'minist@@', 'er', 'N@@', 'ar@@', 'end@@', 'ra', 'Mo@@', 'd@@', 'i', 'tri@@', 'fft', 'bei', 's@@', 'einem', 'ersten', 'wichti@@', 'gen', 'Aus@@', 'land@@', 's@@', 'bes@@', 'u@@', 'ch', 'seit', 's@@', 'einem', 'W@@', 'ah@@', 'l@@', 'si@@', 'e@@', 'g', 'im', 'Ma@@', 'i', 'seinen', 'j@@', 'ap@@', 'an@@', 'ischen', 'Am@@', 'ts@@', 'k@@', 'olle@@', 'gen', 'S@@', 'hin@@', 'z@@', 'o', 'A@@', 'be', 'in', 'T@@', 'ok@@', 'o', ',', 'um', 'wirtschaf@@', 'tliche', 'und', 'sicher@@', 'heits@@', 'politische', 'Be@@', 'zieh@@', 'ungen', 'zu', 'bes@@', 'pre@@', 'chen', '.']
2026-05-09 02:47:40,975 - DEBUG - joeynmt.training - 	Tokenized reference:  ['Indi@@', 'a', '&apos;s', 'new', 'pri@@', 'me', 'minist@@', 'er', ',', 'N@@', 'ar@@', 'end@@', 'ra', 'Mo@@', 'd@@', 'i', ',', 'is', 'me@@', 'eting', 'his', 'J@@', 'ap@@', 'an@@', 'ese', 'coun@@', 'ter@@', 'part', ',', 'S@@', 'hin@@', 'z@@', 'o', 'A@@', 'be', ',', 'in', 'T@@', 'ok@@', 'y@@', 'o', 'to', 'disc@@', 'uss', 'economic', 'and', 'security', 'ties', ',', 'on', 'his', 'first', 'major', 'fore@@', 'ign', 'visi@@', 't', 'since', 'w@@', 'inn@@', 'ing', 'Ma@@', 'y', '&apos;s', 'elec@@', 'tion', '.']
2026-05-09 02:47:40,975 - DEBUG - joeynmt.training - 	Tokenized hypothesis: ['Indi@@', 'a', '&apos;s', 'lat@@', 'est', 'pri@@', 'me', 'minist@@', 'er', 'N@@', 'ar@@', 'end@@', 'ra', 'Mo@@', 'd@@', 'i', ',', 'in', 'his', 'first', 'first', 'of', 'all', 'of', 'the', 'S@@', 'hin@@', 'z@@', 'o', ',', 'in', 'the', 'Ma@@', 'y', 'of', 'his', 'j@@', 'ap@@', 'an@@', 'ish', ',', 'in', 'the', 'Ma@@', 'y', 'of', 'his', 'j@@', 'ap@@', 'an@@', 'ish', ',', 'economic', 'and', 'security', 'policy', 'rel@@', 'ation@@', 'ship', '.', '</s>']
2026-05-09 02:47:40,975 - INFO - joeynmt.training - 	Source:     Indiens neuer Premierminister Narendra Modi trifft bei seinem ersten wichtigen Auslandsbesuch seit seinem Wahlsieg im Mai seinen japanischen Amtskollegen Shinzo Abe in Toko , um wirtschaftliche und sicherheitspolitische Beziehungen zu besprechen .
2026-05-09 02:47:40,975 - INFO - joeynmt.training - 	Reference:  India &apos;s new prime minister , Narendra Modi , is meeting his Japanese counterpart , Shinzo Abe , in Tokyo to discuss economic and security ties , on his first major foreign visit since winning May &apos;s election .
2026-05-09 02:47:40,975 - INFO - joeynmt.training - 	Hypothesis: India &apos;s latest prime minister Narendra Modi , in his first first of all of the Shinzo , in the May of his japanish , in the May of his japanish , economic and security policy relationship .
2026-05-09 02:47:40,975 - INFO - joeynmt.training - Example #2
2026-05-09 02:47:40,975 - DEBUG - joeynmt.training - 	Tokenized source:     ['Herr', 'Mo@@', 'd@@', 'i', 'befindet', 'sich', 'auf', 'einer', 'fü@@', 'n@@', 'f@@', 'tä@@', 'gi@@', 'gen', 'Rei@@', 'se', 'nach', 'J@@', 'ap@@', 'an', ',', 'um', 'die', 'wirtschaf@@', 'tlichen', 'Be@@', 'zieh@@', 'ungen', 'mit', 'der', 'd@@', 'rit@@', 't@@', 'größ@@', 'ten', 'Wirtschafts@@', 'n@@', 'ation', 'der', 'Welt', 'zu', 'fes@@', 'tigen', '.']
2026-05-09 02:47:40,975 - DEBUG - joeynmt.training - 	Tokenized reference:  ['Mr', 'Mo@@', 'd@@', 'i', 'is', 'on', 'a', 'fi@@', 've', '@@@', '-@@', '@', 'day', 'tri@@', 'p', 'to', 'J@@', 'ap@@', 'an', 'to', 'streng@@', 'then', 'economic', 'ties', 'with', 'the', 'third', 'lar@@', 'ges@@', 't', 'econom@@', 'y', 'in', 'the', 'world', '.']
2026-05-09 02:47:40,975 - DEBUG - joeynmt.training - 	Tokenized hypothesis: ['Mr', 'Mo@@', 'd@@', 'i', 'is', 'located', 'on', 'a', 'fi@@', 'f@@', 'th', ',', 'the', 'economic', 'rel@@', 'ations', 'with', 'the', 'third', 'of', 'the', 'world', '&apos;s', 'economic', 'rel@@', 'ations', 'with', 'the', 'third', 'world', '.', '</s>']
2026-05-09 02:47:40,975 - INFO - joeynmt.training - 	Source:     Herr Modi befindet sich auf einer fünftägigen Reise nach Japan , um die wirtschaftlichen Beziehungen mit der drittgrößten Wirtschaftsnation der Welt zu festigen .
2026-05-09 02:47:40,975 - INFO - joeynmt.training - 	Reference:  Mr Modi is on a five @-@ day trip to Japan to strengthen economic ties with the third largest economy in the world .
2026-05-09 02:47:40,975 - INFO - joeynmt.training - 	Hypothesis: Mr Modi is located on a fifth , the economic relations with the third of the world &apos;s economic relations with the third world .
2026-05-09 02:47:40,975 - INFO - joeynmt.training - Example #3
2026-05-09 02:47:40,975 - DEBUG - joeynmt.training - 	Tokenized source:     ['P@@', 'län@@', 'e', 'für', 'eine', 'stärk@@', 'ere', 'k@@', 'ern@@', 'techn@@', 'ische', 'Zusammenarbeit', 'stehen', 'ganz', 'ob@@', 'en', 'auf', 'der', 'Tag@@', 'es@@', 'ordnung', '.']
2026-05-09 02:47:40,975 - DEBUG - joeynmt.training - 	Tokenized reference:  ['high', 'on', 'the', 'agen@@', 'da', 'are', 'pl@@', 'ans', 'for', 'gre@@', 'ater', 'nu@@', 'clear', 'c@@', 'o', '@@@', '-@@', '@', 'operation', '.']
2026-05-09 02:47:40,975 - DEBUG - joeynmt.training - 	Tokenized hypothesis: ['P@@', 'lon@@', 'ger', 'for', 'more', 'seri@@', 'ous', 'techn@@', 'ical', 'cooperation', 'is', 'on', 'the', 'agen@@', 'da', '.', '</s>']
2026-05-09 02:47:40,976 - INFO - joeynmt.training - 	Source:     Pläne für eine stärkere kerntechnische Zusammenarbeit stehen ganz oben auf der Tagesordnung .
2026-05-09 02:47:40,976 - INFO - joeynmt.training - 	Reference:  high on the agenda are plans for greater nuclear co @-@ operation .
2026-05-09 02:47:40,976 - INFO - joeynmt.training - 	Hypothesis: Plonger for more serious technical cooperation is on the agenda .
2026-05-09 02:47:40,976 - INFO - joeynmt.training - Example #4
2026-05-09 02:47:40,976 - DEBUG - joeynmt.training - 	Tokenized source:     ['Berich@@', 'ten', 'zu@@', 'fol@@', 'ge', 'ho@@', 'fft', 'Indi@@', 'en', 'darüber', 'hinaus', 'auf', 'einen', 'Ver@@', 'trag', 'zur', 'Ver@@', 'tei@@', 'dig@@', 'ungs@@', 'zusammen@@', 'arbeit', 'zwischen', 'den', 'beiden', 'N@@', 'ationen', '.']
2026-05-09 02:47:40,976 - DEBUG - joeynmt.training - 	Tokenized reference:  ['Indi@@', 'a', 'is', 'also', 're@@', 'porte@@', 'dly', 'hop@@', 'ing', 'for', 'a', 'de@@', 'al', 'on', 'def@@', 'ence', 'c@@', 'oll@@', 'ab@@', 'or@@', 'ation', 'between', 'the', 'two', 'n@@', 'ations', '.']
2026-05-09 02:47:40,976 - DEBUG - joeynmt.training - 	Tokenized hypothesis: ['in', 'ad@@', 'dition', ',', 'there', 'is', 'also', 'a', 'con@@', 'stitu@@', 'tion', 'on', 'a', 'con@@', 'stitu@@', 'tion', 'on', 'the', 'con@@', 'stitu@@', 'tion', 'of', 'the', 'two', 'N@@', 'ations', '.', '</s>']
2026-05-09 02:47:40,976 - INFO - joeynmt.training - 	Source:     Berichten zufolge hofft Indien darüber hinaus auf einen Vertrag zur Verteidigungszusammenarbeit zwischen den beiden Nationen .
2026-05-09 02:47:40,976 - INFO - joeynmt.training - 	Reference:  India is also reportedly hoping for a deal on defence collaboration between the two nations .
2026-05-09 02:47:40,976 - INFO - joeynmt.training - 	Hypothesis: in addition , there is also a constitution on a constitution on the constitution of the two Nations .
2026-05-09 02:47:58,429 - INFO - joeynmt.training - Epoch   4, Step:    14600, Batch Loss:     2.062831, Batch Acc: 0.474617, Tokens per Sec:     5195, Lr: 0.000300
2026-05-09 02:48:15,791 - INFO - joeynmt.training - Epoch   4, Step:    14700, Batch Loss:     1.965369, Batch Acc: 0.469572, Tokens per Sec:     5260, Lr: 0.000300
2026-05-09 02:48:33,448 - INFO - joeynmt.training - Epoch   4, Step:    14800, Batch Loss:     1.711903, Batch Acc: 0.468673, Tokens per Sec:     5207, Lr: 0.000300
2026-05-09 02:48:51,067 - INFO - joeynmt.training - Epoch   4, Step:    14900, Batch Loss:     1.814195, Batch Acc: 0.466207, Tokens per Sec:     5201, Lr: 0.000300
2026-05-09 02:49:08,755 - INFO - joeynmt.training - Epoch   4, Step:    15000, Batch Loss:     1.723536, Batch Acc: 0.475636, Tokens per Sec:     5096, Lr: 0.000300
2026-05-09 02:49:08,756 - INFO - joeynmt.prediction - Predicting 500 example(s)... (Greedy decoding with min_output_length=1, max_output_length=-1, return_prob='none', generate_unk=True, repetition_penalty=-1, no_repeat_ngram_size=-1)
2026-05-09 02:49:35,765 - INFO - joeynmt.prediction - Evaluation result (greedy) loss:   2.28, ppl:   9.81, acc:   0.42, generation: 27.0049[sec], evaluation: 0.0000[sec]
2026-05-09 02:49:35,767 - INFO - joeynmt.training - Hooray! New best validation result [ppl]!
2026-05-09 02:49:35,853 - INFO - joeynmt.helpers - delete models/deen_transformer_regular/12500.ckpt
2026-05-09 02:49:35,858 - INFO - joeynmt.training - Example #0
2026-05-09 02:49:35,858 - DEBUG - joeynmt.training - 	Tokenized source:     ['die', 'Pre@@', 'mi@@', 'er@@', 'minist@@', 'er', 'Indi@@', 'ens', 'und', 'J@@', 'ap@@', 'ans', 'tra@@', 'fen', 'sich', 'in', 'T@@', 'ok@@', 'i@@', 'o', '.']
2026-05-09 02:49:35,858 - DEBUG - joeynmt.training - 	Tokenized reference:  ['Indi@@', 'a', 'and', 'J@@', 'ap@@', 'an', 'pri@@', 'me', 'minist@@', 'ers', 'me@@', 'et', 'in', 'T@@', 'ok@@', 'y@@', 'o']
2026-05-09 02:49:35,858 - DEBUG - joeynmt.training - 	Tokenized hypothesis: ['the', 'pri@@', 'me', 'minist@@', 'er', 'Indi@@', 'a', 'and', 'J@@', 'ap@@', 'an', '&apos;s', 'pri@@', 'me', '.', '</s>']
2026-05-09 02:49:35,858 - INFO - joeynmt.training - 	Source:     die Premierminister Indiens und Japans trafen sich in Tokio .
2026-05-09 02:49:35,858 - INFO - joeynmt.training - 	Reference:  India and Japan prime ministers meet in Tokyo
2026-05-09 02:49:35,858 - INFO - joeynmt.training - 	Hypothesis: the prime minister India and Japan &apos;s prime .
2026-05-09 02:49:35,858 - INFO - joeynmt.training - Example #1
2026-05-09 02:49:35,858 - DEBUG - joeynmt.training - 	Tokenized source:     ['Indi@@', 'ens', 'neu@@', 'er', 'Pre@@', 'mi@@', 'er@@', 'minist@@', 'er', 'N@@', 'ar@@', 'end@@', 'ra', 'Mo@@', 'd@@', 'i', 'tri@@', 'fft', 'bei', 's@@', 'einem', 'ersten', 'wichti@@', 'gen', 'Aus@@', 'land@@', 's@@', 'bes@@', 'u@@', 'ch', 'seit', 's@@', 'einem', 'W@@', 'ah@@', 'l@@', 'si@@', 'e@@', 'g', 'im', 'Ma@@', 'i', 'seinen', 'j@@', 'ap@@', 'an@@', 'ischen', 'Am@@', 'ts@@', 'k@@', 'olle@@', 'gen', 'S@@', 'hin@@', 'z@@', 'o', 'A@@', 'be', 'in', 'T@@', 'ok@@', 'o', ',', 'um', 'wirtschaf@@', 'tliche', 'und', 'sicher@@', 'heits@@', 'politische', 'Be@@', 'zieh@@', 'ungen', 'zu', 'bes@@', 'pre@@', 'chen', '.']
2026-05-09 02:49:35,858 - DEBUG - joeynmt.training - 	Tokenized reference:  ['Indi@@', 'a', '&apos;s', 'new', 'pri@@', 'me', 'minist@@', 'er', ',', 'N@@', 'ar@@', 'end@@', 'ra', 'Mo@@', 'd@@', 'i', ',', 'is', 'me@@', 'eting', 'his', 'J@@', 'ap@@', 'an@@', 'ese', 'coun@@', 'ter@@', 'part', ',', 'S@@', 'hin@@', 'z@@', 'o', 'A@@', 'be', ',', 'in', 'T@@', 'ok@@', 'y@@', 'o', 'to', 'disc@@', 'uss', 'economic', 'and', 'security', 'ties', ',', 'on', 'his', 'first', 'major', 'fore@@', 'ign', 'visi@@', 't', 'since', 'w@@', 'inn@@', 'ing', 'Ma@@', 'y', '&apos;s', 'elec@@', 'tion', '.']
2026-05-09 02:49:35,858 - DEBUG - joeynmt.training - 	Tokenized hypothesis: ['Indi@@', 'a', '&apos;s', 'lat@@', 'est', 'pri@@', 'me', 'minist@@', 'er', 'N@@', 'ar@@', 'end@@', 'ra', 'Mo@@', 'd@@', 'i', ',', 'in', 'his', 'first', 'important', 'land@@', 's@@', 'ession', 'of', 'his', 'first', 'important', 'ex@@', 'plan@@', 'ation', 'of', 'his', 'elec@@', 'tri@@', 'city', ',', 'in', 'the', 'Ma@@', 'y', 'of', 'his', 'j@@', 'ap@@', 'an@@', 'ic', 'am@@', 'ic', 'am@@', 'on@@', 'g@@', 'st', 'S@@', 'hin@@', 'z@@', 'o', 'A@@', 'be', 'in', 'T@@', 'ok@@', 'o', 'A@@', 'be', 'in', 'T@@', 'ok@@', 'o', '.', '</s>']
2026-05-09 02:49:35,858 - INFO - joeynmt.training - 	Source:     Indiens neuer Premierminister Narendra Modi trifft bei seinem ersten wichtigen Auslandsbesuch seit seinem Wahlsieg im Mai seinen japanischen Amtskollegen Shinzo Abe in Toko , um wirtschaftliche und sicherheitspolitische Beziehungen zu besprechen .
2026-05-09 02:49:35,858 - INFO - joeynmt.training - 	Reference:  India &apos;s new prime minister , Narendra Modi , is meeting his Japanese counterpart , Shinzo Abe , in Tokyo to discuss economic and security ties , on his first major foreign visit since winning May &apos;s election .
2026-05-09 02:49:35,858 - INFO - joeynmt.training - 	Hypothesis: India &apos;s latest prime minister Narendra Modi , in his first important landsession of his first important explanation of his electricity , in the May of his japanic amic amongst Shinzo Abe in Toko Abe in Toko .
2026-05-09 02:49:35,858 - INFO - joeynmt.training - Example #2
2026-05-09 02:49:35,858 - DEBUG - joeynmt.training - 	Tokenized source:     ['Herr', 'Mo@@', 'd@@', 'i', 'befindet', 'sich', 'auf', 'einer', 'fü@@', 'n@@', 'f@@', 'tä@@', 'gi@@', 'gen', 'Rei@@', 'se', 'nach', 'J@@', 'ap@@', 'an', ',', 'um', 'die', 'wirtschaf@@', 'tlichen', 'Be@@', 'zieh@@', 'ungen', 'mit', 'der', 'd@@', 'rit@@', 't@@', 'größ@@', 'ten', 'Wirtschafts@@', 'n@@', 'ation', 'der', 'Welt', 'zu', 'fes@@', 'tigen', '.']
2026-05-09 02:49:35,858 - DEBUG - joeynmt.training - 	Tokenized reference:  ['Mr', 'Mo@@', 'd@@', 'i', 'is', 'on', 'a', 'fi@@', 've', '@@@', '-@@', '@', 'day', 'tri@@', 'p', 'to', 'J@@', 'ap@@', 'an', 'to', 'streng@@', 'then', 'economic', 'ties', 'with', 'the', 'third', 'lar@@', 'ges@@', 't', 'econom@@', 'y', 'in', 'the', 'world', '.']
2026-05-09 02:49:35,858 - DEBUG - joeynmt.training - 	Tokenized hypothesis: ['Mr', 'Mo@@', 'd@@', 'i', 'is', 'a', 'fi@@', 'f@@', 'th', 'to', 'J@@', 'ap@@', 'an', ',', 'to', 'J@@', 'ap@@', 'an', ',', 'to', 'J@@', 'ap@@', 'an', ',', 'to', 'the', 'economic', 'rel@@', 'ations', 'with', 'the', 'third', 'of', 'the', 'world', '.', '</s>']
2026-05-09 02:49:35,859 - INFO - joeynmt.training - 	Source:     Herr Modi befindet sich auf einer fünftägigen Reise nach Japan , um die wirtschaftlichen Beziehungen mit der drittgrößten Wirtschaftsnation der Welt zu festigen .
2026-05-09 02:49:35,859 - INFO - joeynmt.training - 	Reference:  Mr Modi is on a five @-@ day trip to Japan to strengthen economic ties with the third largest economy in the world .
2026-05-09 02:49:35,859 - INFO - joeynmt.training - 	Hypothesis: Mr Modi is a fifth to Japan , to Japan , to Japan , to the economic relations with the third of the world .
2026-05-09 02:49:35,859 - INFO - joeynmt.training - Example #3
2026-05-09 02:49:35,859 - DEBUG - joeynmt.training - 	Tokenized source:     ['P@@', 'län@@', 'e', 'für', 'eine', 'stärk@@', 'ere', 'k@@', 'ern@@', 'techn@@', 'ische', 'Zusammenarbeit', 'stehen', 'ganz', 'ob@@', 'en', 'auf', 'der', 'Tag@@', 'es@@', 'ordnung', '.']
2026-05-09 02:49:35,859 - DEBUG - joeynmt.training - 	Tokenized reference:  ['high', 'on', 'the', 'agen@@', 'da', 'are', 'pl@@', 'ans', 'for', 'gre@@', 'ater', 'nu@@', 'clear', 'c@@', 'o', '@@@', '-@@', '@', 'operation', '.']
2026-05-09 02:49:35,859 - DEBUG - joeynmt.training - 	Tokenized hypothesis: ['P@@', 'P', 'is', 'a', 'more', 'c@@', 'ru@@', 'cial', 'techn@@', 'ical', 'cooperation', 'are', 'on', 'the', 'agen@@', 'da', '.', '</s>']
2026-05-09 02:49:35,859 - INFO - joeynmt.training - 	Source:     Pläne für eine stärkere kerntechnische Zusammenarbeit stehen ganz oben auf der Tagesordnung .
2026-05-09 02:49:35,859 - INFO - joeynmt.training - 	Reference:  high on the agenda are plans for greater nuclear co @-@ operation .
2026-05-09 02:49:35,859 - INFO - joeynmt.training - 	Hypothesis: PP is a more crucial technical cooperation are on the agenda .
2026-05-09 02:49:35,859 - INFO - joeynmt.training - Example #4
2026-05-09 02:49:35,859 - DEBUG - joeynmt.training - 	Tokenized source:     ['Berich@@', 'ten', 'zu@@', 'fol@@', 'ge', 'ho@@', 'fft', 'Indi@@', 'en', 'darüber', 'hinaus', 'auf', 'einen', 'Ver@@', 'trag', 'zur', 'Ver@@', 'tei@@', 'dig@@', 'ungs@@', 'zusammen@@', 'arbeit', 'zwischen', 'den', 'beiden', 'N@@', 'ationen', '.']
2026-05-09 02:49:35,859 - DEBUG - joeynmt.training - 	Tokenized reference:  ['Indi@@', 'a', 'is', 'also', 're@@', 'porte@@', 'dly', 'hop@@', 'ing', 'for', 'a', 'de@@', 'al', 'on', 'def@@', 'ence', 'c@@', 'oll@@', 'ab@@', 'or@@', 'ation', 'between', 'the', 'two', 'n@@', 'ations', '.']
2026-05-09 02:49:35,859 - DEBUG - joeynmt.training - 	Tokenized hypothesis: ['the', 'report', 'also', 'inclu@@', 'des', 'a', 'con@@', 'stitu@@', 'tion', 'on', 'the', 'con@@', 'stitu@@', 'tion', 'of', 'the', 'Commission', ',', 'on', 'the', 'con@@', 'stitu@@', 'tion', 'of', 'the', 'two', 'N@@', 'ations', '.', '</s>']
2026-05-09 02:49:35,859 - INFO - joeynmt.training - 	Source:     Berichten zufolge hofft Indien darüber hinaus auf einen Vertrag zur Verteidigungszusammenarbeit zwischen den beiden Nationen .
2026-05-09 02:49:35,859 - INFO - joeynmt.training - 	Reference:  India is also reportedly hoping for a deal on defence collaboration between the two nations .
2026-05-09 02:49:35,859 - INFO - joeynmt.training - 	Hypothesis: the report also includes a constitution on the constitution of the Commission , on the constitution of the two Nations .
2026-05-09 02:49:53,490 - INFO - joeynmt.training - Epoch   4, Step:    15100, Batch Loss:     2.036661, Batch Acc: 0.476138, Tokens per Sec:     5151, Lr: 0.000300
2026-05-09 02:50:10,898 - INFO - joeynmt.training - Epoch   4, Step:    15200, Batch Loss:     1.826213, Batch Acc: 0.475512, Tokens per Sec:     5236, Lr: 0.000300
2026-05-09 02:50:28,481 - INFO - joeynmt.training - Epoch   4, Step:    15300, Batch Loss:     1.973148, Batch Acc: 0.472873, Tokens per Sec:     5261, Lr: 0.000300
2026-05-09 02:50:46,105 - INFO - joeynmt.training - Epoch   4, Step:    15400, Batch Loss:     1.985251, Batch Acc: 0.474501, Tokens per Sec:     5192, Lr: 0.000300
2026-05-09 02:51:03,883 - INFO - joeynmt.training - Epoch   4, Step:    15500, Batch Loss:     1.948773, Batch Acc: 0.478638, Tokens per Sec:     5211, Lr: 0.000300
2026-05-09 02:51:03,883 - INFO - joeynmt.prediction - Predicting 500 example(s)... (Greedy decoding with min_output_length=1, max_output_length=-1, return_prob='none', generate_unk=True, repetition_penalty=-1, no_repeat_ngram_size=-1)
2026-05-09 02:51:36,915 - INFO - joeynmt.prediction - Evaluation result (greedy) loss:   2.28, ppl:   9.73, acc:   0.42, generation: 33.0265[sec], evaluation: 0.0000[sec]
2026-05-09 02:51:36,916 - INFO - joeynmt.training - Hooray! New best validation result [ppl]!
2026-05-09 02:51:37,003 - INFO - joeynmt.helpers - delete models/deen_transformer_regular/13000.ckpt
2026-05-09 02:51:37,006 - INFO - joeynmt.training - Example #0
2026-05-09 02:51:37,006 - DEBUG - joeynmt.training - 	Tokenized source:     ['die', 'Pre@@', 'mi@@', 'er@@', 'minist@@', 'er', 'Indi@@', 'ens', 'und', 'J@@', 'ap@@', 'ans', 'tra@@', 'fen', 'sich', 'in', 'T@@', 'ok@@', 'i@@', 'o', '.']
2026-05-09 02:51:37,006 - DEBUG - joeynmt.training - 	Tokenized reference:  ['Indi@@', 'a', 'and', 'J@@', 'ap@@', 'an', 'pri@@', 'me', 'minist@@', 'ers', 'me@@', 'et', 'in', 'T@@', 'ok@@', 'y@@', 'o']
2026-05-09 02:51:37,006 - DEBUG - joeynmt.training - 	Tokenized hypothesis: ['the', 'price', 'of', 'the', 'Pri@@', 'me', 'Minist@@', 'er', 'of', 'Indi@@', 'a', 'and', 'J@@', 'ap@@', 'tra@@', 'ff@@', 'ic', '.', '</s>']
2026-05-09 02:51:37,006 - INFO - joeynmt.training - 	Source:     die Premierminister Indiens und Japans trafen sich in Tokio .
2026-05-09 02:51:37,006 - INFO - joeynmt.training - 	Reference:  India and Japan prime ministers meet in Tokyo
2026-05-09 02:51:37,006 - INFO - joeynmt.training - 	Hypothesis: the price of the Prime Minister of India and Japtraffic .
2026-05-09 02:51:37,006 - INFO - joeynmt.training - Example #1
2026-05-09 02:51:37,006 - DEBUG - joeynmt.training - 	Tokenized source:     ['Indi@@', 'ens', 'neu@@', 'er', 'Pre@@', 'mi@@', 'er@@', 'minist@@', 'er', 'N@@', 'ar@@', 'end@@', 'ra', 'Mo@@', 'd@@', 'i', 'tri@@', 'fft', 'bei', 's@@', 'einem', 'ersten', 'wichti@@', 'gen', 'Aus@@', 'land@@', 's@@', 'bes@@', 'u@@', 'ch', 'seit', 's@@', 'einem', 'W@@', 'ah@@', 'l@@', 'si@@', 'e@@', 'g', 'im', 'Ma@@', 'i', 'seinen', 'j@@', 'ap@@', 'an@@', 'ischen', 'Am@@', 'ts@@', 'k@@', 'olle@@', 'gen', 'S@@', 'hin@@', 'z@@', 'o', 'A@@', 'be', 'in', 'T@@', 'ok@@', 'o', ',', 'um', 'wirtschaf@@', 'tliche', 'und', 'sicher@@', 'heits@@', 'politische', 'Be@@', 'zieh@@', 'ungen', 'zu', 'bes@@', 'pre@@', 'chen', '.']
2026-05-09 02:51:37,006 - DEBUG - joeynmt.training - 	Tokenized reference:  ['Indi@@', 'a', '&apos;s', 'new', 'pri@@', 'me', 'minist@@', 'er', ',', 'N@@', 'ar@@', 'end@@', 'ra', 'Mo@@', 'd@@', 'i', ',', 'is', 'me@@', 'eting', 'his', 'J@@', 'ap@@', 'an@@', 'ese', 'coun@@', 'ter@@', 'part', ',', 'S@@', 'hin@@', 'z@@', 'o', 'A@@', 'be', ',', 'in', 'T@@', 'ok@@', 'y@@', 'o', 'to', 'disc@@', 'uss', 'economic', 'and', 'security', 'ties', ',', 'on', 'his', 'first', 'major', 'fore@@', 'ign', 'visi@@', 't', 'since', 'w@@', 'inn@@', 'ing', 'Ma@@', 'y', '&apos;s', 'elec@@', 'tion', '.']
2026-05-09 02:51:37,006 - DEBUG - joeynmt.training - 	Tokenized hypothesis: ['Indi@@', 'a', '&apos;s', 'new', 'Pre@@', 'mi@@', 'er', 'N@@', 'ar@@', 'end@@', 'ra', 'Mo@@', 'd@@', 'i', 'T@@', 'ok@@', 'o', ',', 'in', 'his', 'first', 'important', 'ex@@', 'plan@@', 'ation', 'of', 'his', 'first', 'important', 'ex@@', 'plan@@', 'ation', 'of', 'S@@', 'hin@@', 'z@@', 'z@@', 'z@@', 'a', '&apos;s', 'Ma@@', 'y', ',', 'his', 'j@@', 'ap@@', 'an@@', 'ic', ',', 'to', 'the', 'J@@', 'ap@@', 'an@@', 'ese', 'Am@@', 'ster@@', 'dam', 'in', 'T@@', 'ok@@', 'o', ',', 'to', 're@@', 'ach', 'the', 'first', 'first', 'first', 'of', 'all', '.', '</s>']
2026-05-09 02:51:37,006 - INFO - joeynmt.training - 	Source:     Indiens neuer Premierminister Narendra Modi trifft bei seinem ersten wichtigen Auslandsbesuch seit seinem Wahlsieg im Mai seinen japanischen Amtskollegen Shinzo Abe in Toko , um wirtschaftliche und sicherheitspolitische Beziehungen zu besprechen .
2026-05-09 02:51:37,006 - INFO - joeynmt.training - 	Reference:  India &apos;s new prime minister , Narendra Modi , is meeting his Japanese counterpart , Shinzo Abe , in Tokyo to discuss economic and security ties , on his first major foreign visit since winning May &apos;s election .
2026-05-09 02:51:37,006 - INFO - joeynmt.training - 	Hypothesis: India &apos;s new Premier Narendra Modi Toko , in his first important explanation of his first important explanation of Shinzzza &apos;s May , his japanic , to the Japanese Amsterdam in Toko , to reach the first first first of all .
2026-05-09 02:51:37,006 - INFO - joeynmt.training - Example #2
2026-05-09 02:51:37,006 - DEBUG - joeynmt.training - 	Tokenized source:     ['Herr', 'Mo@@', 'd@@', 'i', 'befindet', 'sich', 'auf', 'einer', 'fü@@', 'n@@', 'f@@', 'tä@@', 'gi@@', 'gen', 'Rei@@', 'se', 'nach', 'J@@', 'ap@@', 'an', ',', 'um', 'die', 'wirtschaf@@', 'tlichen', 'Be@@', 'zieh@@', 'ungen', 'mit', 'der', 'd@@', 'rit@@', 't@@', 'größ@@', 'ten', 'Wirtschafts@@', 'n@@', 'ation', 'der', 'Welt', 'zu', 'fes@@', 'tigen', '.']
2026-05-09 02:51:37,006 - DEBUG - joeynmt.training - 	Tokenized reference:  ['Mr', 'Mo@@', 'd@@', 'i', 'is', 'on', 'a', 'fi@@', 've', '@@@', '-@@', '@', 'day', 'tri@@', 'p', 'to', 'J@@', 'ap@@', 'an', 'to', 'streng@@', 'then', 'economic', 'ties', 'with', 'the', 'third', 'lar@@', 'ges@@', 't', 'econom@@', 'y', 'in', 'the', 'world', '.']
2026-05-09 02:51:37,006 - DEBUG - joeynmt.training - 	Tokenized hypothesis: ['Mr', 'Mo@@', 'd@@', 'i', 'is', 'located', 'on', 'a', 'fi@@', 'f@@', 'th', 'to', 'J@@', 'ap@@', 'an', ',', 'to', 'J@@', 'ap@@', 'an', ',', 'to', 'the', 'economic', 'rel@@', 'ations', 'with', 'the', 'd@@', 'ut@@', 'y', 'of', 'the', 'world', '.', '</s>']
2026-05-09 02:51:37,006 - INFO - joeynmt.training - 	Source:     Herr Modi befindet sich auf einer fünftägigen Reise nach Japan , um die wirtschaftlichen Beziehungen mit der drittgrößten Wirtschaftsnation der Welt zu festigen .
2026-05-09 02:51:37,006 - INFO - joeynmt.training - 	Reference:  Mr Modi is on a five @-@ day trip to Japan to strengthen economic ties with the third largest economy in the world .
2026-05-09 02:51:37,006 - INFO - joeynmt.training - 	Hypothesis: Mr Modi is located on a fifth to Japan , to Japan , to the economic relations with the duty of the world .
2026-05-09 02:51:37,006 - INFO - joeynmt.training - Example #3
2026-05-09 02:51:37,006 - DEBUG - joeynmt.training - 	Tokenized source:     ['P@@', 'län@@', 'e', 'für', 'eine', 'stärk@@', 'ere', 'k@@', 'ern@@', 'techn@@', 'ische', 'Zusammenarbeit', 'stehen', 'ganz', 'ob@@', 'en', 'auf', 'der', 'Tag@@', 'es@@', 'ordnung', '.']
2026-05-09 02:51:37,006 - DEBUG - joeynmt.training - 	Tokenized reference:  ['high', 'on', 'the', 'agen@@', 'da', 'are', 'pl@@', 'ans', 'for', 'gre@@', 'ater', 'nu@@', 'clear', 'c@@', 'o', '@@@', '-@@', '@', 'operation', '.']
2026-05-09 02:51:37,006 - DEBUG - joeynmt.training - 	Tokenized hypothesis: ['pl@@', 'ans', 'for', 'more', 'seri@@', 'ous', 'techn@@', 'ical', 'cooperation', 'are', 'on', 'the', 'agen@@', 'da', '.', '</s>']
2026-05-09 02:51:37,007 - INFO - joeynmt.training - 	Source:     Pläne für eine stärkere kerntechnische Zusammenarbeit stehen ganz oben auf der Tagesordnung .
2026-05-09 02:51:37,007 - INFO - joeynmt.training - 	Reference:  high on the agenda are plans for greater nuclear co @-@ operation .
2026-05-09 02:51:37,007 - INFO - joeynmt.training - 	Hypothesis: plans for more serious technical cooperation are on the agenda .
2026-05-09 02:51:37,007 - INFO - joeynmt.training - Example #4
2026-05-09 02:51:37,007 - DEBUG - joeynmt.training - 	Tokenized source:     ['Berich@@', 'ten', 'zu@@', 'fol@@', 'ge', 'ho@@', 'fft', 'Indi@@', 'en', 'darüber', 'hinaus', 'auf', 'einen', 'Ver@@', 'trag', 'zur', 'Ver@@', 'tei@@', 'dig@@', 'ungs@@', 'zusammen@@', 'arbeit', 'zwischen', 'den', 'beiden', 'N@@', 'ationen', '.']
2026-05-09 02:51:37,007 - DEBUG - joeynmt.training - 	Tokenized reference:  ['Indi@@', 'a', 'is', 'also', 're@@', 'porte@@', 'dly', 'hop@@', 'ing', 'for', 'a', 'de@@', 'al', 'on', 'def@@', 'ence', 'c@@', 'oll@@', 'ab@@', 'or@@', 'ation', 'between', 'the', 'two', 'n@@', 'ations', '.']
2026-05-09 02:51:37,007 - DEBUG - joeynmt.training - 	Tokenized hypothesis: ['in', 'ad@@', 'dition', ',', 'the', 'same', 'way', ',', 'the', 'Indi@@', 'a', '&apos;s', 'con@@', 'tra@@', 'ct', 'on', 'the', 'con@@', 'tra@@', 'ct', 'of', 'cooperation', 'between', 'the', 'two', 'N@@', 'ations', '.', '</s>']
2026-05-09 02:51:37,007 - INFO - joeynmt.training - 	Source:     Berichten zufolge hofft Indien darüber hinaus auf einen Vertrag zur Verteidigungszusammenarbeit zwischen den beiden Nationen .
2026-05-09 02:51:37,007 - INFO - joeynmt.training - 	Reference:  India is also reportedly hoping for a deal on defence collaboration between the two nations .
2026-05-09 02:51:37,007 - INFO - joeynmt.training - 	Hypothesis: in addition , the same way , the India &apos;s contract on the contract of cooperation between the two Nations .
2026-05-09 02:51:54,573 - INFO - joeynmt.training - Epoch   4, Step:    15600, Batch Loss:     1.859616, Batch Acc: 0.475227, Tokens per Sec:     5174, Lr: 0.000300
2026-05-09 02:52:12,348 - INFO - joeynmt.training - Epoch   4, Step:    15700, Batch Loss:     1.891934, Batch Acc: 0.475515, Tokens per Sec:     5211, Lr: 0.000300
2026-05-09 02:52:29,836 - INFO - joeynmt.training - Epoch   4, Step:    15800, Batch Loss:     1.803285, Batch Acc: 0.480027, Tokens per Sec:     5249, Lr: 0.000300
2026-05-09 02:52:47,524 - INFO - joeynmt.training - Epoch   4, Step:    15900, Batch Loss:     1.935326, Batch Acc: 0.474245, Tokens per Sec:     5254, Lr: 0.000300
2026-05-09 02:53:05,214 - INFO - joeynmt.training - Epoch   4, Step:    16000, Batch Loss:     1.749767, Batch Acc: 0.475864, Tokens per Sec:     5219, Lr: 0.000300
2026-05-09 02:53:05,214 - INFO - joeynmt.prediction - Predicting 500 example(s)... (Greedy decoding with min_output_length=1, max_output_length=-1, return_prob='none', generate_unk=True, repetition_penalty=-1, no_repeat_ngram_size=-1)
2026-05-09 02:53:36,305 - INFO - joeynmt.prediction - Evaluation result (greedy) loss:   2.25, ppl:   9.51, acc:   0.42, generation: 31.0860[sec], evaluation: 0.0000[sec]
2026-05-09 02:53:36,307 - INFO - joeynmt.training - Hooray! New best validation result [ppl]!
2026-05-09 02:53:36,393 - INFO - joeynmt.helpers - delete models/deen_transformer_regular/13500.ckpt
2026-05-09 02:53:36,396 - INFO - joeynmt.training - Example #0
2026-05-09 02:53:36,396 - DEBUG - joeynmt.training - 	Tokenized source:     ['die', 'Pre@@', 'mi@@', 'er@@', 'minist@@', 'er', 'Indi@@', 'ens', 'und', 'J@@', 'ap@@', 'ans', 'tra@@', 'fen', 'sich', 'in', 'T@@', 'ok@@', 'i@@', 'o', '.']
2026-05-09 02:53:36,396 - DEBUG - joeynmt.training - 	Tokenized reference:  ['Indi@@', 'a', 'and', 'J@@', 'ap@@', 'an', 'pri@@', 'me', 'minist@@', 'ers', 'me@@', 'et', 'in', 'T@@', 'ok@@', 'y@@', 'o']
2026-05-09 02:53:36,396 - DEBUG - joeynmt.training - 	Tokenized hypothesis: ['the', 'price', 'of', 'the', 'Pri@@', 'me', 'Minist@@', 'er', 'Indi@@', 'a', 'and', 'J@@', 'ap@@', 'an', '.', '</s>']
2026-05-09 02:53:36,396 - INFO - joeynmt.training - 	Source:     die Premierminister Indiens und Japans trafen sich in Tokio .
2026-05-09 02:53:36,396 - INFO - joeynmt.training - 	Reference:  India and Japan prime ministers meet in Tokyo
2026-05-09 02:53:36,396 - INFO - joeynmt.training - 	Hypothesis: the price of the Prime Minister India and Japan .
2026-05-09 02:53:36,396 - INFO - joeynmt.training - Example #1
2026-05-09 02:53:36,396 - DEBUG - joeynmt.training - 	Tokenized source:     ['Indi@@', 'ens', 'neu@@', 'er', 'Pre@@', 'mi@@', 'er@@', 'minist@@', 'er', 'N@@', 'ar@@', 'end@@', 'ra', 'Mo@@', 'd@@', 'i', 'tri@@', 'fft', 'bei', 's@@', 'einem', 'ersten', 'wichti@@', 'gen', 'Aus@@', 'land@@', 's@@', 'bes@@', 'u@@', 'ch', 'seit', 's@@', 'einem', 'W@@', 'ah@@', 'l@@', 'si@@', 'e@@', 'g', 'im', 'Ma@@', 'i', 'seinen', 'j@@', 'ap@@', 'an@@', 'ischen', 'Am@@', 'ts@@', 'k@@', 'olle@@', 'gen', 'S@@', 'hin@@', 'z@@', 'o', 'A@@', 'be', 'in', 'T@@', 'ok@@', 'o', ',', 'um', 'wirtschaf@@', 'tliche', 'und', 'sicher@@', 'heits@@', 'politische', 'Be@@', 'zieh@@', 'ungen', 'zu', 'bes@@', 'pre@@', 'chen', '.']
2026-05-09 02:53:36,396 - DEBUG - joeynmt.training - 	Tokenized reference:  ['Indi@@', 'a', '&apos;s', 'new', 'pri@@', 'me', 'minist@@', 'er', ',', 'N@@', 'ar@@', 'end@@', 'ra', 'Mo@@', 'd@@', 'i', ',', 'is', 'me@@', 'eting', 'his', 'J@@', 'ap@@', 'an@@', 'ese', 'coun@@', 'ter@@', 'part', ',', 'S@@', 'hin@@', 'z@@', 'o', 'A@@', 'be', ',', 'in', 'T@@', 'ok@@', 'y@@', 'o', 'to', 'disc@@', 'uss', 'economic', 'and', 'security', 'ties', ',', 'on', 'his', 'first', 'major', 'fore@@', 'ign', 'visi@@', 't', 'since', 'w@@', 'inn@@', 'ing', 'Ma@@', 'y', '&apos;s', 'elec@@', 'tion', '.']
2026-05-09 02:53:36,396 - DEBUG - joeynmt.training - 	Tokenized hypothesis: ['Indi@@', 'a', '&apos;s', 'pre@@', 'mi@@', 'er', 'Pre@@', 'mi@@', 'er', 'N@@', 'ar@@', 'end@@', 'ra', 'Mo@@', 'd@@', 'i', 'T@@', 'ok@@', 'o', ',', 'in', 'his', 'first', 'important', 'ex@@', 'port', 'of', 'his', 'first', 'elec@@', 't@@', 'or@@', 'al', ',', 'in', 'the', 'Ma@@', 'y', 'of', 'his', 'elec@@', 't@@', 'or@@', 'al', 'colle@@', 'c@@', 'tions', '.', '</s>']
2026-05-09 02:53:36,396 - INFO - joeynmt.training - 	Source:     Indiens neuer Premierminister Narendra Modi trifft bei seinem ersten wichtigen Auslandsbesuch seit seinem Wahlsieg im Mai seinen japanischen Amtskollegen Shinzo Abe in Toko , um wirtschaftliche und sicherheitspolitische Beziehungen zu besprechen .
2026-05-09 02:53:36,396 - INFO - joeynmt.training - 	Reference:  India &apos;s new prime minister , Narendra Modi , is meeting his Japanese counterpart , Shinzo Abe , in Tokyo to discuss economic and security ties , on his first major foreign visit since winning May &apos;s election .
2026-05-09 02:53:36,396 - INFO - joeynmt.training - 	Hypothesis: India &apos;s premier Premier Narendra Modi Toko , in his first important export of his first electoral , in the May of his electoral collections .
2026-05-09 02:53:36,396 - INFO - joeynmt.training - Example #2
2026-05-09 02:53:36,396 - DEBUG - joeynmt.training - 	Tokenized source:     ['Herr', 'Mo@@', 'd@@', 'i', 'befindet', 'sich', 'auf', 'einer', 'fü@@', 'n@@', 'f@@', 'tä@@', 'gi@@', 'gen', 'Rei@@', 'se', 'nach', 'J@@', 'ap@@', 'an', ',', 'um', 'die', 'wirtschaf@@', 'tlichen', 'Be@@', 'zieh@@', 'ungen', 'mit', 'der', 'd@@', 'rit@@', 't@@', 'größ@@', 'ten', 'Wirtschafts@@', 'n@@', 'ation', 'der', 'Welt', 'zu', 'fes@@', 'tigen', '.']
2026-05-09 02:53:36,396 - DEBUG - joeynmt.training - 	Tokenized reference:  ['Mr', 'Mo@@', 'd@@', 'i', 'is', 'on', 'a', 'fi@@', 've', '@@@', '-@@', '@', 'day', 'tri@@', 'p', 'to', 'J@@', 'ap@@', 'an', 'to', 'streng@@', 'then', 'economic', 'ties', 'with', 'the', 'third', 'lar@@', 'ges@@', 't', 'econom@@', 'y', 'in', 'the', 'world', '.']
2026-05-09 02:53:36,396 - DEBUG - joeynmt.training - 	Tokenized hypothesis: ['Mr', 'Mo@@', 'd@@', 'i', 'is', 'the', 'first', 'of', 'all', ',', 'the', 'new', 't@@', 'ar@@', 'ge@@', 'ts', 'for', 'J@@', 'ap@@', 'an', ',', 'to', 'the', 'economic', 'rel@@', 'ations', 'with', 'the', 'third', 'econom@@', 'ies', 'of', 'the', 'world', '.', '</s>']
2026-05-09 02:53:36,397 - INFO - joeynmt.training - 	Source:     Herr Modi befindet sich auf einer fünftägigen Reise nach Japan , um die wirtschaftlichen Beziehungen mit der drittgrößten Wirtschaftsnation der Welt zu festigen .
2026-05-09 02:53:36,397 - INFO - joeynmt.training - 	Reference:  Mr Modi is on a five @-@ day trip to Japan to strengthen economic ties with the third largest economy in the world .
2026-05-09 02:53:36,397 - INFO - joeynmt.training - 	Hypothesis: Mr Modi is the first of all , the new targets for Japan , to the economic relations with the third economies of the world .
2026-05-09 02:53:36,397 - INFO - joeynmt.training - Example #3
2026-05-09 02:53:36,397 - DEBUG - joeynmt.training - 	Tokenized source:     ['P@@', 'län@@', 'e', 'für', 'eine', 'stärk@@', 'ere', 'k@@', 'ern@@', 'techn@@', 'ische', 'Zusammenarbeit', 'stehen', 'ganz', 'ob@@', 'en', 'auf', 'der', 'Tag@@', 'es@@', 'ordnung', '.']
2026-05-09 02:53:36,397 - DEBUG - joeynmt.training - 	Tokenized reference:  ['high', 'on', 'the', 'agen@@', 'da', 'are', 'pl@@', 'ans', 'for', 'gre@@', 'ater', 'nu@@', 'clear', 'c@@', 'o', '@@@', '-@@', '@', 'operation', '.']
2026-05-09 02:53:36,397 - DEBUG - joeynmt.training - 	Tokenized hypothesis: ['P@@', 'P', 'is', 'a', 'more', 'seri@@', 'ous', 'techn@@', 'ical', 'cooperation', 'are', 'on', 'the', 'agen@@', 'da', '.', '</s>']
2026-05-09 02:53:36,397 - INFO - joeynmt.training - 	Source:     Pläne für eine stärkere kerntechnische Zusammenarbeit stehen ganz oben auf der Tagesordnung .
2026-05-09 02:53:36,397 - INFO - joeynmt.training - 	Reference:  high on the agenda are plans for greater nuclear co @-@ operation .
2026-05-09 02:53:36,397 - INFO - joeynmt.training - 	Hypothesis: PP is a more serious technical cooperation are on the agenda .
2026-05-09 02:53:36,397 - INFO - joeynmt.training - Example #4
2026-05-09 02:53:36,397 - DEBUG - joeynmt.training - 	Tokenized source:     ['Berich@@', 'ten', 'zu@@', 'fol@@', 'ge', 'ho@@', 'fft', 'Indi@@', 'en', 'darüber', 'hinaus', 'auf', 'einen', 'Ver@@', 'trag', 'zur', 'Ver@@', 'tei@@', 'dig@@', 'ungs@@', 'zusammen@@', 'arbeit', 'zwischen', 'den', 'beiden', 'N@@', 'ationen', '.']
2026-05-09 02:53:36,397 - DEBUG - joeynmt.training - 	Tokenized reference:  ['Indi@@', 'a', 'is', 'also', 're@@', 'porte@@', 'dly', 'hop@@', 'ing', 'for', 'a', 'de@@', 'al', 'on', 'def@@', 'ence', 'c@@', 'oll@@', 'ab@@', 'or@@', 'ation', 'between', 'the', 'two', 'n@@', 'ations', '.']
2026-05-09 02:53:36,397 - DEBUG - joeynmt.training - 	Tokenized hypothesis: ['in', 'ad@@', 'dition', ',', 'Indi@@', 'a', '&apos;s', 're@@', 'ports', 'on', 'a', 'con@@', 'tra@@', 'ct', 'on', 'the', 'con@@', 'tra@@', 'ct', 'of', 'the', 'two', 'N@@', 'ations', '.', '</s>']
2026-05-09 02:53:36,397 - INFO - joeynmt.training - 	Source:     Berichten zufolge hofft Indien darüber hinaus auf einen Vertrag zur Verteidigungszusammenarbeit zwischen den beiden Nationen .
2026-05-09 02:53:36,397 - INFO - joeynmt.training - 	Reference:  India is also reportedly hoping for a deal on defence collaboration between the two nations .
2026-05-09 02:53:36,397 - INFO - joeynmt.training - 	Hypothesis: in addition , India &apos;s reports on a contract on the contract of the two Nations .
2026-05-09 02:53:54,058 - INFO - joeynmt.training - Epoch   4, Step:    16100, Batch Loss:     2.001916, Batch Acc: 0.475320, Tokens per Sec:     5162, Lr: 0.000300
2026-05-09 02:54:11,727 - INFO - joeynmt.training - Epoch   4, Step:    16200, Batch Loss:     1.949828, Batch Acc: 0.480791, Tokens per Sec:     5274, Lr: 0.000300
2026-05-09 02:54:23,082 - INFO - joeynmt.training - Epoch   4: total training loss 8010.14
2026-05-09 02:54:23,083 - INFO - joeynmt.training - EPOCH 5
2026-05-09 02:54:29,514 - INFO - joeynmt.training - Epoch   5, Step:    16300, Batch Loss:     1.869219, Batch Acc: 0.496165, Tokens per Sec:     5110, Lr: 0.000300
2026-05-09 02:54:47,254 - INFO - joeynmt.training - Epoch   5, Step:    16400, Batch Loss:     1.826309, Batch Acc: 0.500746, Tokens per Sec:     5178, Lr: 0.000300
2026-05-09 02:55:05,027 - INFO - joeynmt.training - Epoch   5, Step:    16500, Batch Loss:     2.018452, Batch Acc: 0.497574, Tokens per Sec:     5242, Lr: 0.000300
2026-05-09 02:55:05,028 - INFO - joeynmt.prediction - Predicting 500 example(s)... (Greedy decoding with min_output_length=1, max_output_length=-1, return_prob='none', generate_unk=True, repetition_penalty=-1, no_repeat_ngram_size=-1)
2026-05-09 02:55:36,232 - INFO - joeynmt.prediction - Evaluation result (greedy) loss:   2.26, ppl:   9.56, acc:   0.42, generation: 31.1982[sec], evaluation: 0.0000[sec]
2026-05-09 02:55:36,323 - INFO - joeynmt.helpers - delete models/deen_transformer_regular/14000.ckpt
2026-05-09 02:55:36,326 - INFO - joeynmt.training - Example #0
2026-05-09 02:55:36,326 - DEBUG - joeynmt.training - 	Tokenized source:     ['die', 'Pre@@', 'mi@@', 'er@@', 'minist@@', 'er', 'Indi@@', 'ens', 'und', 'J@@', 'ap@@', 'ans', 'tra@@', 'fen', 'sich', 'in', 'T@@', 'ok@@', 'i@@', 'o', '.']
2026-05-09 02:55:36,326 - DEBUG - joeynmt.training - 	Tokenized reference:  ['Indi@@', 'a', 'and', 'J@@', 'ap@@', 'an', 'pri@@', 'me', 'minist@@', 'ers', 'me@@', 'et', 'in', 'T@@', 'ok@@', 'y@@', 'o']
2026-05-09 02:55:36,326 - DEBUG - joeynmt.training - 	Tokenized hypothesis: ['the', 'Pri@@', 'me', 'Minist@@', 'er', 'Indi@@', 'a', 'and', 'J@@', 'ap@@', 'an', '.', '</s>']
2026-05-09 02:55:36,326 - INFO - joeynmt.training - 	Source:     die Premierminister Indiens und Japans trafen sich in Tokio .
2026-05-09 02:55:36,326 - INFO - joeynmt.training - 	Reference:  India and Japan prime ministers meet in Tokyo
2026-05-09 02:55:36,326 - INFO - joeynmt.training - 	Hypothesis: the Prime Minister India and Japan .
2026-05-09 02:55:36,326 - INFO - joeynmt.training - Example #1
2026-05-09 02:55:36,326 - DEBUG - joeynmt.training - 	Tokenized source:     ['Indi@@', 'ens', 'neu@@', 'er', 'Pre@@', 'mi@@', 'er@@', 'minist@@', 'er', 'N@@', 'ar@@', 'end@@', 'ra', 'Mo@@', 'd@@', 'i', 'tri@@', 'fft', 'bei', 's@@', 'einem', 'ersten', 'wichti@@', 'gen', 'Aus@@', 'land@@', 's@@', 'bes@@', 'u@@', 'ch', 'seit', 's@@', 'einem', 'W@@', 'ah@@', 'l@@', 'si@@', 'e@@', 'g', 'im', 'Ma@@', 'i', 'seinen', 'j@@', 'ap@@', 'an@@', 'ischen', 'Am@@', 'ts@@', 'k@@', 'olle@@', 'gen', 'S@@', 'hin@@', 'z@@', 'o', 'A@@', 'be', 'in', 'T@@', 'ok@@', 'o', ',', 'um', 'wirtschaf@@', 'tliche', 'und', 'sicher@@', 'heits@@', 'politische', 'Be@@', 'zieh@@', 'ungen', 'zu', 'bes@@', 'pre@@', 'chen', '.']
2026-05-09 02:55:36,326 - DEBUG - joeynmt.training - 	Tokenized reference:  ['Indi@@', 'a', '&apos;s', 'new', 'pri@@', 'me', 'minist@@', 'er', ',', 'N@@', 'ar@@', 'end@@', 'ra', 'Mo@@', 'd@@', 'i', ',', 'is', 'me@@', 'eting', 'his', 'J@@', 'ap@@', 'an@@', 'ese', 'coun@@', 'ter@@', 'part', ',', 'S@@', 'hin@@', 'z@@', 'o', 'A@@', 'be', ',', 'in', 'T@@', 'ok@@', 'y@@', 'o', 'to', 'disc@@', 'uss', 'economic', 'and', 'security', 'ties', ',', 'on', 'his', 'first', 'major', 'fore@@', 'ign', 'visi@@', 't', 'since', 'w@@', 'inn@@', 'ing', 'Ma@@', 'y', '&apos;s', 'elec@@', 'tion', '.']
2026-05-09 02:55:36,326 - DEBUG - joeynmt.training - 	Tokenized hypothesis: ['Indi@@', 'a', '&apos;s', 'Pre@@', 'mi@@', 'er', 'N@@', 'ar@@', 'end@@', 'ra', 'Mo@@', 'd@@', 'i', 'T@@', 'ok@@', 'o', ',', 'in', 'his', 'first', 'important', 'ex@@', 'clu@@', 'sion', 'of', 'the', 'S@@', 'ec@@', 'urity', 'A@@', 'be', 'in', 'Ma@@', 'y', ',', 'and', 'the', 'A@@', 'gre@@', 'ement', 'of', 'S@@', 'hin@@', 'z@@', 'o', 'A@@', 'be', 'in', 'T@@', 'ok@@', 'o', ',', 'to', 'A@@', 'be', 'in', 'T@@', 'ok@@', 'o', ',', 'to', 'the', 'economic', 'and', 'saf@@', 'ety', 'political', 'rel@@', 'ations', '.', '</s>']
2026-05-09 02:55:36,327 - INFO - joeynmt.training - 	Source:     Indiens neuer Premierminister Narendra Modi trifft bei seinem ersten wichtigen Auslandsbesuch seit seinem Wahlsieg im Mai seinen japanischen Amtskollegen Shinzo Abe in Toko , um wirtschaftliche und sicherheitspolitische Beziehungen zu besprechen .
2026-05-09 02:55:36,327 - INFO - joeynmt.training - 	Reference:  India &apos;s new prime minister , Narendra Modi , is meeting his Japanese counterpart , Shinzo Abe , in Tokyo to discuss economic and security ties , on his first major foreign visit since winning May &apos;s election .
2026-05-09 02:55:36,327 - INFO - joeynmt.training - 	Hypothesis: India &apos;s Premier Narendra Modi Toko , in his first important exclusion of the Security Abe in May , and the Agreement of Shinzo Abe in Toko , to Abe in Toko , to the economic and safety political relations .
2026-05-09 02:55:36,327 - INFO - joeynmt.training - Example #2
2026-05-09 02:55:36,327 - DEBUG - joeynmt.training - 	Tokenized source:     ['Herr', 'Mo@@', 'd@@', 'i', 'befindet', 'sich', 'auf', 'einer', 'fü@@', 'n@@', 'f@@', 'tä@@', 'gi@@', 'gen', 'Rei@@', 'se', 'nach', 'J@@', 'ap@@', 'an', ',', 'um', 'die', 'wirtschaf@@', 'tlichen', 'Be@@', 'zieh@@', 'ungen', 'mit', 'der', 'd@@', 'rit@@', 't@@', 'größ@@', 'ten', 'Wirtschafts@@', 'n@@', 'ation', 'der', 'Welt', 'zu', 'fes@@', 'tigen', '.']
2026-05-09 02:55:36,327 - DEBUG - joeynmt.training - 	Tokenized reference:  ['Mr', 'Mo@@', 'd@@', 'i', 'is', 'on', 'a', 'fi@@', 've', '@@@', '-@@', '@', 'day', 'tri@@', 'p', 'to', 'J@@', 'ap@@', 'an', 'to', 'streng@@', 'then', 'economic', 'ties', 'with', 'the', 'third', 'lar@@', 'ges@@', 't', 'econom@@', 'y', 'in', 'the', 'world', '.']
2026-05-09 02:55:36,327 - DEBUG - joeynmt.training - 	Tokenized hypothesis: ['Mr', 'Mo@@', 'd@@', 'i', 'is', 'located', 'on', 'a', 'fi@@', 'f@@', 'te@@', 'en', 'after', 'J@@', 'ap@@', 'an', ',', 'to', 'J@@', 'ap@@', 'an', ',', 'to', 'the', 'economic', 'rel@@', 'ations', 'with', 'the', 'third', 'lar@@', 'ges@@', 't', 'econom@@', 'y', '.', '</s>']
2026-05-09 02:55:36,327 - INFO - joeynmt.training - 	Source:     Herr Modi befindet sich auf einer fünftägigen Reise nach Japan , um die wirtschaftlichen Beziehungen mit der drittgrößten Wirtschaftsnation der Welt zu festigen .
2026-05-09 02:55:36,327 - INFO - joeynmt.training - 	Reference:  Mr Modi is on a five @-@ day trip to Japan to strengthen economic ties with the third largest economy in the world .
2026-05-09 02:55:36,327 - INFO - joeynmt.training - 	Hypothesis: Mr Modi is located on a fifteen after Japan , to Japan , to the economic relations with the third largest economy .
2026-05-09 02:55:36,327 - INFO - joeynmt.training - Example #3
2026-05-09 02:55:36,327 - DEBUG - joeynmt.training - 	Tokenized source:     ['P@@', 'län@@', 'e', 'für', 'eine', 'stärk@@', 'ere', 'k@@', 'ern@@', 'techn@@', 'ische', 'Zusammenarbeit', 'stehen', 'ganz', 'ob@@', 'en', 'auf', 'der', 'Tag@@', 'es@@', 'ordnung', '.']
2026-05-09 02:55:36,327 - DEBUG - joeynmt.training - 	Tokenized reference:  ['high', 'on', 'the', 'agen@@', 'da', 'are', 'pl@@', 'ans', 'for', 'gre@@', 'ater', 'nu@@', 'clear', 'c@@', 'o', '@@@', '-@@', '@', 'operation', '.']
2026-05-09 02:55:36,327 - DEBUG - joeynmt.training - 	Tokenized hypothesis: ['P@@', 'lon@@', 'e', 'for', 'a', 'str@@', 'on@@', 'ger', 'techn@@', 'ical', 'cooperation', 'is', 'very', 'ob@@', 'vi@@', 'ously', 'on', 'the', 'agen@@', 'da', '.', '</s>']
2026-05-09 02:55:36,327 - INFO - joeynmt.training - 	Source:     Pläne für eine stärkere kerntechnische Zusammenarbeit stehen ganz oben auf der Tagesordnung .
2026-05-09 02:55:36,327 - INFO - joeynmt.training - 	Reference:  high on the agenda are plans for greater nuclear co @-@ operation .
2026-05-09 02:55:36,327 - INFO - joeynmt.training - 	Hypothesis: Plone for a stronger technical cooperation is very obviously on the agenda .
2026-05-09 02:55:36,327 - INFO - joeynmt.training - Example #4
2026-05-09 02:55:36,327 - DEBUG - joeynmt.training - 	Tokenized source:     ['Berich@@', 'ten', 'zu@@', 'fol@@', 'ge', 'ho@@', 'fft', 'Indi@@', 'en', 'darüber', 'hinaus', 'auf', 'einen', 'Ver@@', 'trag', 'zur', 'Ver@@', 'tei@@', 'dig@@', 'ungs@@', 'zusammen@@', 'arbeit', 'zwischen', 'den', 'beiden', 'N@@', 'ationen', '.']
2026-05-09 02:55:36,327 - DEBUG - joeynmt.training - 	Tokenized reference:  ['Indi@@', 'a', 'is', 'also', 're@@', 'porte@@', 'dly', 'hop@@', 'ing', 'for', 'a', 'de@@', 'al', 'on', 'def@@', 'ence', 'c@@', 'oll@@', 'ab@@', 'or@@', 'ation', 'between', 'the', 'two', 'n@@', 'ations', '.']
2026-05-09 02:55:36,327 - DEBUG - joeynmt.training - 	Tokenized hypothesis: ['the', 'report', 'also', 'inclu@@', 'des', 'a', 'con@@', 'tra@@', 'ct', 'on', 'a', 'con@@', 'tra@@', 'ct', 'of', 'the', 'Tre@@', 'aty', 'of', 'con@@', 'tra@@', 'ct', 'between', 'the', 'two', 'N@@', 'ations', '.', '</s>']
2026-05-09 02:55:36,327 - INFO - joeynmt.training - 	Source:     Berichten zufolge hofft Indien darüber hinaus auf einen Vertrag zur Verteidigungszusammenarbeit zwischen den beiden Nationen .
2026-05-09 02:55:36,327 - INFO - joeynmt.training - 	Reference:  India is also reportedly hoping for a deal on defence collaboration between the two nations .
2026-05-09 02:55:36,327 - INFO - joeynmt.training - 	Hypothesis: the report also includes a contract on a contract of the Treaty of contract between the two Nations .
2026-05-09 02:55:53,665 - INFO - joeynmt.training - Epoch   5, Step:    16600, Batch Loss:     1.941197, Batch Acc: 0.495109, Tokens per Sec:     5237, Lr: 0.000300
2026-05-09 02:56:11,312 - INFO - joeynmt.training - Epoch   5, Step:    16700, Batch Loss:     1.938643, Batch Acc: 0.495409, Tokens per Sec:     5184, Lr: 0.000300
2026-05-09 02:56:29,227 - INFO - joeynmt.training - Epoch   5, Step:    16800, Batch Loss:     1.742604, Batch Acc: 0.497136, Tokens per Sec:     5204, Lr: 0.000300
2026-05-09 02:56:46,870 - INFO - joeynmt.training - Epoch   5, Step:    16900, Batch Loss:     1.811098, Batch Acc: 0.499598, Tokens per Sec:     5219, Lr: 0.000300
2026-05-09 02:57:04,683 - INFO - joeynmt.training - Epoch   5, Step:    17000, Batch Loss:     1.850324, Batch Acc: 0.491017, Tokens per Sec:     5303, Lr: 0.000300
2026-05-09 02:57:04,683 - INFO - joeynmt.prediction - Predicting 500 example(s)... (Greedy decoding with min_output_length=1, max_output_length=-1, return_prob='none', generate_unk=True, repetition_penalty=-1, no_repeat_ngram_size=-1)
2026-05-09 02:57:42,236 - INFO - joeynmt.prediction - Evaluation result (greedy) loss:   2.25, ppl:   9.48, acc:   0.42, generation: 37.5481[sec], evaluation: 0.0000[sec]
2026-05-09 02:57:42,238 - INFO - joeynmt.training - Hooray! New best validation result [ppl]!
2026-05-09 02:57:42,328 - INFO - joeynmt.helpers - delete models/deen_transformer_regular/14500.ckpt
2026-05-09 02:57:42,331 - INFO - joeynmt.training - Example #0
2026-05-09 02:57:42,331 - DEBUG - joeynmt.training - 	Tokenized source:     ['die', 'Pre@@', 'mi@@', 'er@@', 'minist@@', 'er', 'Indi@@', 'ens', 'und', 'J@@', 'ap@@', 'ans', 'tra@@', 'fen', 'sich', 'in', 'T@@', 'ok@@', 'i@@', 'o', '.']
2026-05-09 02:57:42,331 - DEBUG - joeynmt.training - 	Tokenized reference:  ['Indi@@', 'a', 'and', 'J@@', 'ap@@', 'an', 'pri@@', 'me', 'minist@@', 'ers', 'me@@', 'et', 'in', 'T@@', 'ok@@', 'y@@', 'o']
2026-05-09 02:57:42,331 - DEBUG - joeynmt.training - 	Tokenized hypothesis: ['the', 'pri@@', 'me', 'minist@@', 'er', 'Indi@@', 'a', 'and', 'J@@', 'ap@@', 'an', ',', 'J@@', 'ap@@', 'an', ',', 'and', 'J@@', 'ap@@', 'an', '.', '</s>']
2026-05-09 02:57:42,331 - INFO - joeynmt.training - 	Source:     die Premierminister Indiens und Japans trafen sich in Tokio .
2026-05-09 02:57:42,331 - INFO - joeynmt.training - 	Reference:  India and Japan prime ministers meet in Tokyo
2026-05-09 02:57:42,331 - INFO - joeynmt.training - 	Hypothesis: the prime minister India and Japan , Japan , and Japan .
2026-05-09 02:57:42,331 - INFO - joeynmt.training - Example #1
2026-05-09 02:57:42,332 - DEBUG - joeynmt.training - 	Tokenized source:     ['Indi@@', 'ens', 'neu@@', 'er', 'Pre@@', 'mi@@', 'er@@', 'minist@@', 'er', 'N@@', 'ar@@', 'end@@', 'ra', 'Mo@@', 'd@@', 'i', 'tri@@', 'fft', 'bei', 's@@', 'einem', 'ersten', 'wichti@@', 'gen', 'Aus@@', 'land@@', 's@@', 'bes@@', 'u@@', 'ch', 'seit', 's@@', 'einem', 'W@@', 'ah@@', 'l@@', 'si@@', 'e@@', 'g', 'im', 'Ma@@', 'i', 'seinen', 'j@@', 'ap@@', 'an@@', 'ischen', 'Am@@', 'ts@@', 'k@@', 'olle@@', 'gen', 'S@@', 'hin@@', 'z@@', 'o', 'A@@', 'be', 'in', 'T@@', 'ok@@', 'o', ',', 'um', 'wirtschaf@@', 'tliche', 'und', 'sicher@@', 'heits@@', 'politische', 'Be@@', 'zieh@@', 'ungen', 'zu', 'bes@@', 'pre@@', 'chen', '.']
2026-05-09 02:57:42,332 - DEBUG - joeynmt.training - 	Tokenized reference:  ['Indi@@', 'a', '&apos;s', 'new', 'pri@@', 'me', 'minist@@', 'er', ',', 'N@@', 'ar@@', 'end@@', 'ra', 'Mo@@', 'd@@', 'i', ',', 'is', 'me@@', 'eting', 'his', 'J@@', 'ap@@', 'an@@', 'ese', 'coun@@', 'ter@@', 'part', ',', 'S@@', 'hin@@', 'z@@', 'o', 'A@@', 'be', ',', 'in', 'T@@', 'ok@@', 'y@@', 'o', 'to', 'disc@@', 'uss', 'economic', 'and', 'security', 'ties', ',', 'on', 'his', 'first', 'major', 'fore@@', 'ign', 'visi@@', 't', 'since', 'w@@', 'inn@@', 'ing', 'Ma@@', 'y', '&apos;s', 'elec@@', 'tion', '.']
2026-05-09 02:57:42,332 - DEBUG - joeynmt.training - 	Tokenized hypothesis: ['Indi@@', 'a', '&apos;s', 'first', 'pre@@', 'mi@@', 'er', 'N@@', 'ar@@', 'end@@', 'ra', 'Mo@@', 'd@@', 'i', 'T@@', 'his', 'first', ',', 'in', 'his', 'first', 'of', 'all', 'the', 'S@@', 'hin@@', 'z@@', 'z@@', 'a', ',', 'since', 's@@', 'wi@@', 't@@', 'ch', 'of', 'his', 'elec@@', 't@@', 'or@@', 'al', 'c@@', 'amp@@', 'a@@', 'ign', 'in', 'T@@', 'ok@@', 'o', ',', 'to', 'be', 'in', 'T@@', 'ok@@', 'o', ',', 'to', 're@@', 'ach', 'economic', 'and', 'security', 'political', 'rel@@', 'ations', '.', '</s>']
2026-05-09 02:57:42,332 - INFO - joeynmt.training - 	Source:     Indiens neuer Premierminister Narendra Modi trifft bei seinem ersten wichtigen Auslandsbesuch seit seinem Wahlsieg im Mai seinen japanischen Amtskollegen Shinzo Abe in Toko , um wirtschaftliche und sicherheitspolitische Beziehungen zu besprechen .
2026-05-09 02:57:42,332 - INFO - joeynmt.training - 	Reference:  India &apos;s new prime minister , Narendra Modi , is meeting his Japanese counterpart , Shinzo Abe , in Tokyo to discuss economic and security ties , on his first major foreign visit since winning May &apos;s election .
2026-05-09 02:57:42,332 - INFO - joeynmt.training - 	Hypothesis: India &apos;s first premier Narendra Modi This first , in his first of all the Shinzza , since switch of his electoral campaign in Toko , to be in Toko , to reach economic and security political relations .
2026-05-09 02:57:42,332 - INFO - joeynmt.training - Example #2
2026-05-09 02:57:42,332 - DEBUG - joeynmt.training - 	Tokenized source:     ['Herr', 'Mo@@', 'd@@', 'i', 'befindet', 'sich', 'auf', 'einer', 'fü@@', 'n@@', 'f@@', 'tä@@', 'gi@@', 'gen', 'Rei@@', 'se', 'nach', 'J@@', 'ap@@', 'an', ',', 'um', 'die', 'wirtschaf@@', 'tlichen', 'Be@@', 'zieh@@', 'ungen', 'mit', 'der', 'd@@', 'rit@@', 't@@', 'größ@@', 'ten', 'Wirtschafts@@', 'n@@', 'ation', 'der', 'Welt', 'zu', 'fes@@', 'tigen', '.']
2026-05-09 02:57:42,332 - DEBUG - joeynmt.training - 	Tokenized reference:  ['Mr', 'Mo@@', 'd@@', 'i', 'is', 'on', 'a', 'fi@@', 've', '@@@', '-@@', '@', 'day', 'tri@@', 'p', 'to', 'J@@', 'ap@@', 'an', 'to', 'streng@@', 'then', 'economic', 'ties', 'with', 'the', 'third', 'lar@@', 'ges@@', 't', 'econom@@', 'y', 'in', 'the', 'world', '.']
2026-05-09 02:57:42,332 - DEBUG - joeynmt.training - 	Tokenized hypothesis: ['Mr', 'Mo@@', 'd@@', 'i', 'is', 'located', 'on', 'a', 'fi@@', 'f@@', 'te@@', 'en', 'tra@@', 'v@@', 'ell@@', 'ers', ',', 'to', 'J@@', 'ap@@', 'an', ',', 'to', 'the', 'economic', 'rel@@', 'ations', 'with', 'the', 'third', 'lar@@', 'ges@@', 't', 'economic', 'rel@@', 'ations', 'with', 'the', 'third', 'lar@@', 'ges@@', 't', 'economic', 'rel@@', 'ations', '.', '</s>']
2026-05-09 02:57:42,332 - INFO - joeynmt.training - 	Source:     Herr Modi befindet sich auf einer fünftägigen Reise nach Japan , um die wirtschaftlichen Beziehungen mit der drittgrößten Wirtschaftsnation der Welt zu festigen .
2026-05-09 02:57:42,332 - INFO - joeynmt.training - 	Reference:  Mr Modi is on a five @-@ day trip to Japan to strengthen economic ties with the third largest economy in the world .
2026-05-09 02:57:42,332 - INFO - joeynmt.training - 	Hypothesis: Mr Modi is located on a fifteen travellers , to Japan , to the economic relations with the third largest economic relations with the third largest economic relations .
2026-05-09 02:57:42,332 - INFO - joeynmt.training - Example #3
2026-05-09 02:57:42,332 - DEBUG - joeynmt.training - 	Tokenized source:     ['P@@', 'län@@', 'e', 'für', 'eine', 'stärk@@', 'ere', 'k@@', 'ern@@', 'techn@@', 'ische', 'Zusammenarbeit', 'stehen', 'ganz', 'ob@@', 'en', 'auf', 'der', 'Tag@@', 'es@@', 'ordnung', '.']
2026-05-09 02:57:42,332 - DEBUG - joeynmt.training - 	Tokenized reference:  ['high', 'on', 'the', 'agen@@', 'da', 'are', 'pl@@', 'ans', 'for', 'gre@@', 'ater', 'nu@@', 'clear', 'c@@', 'o', '@@@', '-@@', '@', 'operation', '.']
2026-05-09 02:57:42,332 - DEBUG - joeynmt.training - 	Tokenized hypothesis: ['p@@', 'ic@@', 'ture', 'for', 'more', 'seri@@', 'ous', 'techn@@', 'ical', 'cooperation', ',', 'and', 'the', 'most', 'important', 'techn@@', 'ical', 'cooperation', 'is', 'to', 'be', 're@@', 'ach@@', 'ed', 'on', 'the', 'agen@@', 'da', '.', '</s>']
2026-05-09 02:57:42,332 - INFO - joeynmt.training - 	Source:     Pläne für eine stärkere kerntechnische Zusammenarbeit stehen ganz oben auf der Tagesordnung .
2026-05-09 02:57:42,332 - INFO - joeynmt.training - 	Reference:  high on the agenda are plans for greater nuclear co @-@ operation .
2026-05-09 02:57:42,332 - INFO - joeynmt.training - 	Hypothesis: picture for more serious technical cooperation , and the most important technical cooperation is to be reached on the agenda .
2026-05-09 02:57:42,332 - INFO - joeynmt.training - Example #4
2026-05-09 02:57:42,332 - DEBUG - joeynmt.training - 	Tokenized source:     ['Berich@@', 'ten', 'zu@@', 'fol@@', 'ge', 'ho@@', 'fft', 'Indi@@', 'en', 'darüber', 'hinaus', 'auf', 'einen', 'Ver@@', 'trag', 'zur', 'Ver@@', 'tei@@', 'dig@@', 'ungs@@', 'zusammen@@', 'arbeit', 'zwischen', 'den', 'beiden', 'N@@', 'ationen', '.']
2026-05-09 02:57:42,332 - DEBUG - joeynmt.training - 	Tokenized reference:  ['Indi@@', 'a', 'is', 'also', 're@@', 'porte@@', 'dly', 'hop@@', 'ing', 'for', 'a', 'de@@', 'al', 'on', 'def@@', 'ence', 'c@@', 'oll@@', 'ab@@', 'or@@', 'ation', 'between', 'the', 'two', 'n@@', 'ations', '.']
2026-05-09 02:57:42,332 - DEBUG - joeynmt.training - 	Tokenized hypothesis: ['in', 'ad@@', 'dition', ',', 'Indi@@', 'a', ',', 'with', 'the', 'same', 're@@', 'ports', 'on', 'the', 'con@@', 'tra@@', 'ct', 'cooperation', 'between', 'the', 'two', 'N@@', 'ations', '.', '</s>']
2026-05-09 02:57:42,333 - INFO - joeynmt.training - 	Source:     Berichten zufolge hofft Indien darüber hinaus auf einen Vertrag zur Verteidigungszusammenarbeit zwischen den beiden Nationen .
2026-05-09 02:57:42,333 - INFO - joeynmt.training - 	Reference:  India is also reportedly hoping for a deal on defence collaboration between the two nations .
2026-05-09 02:57:42,333 - INFO - joeynmt.training - 	Hypothesis: in addition , India , with the same reports on the contract cooperation between the two Nations .
2026-05-09 02:58:00,071 - INFO - joeynmt.training - Epoch   5, Step:    17100, Batch Loss:     1.777051, Batch Acc: 0.495208, Tokens per Sec:     5101, Lr: 0.000300
2026-05-09 02:58:17,549 - INFO - joeynmt.training - Epoch   5, Step:    17200, Batch Loss:     1.917122, Batch Acc: 0.497708, Tokens per Sec:     5193, Lr: 0.000300
2026-05-09 02:58:35,202 - INFO - joeynmt.training - Epoch   5, Step:    17300, Batch Loss:     2.051464, Batch Acc: 0.494276, Tokens per Sec:     5230, Lr: 0.000300
2026-05-09 02:58:52,732 - INFO - joeynmt.training - Epoch   5, Step:    17400, Batch Loss:     2.310359, Batch Acc: 0.495905, Tokens per Sec:     5217, Lr: 0.000300
2026-05-09 02:59:10,130 - INFO - joeynmt.training - Epoch   5, Step:    17500, Batch Loss:     1.887620, Batch Acc: 0.494796, Tokens per Sec:     5363, Lr: 0.000300
2026-05-09 02:59:10,130 - INFO - joeynmt.prediction - Predicting 500 example(s)... (Greedy decoding with min_output_length=1, max_output_length=-1, return_prob='none', generate_unk=True, repetition_penalty=-1, no_repeat_ngram_size=-1)
2026-05-09 02:59:37,431 - INFO - joeynmt.prediction - Evaluation result (greedy) loss:   2.24, ppl:   9.38, acc:   0.43, generation: 27.2970[sec], evaluation: 0.0000[sec]
2026-05-09 02:59:37,433 - INFO - joeynmt.training - Hooray! New best validation result [ppl]!
2026-05-09 02:59:37,522 - INFO - joeynmt.helpers - delete models/deen_transformer_regular/15000.ckpt
2026-05-09 02:59:37,524 - INFO - joeynmt.training - Example #0
2026-05-09 02:59:37,524 - DEBUG - joeynmt.training - 	Tokenized source:     ['die', 'Pre@@', 'mi@@', 'er@@', 'minist@@', 'er', 'Indi@@', 'ens', 'und', 'J@@', 'ap@@', 'ans', 'tra@@', 'fen', 'sich', 'in', 'T@@', 'ok@@', 'i@@', 'o', '.']
2026-05-09 02:59:37,524 - DEBUG - joeynmt.training - 	Tokenized reference:  ['Indi@@', 'a', 'and', 'J@@', 'ap@@', 'an', 'pri@@', 'me', 'minist@@', 'ers', 'me@@', 'et', 'in', 'T@@', 'ok@@', 'y@@', 'o']
2026-05-09 02:59:37,524 - DEBUG - joeynmt.training - 	Tokenized hypothesis: ['the', 'pri@@', 'me', 'minist@@', 'ers', 'of', 'Indi@@', 'a', 'and', 'J@@', 'ap@@', 'an', '.', '</s>']
2026-05-09 02:59:37,524 - INFO - joeynmt.training - 	Source:     die Premierminister Indiens und Japans trafen sich in Tokio .
2026-05-09 02:59:37,524 - INFO - joeynmt.training - 	Reference:  India and Japan prime ministers meet in Tokyo
2026-05-09 02:59:37,524 - INFO - joeynmt.training - 	Hypothesis: the prime ministers of India and Japan .
2026-05-09 02:59:37,524 - INFO - joeynmt.training - Example #1
2026-05-09 02:59:37,525 - DEBUG - joeynmt.training - 	Tokenized source:     ['Indi@@', 'ens', 'neu@@', 'er', 'Pre@@', 'mi@@', 'er@@', 'minist@@', 'er', 'N@@', 'ar@@', 'end@@', 'ra', 'Mo@@', 'd@@', 'i', 'tri@@', 'fft', 'bei', 's@@', 'einem', 'ersten', 'wichti@@', 'gen', 'Aus@@', 'land@@', 's@@', 'bes@@', 'u@@', 'ch', 'seit', 's@@', 'einem', 'W@@', 'ah@@', 'l@@', 'si@@', 'e@@', 'g', 'im', 'Ma@@', 'i', 'seinen', 'j@@', 'ap@@', 'an@@', 'ischen', 'Am@@', 'ts@@', 'k@@', 'olle@@', 'gen', 'S@@', 'hin@@', 'z@@', 'o', 'A@@', 'be', 'in', 'T@@', 'ok@@', 'o', ',', 'um', 'wirtschaf@@', 'tliche', 'und', 'sicher@@', 'heits@@', 'politische', 'Be@@', 'zieh@@', 'ungen', 'zu', 'bes@@', 'pre@@', 'chen', '.']
2026-05-09 02:59:37,525 - DEBUG - joeynmt.training - 	Tokenized reference:  ['Indi@@', 'a', '&apos;s', 'new', 'pri@@', 'me', 'minist@@', 'er', ',', 'N@@', 'ar@@', 'end@@', 'ra', 'Mo@@', 'd@@', 'i', ',', 'is', 'me@@', 'eting', 'his', 'J@@', 'ap@@', 'an@@', 'ese', 'coun@@', 'ter@@', 'part', ',', 'S@@', 'hin@@', 'z@@', 'o', 'A@@', 'be', ',', 'in', 'T@@', 'ok@@', 'y@@', 'o', 'to', 'disc@@', 'uss', 'economic', 'and', 'security', 'ties', ',', 'on', 'his', 'first', 'major', 'fore@@', 'ign', 'visi@@', 't', 'since', 'w@@', 'inn@@', 'ing', 'Ma@@', 'y', '&apos;s', 'elec@@', 'tion', '.']
2026-05-09 02:59:37,525 - DEBUG - joeynmt.training - 	Tokenized hypothesis: ['Indi@@', 'a', '&apos;s', 'pre@@', 'mi@@', 'er', 'Pri@@', 'me', 'Minist@@', 'er', 'N@@', 'ar@@', 'end@@', 'ra', 'Mo@@', 'd@@', 'i', 'tri@@', 'b@@', 'utes', 'to', 'the', 'first', 'sign@@', 'ific@@', 'ant', 'ex@@', 'ec@@', 'ution', 'of', 'the', 'S@@', 'hin@@', 'z@@', 'o', 'A@@', 'be', 'his', 'elec@@', 'ted', 'in', 'the', 'Ma@@', 'y', 'S@@', 'hin@@', 'o', 'A@@', 'be', 'in', 'T@@', 'ok@@', 'o', ',', 'to', 'the', 'economic', 'and', 'saf@@', 'ety', 'policy', 'rel@@', 'ation@@', 'ship', '.', '</s>']
2026-05-09 02:59:37,525 - INFO - joeynmt.training - 	Source:     Indiens neuer Premierminister Narendra Modi trifft bei seinem ersten wichtigen Auslandsbesuch seit seinem Wahlsieg im Mai seinen japanischen Amtskollegen Shinzo Abe in Toko , um wirtschaftliche und sicherheitspolitische Beziehungen zu besprechen .
2026-05-09 02:59:37,525 - INFO - joeynmt.training - 	Reference:  India &apos;s new prime minister , Narendra Modi , is meeting his Japanese counterpart , Shinzo Abe , in Tokyo to discuss economic and security ties , on his first major foreign visit since winning May &apos;s election .
2026-05-09 02:59:37,525 - INFO - joeynmt.training - 	Hypothesis: India &apos;s premier Prime Minister Narendra Modi tributes to the first significant execution of the Shinzo Abe his elected in the May Shino Abe in Toko , to the economic and safety policy relationship .
2026-05-09 02:59:37,525 - INFO - joeynmt.training - Example #2
2026-05-09 02:59:37,525 - DEBUG - joeynmt.training - 	Tokenized source:     ['Herr', 'Mo@@', 'd@@', 'i', 'befindet', 'sich', 'auf', 'einer', 'fü@@', 'n@@', 'f@@', 'tä@@', 'gi@@', 'gen', 'Rei@@', 'se', 'nach', 'J@@', 'ap@@', 'an', ',', 'um', 'die', 'wirtschaf@@', 'tlichen', 'Be@@', 'zieh@@', 'ungen', 'mit', 'der', 'd@@', 'rit@@', 't@@', 'größ@@', 'ten', 'Wirtschafts@@', 'n@@', 'ation', 'der', 'Welt', 'zu', 'fes@@', 'tigen', '.']
2026-05-09 02:59:37,525 - DEBUG - joeynmt.training - 	Tokenized reference:  ['Mr', 'Mo@@', 'd@@', 'i', 'is', 'on', 'a', 'fi@@', 've', '@@@', '-@@', '@', 'day', 'tri@@', 'p', 'to', 'J@@', 'ap@@', 'an', 'to', 'streng@@', 'then', 'economic', 'ties', 'with', 'the', 'third', 'lar@@', 'ges@@', 't', 'econom@@', 'y', 'in', 'the', 'world', '.']
2026-05-09 02:59:37,525 - DEBUG - joeynmt.training - 	Tokenized hypothesis: ['Mr', 'Mo@@', 'd@@', 'i', 'is', 'located', 'on', 'a', 'fi@@', 'f@@', 'th', ',', 'to', 'J@@', 'ap@@', 'an', ',', 'to', 'the', 'economic', 'rel@@', 'ation@@', 'ship', 'with', 'the', 'third', 'b@@', 'ig@@', 'ges@@', 't', 'economic', 'rel@@', 'ation@@', 'ship', 'with', 'the', 'third', 'b@@', 'ig@@', 'ges@@', 't', 'economic', 'rel@@', 'ations', '.', '</s>']
2026-05-09 02:59:37,525 - INFO - joeynmt.training - 	Source:     Herr Modi befindet sich auf einer fünftägigen Reise nach Japan , um die wirtschaftlichen Beziehungen mit der drittgrößten Wirtschaftsnation der Welt zu festigen .
2026-05-09 02:59:37,525 - INFO - joeynmt.training - 	Reference:  Mr Modi is on a five @-@ day trip to Japan to strengthen economic ties with the third largest economy in the world .
2026-05-09 02:59:37,525 - INFO - joeynmt.training - 	Hypothesis: Mr Modi is located on a fifth , to Japan , to the economic relationship with the third biggest economic relationship with the third biggest economic relations .
2026-05-09 02:59:37,525 - INFO - joeynmt.training - Example #3
2026-05-09 02:59:37,525 - DEBUG - joeynmt.training - 	Tokenized source:     ['P@@', 'län@@', 'e', 'für', 'eine', 'stärk@@', 'ere', 'k@@', 'ern@@', 'techn@@', 'ische', 'Zusammenarbeit', 'stehen', 'ganz', 'ob@@', 'en', 'auf', 'der', 'Tag@@', 'es@@', 'ordnung', '.']
2026-05-09 02:59:37,525 - DEBUG - joeynmt.training - 	Tokenized reference:  ['high', 'on', 'the', 'agen@@', 'da', 'are', 'pl@@', 'ans', 'for', 'gre@@', 'ater', 'nu@@', 'clear', 'c@@', 'o', '@@@', '-@@', '@', 'operation', '.']
2026-05-09 02:59:37,525 - DEBUG - joeynmt.training - 	Tokenized hypothesis: ['pl@@', 'ans', 'for', 'more', 'seri@@', 'ous', 'techn@@', 'ical', 'cooperation', 'is', 'based', 'on', 'the', 'agen@@', 'da', '.', '</s>']
2026-05-09 02:59:37,525 - INFO - joeynmt.training - 	Source:     Pläne für eine stärkere kerntechnische Zusammenarbeit stehen ganz oben auf der Tagesordnung .
2026-05-09 02:59:37,525 - INFO - joeynmt.training - 	Reference:  high on the agenda are plans for greater nuclear co @-@ operation .
2026-05-09 02:59:37,525 - INFO - joeynmt.training - 	Hypothesis: plans for more serious technical cooperation is based on the agenda .
2026-05-09 02:59:37,525 - INFO - joeynmt.training - Example #4
2026-05-09 02:59:37,525 - DEBUG - joeynmt.training - 	Tokenized source:     ['Berich@@', 'ten', 'zu@@', 'fol@@', 'ge', 'ho@@', 'fft', 'Indi@@', 'en', 'darüber', 'hinaus', 'auf', 'einen', 'Ver@@', 'trag', 'zur', 'Ver@@', 'tei@@', 'dig@@', 'ungs@@', 'zusammen@@', 'arbeit', 'zwischen', 'den', 'beiden', 'N@@', 'ationen', '.']
2026-05-09 02:59:37,525 - DEBUG - joeynmt.training - 	Tokenized reference:  ['Indi@@', 'a', 'is', 'also', 're@@', 'porte@@', 'dly', 'hop@@', 'ing', 'for', 'a', 'de@@', 'al', 'on', 'def@@', 'ence', 'c@@', 'oll@@', 'ab@@', 'or@@', 'ation', 'between', 'the', 'two', 'n@@', 'ations', '.']
2026-05-09 02:59:37,525 - DEBUG - joeynmt.training - 	Tokenized hypothesis: ['the', 'report', 'also', 'also', 'high@@', 'li@@', 'gh@@', 'ting', 'pro@@', 'mis@@', 'es', 'on', 'the', 'con@@', 'tra@@', 'ct', 'of', 'the', 'two', 'N@@', 'ations', '.', '</s>']
2026-05-09 02:59:37,525 - INFO - joeynmt.training - 	Source:     Berichten zufolge hofft Indien darüber hinaus auf einen Vertrag zur Verteidigungszusammenarbeit zwischen den beiden Nationen .
2026-05-09 02:59:37,525 - INFO - joeynmt.training - 	Reference:  India is also reportedly hoping for a deal on defence collaboration between the two nations .
2026-05-09 02:59:37,526 - INFO - joeynmt.training - 	Hypothesis: the report also also highlighting promises on the contract of the two Nations .
2026-05-09 02:59:55,216 - INFO - joeynmt.training - Epoch   5, Step:    17600, Batch Loss:     1.810986, Batch Acc: 0.497900, Tokens per Sec:     5089, Lr: 0.000300
2026-05-09 03:00:12,988 - INFO - joeynmt.training - Epoch   5, Step:    17700, Batch Loss:     1.964079, Batch Acc: 0.494037, Tokens per Sec:     5124, Lr: 0.000300
2026-05-09 03:00:30,782 - INFO - joeynmt.training - Epoch   5, Step:    17800, Batch Loss:     1.777167, Batch Acc: 0.492331, Tokens per Sec:     5210, Lr: 0.000300
2026-05-09 03:00:48,550 - INFO - joeynmt.training - Epoch   5, Step:    17900, Batch Loss:     1.765756, Batch Acc: 0.496652, Tokens per Sec:     5187, Lr: 0.000300
2026-05-09 03:01:06,446 - INFO - joeynmt.training - Epoch   5, Step:    18000, Batch Loss:     2.000019, Batch Acc: 0.499051, Tokens per Sec:     5125, Lr: 0.000300
2026-05-09 03:01:06,446 - INFO - joeynmt.prediction - Predicting 500 example(s)... (Greedy decoding with min_output_length=1, max_output_length=-1, return_prob='none', generate_unk=True, repetition_penalty=-1, no_repeat_ngram_size=-1)
2026-05-09 03:01:35,811 - INFO - joeynmt.prediction - Evaluation result (greedy) loss:   2.23, ppl:   9.26, acc:   0.43, generation: 29.3603[sec], evaluation: 0.0000[sec]
2026-05-09 03:01:35,813 - INFO - joeynmt.training - Hooray! New best validation result [ppl]!
2026-05-09 03:01:35,902 - INFO - joeynmt.helpers - delete models/deen_transformer_regular/15500.ckpt
2026-05-09 03:01:35,906 - INFO - joeynmt.training - Example #0
2026-05-09 03:01:35,907 - DEBUG - joeynmt.training - 	Tokenized source:     ['die', 'Pre@@', 'mi@@', 'er@@', 'minist@@', 'er', 'Indi@@', 'ens', 'und', 'J@@', 'ap@@', 'ans', 'tra@@', 'fen', 'sich', 'in', 'T@@', 'ok@@', 'i@@', 'o', '.']
2026-05-09 03:01:35,907 - DEBUG - joeynmt.training - 	Tokenized reference:  ['Indi@@', 'a', 'and', 'J@@', 'ap@@', 'an', 'pri@@', 'me', 'minist@@', 'ers', 'me@@', 'et', 'in', 'T@@', 'ok@@', 'y@@', 'o']
2026-05-09 03:01:35,907 - DEBUG - joeynmt.training - 	Tokenized hypothesis: ['the', 'Pri@@', 'me', 'Minist@@', 'er', 'of', 'Indi@@', 'a', 'and', 'J@@', 'ap@@', 'tra@@', 'ff@@', 'ic', '.', '</s>']
2026-05-09 03:01:35,907 - INFO - joeynmt.training - 	Source:     die Premierminister Indiens und Japans trafen sich in Tokio .
2026-05-09 03:01:35,907 - INFO - joeynmt.training - 	Reference:  India and Japan prime ministers meet in Tokyo
2026-05-09 03:01:35,907 - INFO - joeynmt.training - 	Hypothesis: the Prime Minister of India and Japtraffic .
2026-05-09 03:01:35,907 - INFO - joeynmt.training - Example #1
2026-05-09 03:01:35,907 - DEBUG - joeynmt.training - 	Tokenized source:     ['Indi@@', 'ens', 'neu@@', 'er', 'Pre@@', 'mi@@', 'er@@', 'minist@@', 'er', 'N@@', 'ar@@', 'end@@', 'ra', 'Mo@@', 'd@@', 'i', 'tri@@', 'fft', 'bei', 's@@', 'einem', 'ersten', 'wichti@@', 'gen', 'Aus@@', 'land@@', 's@@', 'bes@@', 'u@@', 'ch', 'seit', 's@@', 'einem', 'W@@', 'ah@@', 'l@@', 'si@@', 'e@@', 'g', 'im', 'Ma@@', 'i', 'seinen', 'j@@', 'ap@@', 'an@@', 'ischen', 'Am@@', 'ts@@', 'k@@', 'olle@@', 'gen', 'S@@', 'hin@@', 'z@@', 'o', 'A@@', 'be', 'in', 'T@@', 'ok@@', 'o', ',', 'um', 'wirtschaf@@', 'tliche', 'und', 'sicher@@', 'heits@@', 'politische', 'Be@@', 'zieh@@', 'ungen', 'zu', 'bes@@', 'pre@@', 'chen', '.']
2026-05-09 03:01:35,907 - DEBUG - joeynmt.training - 	Tokenized reference:  ['Indi@@', 'a', '&apos;s', 'new', 'pri@@', 'me', 'minist@@', 'er', ',', 'N@@', 'ar@@', 'end@@', 'ra', 'Mo@@', 'd@@', 'i', ',', 'is', 'me@@', 'eting', 'his', 'J@@', 'ap@@', 'an@@', 'ese', 'coun@@', 'ter@@', 'part', ',', 'S@@', 'hin@@', 'z@@', 'o', 'A@@', 'be', ',', 'in', 'T@@', 'ok@@', 'y@@', 'o', 'to', 'disc@@', 'uss', 'economic', 'and', 'security', 'ties', ',', 'on', 'his', 'first', 'major', 'fore@@', 'ign', 'visi@@', 't', 'since', 'w@@', 'inn@@', 'ing', 'Ma@@', 'y', '&apos;s', 'elec@@', 'tion', '.']
2026-05-09 03:01:35,907 - DEBUG - joeynmt.training - 	Tokenized hypothesis: ['Indi@@', 'a', '&apos;s', 'Pre@@', 'mi@@', 'er', 'N@@', 'ar@@', 'end@@', 'ra', 'Mo@@', 'd@@', 'i', 'T@@', 'ok@@', 'o', ',', 'in', 'his', 'first', 'of', 'the', 'S@@', 'hin@@', 'z@@', 'z@@', 'a', ',', 'since', 'S@@', 'hin@@', 'z@@', 'e@@', 'ch', 'in', 'Ma@@', 'y', 'of', 'his', 'j@@', 'ap@@', 'an@@', 'ese', 'in', 'the', 'Ma@@', 'y', 'of', 'S@@', 'hin@@', 'z@@', 'o', 'A@@', 'be', 'in', 'T@@', 'ok@@', 'o', ',', 'in', 'T@@', 'ok@@', 'o', ',', 'in', 'order', 'to', 'pre@@', 'ser@@', 've', 'economic', 'and', 'saf@@', 'ety', '.', '</s>']
2026-05-09 03:01:35,907 - INFO - joeynmt.training - 	Source:     Indiens neuer Premierminister Narendra Modi trifft bei seinem ersten wichtigen Auslandsbesuch seit seinem Wahlsieg im Mai seinen japanischen Amtskollegen Shinzo Abe in Toko , um wirtschaftliche und sicherheitspolitische Beziehungen zu besprechen .
2026-05-09 03:01:35,907 - INFO - joeynmt.training - 	Reference:  India &apos;s new prime minister , Narendra Modi , is meeting his Japanese counterpart , Shinzo Abe , in Tokyo to discuss economic and security ties , on his first major foreign visit since winning May &apos;s election .
2026-05-09 03:01:35,907 - INFO - joeynmt.training - 	Hypothesis: India &apos;s Premier Narendra Modi Toko , in his first of the Shinzza , since Shinzech in May of his japanese in the May of Shinzo Abe in Toko , in Toko , in order to preserve economic and safety .
2026-05-09 03:01:35,907 - INFO - joeynmt.training - Example #2
2026-05-09 03:01:35,907 - DEBUG - joeynmt.training - 	Tokenized source:     ['Herr', 'Mo@@', 'd@@', 'i', 'befindet', 'sich', 'auf', 'einer', 'fü@@', 'n@@', 'f@@', 'tä@@', 'gi@@', 'gen', 'Rei@@', 'se', 'nach', 'J@@', 'ap@@', 'an', ',', 'um', 'die', 'wirtschaf@@', 'tlichen', 'Be@@', 'zieh@@', 'ungen', 'mit', 'der', 'd@@', 'rit@@', 't@@', 'größ@@', 'ten', 'Wirtschafts@@', 'n@@', 'ation', 'der', 'Welt', 'zu', 'fes@@', 'tigen', '.']
2026-05-09 03:01:35,907 - DEBUG - joeynmt.training - 	Tokenized reference:  ['Mr', 'Mo@@', 'd@@', 'i', 'is', 'on', 'a', 'fi@@', 've', '@@@', '-@@', '@', 'day', 'tri@@', 'p', 'to', 'J@@', 'ap@@', 'an', 'to', 'streng@@', 'then', 'economic', 'ties', 'with', 'the', 'third', 'lar@@', 'ges@@', 't', 'econom@@', 'y', 'in', 'the', 'world', '.']
2026-05-09 03:01:35,907 - DEBUG - joeynmt.training - 	Tokenized hypothesis: ['Mr', 'Mo@@', 'd@@', 'i', 'is', 'based', 'on', 'a', 'fi@@', 'f@@', 'th', ',', 'the', 'mo@@', 'del', 'of', 'J@@', 'ap@@', 'an', ',', 'to', 'J@@', 'ap@@', 'an', ',', 'to', 'the', 'economic', 'rel@@', 'ations', 'with', 'the', 'third', 'economic', 'rel@@', 'ations', '.', '</s>']
2026-05-09 03:01:35,907 - INFO - joeynmt.training - 	Source:     Herr Modi befindet sich auf einer fünftägigen Reise nach Japan , um die wirtschaftlichen Beziehungen mit der drittgrößten Wirtschaftsnation der Welt zu festigen .
2026-05-09 03:01:35,907 - INFO - joeynmt.training - 	Reference:  Mr Modi is on a five @-@ day trip to Japan to strengthen economic ties with the third largest economy in the world .
2026-05-09 03:01:35,907 - INFO - joeynmt.training - 	Hypothesis: Mr Modi is based on a fifth , the model of Japan , to Japan , to the economic relations with the third economic relations .
2026-05-09 03:01:35,907 - INFO - joeynmt.training - Example #3
2026-05-09 03:01:35,907 - DEBUG - joeynmt.training - 	Tokenized source:     ['P@@', 'län@@', 'e', 'für', 'eine', 'stärk@@', 'ere', 'k@@', 'ern@@', 'techn@@', 'ische', 'Zusammenarbeit', 'stehen', 'ganz', 'ob@@', 'en', 'auf', 'der', 'Tag@@', 'es@@', 'ordnung', '.']
2026-05-09 03:01:35,907 - DEBUG - joeynmt.training - 	Tokenized reference:  ['high', 'on', 'the', 'agen@@', 'da', 'are', 'pl@@', 'ans', 'for', 'gre@@', 'ater', 'nu@@', 'clear', 'c@@', 'o', '@@@', '-@@', '@', 'operation', '.']
2026-05-09 03:01:35,907 - DEBUG - joeynmt.training - 	Tokenized hypothesis: ['pl@@', 'ans', 'for', 'more', 'seri@@', 'ous', 'techn@@', 'ical', 'cooperation', 'are', 'on', 'the', 'agen@@', 'da', '.', '</s>']
2026-05-09 03:01:35,908 - INFO - joeynmt.training - 	Source:     Pläne für eine stärkere kerntechnische Zusammenarbeit stehen ganz oben auf der Tagesordnung .
2026-05-09 03:01:35,908 - INFO - joeynmt.training - 	Reference:  high on the agenda are plans for greater nuclear co @-@ operation .
2026-05-09 03:01:35,908 - INFO - joeynmt.training - 	Hypothesis: plans for more serious technical cooperation are on the agenda .
2026-05-09 03:01:35,908 - INFO - joeynmt.training - Example #4
2026-05-09 03:01:35,908 - DEBUG - joeynmt.training - 	Tokenized source:     ['Berich@@', 'ten', 'zu@@', 'fol@@', 'ge', 'ho@@', 'fft', 'Indi@@', 'en', 'darüber', 'hinaus', 'auf', 'einen', 'Ver@@', 'trag', 'zur', 'Ver@@', 'tei@@', 'dig@@', 'ungs@@', 'zusammen@@', 'arbeit', 'zwischen', 'den', 'beiden', 'N@@', 'ationen', '.']
2026-05-09 03:01:35,908 - DEBUG - joeynmt.training - 	Tokenized reference:  ['Indi@@', 'a', 'is', 'also', 're@@', 'porte@@', 'dly', 'hop@@', 'ing', 'for', 'a', 'de@@', 'al', 'on', 'def@@', 'ence', 'c@@', 'oll@@', 'ab@@', 'or@@', 'ation', 'between', 'the', 'two', 'n@@', 'ations', '.']
2026-05-09 03:01:35,908 - DEBUG - joeynmt.training - 	Tokenized hypothesis: ['in', 'ad@@', 'dition', ',', 'the', 're@@', 'ports', ',', 'in', 'ad@@', 'dition', 'to', 'the', 'Tre@@', 'aty', 'on', 'the', 'con@@', 'tra@@', 'ct', 'of', 'the', 'two', 'N@@', 'ations', '.', '</s>']
2026-05-09 03:01:35,908 - INFO - joeynmt.training - 	Source:     Berichten zufolge hofft Indien darüber hinaus auf einen Vertrag zur Verteidigungszusammenarbeit zwischen den beiden Nationen .
2026-05-09 03:01:35,908 - INFO - joeynmt.training - 	Reference:  India is also reportedly hoping for a deal on defence collaboration between the two nations .
2026-05-09 03:01:35,908 - INFO - joeynmt.training - 	Hypothesis: in addition , the reports , in addition to the Treaty on the contract of the two Nations .
2026-05-09 03:01:53,815 - INFO - joeynmt.training - Epoch   5, Step:    18100, Batch Loss:     1.870388, Batch Acc: 0.492436, Tokens per Sec:     5074, Lr: 0.000300
2026-05-09 03:02:11,761 - INFO - joeynmt.training - Epoch   5, Step:    18200, Batch Loss:     1.819842, Batch Acc: 0.498265, Tokens per Sec:     5076, Lr: 0.000300
2026-05-09 03:02:29,629 - INFO - joeynmt.training - Epoch   5, Step:    18300, Batch Loss:     1.989185, Batch Acc: 0.487269, Tokens per Sec:     5166, Lr: 0.000300
2026-05-09 03:02:47,458 - INFO - joeynmt.training - Epoch   5, Step:    18400, Batch Loss:     2.077417, Batch Acc: 0.487922, Tokens per Sec:     5164, Lr: 0.000300
2026-05-09 03:03:05,340 - INFO - joeynmt.training - Epoch   5, Step:    18500, Batch Loss:     1.858328, Batch Acc: 0.490175, Tokens per Sec:     5214, Lr: 0.000300
2026-05-09 03:03:05,341 - INFO - joeynmt.prediction - Predicting 500 example(s)... (Greedy decoding with min_output_length=1, max_output_length=-1, return_prob='none', generate_unk=True, repetition_penalty=-1, no_repeat_ngram_size=-1)
2026-05-09 03:03:36,126 - INFO - joeynmt.prediction - Evaluation result (greedy) loss:   2.23, ppl:   9.29, acc:   0.43, generation: 30.7810[sec], evaluation: 0.0000[sec]
2026-05-09 03:03:36,215 - INFO - joeynmt.helpers - delete models/deen_transformer_regular/16500.ckpt
2026-05-09 03:03:36,219 - INFO - joeynmt.training - Example #0
2026-05-09 03:03:36,219 - DEBUG - joeynmt.training - 	Tokenized source:     ['die', 'Pre@@', 'mi@@', 'er@@', 'minist@@', 'er', 'Indi@@', 'ens', 'und', 'J@@', 'ap@@', 'ans', 'tra@@', 'fen', 'sich', 'in', 'T@@', 'ok@@', 'i@@', 'o', '.']
2026-05-09 03:03:36,220 - DEBUG - joeynmt.training - 	Tokenized reference:  ['Indi@@', 'a', 'and', 'J@@', 'ap@@', 'an', 'pri@@', 'me', 'minist@@', 'ers', 'me@@', 'et', 'in', 'T@@', 'ok@@', 'y@@', 'o']
2026-05-09 03:03:36,220 - DEBUG - joeynmt.training - 	Tokenized hypothesis: ['the', 'pri@@', 'me', 'minist@@', 'er', 'Indi@@', 'a', 'and', 'J@@', 'ap@@', 'an', '.', '</s>']
2026-05-09 03:03:36,220 - INFO - joeynmt.training - 	Source:     die Premierminister Indiens und Japans trafen sich in Tokio .
2026-05-09 03:03:36,220 - INFO - joeynmt.training - 	Reference:  India and Japan prime ministers meet in Tokyo
2026-05-09 03:03:36,220 - INFO - joeynmt.training - 	Hypothesis: the prime minister India and Japan .
2026-05-09 03:03:36,220 - INFO - joeynmt.training - Example #1
2026-05-09 03:03:36,220 - DEBUG - joeynmt.training - 	Tokenized source:     ['Indi@@', 'ens', 'neu@@', 'er', 'Pre@@', 'mi@@', 'er@@', 'minist@@', 'er', 'N@@', 'ar@@', 'end@@', 'ra', 'Mo@@', 'd@@', 'i', 'tri@@', 'fft', 'bei', 's@@', 'einem', 'ersten', 'wichti@@', 'gen', 'Aus@@', 'land@@', 's@@', 'bes@@', 'u@@', 'ch', 'seit', 's@@', 'einem', 'W@@', 'ah@@', 'l@@', 'si@@', 'e@@', 'g', 'im', 'Ma@@', 'i', 'seinen', 'j@@', 'ap@@', 'an@@', 'ischen', 'Am@@', 'ts@@', 'k@@', 'olle@@', 'gen', 'S@@', 'hin@@', 'z@@', 'o', 'A@@', 'be', 'in', 'T@@', 'ok@@', 'o', ',', 'um', 'wirtschaf@@', 'tliche', 'und', 'sicher@@', 'heits@@', 'politische', 'Be@@', 'zieh@@', 'ungen', 'zu', 'bes@@', 'pre@@', 'chen', '.']
2026-05-09 03:03:36,220 - DEBUG - joeynmt.training - 	Tokenized reference:  ['Indi@@', 'a', '&apos;s', 'new', 'pri@@', 'me', 'minist@@', 'er', ',', 'N@@', 'ar@@', 'end@@', 'ra', 'Mo@@', 'd@@', 'i', ',', 'is', 'me@@', 'eting', 'his', 'J@@', 'ap@@', 'an@@', 'ese', 'coun@@', 'ter@@', 'part', ',', 'S@@', 'hin@@', 'z@@', 'o', 'A@@', 'be', ',', 'in', 'T@@', 'ok@@', 'y@@', 'o', 'to', 'disc@@', 'uss', 'economic', 'and', 'security', 'ties', ',', 'on', 'his', 'first', 'major', 'fore@@', 'ign', 'visi@@', 't', 'since', 'w@@', 'inn@@', 'ing', 'Ma@@', 'y', '&apos;s', 'elec@@', 'tion', '.']
2026-05-09 03:03:36,220 - DEBUG - joeynmt.training - 	Tokenized hypothesis: ['Indi@@', 'a', '&apos;s', 'lat@@', 'est', 'Pri@@', 'me', 'Minist@@', 'er', 'N@@', 'ar@@', 'end@@', 'ra', 'Mo@@', 'd@@', 'i', ',', 'a', 'first', 'important', 'ex@@', 'tra@@', 'ordin@@', 'ary', ',', 'in', 'his', 'first', 'important', 'ex@@', 'tra@@', 'ordin@@', 'ary', 'elec@@', 'tion', 'of', 'S@@', 'hin@@', 'z@@', 'o', 'A@@', 'be', 'in', 'the', 'Ma@@', 'y', 'of', 'S@@', 'hin@@', 'z@@', 'o', 'A@@', 'be', 'in', 'T@@', 'ok@@', 'o', ',', 'to', 'the', 'economic', 'and', 'saf@@', 'ety', 'and', 'saf@@', 'ety', 'political', 'rel@@', 'ations', '.', '</s>']
2026-05-09 03:03:36,220 - INFO - joeynmt.training - 	Source:     Indiens neuer Premierminister Narendra Modi trifft bei seinem ersten wichtigen Auslandsbesuch seit seinem Wahlsieg im Mai seinen japanischen Amtskollegen Shinzo Abe in Toko , um wirtschaftliche und sicherheitspolitische Beziehungen zu besprechen .
2026-05-09 03:03:36,220 - INFO - joeynmt.training - 	Reference:  India &apos;s new prime minister , Narendra Modi , is meeting his Japanese counterpart , Shinzo Abe , in Tokyo to discuss economic and security ties , on his first major foreign visit since winning May &apos;s election .
2026-05-09 03:03:36,220 - INFO - joeynmt.training - 	Hypothesis: India &apos;s latest Prime Minister Narendra Modi , a first important extraordinary , in his first important extraordinary election of Shinzo Abe in the May of Shinzo Abe in Toko , to the economic and safety and safety political relations .
2026-05-09 03:03:36,220 - INFO - joeynmt.training - Example #2
2026-05-09 03:03:36,220 - DEBUG - joeynmt.training - 	Tokenized source:     ['Herr', 'Mo@@', 'd@@', 'i', 'befindet', 'sich', 'auf', 'einer', 'fü@@', 'n@@', 'f@@', 'tä@@', 'gi@@', 'gen', 'Rei@@', 'se', 'nach', 'J@@', 'ap@@', 'an', ',', 'um', 'die', 'wirtschaf@@', 'tlichen', 'Be@@', 'zieh@@', 'ungen', 'mit', 'der', 'd@@', 'rit@@', 't@@', 'größ@@', 'ten', 'Wirtschafts@@', 'n@@', 'ation', 'der', 'Welt', 'zu', 'fes@@', 'tigen', '.']
2026-05-09 03:03:36,220 - DEBUG - joeynmt.training - 	Tokenized reference:  ['Mr', 'Mo@@', 'd@@', 'i', 'is', 'on', 'a', 'fi@@', 've', '@@@', '-@@', '@', 'day', 'tri@@', 'p', 'to', 'J@@', 'ap@@', 'an', 'to', 'streng@@', 'then', 'economic', 'ties', 'with', 'the', 'third', 'lar@@', 'ges@@', 't', 'econom@@', 'y', 'in', 'the', 'world', '.']
2026-05-09 03:03:36,220 - DEBUG - joeynmt.training - 	Tokenized hypothesis: ['Mr', 'Mo@@', 'd@@', 'i', 'is', 'located', 'on', 'a', 'fi@@', 'f@@', 'te@@', 'en', 'for', 'J@@', 'ap@@', 'an', ',', 'to', 'the', 'economic', 'rel@@', 'ations', 'with', 'the', 'third', 'lar@@', 'ges@@', 't', 'economic', 'rel@@', 'ations', 'with', 'the', 'third', 'lar@@', 'ges@@', 't', 'economic', 'rel@@', 'ations', '.', '</s>']
2026-05-09 03:03:36,220 - INFO - joeynmt.training - 	Source:     Herr Modi befindet sich auf einer fünftägigen Reise nach Japan , um die wirtschaftlichen Beziehungen mit der drittgrößten Wirtschaftsnation der Welt zu festigen .
2026-05-09 03:03:36,220 - INFO - joeynmt.training - 	Reference:  Mr Modi is on a five @-@ day trip to Japan to strengthen economic ties with the third largest economy in the world .
2026-05-09 03:03:36,220 - INFO - joeynmt.training - 	Hypothesis: Mr Modi is located on a fifteen for Japan , to the economic relations with the third largest economic relations with the third largest economic relations .
2026-05-09 03:03:36,220 - INFO - joeynmt.training - Example #3
2026-05-09 03:03:36,220 - DEBUG - joeynmt.training - 	Tokenized source:     ['P@@', 'län@@', 'e', 'für', 'eine', 'stärk@@', 'ere', 'k@@', 'ern@@', 'techn@@', 'ische', 'Zusammenarbeit', 'stehen', 'ganz', 'ob@@', 'en', 'auf', 'der', 'Tag@@', 'es@@', 'ordnung', '.']
2026-05-09 03:03:36,220 - DEBUG - joeynmt.training - 	Tokenized reference:  ['high', 'on', 'the', 'agen@@', 'da', 'are', 'pl@@', 'ans', 'for', 'gre@@', 'ater', 'nu@@', 'clear', 'c@@', 'o', '@@@', '-@@', '@', 'operation', '.']
2026-05-09 03:03:36,220 - DEBUG - joeynmt.training - 	Tokenized hypothesis: ['pl@@', 'ans', 'for', 'more', 'than', 'the', 'agen@@', 'da', ',', 'the', 'agen@@', 'da', 'is', 'a', 'very', 'important', 'agen@@', 'da', '.', '</s>']
2026-05-09 03:03:36,220 - INFO - joeynmt.training - 	Source:     Pläne für eine stärkere kerntechnische Zusammenarbeit stehen ganz oben auf der Tagesordnung .
2026-05-09 03:03:36,220 - INFO - joeynmt.training - 	Reference:  high on the agenda are plans for greater nuclear co @-@ operation .
2026-05-09 03:03:36,221 - INFO - joeynmt.training - 	Hypothesis: plans for more than the agenda , the agenda is a very important agenda .
2026-05-09 03:03:36,221 - INFO - joeynmt.training - Example #4
2026-05-09 03:03:36,221 - DEBUG - joeynmt.training - 	Tokenized source:     ['Berich@@', 'ten', 'zu@@', 'fol@@', 'ge', 'ho@@', 'fft', 'Indi@@', 'en', 'darüber', 'hinaus', 'auf', 'einen', 'Ver@@', 'trag', 'zur', 'Ver@@', 'tei@@', 'dig@@', 'ungs@@', 'zusammen@@', 'arbeit', 'zwischen', 'den', 'beiden', 'N@@', 'ationen', '.']
2026-05-09 03:03:36,221 - DEBUG - joeynmt.training - 	Tokenized reference:  ['Indi@@', 'a', 'is', 'also', 're@@', 'porte@@', 'dly', 'hop@@', 'ing', 'for', 'a', 'de@@', 'al', 'on', 'def@@', 'ence', 'c@@', 'oll@@', 'ab@@', 'or@@', 'ation', 'between', 'the', 'two', 'n@@', 'ations', '.']
2026-05-09 03:03:36,221 - DEBUG - joeynmt.training - 	Tokenized hypothesis: ['in', 'ad@@', 'dition', ',', 'the', 're@@', 'ports', ',', 'the', 'other', 're@@', 'ports', 'on', 'the', 'con@@', 'tra@@', 'ct', 'of', 'cooperation', 'between', 'the', 'two', 'N@@', 'ations', '.', '</s>']
2026-05-09 03:03:36,221 - INFO - joeynmt.training - 	Source:     Berichten zufolge hofft Indien darüber hinaus auf einen Vertrag zur Verteidigungszusammenarbeit zwischen den beiden Nationen .
2026-05-09 03:03:36,221 - INFO - joeynmt.training - 	Reference:  India is also reportedly hoping for a deal on defence collaboration between the two nations .
2026-05-09 03:03:36,221 - INFO - joeynmt.training - 	Hypothesis: in addition , the reports , the other reports on the contract of cooperation between the two Nations .
2026-05-09 03:03:54,184 - INFO - joeynmt.training - Epoch   5, Step:    18600, Batch Loss:     1.751320, Batch Acc: 0.493790, Tokens per Sec:     5088, Lr: 0.000300
2026-05-09 03:04:12,251 - INFO - joeynmt.training - Epoch   5, Step:    18700, Batch Loss:     1.800086, Batch Acc: 0.493926, Tokens per Sec:     5035, Lr: 0.000300
2026-05-09 03:04:30,034 - INFO - joeynmt.training - Epoch   5, Step:    18800, Batch Loss:     1.775231, Batch Acc: 0.497198, Tokens per Sec:     5148, Lr: 0.000300
2026-05-09 03:04:47,572 - INFO - joeynmt.training - Epoch   5, Step:    18900, Batch Loss:     1.877417, Batch Acc: 0.491337, Tokens per Sec:     5368, Lr: 0.000300
2026-05-09 03:05:05,336 - INFO - joeynmt.training - Epoch   5, Step:    19000, Batch Loss:     1.819758, Batch Acc: 0.493174, Tokens per Sec:     5088, Lr: 0.000300
2026-05-09 03:05:05,336 - INFO - joeynmt.prediction - Predicting 500 example(s)... (Greedy decoding with min_output_length=1, max_output_length=-1, return_prob='none', generate_unk=True, repetition_penalty=-1, no_repeat_ngram_size=-1)
2026-05-09 03:05:33,423 - INFO - joeynmt.prediction - Evaluation result (greedy) loss:   2.22, ppl:   9.18, acc:   0.43, generation: 28.0817[sec], evaluation: 0.0000[sec]
2026-05-09 03:05:33,425 - INFO - joeynmt.training - Hooray! New best validation result [ppl]!
2026-05-09 03:05:33,513 - INFO - joeynmt.helpers - delete models/deen_transformer_regular/16000.ckpt
2026-05-09 03:05:33,515 - INFO - joeynmt.training - Example #0
2026-05-09 03:05:33,515 - DEBUG - joeynmt.training - 	Tokenized source:     ['die', 'Pre@@', 'mi@@', 'er@@', 'minist@@', 'er', 'Indi@@', 'ens', 'und', 'J@@', 'ap@@', 'ans', 'tra@@', 'fen', 'sich', 'in', 'T@@', 'ok@@', 'i@@', 'o', '.']
2026-05-09 03:05:33,515 - DEBUG - joeynmt.training - 	Tokenized reference:  ['Indi@@', 'a', 'and', 'J@@', 'ap@@', 'an', 'pri@@', 'me', 'minist@@', 'ers', 'me@@', 'et', 'in', 'T@@', 'ok@@', 'y@@', 'o']
2026-05-09 03:05:33,515 - DEBUG - joeynmt.training - 	Tokenized hypothesis: ['the', 'pri@@', 'me', 'minist@@', 'er', 'Indi@@', 'a', 'and', 'J@@', 'ap@@', 'an', ',', 'the', 'Pri@@', 'me', 'Minist@@', 'er', 'of', 'Indi@@', 'a', 'and', 'J@@', 'ap@@', 'an', '.', '</s>']
2026-05-09 03:05:33,515 - INFO - joeynmt.training - 	Source:     die Premierminister Indiens und Japans trafen sich in Tokio .
2026-05-09 03:05:33,515 - INFO - joeynmt.training - 	Reference:  India and Japan prime ministers meet in Tokyo
2026-05-09 03:05:33,515 - INFO - joeynmt.training - 	Hypothesis: the prime minister India and Japan , the Prime Minister of India and Japan .
2026-05-09 03:05:33,515 - INFO - joeynmt.training - Example #1
2026-05-09 03:05:33,515 - DEBUG - joeynmt.training - 	Tokenized source:     ['Indi@@', 'ens', 'neu@@', 'er', 'Pre@@', 'mi@@', 'er@@', 'minist@@', 'er', 'N@@', 'ar@@', 'end@@', 'ra', 'Mo@@', 'd@@', 'i', 'tri@@', 'fft', 'bei', 's@@', 'einem', 'ersten', 'wichti@@', 'gen', 'Aus@@', 'land@@', 's@@', 'bes@@', 'u@@', 'ch', 'seit', 's@@', 'einem', 'W@@', 'ah@@', 'l@@', 'si@@', 'e@@', 'g', 'im', 'Ma@@', 'i', 'seinen', 'j@@', 'ap@@', 'an@@', 'ischen', 'Am@@', 'ts@@', 'k@@', 'olle@@', 'gen', 'S@@', 'hin@@', 'z@@', 'o', 'A@@', 'be', 'in', 'T@@', 'ok@@', 'o', ',', 'um', 'wirtschaf@@', 'tliche', 'und', 'sicher@@', 'heits@@', 'politische', 'Be@@', 'zieh@@', 'ungen', 'zu', 'bes@@', 'pre@@', 'chen', '.']
2026-05-09 03:05:33,515 - DEBUG - joeynmt.training - 	Tokenized reference:  ['Indi@@', 'a', '&apos;s', 'new', 'pri@@', 'me', 'minist@@', 'er', ',', 'N@@', 'ar@@', 'end@@', 'ra', 'Mo@@', 'd@@', 'i', ',', 'is', 'me@@', 'eting', 'his', 'J@@', 'ap@@', 'an@@', 'ese', 'coun@@', 'ter@@', 'part', ',', 'S@@', 'hin@@', 'z@@', 'o', 'A@@', 'be', ',', 'in', 'T@@', 'ok@@', 'y@@', 'o', 'to', 'disc@@', 'uss', 'economic', 'and', 'security', 'ties', ',', 'on', 'his', 'first', 'major', 'fore@@', 'ign', 'visi@@', 't', 'since', 'w@@', 'inn@@', 'ing', 'Ma@@', 'y', '&apos;s', 'elec@@', 'tion', '.']
2026-05-09 03:05:33,515 - DEBUG - joeynmt.training - 	Tokenized hypothesis: ['Indi@@', 'a', '&apos;s', 'pre@@', 'mi@@', 'er', 'Pri@@', 'me', 'Minist@@', 'er', 'N@@', 'ar@@', 'end@@', 'ra', 'Mo@@', 'd@@', 'i', 'tri@@', 'g@@', 'ger', ',', 'in', 'his', 'first', 'important', 'ex@@', 'tra@@', 'ordin@@', 'ary', 'colle@@', 'ag@@', 'u@@', 'es', ',', 'in', 'the', 'Ma@@', 'y', 'of', 'his', 'J@@', 'ap@@', 'an@@', 'ese', ',', 'and', 'the', 'S@@', 'ec@@', 'urity', 'political', 'rel@@', 'ations', '.', '</s>']
2026-05-09 03:05:33,515 - INFO - joeynmt.training - 	Source:     Indiens neuer Premierminister Narendra Modi trifft bei seinem ersten wichtigen Auslandsbesuch seit seinem Wahlsieg im Mai seinen japanischen Amtskollegen Shinzo Abe in Toko , um wirtschaftliche und sicherheitspolitische Beziehungen zu besprechen .
2026-05-09 03:05:33,515 - INFO - joeynmt.training - 	Reference:  India &apos;s new prime minister , Narendra Modi , is meeting his Japanese counterpart , Shinzo Abe , in Tokyo to discuss economic and security ties , on his first major foreign visit since winning May &apos;s election .
2026-05-09 03:05:33,516 - INFO - joeynmt.training - 	Hypothesis: India &apos;s premier Prime Minister Narendra Modi trigger , in his first important extraordinary colleagues , in the May of his Japanese , and the Security political relations .
2026-05-09 03:05:33,516 - INFO - joeynmt.training - Example #2
2026-05-09 03:05:33,516 - DEBUG - joeynmt.training - 	Tokenized source:     ['Herr', 'Mo@@', 'd@@', 'i', 'befindet', 'sich', 'auf', 'einer', 'fü@@', 'n@@', 'f@@', 'tä@@', 'gi@@', 'gen', 'Rei@@', 'se', 'nach', 'J@@', 'ap@@', 'an', ',', 'um', 'die', 'wirtschaf@@', 'tlichen', 'Be@@', 'zieh@@', 'ungen', 'mit', 'der', 'd@@', 'rit@@', 't@@', 'größ@@', 'ten', 'Wirtschafts@@', 'n@@', 'ation', 'der', 'Welt', 'zu', 'fes@@', 'tigen', '.']
2026-05-09 03:05:33,516 - DEBUG - joeynmt.training - 	Tokenized reference:  ['Mr', 'Mo@@', 'd@@', 'i', 'is', 'on', 'a', 'fi@@', 've', '@@@', '-@@', '@', 'day', 'tri@@', 'p', 'to', 'J@@', 'ap@@', 'an', 'to', 'streng@@', 'then', 'economic', 'ties', 'with', 'the', 'third', 'lar@@', 'ges@@', 't', 'econom@@', 'y', 'in', 'the', 'world', '.']
2026-05-09 03:05:33,516 - DEBUG - joeynmt.training - 	Tokenized hypothesis: ['Mr', 'Mo@@', 'd@@', 'i', 'is', 'located', 'on', 'a', 'fi@@', 'f@@', 'ty', ',', 'the', 'J@@', 'ap@@', 'an', ',', 'to', 'J@@', 'ap@@', 'an', ',', 'to', 'the', 'economic', 'rel@@', 'ations', 'with', 'the', 'third', 'lar@@', 'ges@@', 't', 'economic', 'rel@@', 'ations', 'with', 'the', 'third', 'of', 'the', 'world', '.', '</s>']
2026-05-09 03:05:33,516 - INFO - joeynmt.training - 	Source:     Herr Modi befindet sich auf einer fünftägigen Reise nach Japan , um die wirtschaftlichen Beziehungen mit der drittgrößten Wirtschaftsnation der Welt zu festigen .
2026-05-09 03:05:33,516 - INFO - joeynmt.training - 	Reference:  Mr Modi is on a five @-@ day trip to Japan to strengthen economic ties with the third largest economy in the world .
2026-05-09 03:05:33,516 - INFO - joeynmt.training - 	Hypothesis: Mr Modi is located on a fifty , the Japan , to Japan , to the economic relations with the third largest economic relations with the third of the world .
2026-05-09 03:05:33,516 - INFO - joeynmt.training - Example #3
2026-05-09 03:05:33,516 - DEBUG - joeynmt.training - 	Tokenized source:     ['P@@', 'län@@', 'e', 'für', 'eine', 'stärk@@', 'ere', 'k@@', 'ern@@', 'techn@@', 'ische', 'Zusammenarbeit', 'stehen', 'ganz', 'ob@@', 'en', 'auf', 'der', 'Tag@@', 'es@@', 'ordnung', '.']
2026-05-09 03:05:33,516 - DEBUG - joeynmt.training - 	Tokenized reference:  ['high', 'on', 'the', 'agen@@', 'da', 'are', 'pl@@', 'ans', 'for', 'gre@@', 'ater', 'nu@@', 'clear', 'c@@', 'o', '@@@', '-@@', '@', 'operation', '.']
2026-05-09 03:05:33,516 - DEBUG - joeynmt.training - 	Tokenized hypothesis: ['pl@@', 'ans', 'for', 'more', 'more', 'seri@@', 'ous', 'techn@@', 'ical', 'cooperation', 'are', 'concer@@', 'ned', 'on', 'the', 'agen@@', 'da', '.', '</s>']
2026-05-09 03:05:33,516 - INFO - joeynmt.training - 	Source:     Pläne für eine stärkere kerntechnische Zusammenarbeit stehen ganz oben auf der Tagesordnung .
2026-05-09 03:05:33,516 - INFO - joeynmt.training - 	Reference:  high on the agenda are plans for greater nuclear co @-@ operation .
2026-05-09 03:05:33,516 - INFO - joeynmt.training - 	Hypothesis: plans for more more serious technical cooperation are concerned on the agenda .
2026-05-09 03:05:33,516 - INFO - joeynmt.training - Example #4
2026-05-09 03:05:33,516 - DEBUG - joeynmt.training - 	Tokenized source:     ['Berich@@', 'ten', 'zu@@', 'fol@@', 'ge', 'ho@@', 'fft', 'Indi@@', 'en', 'darüber', 'hinaus', 'auf', 'einen', 'Ver@@', 'trag', 'zur', 'Ver@@', 'tei@@', 'dig@@', 'ungs@@', 'zusammen@@', 'arbeit', 'zwischen', 'den', 'beiden', 'N@@', 'ationen', '.']
2026-05-09 03:05:33,516 - DEBUG - joeynmt.training - 	Tokenized reference:  ['Indi@@', 'a', 'is', 'also', 're@@', 'porte@@', 'dly', 'hop@@', 'ing', 'for', 'a', 'de@@', 'al', 'on', 'def@@', 'ence', 'c@@', 'oll@@', 'ab@@', 'or@@', 'ation', 'between', 'the', 'two', 'n@@', 'ations', '.']
2026-05-09 03:05:33,516 - DEBUG - joeynmt.training - 	Tokenized hypothesis: ['in', 'ad@@', 'dition', ',', 'Indi@@', 'a', ',', 'the', 'Indi@@', 'a', 'is', 'also', 'the', 'same', 'on', 'the', 'def@@', 'ence', 'cooperation', 'between', 'the', 'two', 'N@@', 'ations', '.', '</s>']
2026-05-09 03:05:33,516 - INFO - joeynmt.training - 	Source:     Berichten zufolge hofft Indien darüber hinaus auf einen Vertrag zur Verteidigungszusammenarbeit zwischen den beiden Nationen .
2026-05-09 03:05:33,516 - INFO - joeynmt.training - 	Reference:  India is also reportedly hoping for a deal on defence collaboration between the two nations .
2026-05-09 03:05:33,516 - INFO - joeynmt.training - 	Hypothesis: in addition , India , the India is also the same on the defence cooperation between the two Nations .
2026-05-09 03:05:51,249 - INFO - joeynmt.training - Epoch   5, Step:    19100, Batch Loss:     1.592606, Batch Acc: 0.496387, Tokens per Sec:     5116, Lr: 0.000300
2026-05-09 03:06:08,765 - INFO - joeynmt.training - Epoch   5, Step:    19200, Batch Loss:     1.629048, Batch Acc: 0.499480, Tokens per Sec:     5215, Lr: 0.000300
2026-05-09 03:06:26,236 - INFO - joeynmt.training - Epoch   5, Step:    19300, Batch Loss:     1.752566, Batch Acc: 0.493235, Tokens per Sec:     5208, Lr: 0.000300
2026-05-09 03:06:43,916 - INFO - joeynmt.training - Epoch   5, Step:    19400, Batch Loss:     2.015203, Batch Acc: 0.494573, Tokens per Sec:     5143, Lr: 0.000300
2026-05-09 03:07:01,654 - INFO - joeynmt.training - Epoch   5, Step:    19500, Batch Loss:     1.762670, Batch Acc: 0.497658, Tokens per Sec:     5210, Lr: 0.000300
2026-05-09 03:07:01,654 - INFO - joeynmt.prediction - Predicting 500 example(s)... (Greedy decoding with min_output_length=1, max_output_length=-1, return_prob='none', generate_unk=True, repetition_penalty=-1, no_repeat_ngram_size=-1)
2026-05-09 03:07:30,634 - INFO - joeynmt.prediction - Evaluation result (greedy) loss:   2.19, ppl:   8.96, acc:   0.43, generation: 28.9747[sec], evaluation: 0.0000[sec]
2026-05-09 03:07:30,635 - INFO - joeynmt.training - Hooray! New best validation result [ppl]!
2026-05-09 03:07:30,723 - INFO - joeynmt.helpers - delete models/deen_transformer_regular/17000.ckpt
2026-05-09 03:07:30,726 - INFO - joeynmt.training - Example #0
2026-05-09 03:07:30,726 - DEBUG - joeynmt.training - 	Tokenized source:     ['die', 'Pre@@', 'mi@@', 'er@@', 'minist@@', 'er', 'Indi@@', 'ens', 'und', 'J@@', 'ap@@', 'ans', 'tra@@', 'fen', 'sich', 'in', 'T@@', 'ok@@', 'i@@', 'o', '.']
2026-05-09 03:07:30,726 - DEBUG - joeynmt.training - 	Tokenized reference:  ['Indi@@', 'a', 'and', 'J@@', 'ap@@', 'an', 'pri@@', 'me', 'minist@@', 'ers', 'me@@', 'et', 'in', 'T@@', 'ok@@', 'y@@', 'o']
2026-05-09 03:07:30,726 - DEBUG - joeynmt.training - 	Tokenized hypothesis: ['the', 'price', 'of', 'the', 'minist@@', 'er', 'Indi@@', 'a', 'and', 'J@@', 'ap@@', 'an', '.', '</s>']
2026-05-09 03:07:30,726 - INFO - joeynmt.training - 	Source:     die Premierminister Indiens und Japans trafen sich in Tokio .
2026-05-09 03:07:30,726 - INFO - joeynmt.training - 	Reference:  India and Japan prime ministers meet in Tokyo
2026-05-09 03:07:30,726 - INFO - joeynmt.training - 	Hypothesis: the price of the minister India and Japan .
2026-05-09 03:07:30,726 - INFO - joeynmt.training - Example #1
2026-05-09 03:07:30,727 - DEBUG - joeynmt.training - 	Tokenized source:     ['Indi@@', 'ens', 'neu@@', 'er', 'Pre@@', 'mi@@', 'er@@', 'minist@@', 'er', 'N@@', 'ar@@', 'end@@', 'ra', 'Mo@@', 'd@@', 'i', 'tri@@', 'fft', 'bei', 's@@', 'einem', 'ersten', 'wichti@@', 'gen', 'Aus@@', 'land@@', 's@@', 'bes@@', 'u@@', 'ch', 'seit', 's@@', 'einem', 'W@@', 'ah@@', 'l@@', 'si@@', 'e@@', 'g', 'im', 'Ma@@', 'i', 'seinen', 'j@@', 'ap@@', 'an@@', 'ischen', 'Am@@', 'ts@@', 'k@@', 'olle@@', 'gen', 'S@@', 'hin@@', 'z@@', 'o', 'A@@', 'be', 'in', 'T@@', 'ok@@', 'o', ',', 'um', 'wirtschaf@@', 'tliche', 'und', 'sicher@@', 'heits@@', 'politische', 'Be@@', 'zieh@@', 'ungen', 'zu', 'bes@@', 'pre@@', 'chen', '.']
2026-05-09 03:07:30,727 - DEBUG - joeynmt.training - 	Tokenized reference:  ['Indi@@', 'a', '&apos;s', 'new', 'pri@@', 'me', 'minist@@', 'er', ',', 'N@@', 'ar@@', 'end@@', 'ra', 'Mo@@', 'd@@', 'i', ',', 'is', 'me@@', 'eting', 'his', 'J@@', 'ap@@', 'an@@', 'ese', 'coun@@', 'ter@@', 'part', ',', 'S@@', 'hin@@', 'z@@', 'o', 'A@@', 'be', ',', 'in', 'T@@', 'ok@@', 'y@@', 'o', 'to', 'disc@@', 'uss', 'economic', 'and', 'security', 'ties', ',', 'on', 'his', 'first', 'major', 'fore@@', 'ign', 'visi@@', 't', 'since', 'w@@', 'inn@@', 'ing', 'Ma@@', 'y', '&apos;s', 'elec@@', 'tion', '.']
2026-05-09 03:07:30,727 - DEBUG - joeynmt.training - 	Tokenized hypothesis: ['Indi@@', 'a', '&apos;s', 'new', 'pre@@', 'mi@@', 'er', 'N@@', 'ar@@', 'end@@', 'ra', 'Mo@@', 'd@@', 'i', 'T@@', 'ok@@', 'o', ',', 'in', 'his', 'first', 'important', 'ex@@', 'land@@', 's@@', 'ession', 'of', 'the', 'M@@', 'or@@', 'occ@@', 'o', 'A@@', 'be', 'in', 'Ma@@', 'y', 'his', 'year', ',', 'since', 'his', 'year', ',', 'the', 'M@@', 'or@@', 'occ@@', 'o', 'A@@', 'be', 'in', 'T@@', 'ok@@', 'o', 'A@@', 'be', 'in', 'T@@', 'ok@@', 'o', ',', 'in', 'T@@', 'ok@@', 'o', ',', 'in', 'T@@', 'ok@@', 'o', 'A@@', 'be', 'in', 'T@@', 'ok@@', 'o', ',', 'in', 'T@@', 'ok@@', 'o', ',', 'in', 'T@@', 'ok@@', 'o', 'A@@', 'be', 'in', 'T@@', 'ok@@', 'ok@@', 'y@@', 'a', '.', '</s>']
2026-05-09 03:07:30,727 - INFO - joeynmt.training - 	Source:     Indiens neuer Premierminister Narendra Modi trifft bei seinem ersten wichtigen Auslandsbesuch seit seinem Wahlsieg im Mai seinen japanischen Amtskollegen Shinzo Abe in Toko , um wirtschaftliche und sicherheitspolitische Beziehungen zu besprechen .
2026-05-09 03:07:30,727 - INFO - joeynmt.training - 	Reference:  India &apos;s new prime minister , Narendra Modi , is meeting his Japanese counterpart , Shinzo Abe , in Tokyo to discuss economic and security ties , on his first major foreign visit since winning May &apos;s election .
2026-05-09 03:07:30,727 - INFO - joeynmt.training - 	Hypothesis: India &apos;s new premier Narendra Modi Toko , in his first important exlandsession of the Morocco Abe in May his year , since his year , the Morocco Abe in Toko Abe in Toko , in Toko , in Toko Abe in Toko , in Toko , in Toko Abe in Tokokya .
2026-05-09 03:07:30,727 - INFO - joeynmt.training - Example #2
2026-05-09 03:07:30,727 - DEBUG - joeynmt.training - 	Tokenized source:     ['Herr', 'Mo@@', 'd@@', 'i', 'befindet', 'sich', 'auf', 'einer', 'fü@@', 'n@@', 'f@@', 'tä@@', 'gi@@', 'gen', 'Rei@@', 'se', 'nach', 'J@@', 'ap@@', 'an', ',', 'um', 'die', 'wirtschaf@@', 'tlichen', 'Be@@', 'zieh@@', 'ungen', 'mit', 'der', 'd@@', 'rit@@', 't@@', 'größ@@', 'ten', 'Wirtschafts@@', 'n@@', 'ation', 'der', 'Welt', 'zu', 'fes@@', 'tigen', '.']
2026-05-09 03:07:30,727 - DEBUG - joeynmt.training - 	Tokenized reference:  ['Mr', 'Mo@@', 'd@@', 'i', 'is', 'on', 'a', 'fi@@', 've', '@@@', '-@@', '@', 'day', 'tri@@', 'p', 'to', 'J@@', 'ap@@', 'an', 'to', 'streng@@', 'then', 'economic', 'ties', 'with', 'the', 'third', 'lar@@', 'ges@@', 't', 'econom@@', 'y', 'in', 'the', 'world', '.']
2026-05-09 03:07:30,727 - DEBUG - joeynmt.training - 	Tokenized hypothesis: ['Mr', 'Mo@@', 'd@@', 'i', 'is', 'located', 'on', 'a', 'fi@@', 'f@@', 'th', ',', 'a', 'fe@@', 'ed@@', 'back', 'to', 'J@@', 'ap@@', 'an', ',', 'to', 'the', 'economic', 'rel@@', 'ations', 'with', 'the', 'd@@', 'ut@@', 'y', 'of', 'the', 'world', '.', '</s>']
2026-05-09 03:07:30,727 - INFO - joeynmt.training - 	Source:     Herr Modi befindet sich auf einer fünftägigen Reise nach Japan , um die wirtschaftlichen Beziehungen mit der drittgrößten Wirtschaftsnation der Welt zu festigen .
2026-05-09 03:07:30,727 - INFO - joeynmt.training - 	Reference:  Mr Modi is on a five @-@ day trip to Japan to strengthen economic ties with the third largest economy in the world .
2026-05-09 03:07:30,727 - INFO - joeynmt.training - 	Hypothesis: Mr Modi is located on a fifth , a feedback to Japan , to the economic relations with the duty of the world .
2026-05-09 03:07:30,727 - INFO - joeynmt.training - Example #3
2026-05-09 03:07:30,727 - DEBUG - joeynmt.training - 	Tokenized source:     ['P@@', 'län@@', 'e', 'für', 'eine', 'stärk@@', 'ere', 'k@@', 'ern@@', 'techn@@', 'ische', 'Zusammenarbeit', 'stehen', 'ganz', 'ob@@', 'en', 'auf', 'der', 'Tag@@', 'es@@', 'ordnung', '.']
2026-05-09 03:07:30,727 - DEBUG - joeynmt.training - 	Tokenized reference:  ['high', 'on', 'the', 'agen@@', 'da', 'are', 'pl@@', 'ans', 'for', 'gre@@', 'ater', 'nu@@', 'clear', 'c@@', 'o', '@@@', '-@@', '@', 'operation', '.']
2026-05-09 03:07:30,727 - DEBUG - joeynmt.training - 	Tokenized hypothesis: ['pl@@', 'ans', 'for', 'more', 'more', 'seri@@', 'ous', 'techn@@', 'ical', 'cooperation', 'is', 'on', 'the', 'agen@@', 'da', '.', '</s>']
2026-05-09 03:07:30,727 - INFO - joeynmt.training - 	Source:     Pläne für eine stärkere kerntechnische Zusammenarbeit stehen ganz oben auf der Tagesordnung .
2026-05-09 03:07:30,727 - INFO - joeynmt.training - 	Reference:  high on the agenda are plans for greater nuclear co @-@ operation .
2026-05-09 03:07:30,727 - INFO - joeynmt.training - 	Hypothesis: plans for more more serious technical cooperation is on the agenda .
2026-05-09 03:07:30,727 - INFO - joeynmt.training - Example #4
2026-05-09 03:07:30,727 - DEBUG - joeynmt.training - 	Tokenized source:     ['Berich@@', 'ten', 'zu@@', 'fol@@', 'ge', 'ho@@', 'fft', 'Indi@@', 'en', 'darüber', 'hinaus', 'auf', 'einen', 'Ver@@', 'trag', 'zur', 'Ver@@', 'tei@@', 'dig@@', 'ungs@@', 'zusammen@@', 'arbeit', 'zwischen', 'den', 'beiden', 'N@@', 'ationen', '.']
2026-05-09 03:07:30,727 - DEBUG - joeynmt.training - 	Tokenized reference:  ['Indi@@', 'a', 'is', 'also', 're@@', 'porte@@', 'dly', 'hop@@', 'ing', 'for', 'a', 'de@@', 'al', 'on', 'def@@', 'ence', 'c@@', 'oll@@', 'ab@@', 'or@@', 'ation', 'between', 'the', 'two', 'n@@', 'ations', '.']
2026-05-09 03:07:30,727 - DEBUG - joeynmt.training - 	Tokenized hypothesis: ['re@@', 'ports', ',', 'Indi@@', 'a', ',', 'is', 'also', 'tru@@', 'e', 'that', 'Indi@@', 'a', '&apos;s', 'con@@', 'tra@@', 'ct', 'cooperation', 'between', 'the', 'two', 'N@@', 'ations', '.', '</s>']
2026-05-09 03:07:30,727 - INFO - joeynmt.training - 	Source:     Berichten zufolge hofft Indien darüber hinaus auf einen Vertrag zur Verteidigungszusammenarbeit zwischen den beiden Nationen .
2026-05-09 03:07:30,728 - INFO - joeynmt.training - 	Reference:  India is also reportedly hoping for a deal on defence collaboration between the two nations .
2026-05-09 03:07:30,728 - INFO - joeynmt.training - 	Hypothesis: reports , India , is also true that India &apos;s contract cooperation between the two Nations .
2026-05-09 03:07:48,502 - INFO - joeynmt.training - Epoch   5, Step:    19600, Batch Loss:     1.925574, Batch Acc: 0.498895, Tokens per Sec:     5168, Lr: 0.000300
2026-05-09 03:08:06,453 - INFO - joeynmt.training - Epoch   5, Step:    19700, Batch Loss:     1.900864, Batch Acc: 0.496918, Tokens per Sec:     5223, Lr: 0.000300
2026-05-09 03:08:24,138 - INFO - joeynmt.training - Epoch   5, Step:    19800, Batch Loss:     1.807092, Batch Acc: 0.494957, Tokens per Sec:     5197, Lr: 0.000300
2026-05-09 03:08:41,784 - INFO - joeynmt.training - Epoch   5, Step:    19900, Batch Loss:     1.763960, Batch Acc: 0.493054, Tokens per Sec:     5263, Lr: 0.000300
2026-05-09 03:08:59,488 - INFO - joeynmt.training - Epoch   5, Step:    20000, Batch Loss:     1.829120, Batch Acc: 0.501219, Tokens per Sec:     5213, Lr: 0.000300
2026-05-09 03:08:59,488 - INFO - joeynmt.prediction - Predicting 500 example(s)... (Greedy decoding with min_output_length=1, max_output_length=-1, return_prob='none', generate_unk=True, repetition_penalty=-1, no_repeat_ngram_size=-1)
2026-05-09 03:09:38,601 - INFO - joeynmt.prediction - Evaluation result (greedy) loss:   2.19, ppl:   8.94, acc:   0.43, generation: 39.1075[sec], evaluation: 0.0000[sec]
2026-05-09 03:09:38,603 - INFO - joeynmt.training - Hooray! New best validation result [ppl]!
2026-05-09 03:09:38,690 - INFO - joeynmt.helpers - delete models/deen_transformer_regular/17500.ckpt
2026-05-09 03:09:38,692 - INFO - joeynmt.training - Example #0
2026-05-09 03:09:38,692 - DEBUG - joeynmt.training - 	Tokenized source:     ['die', 'Pre@@', 'mi@@', 'er@@', 'minist@@', 'er', 'Indi@@', 'ens', 'und', 'J@@', 'ap@@', 'ans', 'tra@@', 'fen', 'sich', 'in', 'T@@', 'ok@@', 'i@@', 'o', '.']
2026-05-09 03:09:38,692 - DEBUG - joeynmt.training - 	Tokenized reference:  ['Indi@@', 'a', 'and', 'J@@', 'ap@@', 'an', 'pri@@', 'me', 'minist@@', 'ers', 'me@@', 'et', 'in', 'T@@', 'ok@@', 'y@@', 'o']
2026-05-09 03:09:38,692 - DEBUG - joeynmt.training - 	Tokenized hypothesis: ['pri@@', 'me', 'minist@@', 'er', 'Indi@@', 'a', 'and', 'J@@', 'ap@@', 'an', ',', 'the', 'pri@@', 'me', 'minist@@', 'er', 'of', 'the', 'A@@', 'gre@@', 'ement', '.', '</s>']
2026-05-09 03:09:38,692 - INFO - joeynmt.training - 	Source:     die Premierminister Indiens und Japans trafen sich in Tokio .
2026-05-09 03:09:38,692 - INFO - joeynmt.training - 	Reference:  India and Japan prime ministers meet in Tokyo
2026-05-09 03:09:38,692 - INFO - joeynmt.training - 	Hypothesis: prime minister India and Japan , the prime minister of the Agreement .
2026-05-09 03:09:38,692 - INFO - joeynmt.training - Example #1
2026-05-09 03:09:38,692 - DEBUG - joeynmt.training - 	Tokenized source:     ['Indi@@', 'ens', 'neu@@', 'er', 'Pre@@', 'mi@@', 'er@@', 'minist@@', 'er', 'N@@', 'ar@@', 'end@@', 'ra', 'Mo@@', 'd@@', 'i', 'tri@@', 'fft', 'bei', 's@@', 'einem', 'ersten', 'wichti@@', 'gen', 'Aus@@', 'land@@', 's@@', 'bes@@', 'u@@', 'ch', 'seit', 's@@', 'einem', 'W@@', 'ah@@', 'l@@', 'si@@', 'e@@', 'g', 'im', 'Ma@@', 'i', 'seinen', 'j@@', 'ap@@', 'an@@', 'ischen', 'Am@@', 'ts@@', 'k@@', 'olle@@', 'gen', 'S@@', 'hin@@', 'z@@', 'o', 'A@@', 'be', 'in', 'T@@', 'ok@@', 'o', ',', 'um', 'wirtschaf@@', 'tliche', 'und', 'sicher@@', 'heits@@', 'politische', 'Be@@', 'zieh@@', 'ungen', 'zu', 'bes@@', 'pre@@', 'chen', '.']
2026-05-09 03:09:38,692 - DEBUG - joeynmt.training - 	Tokenized reference:  ['Indi@@', 'a', '&apos;s', 'new', 'pri@@', 'me', 'minist@@', 'er', ',', 'N@@', 'ar@@', 'end@@', 'ra', 'Mo@@', 'd@@', 'i', ',', 'is', 'me@@', 'eting', 'his', 'J@@', 'ap@@', 'an@@', 'ese', 'coun@@', 'ter@@', 'part', ',', 'S@@', 'hin@@', 'z@@', 'o', 'A@@', 'be', ',', 'in', 'T@@', 'ok@@', 'y@@', 'o', 'to', 'disc@@', 'uss', 'economic', 'and', 'security', 'ties', ',', 'on', 'his', 'first', 'major', 'fore@@', 'ign', 'visi@@', 't', 'since', 'w@@', 'inn@@', 'ing', 'Ma@@', 'y', '&apos;s', 'elec@@', 'tion', '.']
2026-05-09 03:09:38,692 - DEBUG - joeynmt.training - 	Tokenized hypothesis: ['Indi@@', 'a', '&apos;s', 'lat@@', 'est', 'pri@@', 'me', 'minist@@', 'er', 'N@@', 'end@@', 'ra', 'Mo@@', 'd@@', 'i', 'T@@', 'ok@@', 'o', ',', 'in', 'his', 'first', 'important', 'important', 'ex@@', 'tern@@', 'al', 'ag@@', 'ri@@', 'cultural', 'and', 'S@@', 'hin@@', 'o', 'A@@', 'be', 'in', 'Ma@@', 'y', 'his', 'his', 'J@@', 'ap@@', 'an@@', 'ese', 'C@@', 'olle@@', 'ge', 'S@@', 'hin@@', 'o', 'A@@', 'be', 'in', 'T@@', 'ok@@', 'o', 'A@@', 'be', 'in', 'T@@', 'ok@@', 'o', 'A@@', 'be', 'in', 'T@@', 'ok@@', 'o', ',', 'in', 'T@@', 'ok@@', 'o', 'A@@', 'be', 'in', 'T@@', 'ok@@', 'o', 'A@@', 'be', 'in', 'T@@', 'ok@@', 'o', '.', '</s>']
2026-05-09 03:09:38,693 - INFO - joeynmt.training - 	Source:     Indiens neuer Premierminister Narendra Modi trifft bei seinem ersten wichtigen Auslandsbesuch seit seinem Wahlsieg im Mai seinen japanischen Amtskollegen Shinzo Abe in Toko , um wirtschaftliche und sicherheitspolitische Beziehungen zu besprechen .
2026-05-09 03:09:38,693 - INFO - joeynmt.training - 	Reference:  India &apos;s new prime minister , Narendra Modi , is meeting his Japanese counterpart , Shinzo Abe , in Tokyo to discuss economic and security ties , on his first major foreign visit since winning May &apos;s election .
2026-05-09 03:09:38,693 - INFO - joeynmt.training - 	Hypothesis: India &apos;s latest prime minister Nendra Modi Toko , in his first important important external agricultural and Shino Abe in May his his Japanese College Shino Abe in Toko Abe in Toko Abe in Toko , in Toko Abe in Toko Abe in Toko .
2026-05-09 03:09:38,693 - INFO - joeynmt.training - Example #2
2026-05-09 03:09:38,693 - DEBUG - joeynmt.training - 	Tokenized source:     ['Herr', 'Mo@@', 'd@@', 'i', 'befindet', 'sich', 'auf', 'einer', 'fü@@', 'n@@', 'f@@', 'tä@@', 'gi@@', 'gen', 'Rei@@', 'se', 'nach', 'J@@', 'ap@@', 'an', ',', 'um', 'die', 'wirtschaf@@', 'tlichen', 'Be@@', 'zieh@@', 'ungen', 'mit', 'der', 'd@@', 'rit@@', 't@@', 'größ@@', 'ten', 'Wirtschafts@@', 'n@@', 'ation', 'der', 'Welt', 'zu', 'fes@@', 'tigen', '.']
2026-05-09 03:09:38,693 - DEBUG - joeynmt.training - 	Tokenized reference:  ['Mr', 'Mo@@', 'd@@', 'i', 'is', 'on', 'a', 'fi@@', 've', '@@@', '-@@', '@', 'day', 'tri@@', 'p', 'to', 'J@@', 'ap@@', 'an', 'to', 'streng@@', 'then', 'economic', 'ties', 'with', 'the', 'third', 'lar@@', 'ges@@', 't', 'econom@@', 'y', 'in', 'the', 'world', '.']
2026-05-09 03:09:38,693 - DEBUG - joeynmt.training - 	Tokenized hypothesis: ['Mr', 'Mo@@', 'd@@', 'i', 'is', 'based', 'on', 'a', 'fi@@', 'f@@', 'ty', 'of', 'the', 'world', '&apos;s', 'economic', 'rel@@', 'ations', 'with', 'the', 'third', 'lar@@', 'ges@@', 't', 'economic', 'rel@@', 'ations', 'with', 'the', 'third', 'lar@@', 'ges@@', 't', 'economic', 'rel@@', 'ations', 'with', 'the', 'third', 'lar@@', 'ges@@', 't', 'economic', 'rel@@', 'ations', '.', '</s>']
2026-05-09 03:09:38,693 - INFO - joeynmt.training - 	Source:     Herr Modi befindet sich auf einer fünftägigen Reise nach Japan , um die wirtschaftlichen Beziehungen mit der drittgrößten Wirtschaftsnation der Welt zu festigen .
2026-05-09 03:09:38,693 - INFO - joeynmt.training - 	Reference:  Mr Modi is on a five @-@ day trip to Japan to strengthen economic ties with the third largest economy in the world .
2026-05-09 03:09:38,693 - INFO - joeynmt.training - 	Hypothesis: Mr Modi is based on a fifty of the world &apos;s economic relations with the third largest economic relations with the third largest economic relations with the third largest economic relations .
2026-05-09 03:09:38,693 - INFO - joeynmt.training - Example #3
2026-05-09 03:09:38,693 - DEBUG - joeynmt.training - 	Tokenized source:     ['P@@', 'län@@', 'e', 'für', 'eine', 'stärk@@', 'ere', 'k@@', 'ern@@', 'techn@@', 'ische', 'Zusammenarbeit', 'stehen', 'ganz', 'ob@@', 'en', 'auf', 'der', 'Tag@@', 'es@@', 'ordnung', '.']
2026-05-09 03:09:38,693 - DEBUG - joeynmt.training - 	Tokenized reference:  ['high', 'on', 'the', 'agen@@', 'da', 'are', 'pl@@', 'ans', 'for', 'gre@@', 'ater', 'nu@@', 'clear', 'c@@', 'o', '@@@', '-@@', '@', 'operation', '.']
2026-05-09 03:09:38,693 - DEBUG - joeynmt.training - 	Tokenized hypothesis: ['P@@', 'P', 'for', 'a', 'str@@', 'on@@', 'ger', 'techn@@', 'ical', 'cooperation', 'are', 'very', 'close', 'to', 'the', 'agen@@', 'da', '.', '</s>']
2026-05-09 03:09:38,693 - INFO - joeynmt.training - 	Source:     Pläne für eine stärkere kerntechnische Zusammenarbeit stehen ganz oben auf der Tagesordnung .
2026-05-09 03:09:38,693 - INFO - joeynmt.training - 	Reference:  high on the agenda are plans for greater nuclear co @-@ operation .
2026-05-09 03:09:38,693 - INFO - joeynmt.training - 	Hypothesis: PP for a stronger technical cooperation are very close to the agenda .
2026-05-09 03:09:38,693 - INFO - joeynmt.training - Example #4
2026-05-09 03:09:38,693 - DEBUG - joeynmt.training - 	Tokenized source:     ['Berich@@', 'ten', 'zu@@', 'fol@@', 'ge', 'ho@@', 'fft', 'Indi@@', 'en', 'darüber', 'hinaus', 'auf', 'einen', 'Ver@@', 'trag', 'zur', 'Ver@@', 'tei@@', 'dig@@', 'ungs@@', 'zusammen@@', 'arbeit', 'zwischen', 'den', 'beiden', 'N@@', 'ationen', '.']
2026-05-09 03:09:38,693 - DEBUG - joeynmt.training - 	Tokenized reference:  ['Indi@@', 'a', 'is', 'also', 're@@', 'porte@@', 'dly', 'hop@@', 'ing', 'for', 'a', 'de@@', 'al', 'on', 'def@@', 'ence', 'c@@', 'oll@@', 'ab@@', 'or@@', 'ation', 'between', 'the', 'two', 'n@@', 'ations', '.']
2026-05-09 03:09:38,693 - DEBUG - joeynmt.training - 	Tokenized hypothesis: ['mo@@', 're@@', 'over', ',', 'Indi@@', 'a', ',', 'is', 'also', 'based', 'on', 'a', 'con@@', 'tra@@', 'ct', 'on', 'the', 'def@@', 'ence', 'cooperation', 'between', 'the', 'two', 'N@@', 'ations', '.', '</s>']
2026-05-09 03:09:38,693 - INFO - joeynmt.training - 	Source:     Berichten zufolge hofft Indien darüber hinaus auf einen Vertrag zur Verteidigungszusammenarbeit zwischen den beiden Nationen .
2026-05-09 03:09:38,693 - INFO - joeynmt.training - 	Reference:  India is also reportedly hoping for a deal on defence collaboration between the two nations .
2026-05-09 03:09:38,693 - INFO - joeynmt.training - 	Hypothesis: moreover , India , is also based on a contract on the defence cooperation between the two Nations .
2026-05-09 03:09:56,091 - INFO - joeynmt.training - Epoch   5, Step:    20100, Batch Loss:     1.793495, Batch Acc: 0.496485, Tokens per Sec:     5263, Lr: 0.000300
2026-05-09 03:10:13,595 - INFO - joeynmt.training - Epoch   5, Step:    20200, Batch Loss:     1.741575, Batch Acc: 0.501256, Tokens per Sec:     5276, Lr: 0.000300
2026-05-09 03:10:31,446 - INFO - joeynmt.training - Epoch   5, Step:    20300, Batch Loss:     1.899873, Batch Acc: 0.491667, Tokens per Sec:     5079, Lr: 0.000300
2026-05-09 03:10:36,348 - INFO - joeynmt.training - Epoch   5: total training loss 7582.11
2026-05-09 03:10:36,348 - INFO - joeynmt.training - EPOCH 6
2026-05-09 03:10:49,177 - INFO - joeynmt.training - Epoch   6, Step:    20400, Batch Loss:     1.998474, Batch Acc: 0.523339, Tokens per Sec:     5140, Lr: 0.000300
2026-05-09 03:11:06,840 - INFO - joeynmt.training - Epoch   6, Step:    20500, Batch Loss:     1.621400, Batch Acc: 0.521414, Tokens per Sec:     5183, Lr: 0.000300
2026-05-09 03:11:06,841 - INFO - joeynmt.prediction - Predicting 500 example(s)... (Greedy decoding with min_output_length=1, max_output_length=-1, return_prob='none', generate_unk=True, repetition_penalty=-1, no_repeat_ngram_size=-1)
2026-05-09 03:11:34,355 - INFO - joeynmt.prediction - Evaluation result (greedy) loss:   2.19, ppl:   8.95, acc:   0.44, generation: 27.5100[sec], evaluation: 0.0000[sec]
2026-05-09 03:11:34,444 - INFO - joeynmt.helpers - delete models/deen_transformer_regular/18500.ckpt
2026-05-09 03:11:34,449 - INFO - joeynmt.training - Example #0
2026-05-09 03:11:34,449 - DEBUG - joeynmt.training - 	Tokenized source:     ['die', 'Pre@@', 'mi@@', 'er@@', 'minist@@', 'er', 'Indi@@', 'ens', 'und', 'J@@', 'ap@@', 'ans', 'tra@@', 'fen', 'sich', 'in', 'T@@', 'ok@@', 'i@@', 'o', '.']
2026-05-09 03:11:34,449 - DEBUG - joeynmt.training - 	Tokenized reference:  ['Indi@@', 'a', 'and', 'J@@', 'ap@@', 'an', 'pri@@', 'me', 'minist@@', 'ers', 'me@@', 'et', 'in', 'T@@', 'ok@@', 'y@@', 'o']
2026-05-09 03:11:34,449 - DEBUG - joeynmt.training - 	Tokenized hypothesis: ['the', 'pri@@', 'me', 'minist@@', 'er', 'Indi@@', 'a', 'and', 'J@@', 'ap@@', 'an', '&apos;s', 'tra@@', 'ff@@', 'ic', '.', '</s>']
2026-05-09 03:11:34,449 - INFO - joeynmt.training - 	Source:     die Premierminister Indiens und Japans trafen sich in Tokio .
2026-05-09 03:11:34,449 - INFO - joeynmt.training - 	Reference:  India and Japan prime ministers meet in Tokyo
2026-05-09 03:11:34,449 - INFO - joeynmt.training - 	Hypothesis: the prime minister India and Japan &apos;s traffic .
2026-05-09 03:11:34,449 - INFO - joeynmt.training - Example #1
2026-05-09 03:11:34,449 - DEBUG - joeynmt.training - 	Tokenized source:     ['Indi@@', 'ens', 'neu@@', 'er', 'Pre@@', 'mi@@', 'er@@', 'minist@@', 'er', 'N@@', 'ar@@', 'end@@', 'ra', 'Mo@@', 'd@@', 'i', 'tri@@', 'fft', 'bei', 's@@', 'einem', 'ersten', 'wichti@@', 'gen', 'Aus@@', 'land@@', 's@@', 'bes@@', 'u@@', 'ch', 'seit', 's@@', 'einem', 'W@@', 'ah@@', 'l@@', 'si@@', 'e@@', 'g', 'im', 'Ma@@', 'i', 'seinen', 'j@@', 'ap@@', 'an@@', 'ischen', 'Am@@', 'ts@@', 'k@@', 'olle@@', 'gen', 'S@@', 'hin@@', 'z@@', 'o', 'A@@', 'be', 'in', 'T@@', 'ok@@', 'o', ',', 'um', 'wirtschaf@@', 'tliche', 'und', 'sicher@@', 'heits@@', 'politische', 'Be@@', 'zieh@@', 'ungen', 'zu', 'bes@@', 'pre@@', 'chen', '.']
2026-05-09 03:11:34,449 - DEBUG - joeynmt.training - 	Tokenized reference:  ['Indi@@', 'a', '&apos;s', 'new', 'pri@@', 'me', 'minist@@', 'er', ',', 'N@@', 'ar@@', 'end@@', 'ra', 'Mo@@', 'd@@', 'i', ',', 'is', 'me@@', 'eting', 'his', 'J@@', 'ap@@', 'an@@', 'ese', 'coun@@', 'ter@@', 'part', ',', 'S@@', 'hin@@', 'z@@', 'o', 'A@@', 'be', ',', 'in', 'T@@', 'ok@@', 'y@@', 'o', 'to', 'disc@@', 'uss', 'economic', 'and', 'security', 'ties', ',', 'on', 'his', 'first', 'major', 'fore@@', 'ign', 'visi@@', 't', 'since', 'w@@', 'inn@@', 'ing', 'Ma@@', 'y', '&apos;s', 'elec@@', 'tion', '.']
2026-05-09 03:11:34,449 - DEBUG - joeynmt.training - 	Tokenized hypothesis: ['Indi@@', 'a', '&apos;s', 'new', 'Pre@@', 'mi@@', 'er', 'N@@', 'ar@@', 'end@@', 'ra', 'Mo@@', 'd@@', 'i', '&apos;s', 'first', 'important', 'ex@@', 'land@@', 's@@', 'ession', ',', 'in', 'his', 'first', 'important', 'ex@@', 'land@@', 's@@', 'ets', 'of', 'his', 'elec@@', 't@@', 'or@@', 'al', 'c@@', 'am@@', 'p', ',', 'the', 'A@@', 'be', 'in', 'the', 'Ma@@', 'y', 'S@@', 'hin@@', 'z@@', 'o', 'A@@', 'be', 'in', 'T@@', 'ok@@', 'o', ',', 'to', 'the', 'economic', 'and', 'saf@@', 'ety', 'political', 'rel@@', 'ations', '.', '</s>']
2026-05-09 03:11:34,449 - INFO - joeynmt.training - 	Source:     Indiens neuer Premierminister Narendra Modi trifft bei seinem ersten wichtigen Auslandsbesuch seit seinem Wahlsieg im Mai seinen japanischen Amtskollegen Shinzo Abe in Toko , um wirtschaftliche und sicherheitspolitische Beziehungen zu besprechen .
2026-05-09 03:11:34,449 - INFO - joeynmt.training - 	Reference:  India &apos;s new prime minister , Narendra Modi , is meeting his Japanese counterpart , Shinzo Abe , in Tokyo to discuss economic and security ties , on his first major foreign visit since winning May &apos;s election .
2026-05-09 03:11:34,449 - INFO - joeynmt.training - 	Hypothesis: India &apos;s new Premier Narendra Modi &apos;s first important exlandsession , in his first important exlandsets of his electoral camp , the Abe in the May Shinzo Abe in Toko , to the economic and safety political relations .
2026-05-09 03:11:34,449 - INFO - joeynmt.training - Example #2
2026-05-09 03:11:34,449 - DEBUG - joeynmt.training - 	Tokenized source:     ['Herr', 'Mo@@', 'd@@', 'i', 'befindet', 'sich', 'auf', 'einer', 'fü@@', 'n@@', 'f@@', 'tä@@', 'gi@@', 'gen', 'Rei@@', 'se', 'nach', 'J@@', 'ap@@', 'an', ',', 'um', 'die', 'wirtschaf@@', 'tlichen', 'Be@@', 'zieh@@', 'ungen', 'mit', 'der', 'd@@', 'rit@@', 't@@', 'größ@@', 'ten', 'Wirtschafts@@', 'n@@', 'ation', 'der', 'Welt', 'zu', 'fes@@', 'tigen', '.']
2026-05-09 03:11:34,449 - DEBUG - joeynmt.training - 	Tokenized reference:  ['Mr', 'Mo@@', 'd@@', 'i', 'is', 'on', 'a', 'fi@@', 've', '@@@', '-@@', '@', 'day', 'tri@@', 'p', 'to', 'J@@', 'ap@@', 'an', 'to', 'streng@@', 'then', 'economic', 'ties', 'with', 'the', 'third', 'lar@@', 'ges@@', 't', 'econom@@', 'y', 'in', 'the', 'world', '.']
2026-05-09 03:11:34,449 - DEBUG - joeynmt.training - 	Tokenized hypothesis: ['Mr', 'Mo@@', 'd@@', 'i', 'is', 'located', 'on', 'a', 'fi@@', 'f@@', 'th', 'of', 'a', 'fi@@', 'f@@', 'th', 'of', 'j@@', 'ap@@', 'an', ',', 'in', 'order', 'to', 'the', 'economic', 'rel@@', 'ations', 'with', 'the', 'd@@', 'ut@@', 'y', 'of', 'the', 'world', '.', '</s>']
2026-05-09 03:11:34,449 - INFO - joeynmt.training - 	Source:     Herr Modi befindet sich auf einer fünftägigen Reise nach Japan , um die wirtschaftlichen Beziehungen mit der drittgrößten Wirtschaftsnation der Welt zu festigen .
2026-05-09 03:11:34,449 - INFO - joeynmt.training - 	Reference:  Mr Modi is on a five @-@ day trip to Japan to strengthen economic ties with the third largest economy in the world .
2026-05-09 03:11:34,449 - INFO - joeynmt.training - 	Hypothesis: Mr Modi is located on a fifth of a fifth of japan , in order to the economic relations with the duty of the world .
2026-05-09 03:11:34,449 - INFO - joeynmt.training - Example #3
2026-05-09 03:11:34,450 - DEBUG - joeynmt.training - 	Tokenized source:     ['P@@', 'län@@', 'e', 'für', 'eine', 'stärk@@', 'ere', 'k@@', 'ern@@', 'techn@@', 'ische', 'Zusammenarbeit', 'stehen', 'ganz', 'ob@@', 'en', 'auf', 'der', 'Tag@@', 'es@@', 'ordnung', '.']
2026-05-09 03:11:34,450 - DEBUG - joeynmt.training - 	Tokenized reference:  ['high', 'on', 'the', 'agen@@', 'da', 'are', 'pl@@', 'ans', 'for', 'gre@@', 'ater', 'nu@@', 'clear', 'c@@', 'o', '@@@', '-@@', '@', 'operation', '.']
2026-05-09 03:11:34,450 - DEBUG - joeynmt.training - 	Tokenized hypothesis: ['pl@@', 'ans', 'for', 'more', 'seri@@', 'ous', 'techn@@', 'ical', 'cooperation', 'are', 'on', 'the', 'agen@@', 'da', '.', '</s>']
2026-05-09 03:11:34,450 - INFO - joeynmt.training - 	Source:     Pläne für eine stärkere kerntechnische Zusammenarbeit stehen ganz oben auf der Tagesordnung .
2026-05-09 03:11:34,450 - INFO - joeynmt.training - 	Reference:  high on the agenda are plans for greater nuclear co @-@ operation .
2026-05-09 03:11:34,450 - INFO - joeynmt.training - 	Hypothesis: plans for more serious technical cooperation are on the agenda .
2026-05-09 03:11:34,450 - INFO - joeynmt.training - Example #4
2026-05-09 03:11:34,450 - DEBUG - joeynmt.training - 	Tokenized source:     ['Berich@@', 'ten', 'zu@@', 'fol@@', 'ge', 'ho@@', 'fft', 'Indi@@', 'en', 'darüber', 'hinaus', 'auf', 'einen', 'Ver@@', 'trag', 'zur', 'Ver@@', 'tei@@', 'dig@@', 'ungs@@', 'zusammen@@', 'arbeit', 'zwischen', 'den', 'beiden', 'N@@', 'ationen', '.']
2026-05-09 03:11:34,450 - DEBUG - joeynmt.training - 	Tokenized reference:  ['Indi@@', 'a', 'is', 'also', 're@@', 'porte@@', 'dly', 'hop@@', 'ing', 'for', 'a', 'de@@', 'al', 'on', 'def@@', 'ence', 'c@@', 'oll@@', 'ab@@', 'or@@', 'ation', 'between', 'the', 'two', 'n@@', 'ations', '.']
2026-05-09 03:11:34,450 - DEBUG - joeynmt.training - 	Tokenized hypothesis: ['fur@@', 'ther@@', 'more', ',', 'it', 'is', 'also', 'tru@@', 'e', 'to', 'a', 'con@@', 'tra@@', 'ct', 'on', 'a', 'con@@', 'tra@@', 'ct', 'cooperation', 'between', 'the', 'two', 'n@@', 'ations', '.', '</s>']
2026-05-09 03:11:34,450 - INFO - joeynmt.training - 	Source:     Berichten zufolge hofft Indien darüber hinaus auf einen Vertrag zur Verteidigungszusammenarbeit zwischen den beiden Nationen .
2026-05-09 03:11:34,450 - INFO - joeynmt.training - 	Reference:  India is also reportedly hoping for a deal on defence collaboration between the two nations .
2026-05-09 03:11:34,450 - INFO - joeynmt.training - 	Hypothesis: furthermore , it is also true to a contract on a contract cooperation between the two nations .
2026-05-09 03:11:52,130 - INFO - joeynmt.training - Epoch   6, Step:    20600, Batch Loss:     1.835317, Batch Acc: 0.521211, Tokens per Sec:     5211, Lr: 0.000300
2026-05-09 03:12:09,844 - INFO - joeynmt.training - Epoch   6, Step:    20700, Batch Loss:     1.468732, Batch Acc: 0.513005, Tokens per Sec:     5229, Lr: 0.000300
2026-05-09 03:12:27,533 - INFO - joeynmt.training - Epoch   6, Step:    20800, Batch Loss:     1.768740, Batch Acc: 0.516629, Tokens per Sec:     5152, Lr: 0.000300
2026-05-09 03:12:45,366 - INFO - joeynmt.training - Epoch   6, Step:    20900, Batch Loss:     1.766968, Batch Acc: 0.518069, Tokens per Sec:     5209, Lr: 0.000300
2026-05-09 03:13:03,115 - INFO - joeynmt.training - Epoch   6, Step:    21000, Batch Loss:     1.596175, Batch Acc: 0.519357, Tokens per Sec:     5222, Lr: 0.000300
2026-05-09 03:13:03,115 - INFO - joeynmt.prediction - Predicting 500 example(s)... (Greedy decoding with min_output_length=1, max_output_length=-1, return_prob='none', generate_unk=True, repetition_penalty=-1, no_repeat_ngram_size=-1)
2026-05-09 03:13:32,428 - INFO - joeynmt.prediction - Evaluation result (greedy) loss:   2.19, ppl:   8.90, acc:   0.44, generation: 29.3078[sec], evaluation: 0.0000[sec]
2026-05-09 03:13:32,429 - INFO - joeynmt.training - Hooray! New best validation result [ppl]!
2026-05-09 03:13:32,514 - INFO - joeynmt.helpers - delete models/deen_transformer_regular/18000.ckpt
2026-05-09 03:13:32,517 - INFO - joeynmt.training - Example #0
2026-05-09 03:13:32,517 - DEBUG - joeynmt.training - 	Tokenized source:     ['die', 'Pre@@', 'mi@@', 'er@@', 'minist@@', 'er', 'Indi@@', 'ens', 'und', 'J@@', 'ap@@', 'ans', 'tra@@', 'fen', 'sich', 'in', 'T@@', 'ok@@', 'i@@', 'o', '.']
2026-05-09 03:13:32,517 - DEBUG - joeynmt.training - 	Tokenized reference:  ['Indi@@', 'a', 'and', 'J@@', 'ap@@', 'an', 'pri@@', 'me', 'minist@@', 'ers', 'me@@', 'et', 'in', 'T@@', 'ok@@', 'y@@', 'o']
2026-05-09 03:13:32,517 - DEBUG - joeynmt.training - 	Tokenized hypothesis: ['the', 'Pri@@', 'me', 'Minist@@', 'er', 'Indi@@', 'a', 'and', 'J@@', 'ap@@', 'an', '.', '</s>']
2026-05-09 03:13:32,517 - INFO - joeynmt.training - 	Source:     die Premierminister Indiens und Japans trafen sich in Tokio .
2026-05-09 03:13:32,517 - INFO - joeynmt.training - 	Reference:  India and Japan prime ministers meet in Tokyo
2026-05-09 03:13:32,517 - INFO - joeynmt.training - 	Hypothesis: the Prime Minister India and Japan .
2026-05-09 03:13:32,517 - INFO - joeynmt.training - Example #1
2026-05-09 03:13:32,517 - DEBUG - joeynmt.training - 	Tokenized source:     ['Indi@@', 'ens', 'neu@@', 'er', 'Pre@@', 'mi@@', 'er@@', 'minist@@', 'er', 'N@@', 'ar@@', 'end@@', 'ra', 'Mo@@', 'd@@', 'i', 'tri@@', 'fft', 'bei', 's@@', 'einem', 'ersten', 'wichti@@', 'gen', 'Aus@@', 'land@@', 's@@', 'bes@@', 'u@@', 'ch', 'seit', 's@@', 'einem', 'W@@', 'ah@@', 'l@@', 'si@@', 'e@@', 'g', 'im', 'Ma@@', 'i', 'seinen', 'j@@', 'ap@@', 'an@@', 'ischen', 'Am@@', 'ts@@', 'k@@', 'olle@@', 'gen', 'S@@', 'hin@@', 'z@@', 'o', 'A@@', 'be', 'in', 'T@@', 'ok@@', 'o', ',', 'um', 'wirtschaf@@', 'tliche', 'und', 'sicher@@', 'heits@@', 'politische', 'Be@@', 'zieh@@', 'ungen', 'zu', 'bes@@', 'pre@@', 'chen', '.']
2026-05-09 03:13:32,517 - DEBUG - joeynmt.training - 	Tokenized reference:  ['Indi@@', 'a', '&apos;s', 'new', 'pri@@', 'me', 'minist@@', 'er', ',', 'N@@', 'ar@@', 'end@@', 'ra', 'Mo@@', 'd@@', 'i', ',', 'is', 'me@@', 'eting', 'his', 'J@@', 'ap@@', 'an@@', 'ese', 'coun@@', 'ter@@', 'part', ',', 'S@@', 'hin@@', 'z@@', 'o', 'A@@', 'be', ',', 'in', 'T@@', 'ok@@', 'y@@', 'o', 'to', 'disc@@', 'uss', 'economic', 'and', 'security', 'ties', ',', 'on', 'his', 'first', 'major', 'fore@@', 'ign', 'visi@@', 't', 'since', 'w@@', 'inn@@', 'ing', 'Ma@@', 'y', '&apos;s', 'elec@@', 'tion', '.']
2026-05-09 03:13:32,517 - DEBUG - joeynmt.training - 	Tokenized hypothesis: ['Indi@@', 'a', '&apos;s', 'lat@@', 'est', 'pri@@', 'me', 'minist@@', 'er', 'N@@', 'ar@@', 'end@@', 'ra', 'Mo@@', 'd@@', 'i', ',', 'in', 'his', 'first', 'important', 'ex@@', 'land@@', 's@@', 'ent', 'since', 's@@', 'ort', 'of', 'his', 'elec@@', 't@@', 'or@@', 'al', ',', 'the', 'M@@', 'or@@', 'occ@@', 'o', 'A@@', 'be', 'in', 'the', 'M@@', 'or@@', 'occ@@', 'o', 'A@@', 'be', 'in', 'T@@', 'ok@@', 'o', 'A@@', 'be', 'in', 'T@@', 'ok@@', 'o', 'A@@', 'be', 'in', 'T@@', 'ok@@', 'o', '.', '</s>']
2026-05-09 03:13:32,517 - INFO - joeynmt.training - 	Source:     Indiens neuer Premierminister Narendra Modi trifft bei seinem ersten wichtigen Auslandsbesuch seit seinem Wahlsieg im Mai seinen japanischen Amtskollegen Shinzo Abe in Toko , um wirtschaftliche und sicherheitspolitische Beziehungen zu besprechen .
2026-05-09 03:13:32,517 - INFO - joeynmt.training - 	Reference:  India &apos;s new prime minister , Narendra Modi , is meeting his Japanese counterpart , Shinzo Abe , in Tokyo to discuss economic and security ties , on his first major foreign visit since winning May &apos;s election .
2026-05-09 03:13:32,517 - INFO - joeynmt.training - 	Hypothesis: India &apos;s latest prime minister Narendra Modi , in his first important exlandsent since sort of his electoral , the Morocco Abe in the Morocco Abe in Toko Abe in Toko Abe in Toko .
2026-05-09 03:13:32,517 - INFO - joeynmt.training - Example #2
2026-05-09 03:13:32,517 - DEBUG - joeynmt.training - 	Tokenized source:     ['Herr', 'Mo@@', 'd@@', 'i', 'befindet', 'sich', 'auf', 'einer', 'fü@@', 'n@@', 'f@@', 'tä@@', 'gi@@', 'gen', 'Rei@@', 'se', 'nach', 'J@@', 'ap@@', 'an', ',', 'um', 'die', 'wirtschaf@@', 'tlichen', 'Be@@', 'zieh@@', 'ungen', 'mit', 'der', 'd@@', 'rit@@', 't@@', 'größ@@', 'ten', 'Wirtschafts@@', 'n@@', 'ation', 'der', 'Welt', 'zu', 'fes@@', 'tigen', '.']
2026-05-09 03:13:32,517 - DEBUG - joeynmt.training - 	Tokenized reference:  ['Mr', 'Mo@@', 'd@@', 'i', 'is', 'on', 'a', 'fi@@', 've', '@@@', '-@@', '@', 'day', 'tri@@', 'p', 'to', 'J@@', 'ap@@', 'an', 'to', 'streng@@', 'then', 'economic', 'ties', 'with', 'the', 'third', 'lar@@', 'ges@@', 't', 'econom@@', 'y', 'in', 'the', 'world', '.']
2026-05-09 03:13:32,517 - DEBUG - joeynmt.training - 	Tokenized hypothesis: ['Mr', 'Mo@@', 'd@@', 'i', 'is', 'located', 'on', 'a', 'fi@@', 'f@@', 'th', 'day', ',', 'J@@', 'ap@@', 'an', ',', 'to', 'J@@', 'ap@@', 'an', ',', 'to', 'the', 'economic', 'rel@@', 'ations', 'with', 'the', 'third', 'lar@@', 'ges@@', 't', 'economic', 'rel@@', 'ations', 'with', 'the', 'third', 'lar@@', 'ges@@', 't', 'economic', 'rel@@', 'ations', 'with', 'the', 'third', 'world', '.', '</s>']
2026-05-09 03:13:32,518 - INFO - joeynmt.training - 	Source:     Herr Modi befindet sich auf einer fünftägigen Reise nach Japan , um die wirtschaftlichen Beziehungen mit der drittgrößten Wirtschaftsnation der Welt zu festigen .
2026-05-09 03:13:32,518 - INFO - joeynmt.training - 	Reference:  Mr Modi is on a five @-@ day trip to Japan to strengthen economic ties with the third largest economy in the world .
2026-05-09 03:13:32,518 - INFO - joeynmt.training - 	Hypothesis: Mr Modi is located on a fifth day , Japan , to Japan , to the economic relations with the third largest economic relations with the third largest economic relations with the third world .
2026-05-09 03:13:32,518 - INFO - joeynmt.training - Example #3
2026-05-09 03:13:32,518 - DEBUG - joeynmt.training - 	Tokenized source:     ['P@@', 'län@@', 'e', 'für', 'eine', 'stärk@@', 'ere', 'k@@', 'ern@@', 'techn@@', 'ische', 'Zusammenarbeit', 'stehen', 'ganz', 'ob@@', 'en', 'auf', 'der', 'Tag@@', 'es@@', 'ordnung', '.']
2026-05-09 03:13:32,518 - DEBUG - joeynmt.training - 	Tokenized reference:  ['high', 'on', 'the', 'agen@@', 'da', 'are', 'pl@@', 'ans', 'for', 'gre@@', 'ater', 'nu@@', 'clear', 'c@@', 'o', '@@@', '-@@', '@', 'operation', '.']
2026-05-09 03:13:32,518 - DEBUG - joeynmt.training - 	Tokenized hypothesis: ['pl@@', 'ans', 'for', 'more', 'more', 'c@@', 'are@@', 'fully', 'techn@@', 'ical', 'cooperation', 'are', 'very', 'close', 'to', 'the', 'agen@@', 'da', '.', '</s>']
2026-05-09 03:13:32,518 - INFO - joeynmt.training - 	Source:     Pläne für eine stärkere kerntechnische Zusammenarbeit stehen ganz oben auf der Tagesordnung .
2026-05-09 03:13:32,518 - INFO - joeynmt.training - 	Reference:  high on the agenda are plans for greater nuclear co @-@ operation .
2026-05-09 03:13:32,518 - INFO - joeynmt.training - 	Hypothesis: plans for more more carefully technical cooperation are very close to the agenda .
2026-05-09 03:13:32,518 - INFO - joeynmt.training - Example #4
2026-05-09 03:13:32,518 - DEBUG - joeynmt.training - 	Tokenized source:     ['Berich@@', 'ten', 'zu@@', 'fol@@', 'ge', 'ho@@', 'fft', 'Indi@@', 'en', 'darüber', 'hinaus', 'auf', 'einen', 'Ver@@', 'trag', 'zur', 'Ver@@', 'tei@@', 'dig@@', 'ungs@@', 'zusammen@@', 'arbeit', 'zwischen', 'den', 'beiden', 'N@@', 'ationen', '.']
2026-05-09 03:13:32,518 - DEBUG - joeynmt.training - 	Tokenized reference:  ['Indi@@', 'a', 'is', 'also', 're@@', 'porte@@', 'dly', 'hop@@', 'ing', 'for', 'a', 'de@@', 'al', 'on', 'def@@', 'ence', 'c@@', 'oll@@', 'ab@@', 'or@@', 'ation', 'between', 'the', 'two', 'n@@', 'ations', '.']
2026-05-09 03:13:32,518 - DEBUG - joeynmt.training - 	Tokenized hypothesis: ['mo@@', 're@@', 'over', ',', 'there', 'is', 'a', 'con@@', 'tra@@', 'ct', 'on', 'a', 'con@@', 'tra@@', 'ct', 'on', 'the', 'con@@', 'tra@@', 'ct', 'between', 'the', 'two', 'N@@', 'ations', '.', '</s>']
2026-05-09 03:13:32,518 - INFO - joeynmt.training - 	Source:     Berichten zufolge hofft Indien darüber hinaus auf einen Vertrag zur Verteidigungszusammenarbeit zwischen den beiden Nationen .
2026-05-09 03:13:32,518 - INFO - joeynmt.training - 	Reference:  India is also reportedly hoping for a deal on defence collaboration between the two nations .
2026-05-09 03:13:32,518 - INFO - joeynmt.training - 	Hypothesis: moreover , there is a contract on a contract on the contract between the two Nations .
2026-05-09 03:13:49,938 - INFO - joeynmt.training - Epoch   6, Step:    21100, Batch Loss:     1.789111, Batch Acc: 0.516272, Tokens per Sec:     5144, Lr: 0.000300
2026-05-09 03:14:07,357 - INFO - joeynmt.training - Epoch   6, Step:    21200, Batch Loss:     1.968665, Batch Acc: 0.510569, Tokens per Sec:     5291, Lr: 0.000300
2026-05-09 03:14:24,947 - INFO - joeynmt.training - Epoch   6, Step:    21300, Batch Loss:     1.910000, Batch Acc: 0.514250, Tokens per Sec:     5297, Lr: 0.000300
2026-05-09 03:14:42,458 - INFO - joeynmt.training - Epoch   6, Step:    21400, Batch Loss:     1.733585, Batch Acc: 0.512274, Tokens per Sec:     5183, Lr: 0.000300
2026-05-09 03:15:00,045 - INFO - joeynmt.training - Epoch   6, Step:    21500, Batch Loss:     1.711616, Batch Acc: 0.513772, Tokens per Sec:     5204, Lr: 0.000300
2026-05-09 03:15:00,045 - INFO - joeynmt.prediction - Predicting 500 example(s)... (Greedy decoding with min_output_length=1, max_output_length=-1, return_prob='none', generate_unk=True, repetition_penalty=-1, no_repeat_ngram_size=-1)
2026-05-09 03:15:25,862 - INFO - joeynmt.prediction - Evaluation result (greedy) loss:   2.18, ppl:   8.81, acc:   0.44, generation: 25.8115[sec], evaluation: 0.0000[sec]
2026-05-09 03:15:25,864 - INFO - joeynmt.training - Hooray! New best validation result [ppl]!
2026-05-09 03:15:25,950 - INFO - joeynmt.helpers - delete models/deen_transformer_regular/19000.ckpt
2026-05-09 03:15:25,953 - INFO - joeynmt.training - Example #0
2026-05-09 03:15:25,953 - DEBUG - joeynmt.training - 	Tokenized source:     ['die', 'Pre@@', 'mi@@', 'er@@', 'minist@@', 'er', 'Indi@@', 'ens', 'und', 'J@@', 'ap@@', 'ans', 'tra@@', 'fen', 'sich', 'in', 'T@@', 'ok@@', 'i@@', 'o', '.']
2026-05-09 03:15:25,953 - DEBUG - joeynmt.training - 	Tokenized reference:  ['Indi@@', 'a', 'and', 'J@@', 'ap@@', 'an', 'pri@@', 'me', 'minist@@', 'ers', 'me@@', 'et', 'in', 'T@@', 'ok@@', 'y@@', 'o']
2026-05-09 03:15:25,953 - DEBUG - joeynmt.training - 	Tokenized hypothesis: ['the', 'pri@@', 'me', 'minist@@', 'er', 'Indi@@', 'a', 'and', 'J@@', 'ap@@', 'an', ',', 'the', 'Pri@@', 'me', 'Minist@@', 'er', 'Indi@@', 'a', 'and', 'J@@', 'ap@@', 'an', '.', '</s>']
2026-05-09 03:15:25,953 - INFO - joeynmt.training - 	Source:     die Premierminister Indiens und Japans trafen sich in Tokio .
2026-05-09 03:15:25,953 - INFO - joeynmt.training - 	Reference:  India and Japan prime ministers meet in Tokyo
2026-05-09 03:15:25,953 - INFO - joeynmt.training - 	Hypothesis: the prime minister India and Japan , the Prime Minister India and Japan .
2026-05-09 03:15:25,953 - INFO - joeynmt.training - Example #1
2026-05-09 03:15:25,954 - DEBUG - joeynmt.training - 	Tokenized source:     ['Indi@@', 'ens', 'neu@@', 'er', 'Pre@@', 'mi@@', 'er@@', 'minist@@', 'er', 'N@@', 'ar@@', 'end@@', 'ra', 'Mo@@', 'd@@', 'i', 'tri@@', 'fft', 'bei', 's@@', 'einem', 'ersten', 'wichti@@', 'gen', 'Aus@@', 'land@@', 's@@', 'bes@@', 'u@@', 'ch', 'seit', 's@@', 'einem', 'W@@', 'ah@@', 'l@@', 'si@@', 'e@@', 'g', 'im', 'Ma@@', 'i', 'seinen', 'j@@', 'ap@@', 'an@@', 'ischen', 'Am@@', 'ts@@', 'k@@', 'olle@@', 'gen', 'S@@', 'hin@@', 'z@@', 'o', 'A@@', 'be', 'in', 'T@@', 'ok@@', 'o', ',', 'um', 'wirtschaf@@', 'tliche', 'und', 'sicher@@', 'heits@@', 'politische', 'Be@@', 'zieh@@', 'ungen', 'zu', 'bes@@', 'pre@@', 'chen', '.']
2026-05-09 03:15:25,954 - DEBUG - joeynmt.training - 	Tokenized reference:  ['Indi@@', 'a', '&apos;s', 'new', 'pri@@', 'me', 'minist@@', 'er', ',', 'N@@', 'ar@@', 'end@@', 'ra', 'Mo@@', 'd@@', 'i', ',', 'is', 'me@@', 'eting', 'his', 'J@@', 'ap@@', 'an@@', 'ese', 'coun@@', 'ter@@', 'part', ',', 'S@@', 'hin@@', 'z@@', 'o', 'A@@', 'be', ',', 'in', 'T@@', 'ok@@', 'y@@', 'o', 'to', 'disc@@', 'uss', 'economic', 'and', 'security', 'ties', ',', 'on', 'his', 'first', 'major', 'fore@@', 'ign', 'visi@@', 't', 'since', 'w@@', 'inn@@', 'ing', 'Ma@@', 'y', '&apos;s', 'elec@@', 'tion', '.']
2026-05-09 03:15:25,954 - DEBUG - joeynmt.training - 	Tokenized hypothesis: ['Indi@@', 'a', '&apos;s', 'new', 'Pre@@', 'mi@@', 'er', 'N@@', 'ar@@', 'end@@', 'ra', 'Mo@@', 'd@@', 'i', ',', 'in', 'his', 'first', 'important', 'ex@@', 'tra@@', 'ordin@@', 'ary', 'ex@@', 'tra@@', 'ordin@@', 'ary', 's@@', 'ession', ',', 'and', 'his', 'his', 'elec@@', 'tion', ',', 'in', 'the', 'Ma@@', 'y', 'of', 'his', 'J@@', 'ap@@', 'an@@', 'ese', 'colle@@', 'c@@', 'tive', 'and', 'security', 'policy', 'rel@@', 'ations', '.', '</s>']
2026-05-09 03:15:25,954 - INFO - joeynmt.training - 	Source:     Indiens neuer Premierminister Narendra Modi trifft bei seinem ersten wichtigen Auslandsbesuch seit seinem Wahlsieg im Mai seinen japanischen Amtskollegen Shinzo Abe in Toko , um wirtschaftliche und sicherheitspolitische Beziehungen zu besprechen .
2026-05-09 03:15:25,954 - INFO - joeynmt.training - 	Reference:  India &apos;s new prime minister , Narendra Modi , is meeting his Japanese counterpart , Shinzo Abe , in Tokyo to discuss economic and security ties , on his first major foreign visit since winning May &apos;s election .
2026-05-09 03:15:25,954 - INFO - joeynmt.training - 	Hypothesis: India &apos;s new Premier Narendra Modi , in his first important extraordinary extraordinary session , and his his election , in the May of his Japanese collective and security policy relations .
2026-05-09 03:15:25,954 - INFO - joeynmt.training - Example #2
2026-05-09 03:15:25,954 - DEBUG - joeynmt.training - 	Tokenized source:     ['Herr', 'Mo@@', 'd@@', 'i', 'befindet', 'sich', 'auf', 'einer', 'fü@@', 'n@@', 'f@@', 'tä@@', 'gi@@', 'gen', 'Rei@@', 'se', 'nach', 'J@@', 'ap@@', 'an', ',', 'um', 'die', 'wirtschaf@@', 'tlichen', 'Be@@', 'zieh@@', 'ungen', 'mit', 'der', 'd@@', 'rit@@', 't@@', 'größ@@', 'ten', 'Wirtschafts@@', 'n@@', 'ation', 'der', 'Welt', 'zu', 'fes@@', 'tigen', '.']
2026-05-09 03:15:25,954 - DEBUG - joeynmt.training - 	Tokenized reference:  ['Mr', 'Mo@@', 'd@@', 'i', 'is', 'on', 'a', 'fi@@', 've', '@@@', '-@@', '@', 'day', 'tri@@', 'p', 'to', 'J@@', 'ap@@', 'an', 'to', 'streng@@', 'then', 'economic', 'ties', 'with', 'the', 'third', 'lar@@', 'ges@@', 't', 'econom@@', 'y', 'in', 'the', 'world', '.']
2026-05-09 03:15:25,954 - DEBUG - joeynmt.training - 	Tokenized hypothesis: ['Mr', 'Mo@@', 'd@@', 'i', 'is', 'based', 'on', 'a', 'fi@@', 'f@@', 'th', 'of', 'a', 'fi@@', 'f@@', 'th', 'of', 'the', 'world', '.', '</s>']
2026-05-09 03:15:25,954 - INFO - joeynmt.training - 	Source:     Herr Modi befindet sich auf einer fünftägigen Reise nach Japan , um die wirtschaftlichen Beziehungen mit der drittgrößten Wirtschaftsnation der Welt zu festigen .
2026-05-09 03:15:25,954 - INFO - joeynmt.training - 	Reference:  Mr Modi is on a five @-@ day trip to Japan to strengthen economic ties with the third largest economy in the world .
2026-05-09 03:15:25,954 - INFO - joeynmt.training - 	Hypothesis: Mr Modi is based on a fifth of a fifth of the world .
2026-05-09 03:15:25,954 - INFO - joeynmt.training - Example #3
2026-05-09 03:15:25,954 - DEBUG - joeynmt.training - 	Tokenized source:     ['P@@', 'län@@', 'e', 'für', 'eine', 'stärk@@', 'ere', 'k@@', 'ern@@', 'techn@@', 'ische', 'Zusammenarbeit', 'stehen', 'ganz', 'ob@@', 'en', 'auf', 'der', 'Tag@@', 'es@@', 'ordnung', '.']
2026-05-09 03:15:25,954 - DEBUG - joeynmt.training - 	Tokenized reference:  ['high', 'on', 'the', 'agen@@', 'da', 'are', 'pl@@', 'ans', 'for', 'gre@@', 'ater', 'nu@@', 'clear', 'c@@', 'o', '@@@', '-@@', '@', 'operation', '.']
2026-05-09 03:15:25,954 - DEBUG - joeynmt.training - 	Tokenized hypothesis: ['pl@@', 'ans', 'for', 'gre@@', 'ater', 'nu@@', 'clear', 'techn@@', 'ical', 'cooperation', 'are', 'on', 'the', 'agen@@', 'da', '.', '</s>']
2026-05-09 03:15:25,954 - INFO - joeynmt.training - 	Source:     Pläne für eine stärkere kerntechnische Zusammenarbeit stehen ganz oben auf der Tagesordnung .
2026-05-09 03:15:25,954 - INFO - joeynmt.training - 	Reference:  high on the agenda are plans for greater nuclear co @-@ operation .
2026-05-09 03:15:25,954 - INFO - joeynmt.training - 	Hypothesis: plans for greater nuclear technical cooperation are on the agenda .
2026-05-09 03:15:25,954 - INFO - joeynmt.training - Example #4
2026-05-09 03:15:25,954 - DEBUG - joeynmt.training - 	Tokenized source:     ['Berich@@', 'ten', 'zu@@', 'fol@@', 'ge', 'ho@@', 'fft', 'Indi@@', 'en', 'darüber', 'hinaus', 'auf', 'einen', 'Ver@@', 'trag', 'zur', 'Ver@@', 'tei@@', 'dig@@', 'ungs@@', 'zusammen@@', 'arbeit', 'zwischen', 'den', 'beiden', 'N@@', 'ationen', '.']
2026-05-09 03:15:25,954 - DEBUG - joeynmt.training - 	Tokenized reference:  ['Indi@@', 'a', 'is', 'also', 're@@', 'porte@@', 'dly', 'hop@@', 'ing', 'for', 'a', 'de@@', 'al', 'on', 'def@@', 'ence', 'c@@', 'oll@@', 'ab@@', 'or@@', 'ation', 'between', 'the', 'two', 'n@@', 'ations', '.']
2026-05-09 03:15:25,954 - DEBUG - joeynmt.training - 	Tokenized hypothesis: ['mo@@', 're@@', 'over', ',', 'Indi@@', 'a', ',', 'is', 'also', 'able', 'to', 're@@', 'ports', 'on', 'the', 'def@@', 'ence', 'cooperation', 'between', 'the', 'two', 'n@@', 'ations', '.', '</s>']
2026-05-09 03:15:25,954 - INFO - joeynmt.training - 	Source:     Berichten zufolge hofft Indien darüber hinaus auf einen Vertrag zur Verteidigungszusammenarbeit zwischen den beiden Nationen .
2026-05-09 03:15:25,955 - INFO - joeynmt.training - 	Reference:  India is also reportedly hoping for a deal on defence collaboration between the two nations .
2026-05-09 03:15:25,955 - INFO - joeynmt.training - 	Hypothesis: moreover , India , is also able to reports on the defence cooperation between the two nations .
2026-05-09 03:15:43,594 - INFO - joeynmt.training - Epoch   6, Step:    21600, Batch Loss:     1.784451, Batch Acc: 0.506688, Tokens per Sec:     5060, Lr: 0.000300
2026-05-09 03:16:01,399 - INFO - joeynmt.training - Epoch   6, Step:    21700, Batch Loss:     1.833301, Batch Acc: 0.514930, Tokens per Sec:     5103, Lr: 0.000300
2026-05-09 03:16:19,015 - INFO - joeynmt.training - Epoch   6, Step:    21800, Batch Loss:     1.800100, Batch Acc: 0.509975, Tokens per Sec:     5230, Lr: 0.000300
2026-05-09 03:16:36,727 - INFO - joeynmt.training - Epoch   6, Step:    21900, Batch Loss:     1.956754, Batch Acc: 0.511411, Tokens per Sec:     5252, Lr: 0.000300
2026-05-09 03:16:54,330 - INFO - joeynmt.training - Epoch   6, Step:    22000, Batch Loss:     1.614469, Batch Acc: 0.511472, Tokens per Sec:     5155, Lr: 0.000300
2026-05-09 03:16:54,331 - INFO - joeynmt.prediction - Predicting 500 example(s)... (Greedy decoding with min_output_length=1, max_output_length=-1, return_prob='none', generate_unk=True, repetition_penalty=-1, no_repeat_ngram_size=-1)
2026-05-09 03:17:23,940 - INFO - joeynmt.prediction - Evaluation result (greedy) loss:   2.17, ppl:   8.74, acc:   0.44, generation: 29.6047[sec], evaluation: 0.0000[sec]
2026-05-09 03:17:23,941 - INFO - joeynmt.training - Hooray! New best validation result [ppl]!
2026-05-09 03:17:24,028 - INFO - joeynmt.helpers - delete models/deen_transformer_regular/19500.ckpt
2026-05-09 03:17:24,030 - INFO - joeynmt.training - Example #0
2026-05-09 03:17:24,030 - DEBUG - joeynmt.training - 	Tokenized source:     ['die', 'Pre@@', 'mi@@', 'er@@', 'minist@@', 'er', 'Indi@@', 'ens', 'und', 'J@@', 'ap@@', 'ans', 'tra@@', 'fen', 'sich', 'in', 'T@@', 'ok@@', 'i@@', 'o', '.']
2026-05-09 03:17:24,030 - DEBUG - joeynmt.training - 	Tokenized reference:  ['Indi@@', 'a', 'and', 'J@@', 'ap@@', 'an', 'pri@@', 'me', 'minist@@', 'ers', 'me@@', 'et', 'in', 'T@@', 'ok@@', 'y@@', 'o']
2026-05-09 03:17:24,030 - DEBUG - joeynmt.training - 	Tokenized hypothesis: ['the', 'price', 'minist@@', 'er', 'Indi@@', 'a', 'and', 'J@@', 'ap@@', 'an', '&apos;s', 'pri@@', 'me', 'minist@@', 'er', 'and', 'J@@', 'ap@@', 'an', '.', '</s>']
2026-05-09 03:17:24,030 - INFO - joeynmt.training - 	Source:     die Premierminister Indiens und Japans trafen sich in Tokio .
2026-05-09 03:17:24,030 - INFO - joeynmt.training - 	Reference:  India and Japan prime ministers meet in Tokyo
2026-05-09 03:17:24,030 - INFO - joeynmt.training - 	Hypothesis: the price minister India and Japan &apos;s prime minister and Japan .
2026-05-09 03:17:24,030 - INFO - joeynmt.training - Example #1
2026-05-09 03:17:24,031 - DEBUG - joeynmt.training - 	Tokenized source:     ['Indi@@', 'ens', 'neu@@', 'er', 'Pre@@', 'mi@@', 'er@@', 'minist@@', 'er', 'N@@', 'ar@@', 'end@@', 'ra', 'Mo@@', 'd@@', 'i', 'tri@@', 'fft', 'bei', 's@@', 'einem', 'ersten', 'wichti@@', 'gen', 'Aus@@', 'land@@', 's@@', 'bes@@', 'u@@', 'ch', 'seit', 's@@', 'einem', 'W@@', 'ah@@', 'l@@', 'si@@', 'e@@', 'g', 'im', 'Ma@@', 'i', 'seinen', 'j@@', 'ap@@', 'an@@', 'ischen', 'Am@@', 'ts@@', 'k@@', 'olle@@', 'gen', 'S@@', 'hin@@', 'z@@', 'o', 'A@@', 'be', 'in', 'T@@', 'ok@@', 'o', ',', 'um', 'wirtschaf@@', 'tliche', 'und', 'sicher@@', 'heits@@', 'politische', 'Be@@', 'zieh@@', 'ungen', 'zu', 'bes@@', 'pre@@', 'chen', '.']
2026-05-09 03:17:24,031 - DEBUG - joeynmt.training - 	Tokenized reference:  ['Indi@@', 'a', '&apos;s', 'new', 'pri@@', 'me', 'minist@@', 'er', ',', 'N@@', 'ar@@', 'end@@', 'ra', 'Mo@@', 'd@@', 'i', ',', 'is', 'me@@', 'eting', 'his', 'J@@', 'ap@@', 'an@@', 'ese', 'coun@@', 'ter@@', 'part', ',', 'S@@', 'hin@@', 'z@@', 'o', 'A@@', 'be', ',', 'in', 'T@@', 'ok@@', 'y@@', 'o', 'to', 'disc@@', 'uss', 'economic', 'and', 'security', 'ties', ',', 'on', 'his', 'first', 'major', 'fore@@', 'ign', 'visi@@', 't', 'since', 'w@@', 'inn@@', 'ing', 'Ma@@', 'y', '&apos;s', 'elec@@', 'tion', '.']
2026-05-09 03:17:24,031 - DEBUG - joeynmt.training - 	Tokenized hypothesis: ['Indi@@', 'a', '&apos;s', 'Pre@@', 'mi@@', 'er', 'N@@', 'ar@@', 'end@@', 'ra', 'Mo@@', 'd@@', 'i', 'T@@', 'our@@', 'o', ',', 'in', 'his', 'first', 'important', 'ex@@', 'land@@', 's@@', 'ets', 'in', 'the', 'M@@', 'or@@', 'i', 'J@@', 'ap@@', 'an@@', 'ese', ',', 'in', 'his', 'elec@@', 't@@', 'or@@', 'al', 'A@@', 'be', 'in', 'T@@', 'ok@@', 'o', ',', 'to', 'A@@', 'be', 'in', 'T@@', 'ok@@', 'o', ',', 'to', 'A@@', 'be', 'in', 'T@@', 'ok@@', 'o', ',', 'to', 're@@', 'fer', 'to', 'the', 'economic', 'and', 'saf@@', 'ety', '.', '</s>']
2026-05-09 03:17:24,031 - INFO - joeynmt.training - 	Source:     Indiens neuer Premierminister Narendra Modi trifft bei seinem ersten wichtigen Auslandsbesuch seit seinem Wahlsieg im Mai seinen japanischen Amtskollegen Shinzo Abe in Toko , um wirtschaftliche und sicherheitspolitische Beziehungen zu besprechen .
2026-05-09 03:17:24,031 - INFO - joeynmt.training - 	Reference:  India &apos;s new prime minister , Narendra Modi , is meeting his Japanese counterpart , Shinzo Abe , in Tokyo to discuss economic and security ties , on his first major foreign visit since winning May &apos;s election .
2026-05-09 03:17:24,031 - INFO - joeynmt.training - 	Hypothesis: India &apos;s Premier Narendra Modi Touro , in his first important exlandsets in the Mori Japanese , in his electoral Abe in Toko , to Abe in Toko , to Abe in Toko , to refer to the economic and safety .
2026-05-09 03:17:24,031 - INFO - joeynmt.training - Example #2
2026-05-09 03:17:24,031 - DEBUG - joeynmt.training - 	Tokenized source:     ['Herr', 'Mo@@', 'd@@', 'i', 'befindet', 'sich', 'auf', 'einer', 'fü@@', 'n@@', 'f@@', 'tä@@', 'gi@@', 'gen', 'Rei@@', 'se', 'nach', 'J@@', 'ap@@', 'an', ',', 'um', 'die', 'wirtschaf@@', 'tlichen', 'Be@@', 'zieh@@', 'ungen', 'mit', 'der', 'd@@', 'rit@@', 't@@', 'größ@@', 'ten', 'Wirtschafts@@', 'n@@', 'ation', 'der', 'Welt', 'zu', 'fes@@', 'tigen', '.']
2026-05-09 03:17:24,031 - DEBUG - joeynmt.training - 	Tokenized reference:  ['Mr', 'Mo@@', 'd@@', 'i', 'is', 'on', 'a', 'fi@@', 've', '@@@', '-@@', '@', 'day', 'tri@@', 'p', 'to', 'J@@', 'ap@@', 'an', 'to', 'streng@@', 'then', 'economic', 'ties', 'with', 'the', 'third', 'lar@@', 'ges@@', 't', 'econom@@', 'y', 'in', 'the', 'world', '.']
2026-05-09 03:17:24,031 - DEBUG - joeynmt.training - 	Tokenized hypothesis: ['Mr', 'Mo@@', 'd@@', 'i', 'is', 'one', 'of', 'fi@@', 'f@@', 'ty', 'to', 'J@@', 'ap@@', 'an', 'to', 'J@@', 'ap@@', 'an', 'to', 'J@@', 'ap@@', 'an', 'to', 'the', 'economic', 'rel@@', 'ations', 'with', 'the', 'third', 'b@@', 'ig@@', 'ges@@', 't', 'economic', 'rel@@', 'ations', 'with', 'the', 'third', 'b@@', 'ig@@', 'ges@@', 't', 'econom@@', 'ic@@', 's', '.', '</s>']
2026-05-09 03:17:24,031 - INFO - joeynmt.training - 	Source:     Herr Modi befindet sich auf einer fünftägigen Reise nach Japan , um die wirtschaftlichen Beziehungen mit der drittgrößten Wirtschaftsnation der Welt zu festigen .
2026-05-09 03:17:24,031 - INFO - joeynmt.training - 	Reference:  Mr Modi is on a five @-@ day trip to Japan to strengthen economic ties with the third largest economy in the world .
2026-05-09 03:17:24,031 - INFO - joeynmt.training - 	Hypothesis: Mr Modi is one of fifty to Japan to Japan to Japan to the economic relations with the third biggest economic relations with the third biggest economics .
2026-05-09 03:17:24,031 - INFO - joeynmt.training - Example #3
2026-05-09 03:17:24,031 - DEBUG - joeynmt.training - 	Tokenized source:     ['P@@', 'län@@', 'e', 'für', 'eine', 'stärk@@', 'ere', 'k@@', 'ern@@', 'techn@@', 'ische', 'Zusammenarbeit', 'stehen', 'ganz', 'ob@@', 'en', 'auf', 'der', 'Tag@@', 'es@@', 'ordnung', '.']
2026-05-09 03:17:24,031 - DEBUG - joeynmt.training - 	Tokenized reference:  ['high', 'on', 'the', 'agen@@', 'da', 'are', 'pl@@', 'ans', 'for', 'gre@@', 'ater', 'nu@@', 'clear', 'c@@', 'o', '@@@', '-@@', '@', 'operation', '.']
2026-05-09 03:17:24,031 - DEBUG - joeynmt.training - 	Tokenized hypothesis: ['pl@@', 'ans', 'for', 'gre@@', 'ater', 'techn@@', 'ical', 'cooperation', 'are', 'very', 'close', 'to', 'the', 'agen@@', 'da', '.', '</s>']
2026-05-09 03:17:24,031 - INFO - joeynmt.training - 	Source:     Pläne für eine stärkere kerntechnische Zusammenarbeit stehen ganz oben auf der Tagesordnung .
2026-05-09 03:17:24,031 - INFO - joeynmt.training - 	Reference:  high on the agenda are plans for greater nuclear co @-@ operation .
2026-05-09 03:17:24,031 - INFO - joeynmt.training - 	Hypothesis: plans for greater technical cooperation are very close to the agenda .
2026-05-09 03:17:24,031 - INFO - joeynmt.training - Example #4
2026-05-09 03:17:24,031 - DEBUG - joeynmt.training - 	Tokenized source:     ['Berich@@', 'ten', 'zu@@', 'fol@@', 'ge', 'ho@@', 'fft', 'Indi@@', 'en', 'darüber', 'hinaus', 'auf', 'einen', 'Ver@@', 'trag', 'zur', 'Ver@@', 'tei@@', 'dig@@', 'ungs@@', 'zusammen@@', 'arbeit', 'zwischen', 'den', 'beiden', 'N@@', 'ationen', '.']
2026-05-09 03:17:24,031 - DEBUG - joeynmt.training - 	Tokenized reference:  ['Indi@@', 'a', 'is', 'also', 're@@', 'porte@@', 'dly', 'hop@@', 'ing', 'for', 'a', 'de@@', 'al', 'on', 'def@@', 'ence', 'c@@', 'oll@@', 'ab@@', 'or@@', 'ation', 'between', 'the', 'two', 'n@@', 'ations', '.']
2026-05-09 03:17:24,031 - DEBUG - joeynmt.training - 	Tokenized hypothesis: ['mo@@', 're@@', 'over', ',', 'Indi@@', 'a', ',', 'is', 'also', 'tru@@', 'e', 'to', 'the', 'con@@', 'tra@@', 'ct', 'cooperation', 'between', 'the', 'two', 'N@@', 'ations', '.', '</s>']
2026-05-09 03:17:24,032 - INFO - joeynmt.training - 	Source:     Berichten zufolge hofft Indien darüber hinaus auf einen Vertrag zur Verteidigungszusammenarbeit zwischen den beiden Nationen .
2026-05-09 03:17:24,032 - INFO - joeynmt.training - 	Reference:  India is also reportedly hoping for a deal on defence collaboration between the two nations .
2026-05-09 03:17:24,032 - INFO - joeynmt.training - 	Hypothesis: moreover , India , is also true to the contract cooperation between the two Nations .
2026-05-09 03:17:41,506 - INFO - joeynmt.training - Epoch   6, Step:    22100, Batch Loss:     1.714899, Batch Acc: 0.509005, Tokens per Sec:     5194, Lr: 0.000300
2026-05-09 03:17:59,237 - INFO - joeynmt.training - Epoch   6, Step:    22200, Batch Loss:     1.858399, Batch Acc: 0.511866, Tokens per Sec:     5193, Lr: 0.000300
2026-05-09 03:18:16,968 - INFO - joeynmt.training - Epoch   6, Step:    22300, Batch Loss:     1.838994, Batch Acc: 0.504806, Tokens per Sec:     5257, Lr: 0.000300
2026-05-09 03:18:34,672 - INFO - joeynmt.training - Epoch   6, Step:    22400, Batch Loss:     2.109052, Batch Acc: 0.508526, Tokens per Sec:     5138, Lr: 0.000300
2026-05-09 03:18:52,487 - INFO - joeynmt.training - Epoch   6, Step:    22500, Batch Loss:     1.954494, Batch Acc: 0.507720, Tokens per Sec:     5210, Lr: 0.000300
2026-05-09 03:18:52,487 - INFO - joeynmt.prediction - Predicting 500 example(s)... (Greedy decoding with min_output_length=1, max_output_length=-1, return_prob='none', generate_unk=True, repetition_penalty=-1, no_repeat_ngram_size=-1)
2026-05-09 03:19:24,786 - INFO - joeynmt.prediction - Evaluation result (greedy) loss:   2.18, ppl:   8.82, acc:   0.44, generation: 32.2940[sec], evaluation: 0.0000[sec]
2026-05-09 03:19:24,876 - INFO - joeynmt.helpers - delete models/deen_transformer_regular/20500.ckpt
2026-05-09 03:19:24,880 - INFO - joeynmt.training - Example #0
2026-05-09 03:19:24,880 - DEBUG - joeynmt.training - 	Tokenized source:     ['die', 'Pre@@', 'mi@@', 'er@@', 'minist@@', 'er', 'Indi@@', 'ens', 'und', 'J@@', 'ap@@', 'ans', 'tra@@', 'fen', 'sich', 'in', 'T@@', 'ok@@', 'i@@', 'o', '.']
2026-05-09 03:19:24,880 - DEBUG - joeynmt.training - 	Tokenized reference:  ['Indi@@', 'a', 'and', 'J@@', 'ap@@', 'an', 'pri@@', 'me', 'minist@@', 'ers', 'me@@', 'et', 'in', 'T@@', 'ok@@', 'y@@', 'o']
2026-05-09 03:19:24,880 - DEBUG - joeynmt.training - 	Tokenized hypothesis: ['the', 'Pre@@', 'mi@@', 'er', 'Indi@@', 'a', 'and', 'J@@', 'ap@@', 'an', '&apos;s', 'pri@@', 'me', 'minist@@', 'ers', 'in', 'T@@', 'ok@@', 'i@@', 'o', '.', '</s>']
2026-05-09 03:19:24,880 - INFO - joeynmt.training - 	Source:     die Premierminister Indiens und Japans trafen sich in Tokio .
2026-05-09 03:19:24,880 - INFO - joeynmt.training - 	Reference:  India and Japan prime ministers meet in Tokyo
2026-05-09 03:19:24,880 - INFO - joeynmt.training - 	Hypothesis: the Premier India and Japan &apos;s prime ministers in Tokio .
2026-05-09 03:19:24,880 - INFO - joeynmt.training - Example #1
2026-05-09 03:19:24,880 - DEBUG - joeynmt.training - 	Tokenized source:     ['Indi@@', 'ens', 'neu@@', 'er', 'Pre@@', 'mi@@', 'er@@', 'minist@@', 'er', 'N@@', 'ar@@', 'end@@', 'ra', 'Mo@@', 'd@@', 'i', 'tri@@', 'fft', 'bei', 's@@', 'einem', 'ersten', 'wichti@@', 'gen', 'Aus@@', 'land@@', 's@@', 'bes@@', 'u@@', 'ch', 'seit', 's@@', 'einem', 'W@@', 'ah@@', 'l@@', 'si@@', 'e@@', 'g', 'im', 'Ma@@', 'i', 'seinen', 'j@@', 'ap@@', 'an@@', 'ischen', 'Am@@', 'ts@@', 'k@@', 'olle@@', 'gen', 'S@@', 'hin@@', 'z@@', 'o', 'A@@', 'be', 'in', 'T@@', 'ok@@', 'o', ',', 'um', 'wirtschaf@@', 'tliche', 'und', 'sicher@@', 'heits@@', 'politische', 'Be@@', 'zieh@@', 'ungen', 'zu', 'bes@@', 'pre@@', 'chen', '.']
2026-05-09 03:19:24,880 - DEBUG - joeynmt.training - 	Tokenized reference:  ['Indi@@', 'a', '&apos;s', 'new', 'pri@@', 'me', 'minist@@', 'er', ',', 'N@@', 'ar@@', 'end@@', 'ra', 'Mo@@', 'd@@', 'i', ',', 'is', 'me@@', 'eting', 'his', 'J@@', 'ap@@', 'an@@', 'ese', 'coun@@', 'ter@@', 'part', ',', 'S@@', 'hin@@', 'z@@', 'o', 'A@@', 'be', ',', 'in', 'T@@', 'ok@@', 'y@@', 'o', 'to', 'disc@@', 'uss', 'economic', 'and', 'security', 'ties', ',', 'on', 'his', 'first', 'major', 'fore@@', 'ign', 'visi@@', 't', 'since', 'w@@', 'inn@@', 'ing', 'Ma@@', 'y', '&apos;s', 'elec@@', 'tion', '.']
2026-05-09 03:19:24,880 - DEBUG - joeynmt.training - 	Tokenized hypothesis: ['Indi@@', 'a', '&apos;s', 'pre@@', 'mi@@', 'er', 'Pri@@', 'me', 'Minist@@', 'er', 'N@@', 'ar@@', 'end@@', 'ra', 'Mo@@', 'd@@', 'i', '&apos;s', 'first', 'important', 'ex@@', 'tra@@', 'ordin@@', 'ary', 'ex@@', 'tra@@', 'ordin@@', 'ary', 'and', 'S@@', 'hin@@', 'z@@', 'z@@', 'a', '&apos;s', 'elec@@', 'tion', 'of', 'S@@', 'hin@@', 'z@@', 'o', 'A@@', 'be', 'in', 'T@@', 'ok@@', 'o', 'A@@', 'be', 'in', 'T@@', 'ok@@', 'o', ',', 'in', 'T@@', 'ok@@', 'o', ',', 'and', 'to', 'pre@@', 'ser@@', 've', 'economic', 'and', 'saf@@', 'ety', 'political', 'rel@@', 'ations', 'with', 'pre@@', 'ser@@', 'ving', 'political', 'rel@@', 'ations', '.', '</s>']
2026-05-09 03:19:24,880 - INFO - joeynmt.training - 	Source:     Indiens neuer Premierminister Narendra Modi trifft bei seinem ersten wichtigen Auslandsbesuch seit seinem Wahlsieg im Mai seinen japanischen Amtskollegen Shinzo Abe in Toko , um wirtschaftliche und sicherheitspolitische Beziehungen zu besprechen .
2026-05-09 03:19:24,880 - INFO - joeynmt.training - 	Reference:  India &apos;s new prime minister , Narendra Modi , is meeting his Japanese counterpart , Shinzo Abe , in Tokyo to discuss economic and security ties , on his first major foreign visit since winning May &apos;s election .
2026-05-09 03:19:24,880 - INFO - joeynmt.training - 	Hypothesis: India &apos;s premier Prime Minister Narendra Modi &apos;s first important extraordinary extraordinary and Shinzza &apos;s election of Shinzo Abe in Toko Abe in Toko , in Toko , and to preserve economic and safety political relations with preserving political relations .
2026-05-09 03:19:24,880 - INFO - joeynmt.training - Example #2
2026-05-09 03:19:24,880 - DEBUG - joeynmt.training - 	Tokenized source:     ['Herr', 'Mo@@', 'd@@', 'i', 'befindet', 'sich', 'auf', 'einer', 'fü@@', 'n@@', 'f@@', 'tä@@', 'gi@@', 'gen', 'Rei@@', 'se', 'nach', 'J@@', 'ap@@', 'an', ',', 'um', 'die', 'wirtschaf@@', 'tlichen', 'Be@@', 'zieh@@', 'ungen', 'mit', 'der', 'd@@', 'rit@@', 't@@', 'größ@@', 'ten', 'Wirtschafts@@', 'n@@', 'ation', 'der', 'Welt', 'zu', 'fes@@', 'tigen', '.']
2026-05-09 03:19:24,880 - DEBUG - joeynmt.training - 	Tokenized reference:  ['Mr', 'Mo@@', 'd@@', 'i', 'is', 'on', 'a', 'fi@@', 've', '@@@', '-@@', '@', 'day', 'tri@@', 'p', 'to', 'J@@', 'ap@@', 'an', 'to', 'streng@@', 'then', 'economic', 'ties', 'with', 'the', 'third', 'lar@@', 'ges@@', 't', 'econom@@', 'y', 'in', 'the', 'world', '.']
2026-05-09 03:19:24,880 - DEBUG - joeynmt.training - 	Tokenized hypothesis: ['Mr', 'Mo@@', 'd@@', 'i', 'is', 'located', 'on', 'a', 'fi@@', 'f@@', 'f@@', 'f@@', 'f@@', 'ty', ',', 'to', 'J@@', 'ap@@', 'an', ',', 'in', 'order', 'to', 'mo@@', 've', 'economic', 'rel@@', 'ations', 'with', 'the', 'third', 'lar@@', 'ges@@', 't', 'economic', 'rel@@', 'ations', 'with', 'the', 'third', 'lar@@', 'ges@@', 't', 'economic', 'rel@@', 'ations', 'with', 'the', 'third', 'lar@@', 'ges@@', 't', 'economic', 'rel@@', 'ations', 'with', 'the', 'third', 'lar@@', 'ges@@', 't', 'economic', 'rel@@', 'ations', 'with', 'the', 'third', 'lar@@', 'ges@@', 't', 'economic', 'rel@@', 'ations', 'with', 'the', 'third', 'lar@@', 'ges@@', 't', 'economic', 'rel@@', 'ations', 'with', 'the', 'third', 'lar@@', 'ges@@', 't', 'economic', 'rel@@', 'ations', 'with', 'the', 'third', 'lar@@', 'ges@@', 't', 'economic', 'rel@@', 'ations', '.', '</s>']
2026-05-09 03:19:24,880 - INFO - joeynmt.training - 	Source:     Herr Modi befindet sich auf einer fünftägigen Reise nach Japan , um die wirtschaftlichen Beziehungen mit der drittgrößten Wirtschaftsnation der Welt zu festigen .
2026-05-09 03:19:24,880 - INFO - joeynmt.training - 	Reference:  Mr Modi is on a five @-@ day trip to Japan to strengthen economic ties with the third largest economy in the world .
2026-05-09 03:19:24,880 - INFO - joeynmt.training - 	Hypothesis: Mr Modi is located on a fiffffty , to Japan , in order to move economic relations with the third largest economic relations with the third largest economic relations with the third largest economic relations with the third largest economic relations with the third largest economic relations with the third largest economic relations with the third largest economic relations with the third largest economic relations .
2026-05-09 03:19:24,880 - INFO - joeynmt.training - Example #3
2026-05-09 03:19:24,881 - DEBUG - joeynmt.training - 	Tokenized source:     ['P@@', 'län@@', 'e', 'für', 'eine', 'stärk@@', 'ere', 'k@@', 'ern@@', 'techn@@', 'ische', 'Zusammenarbeit', 'stehen', 'ganz', 'ob@@', 'en', 'auf', 'der', 'Tag@@', 'es@@', 'ordnung', '.']
2026-05-09 03:19:24,881 - DEBUG - joeynmt.training - 	Tokenized reference:  ['high', 'on', 'the', 'agen@@', 'da', 'are', 'pl@@', 'ans', 'for', 'gre@@', 'ater', 'nu@@', 'clear', 'c@@', 'o', '@@@', '-@@', '@', 'operation', '.']
2026-05-09 03:19:24,881 - DEBUG - joeynmt.training - 	Tokenized hypothesis: ['pl@@', 'ans', 'for', 'more', 'more', 'c@@', 'ut@@', 'ting', 'techn@@', 'ical', 'cooperation', 'are', 'on', 'the', 'agen@@', 'da', '.', '</s>']
2026-05-09 03:19:24,881 - INFO - joeynmt.training - 	Source:     Pläne für eine stärkere kerntechnische Zusammenarbeit stehen ganz oben auf der Tagesordnung .
2026-05-09 03:19:24,881 - INFO - joeynmt.training - 	Reference:  high on the agenda are plans for greater nuclear co @-@ operation .
2026-05-09 03:19:24,881 - INFO - joeynmt.training - 	Hypothesis: plans for more more cutting technical cooperation are on the agenda .
2026-05-09 03:19:24,881 - INFO - joeynmt.training - Example #4
2026-05-09 03:19:24,881 - DEBUG - joeynmt.training - 	Tokenized source:     ['Berich@@', 'ten', 'zu@@', 'fol@@', 'ge', 'ho@@', 'fft', 'Indi@@', 'en', 'darüber', 'hinaus', 'auf', 'einen', 'Ver@@', 'trag', 'zur', 'Ver@@', 'tei@@', 'dig@@', 'ungs@@', 'zusammen@@', 'arbeit', 'zwischen', 'den', 'beiden', 'N@@', 'ationen', '.']
2026-05-09 03:19:24,881 - DEBUG - joeynmt.training - 	Tokenized reference:  ['Indi@@', 'a', 'is', 'also', 're@@', 'porte@@', 'dly', 'hop@@', 'ing', 'for', 'a', 'de@@', 'al', 'on', 'def@@', 'ence', 'c@@', 'oll@@', 'ab@@', 'or@@', 'ation', 'between', 'the', 'two', 'n@@', 'ations', '.']
2026-05-09 03:19:24,881 - DEBUG - joeynmt.training - 	Tokenized hypothesis: ['the', 're@@', 'ports', 'of', 'the', 'report', 'also', 'app@@', 'li@@', 'es', 'to', 'def@@', 'ence', 'cooperation', 'between', 'the', 'two', 'n@@', 'ations', '.', '</s>']
2026-05-09 03:19:24,881 - INFO - joeynmt.training - 	Source:     Berichten zufolge hofft Indien darüber hinaus auf einen Vertrag zur Verteidigungszusammenarbeit zwischen den beiden Nationen .
2026-05-09 03:19:24,881 - INFO - joeynmt.training - 	Reference:  India is also reportedly hoping for a deal on defence collaboration between the two nations .
2026-05-09 03:19:24,881 - INFO - joeynmt.training - 	Hypothesis: the reports of the report also applies to defence cooperation between the two nations .
2026-05-09 03:19:42,443 - INFO - joeynmt.training - Epoch   6, Step:    22600, Batch Loss:     1.700180, Batch Acc: 0.506602, Tokens per Sec:     5186, Lr: 0.000300
2026-05-09 03:20:00,309 - INFO - joeynmt.training - Epoch   6, Step:    22700, Batch Loss:     1.912550, Batch Acc: 0.509926, Tokens per Sec:     5118, Lr: 0.000300
2026-05-09 03:20:18,245 - INFO - joeynmt.training - Epoch   6, Step:    22800, Batch Loss:     1.874894, Batch Acc: 0.510125, Tokens per Sec:     5105, Lr: 0.000300
2026-05-09 03:20:36,096 - INFO - joeynmt.training - Epoch   6, Step:    22900, Batch Loss:     1.839427, Batch Acc: 0.510077, Tokens per Sec:     5214, Lr: 0.000300
2026-05-09 03:20:54,021 - INFO - joeynmt.training - Epoch   6, Step:    23000, Batch Loss:     1.670697, Batch Acc: 0.508443, Tokens per Sec:     5098, Lr: 0.000300
2026-05-09 03:20:54,022 - INFO - joeynmt.prediction - Predicting 500 example(s)... (Greedy decoding with min_output_length=1, max_output_length=-1, return_prob='none', generate_unk=True, repetition_penalty=-1, no_repeat_ngram_size=-1)
2026-05-09 03:21:18,263 - INFO - joeynmt.prediction - Evaluation result (greedy) loss:   2.16, ppl:   8.67, acc:   0.45, generation: 24.2374[sec], evaluation: 0.0000[sec]
2026-05-09 03:21:18,265 - INFO - joeynmt.training - Hooray! New best validation result [ppl]!
2026-05-09 03:21:18,353 - INFO - joeynmt.helpers - delete models/deen_transformer_regular/20000.ckpt
2026-05-09 03:21:18,356 - INFO - joeynmt.training - Example #0
2026-05-09 03:21:18,356 - DEBUG - joeynmt.training - 	Tokenized source:     ['die', 'Pre@@', 'mi@@', 'er@@', 'minist@@', 'er', 'Indi@@', 'ens', 'und', 'J@@', 'ap@@', 'ans', 'tra@@', 'fen', 'sich', 'in', 'T@@', 'ok@@', 'i@@', 'o', '.']
2026-05-09 03:21:18,356 - DEBUG - joeynmt.training - 	Tokenized reference:  ['Indi@@', 'a', 'and', 'J@@', 'ap@@', 'an', 'pri@@', 'me', 'minist@@', 'ers', 'me@@', 'et', 'in', 'T@@', 'ok@@', 'y@@', 'o']
2026-05-09 03:21:18,356 - DEBUG - joeynmt.training - 	Tokenized hypothesis: ['the', 'Pri@@', 'me', 'Minist@@', 'er', 'Indi@@', 'a', 'and', 'J@@', 'ap@@', 'an', '&apos;s', 'pri@@', 'me', 'minist@@', 'er', '.', '</s>']
2026-05-09 03:21:18,356 - INFO - joeynmt.training - 	Source:     die Premierminister Indiens und Japans trafen sich in Tokio .
2026-05-09 03:21:18,356 - INFO - joeynmt.training - 	Reference:  India and Japan prime ministers meet in Tokyo
2026-05-09 03:21:18,356 - INFO - joeynmt.training - 	Hypothesis: the Prime Minister India and Japan &apos;s prime minister .
2026-05-09 03:21:18,356 - INFO - joeynmt.training - Example #1
2026-05-09 03:21:18,356 - DEBUG - joeynmt.training - 	Tokenized source:     ['Indi@@', 'ens', 'neu@@', 'er', 'Pre@@', 'mi@@', 'er@@', 'minist@@', 'er', 'N@@', 'ar@@', 'end@@', 'ra', 'Mo@@', 'd@@', 'i', 'tri@@', 'fft', 'bei', 's@@', 'einem', 'ersten', 'wichti@@', 'gen', 'Aus@@', 'land@@', 's@@', 'bes@@', 'u@@', 'ch', 'seit', 's@@', 'einem', 'W@@', 'ah@@', 'l@@', 'si@@', 'e@@', 'g', 'im', 'Ma@@', 'i', 'seinen', 'j@@', 'ap@@', 'an@@', 'ischen', 'Am@@', 'ts@@', 'k@@', 'olle@@', 'gen', 'S@@', 'hin@@', 'z@@', 'o', 'A@@', 'be', 'in', 'T@@', 'ok@@', 'o', ',', 'um', 'wirtschaf@@', 'tliche', 'und', 'sicher@@', 'heits@@', 'politische', 'Be@@', 'zieh@@', 'ungen', 'zu', 'bes@@', 'pre@@', 'chen', '.']
2026-05-09 03:21:18,356 - DEBUG - joeynmt.training - 	Tokenized reference:  ['Indi@@', 'a', '&apos;s', 'new', 'pri@@', 'me', 'minist@@', 'er', ',', 'N@@', 'ar@@', 'end@@', 'ra', 'Mo@@', 'd@@', 'i', ',', 'is', 'me@@', 'eting', 'his', 'J@@', 'ap@@', 'an@@', 'ese', 'coun@@', 'ter@@', 'part', ',', 'S@@', 'hin@@', 'z@@', 'o', 'A@@', 'be', ',', 'in', 'T@@', 'ok@@', 'y@@', 'o', 'to', 'disc@@', 'uss', 'economic', 'and', 'security', 'ties', ',', 'on', 'his', 'first', 'major', 'fore@@', 'ign', 'visi@@', 't', 'since', 'w@@', 'inn@@', 'ing', 'Ma@@', 'y', '&apos;s', 'elec@@', 'tion', '.']
2026-05-09 03:21:18,356 - DEBUG - joeynmt.training - 	Tokenized hypothesis: ['Indi@@', 'a', '&apos;s', 'pre@@', 'mi@@', 'er', 'Pri@@', 'me', 'Minist@@', 'er', 'N@@', 'ar@@', 'end@@', 'ra', 'Mo@@', 'd@@', 'i', 'T@@', 'ok@@', 'o', ',', 'in', 'his', 'first', 'important', 'ex@@', 'tern@@', 'al', 'land@@', 's@@', 'ets', ',', 'since', 'his', 'elec@@', 'tion', ',', 'the', 'J@@', 'ap@@', 'an@@', 'ese', 'colle@@', 'ag@@', 'u@@', 'es', 'of', 'S@@', 'hin@@', 'o', 'A@@', 'be', 'in', 'T@@', 'ok@@', 'o', ',', 'to', 'pre@@', 'v@@', 'ent', 'economic', 'and', 'saf@@', 'ety', 'political', 'rel@@', 'ations', '.', '</s>']
2026-05-09 03:21:18,356 - INFO - joeynmt.training - 	Source:     Indiens neuer Premierminister Narendra Modi trifft bei seinem ersten wichtigen Auslandsbesuch seit seinem Wahlsieg im Mai seinen japanischen Amtskollegen Shinzo Abe in Toko , um wirtschaftliche und sicherheitspolitische Beziehungen zu besprechen .
2026-05-09 03:21:18,356 - INFO - joeynmt.training - 	Reference:  India &apos;s new prime minister , Narendra Modi , is meeting his Japanese counterpart , Shinzo Abe , in Tokyo to discuss economic and security ties , on his first major foreign visit since winning May &apos;s election .
2026-05-09 03:21:18,356 - INFO - joeynmt.training - 	Hypothesis: India &apos;s premier Prime Minister Narendra Modi Toko , in his first important external landsets , since his election , the Japanese colleagues of Shino Abe in Toko , to prevent economic and safety political relations .
2026-05-09 03:21:18,356 - INFO - joeynmt.training - Example #2
2026-05-09 03:21:18,356 - DEBUG - joeynmt.training - 	Tokenized source:     ['Herr', 'Mo@@', 'd@@', 'i', 'befindet', 'sich', 'auf', 'einer', 'fü@@', 'n@@', 'f@@', 'tä@@', 'gi@@', 'gen', 'Rei@@', 'se', 'nach', 'J@@', 'ap@@', 'an', ',', 'um', 'die', 'wirtschaf@@', 'tlichen', 'Be@@', 'zieh@@', 'ungen', 'mit', 'der', 'd@@', 'rit@@', 't@@', 'größ@@', 'ten', 'Wirtschafts@@', 'n@@', 'ation', 'der', 'Welt', 'zu', 'fes@@', 'tigen', '.']
2026-05-09 03:21:18,357 - DEBUG - joeynmt.training - 	Tokenized reference:  ['Mr', 'Mo@@', 'd@@', 'i', 'is', 'on', 'a', 'fi@@', 've', '@@@', '-@@', '@', 'day', 'tri@@', 'p', 'to', 'J@@', 'ap@@', 'an', 'to', 'streng@@', 'then', 'economic', 'ties', 'with', 'the', 'third', 'lar@@', 'ges@@', 't', 'econom@@', 'y', 'in', 'the', 'world', '.']
2026-05-09 03:21:18,357 - DEBUG - joeynmt.training - 	Tokenized hypothesis: ['Mr', 'Mo@@', 'd@@', 'i', 'is', 'based', 'on', 'a', 'fi@@', 'f@@', 'te@@', 'en', 'after', 'J@@', 'ap@@', 'an', ',', 'to', 'J@@', 'ap@@', 'an', ',', 'to', 'the', 'economic', 'rel@@', 'ations', 'with', 'the', 'd@@', 'ig@@', '-@@', 'lar@@', 'ges@@', 't', 'economic', 'n@@', 'ation', 'of', 'the', 'world', '.', '</s>']
2026-05-09 03:21:18,357 - INFO - joeynmt.training - 	Source:     Herr Modi befindet sich auf einer fünftägigen Reise nach Japan , um die wirtschaftlichen Beziehungen mit der drittgrößten Wirtschaftsnation der Welt zu festigen .
2026-05-09 03:21:18,357 - INFO - joeynmt.training - 	Reference:  Mr Modi is on a five @-@ day trip to Japan to strengthen economic ties with the third largest economy in the world .
2026-05-09 03:21:18,357 - INFO - joeynmt.training - 	Hypothesis: Mr Modi is based on a fifteen after Japan , to Japan , to the economic relations with the dig-largest economic nation of the world .
2026-05-09 03:21:18,357 - INFO - joeynmt.training - Example #3
2026-05-09 03:21:18,357 - DEBUG - joeynmt.training - 	Tokenized source:     ['P@@', 'län@@', 'e', 'für', 'eine', 'stärk@@', 'ere', 'k@@', 'ern@@', 'techn@@', 'ische', 'Zusammenarbeit', 'stehen', 'ganz', 'ob@@', 'en', 'auf', 'der', 'Tag@@', 'es@@', 'ordnung', '.']
2026-05-09 03:21:18,357 - DEBUG - joeynmt.training - 	Tokenized reference:  ['high', 'on', 'the', 'agen@@', 'da', 'are', 'pl@@', 'ans', 'for', 'gre@@', 'ater', 'nu@@', 'clear', 'c@@', 'o', '@@@', '-@@', '@', 'operation', '.']
2026-05-09 03:21:18,357 - DEBUG - joeynmt.training - 	Tokenized hypothesis: ['pl@@', 'ans', 'for', 'more', 'more', 'seri@@', 'ous', 'techn@@', 'ical', 'cooperation', 'are', 'on', 'the', 'agen@@', 'da', '.', '</s>']
2026-05-09 03:21:18,357 - INFO - joeynmt.training - 	Source:     Pläne für eine stärkere kerntechnische Zusammenarbeit stehen ganz oben auf der Tagesordnung .
2026-05-09 03:21:18,357 - INFO - joeynmt.training - 	Reference:  high on the agenda are plans for greater nuclear co @-@ operation .
2026-05-09 03:21:18,357 - INFO - joeynmt.training - 	Hypothesis: plans for more more serious technical cooperation are on the agenda .
2026-05-09 03:21:18,357 - INFO - joeynmt.training - Example #4
2026-05-09 03:21:18,357 - DEBUG - joeynmt.training - 	Tokenized source:     ['Berich@@', 'ten', 'zu@@', 'fol@@', 'ge', 'ho@@', 'fft', 'Indi@@', 'en', 'darüber', 'hinaus', 'auf', 'einen', 'Ver@@', 'trag', 'zur', 'Ver@@', 'tei@@', 'dig@@', 'ungs@@', 'zusammen@@', 'arbeit', 'zwischen', 'den', 'beiden', 'N@@', 'ationen', '.']
2026-05-09 03:21:18,357 - DEBUG - joeynmt.training - 	Tokenized reference:  ['Indi@@', 'a', 'is', 'also', 're@@', 'porte@@', 'dly', 'hop@@', 'ing', 'for', 'a', 'de@@', 'al', 'on', 'def@@', 'ence', 'c@@', 'oll@@', 'ab@@', 'or@@', 'ation', 'between', 'the', 'two', 'n@@', 'ations', '.']
2026-05-09 03:21:18,357 - DEBUG - joeynmt.training - 	Tokenized hypothesis: ['the', 'following', 're@@', 'ports', 'of', 'the', 'report', ',', 'which', 'is', 'also', 'in', 'the', 'def@@', 'ence', 'of', 'the', 'def@@', 'ence', 'of', 'the', 'con@@', 'tra@@', 'ct', 'between', 'the', 'two', 'N@@', 'ations', '.', '</s>']
2026-05-09 03:21:18,357 - INFO - joeynmt.training - 	Source:     Berichten zufolge hofft Indien darüber hinaus auf einen Vertrag zur Verteidigungszusammenarbeit zwischen den beiden Nationen .
2026-05-09 03:21:18,357 - INFO - joeynmt.training - 	Reference:  India is also reportedly hoping for a deal on defence collaboration between the two nations .
2026-05-09 03:21:18,357 - INFO - joeynmt.training - 	Hypothesis: the following reports of the report , which is also in the defence of the defence of the contract between the two Nations .
2026-05-09 03:21:36,298 - INFO - joeynmt.training - Epoch   6, Step:    23100, Batch Loss:     1.883234, Batch Acc: 0.510893, Tokens per Sec:     5124, Lr: 0.000300
2026-05-09 03:21:54,238 - INFO - joeynmt.training - Epoch   6, Step:    23200, Batch Loss:     1.929228, Batch Acc: 0.512474, Tokens per Sec:     5200, Lr: 0.000300
2026-05-09 03:22:12,088 - INFO - joeynmt.training - Epoch   6, Step:    23300, Batch Loss:     1.935825, Batch Acc: 0.512338, Tokens per Sec:     5086, Lr: 0.000300
2026-05-09 03:22:29,823 - INFO - joeynmt.training - Epoch   6, Step:    23400, Batch Loss:     1.831613, Batch Acc: 0.504646, Tokens per Sec:     5073, Lr: 0.000300
2026-05-09 03:22:47,645 - INFO - joeynmt.training - Epoch   6, Step:    23500, Batch Loss:     1.764604, Batch Acc: 0.511822, Tokens per Sec:     5187, Lr: 0.000300
2026-05-09 03:22:47,646 - INFO - joeynmt.prediction - Predicting 500 example(s)... (Greedy decoding with min_output_length=1, max_output_length=-1, return_prob='none', generate_unk=True, repetition_penalty=-1, no_repeat_ngram_size=-1)
2026-05-09 03:23:13,717 - INFO - joeynmt.prediction - Evaluation result (greedy) loss:   2.17, ppl:   8.72, acc:   0.45, generation: 26.0654[sec], evaluation: 0.0000[sec]
2026-05-09 03:23:13,819 - INFO - joeynmt.helpers - delete models/deen_transformer_regular/21000.ckpt
2026-05-09 03:23:13,824 - INFO - joeynmt.training - Example #0
2026-05-09 03:23:13,824 - DEBUG - joeynmt.training - 	Tokenized source:     ['die', 'Pre@@', 'mi@@', 'er@@', 'minist@@', 'er', 'Indi@@', 'ens', 'und', 'J@@', 'ap@@', 'ans', 'tra@@', 'fen', 'sich', 'in', 'T@@', 'ok@@', 'i@@', 'o', '.']
2026-05-09 03:23:13,824 - DEBUG - joeynmt.training - 	Tokenized reference:  ['Indi@@', 'a', 'and', 'J@@', 'ap@@', 'an', 'pri@@', 'me', 'minist@@', 'ers', 'me@@', 'et', 'in', 'T@@', 'ok@@', 'y@@', 'o']
2026-05-09 03:23:13,824 - DEBUG - joeynmt.training - 	Tokenized hypothesis: ['the', 'Pri@@', 'me', 'Minist@@', 'er', 'Indi@@', 'a', 'and', 'J@@', 'ap@@', 'an', '.', '</s>']
2026-05-09 03:23:13,824 - INFO - joeynmt.training - 	Source:     die Premierminister Indiens und Japans trafen sich in Tokio .
2026-05-09 03:23:13,824 - INFO - joeynmt.training - 	Reference:  India and Japan prime ministers meet in Tokyo
2026-05-09 03:23:13,824 - INFO - joeynmt.training - 	Hypothesis: the Prime Minister India and Japan .
2026-05-09 03:23:13,824 - INFO - joeynmt.training - Example #1
2026-05-09 03:23:13,824 - DEBUG - joeynmt.training - 	Tokenized source:     ['Indi@@', 'ens', 'neu@@', 'er', 'Pre@@', 'mi@@', 'er@@', 'minist@@', 'er', 'N@@', 'ar@@', 'end@@', 'ra', 'Mo@@', 'd@@', 'i', 'tri@@', 'fft', 'bei', 's@@', 'einem', 'ersten', 'wichti@@', 'gen', 'Aus@@', 'land@@', 's@@', 'bes@@', 'u@@', 'ch', 'seit', 's@@', 'einem', 'W@@', 'ah@@', 'l@@', 'si@@', 'e@@', 'g', 'im', 'Ma@@', 'i', 'seinen', 'j@@', 'ap@@', 'an@@', 'ischen', 'Am@@', 'ts@@', 'k@@', 'olle@@', 'gen', 'S@@', 'hin@@', 'z@@', 'o', 'A@@', 'be', 'in', 'T@@', 'ok@@', 'o', ',', 'um', 'wirtschaf@@', 'tliche', 'und', 'sicher@@', 'heits@@', 'politische', 'Be@@', 'zieh@@', 'ungen', 'zu', 'bes@@', 'pre@@', 'chen', '.']
2026-05-09 03:23:13,824 - DEBUG - joeynmt.training - 	Tokenized reference:  ['Indi@@', 'a', '&apos;s', 'new', 'pri@@', 'me', 'minist@@', 'er', ',', 'N@@', 'ar@@', 'end@@', 'ra', 'Mo@@', 'd@@', 'i', ',', 'is', 'me@@', 'eting', 'his', 'J@@', 'ap@@', 'an@@', 'ese', 'coun@@', 'ter@@', 'part', ',', 'S@@', 'hin@@', 'z@@', 'o', 'A@@', 'be', ',', 'in', 'T@@', 'ok@@', 'y@@', 'o', 'to', 'disc@@', 'uss', 'economic', 'and', 'security', 'ties', ',', 'on', 'his', 'first', 'major', 'fore@@', 'ign', 'visi@@', 't', 'since', 'w@@', 'inn@@', 'ing', 'Ma@@', 'y', '&apos;s', 'elec@@', 'tion', '.']
2026-05-09 03:23:13,824 - DEBUG - joeynmt.training - 	Tokenized hypothesis: ['Indi@@', 'a', 'new', 'Pre@@', 'mi@@', 'er', 'N@@', 'ar@@', 'end@@', 'ra', 'Mo@@', 'd@@', 'i', ',', 'the', 'S@@', 'hin@@', 'z@@', 'a', 'first', 'first', 'of', 'fore@@', 'ign', 'ex@@', 'tra@@', 'vel@@', 's', 'of', 'S@@', 'hin@@', 'z@@', 'e@@', 'g', 'in', 'Ma@@', 'y', 'S@@', 'hin@@', 'z@@', 'o', 'A@@', 'be', 'in', 'T@@', 'ok@@', 'o', ',', 'in', 'T@@', 'ok@@', 'o', ',', 'and', 'the', 'sec@@', 'ure', 'A@@', 'be', 'in', 'T@@', 'ok@@', 'o', ',', 'in', 'T@@', 'ok@@', 'o', ',', 'and', 'the', 'saf@@', 'ety', 'of', 'the', 'world', '.', '</s>']
2026-05-09 03:23:13,824 - INFO - joeynmt.training - 	Source:     Indiens neuer Premierminister Narendra Modi trifft bei seinem ersten wichtigen Auslandsbesuch seit seinem Wahlsieg im Mai seinen japanischen Amtskollegen Shinzo Abe in Toko , um wirtschaftliche und sicherheitspolitische Beziehungen zu besprechen .
2026-05-09 03:23:13,824 - INFO - joeynmt.training - 	Reference:  India &apos;s new prime minister , Narendra Modi , is meeting his Japanese counterpart , Shinzo Abe , in Tokyo to discuss economic and security ties , on his first major foreign visit since winning May &apos;s election .
2026-05-09 03:23:13,824 - INFO - joeynmt.training - 	Hypothesis: India new Premier Narendra Modi , the Shinza first first of foreign extravels of Shinzeg in May Shinzo Abe in Toko , in Toko , and the secure Abe in Toko , in Toko , and the safety of the world .
2026-05-09 03:23:13,824 - INFO - joeynmt.training - Example #2
2026-05-09 03:23:13,824 - DEBUG - joeynmt.training - 	Tokenized source:     ['Herr', 'Mo@@', 'd@@', 'i', 'befindet', 'sich', 'auf', 'einer', 'fü@@', 'n@@', 'f@@', 'tä@@', 'gi@@', 'gen', 'Rei@@', 'se', 'nach', 'J@@', 'ap@@', 'an', ',', 'um', 'die', 'wirtschaf@@', 'tlichen', 'Be@@', 'zieh@@', 'ungen', 'mit', 'der', 'd@@', 'rit@@', 't@@', 'größ@@', 'ten', 'Wirtschafts@@', 'n@@', 'ation', 'der', 'Welt', 'zu', 'fes@@', 'tigen', '.']
2026-05-09 03:23:13,824 - DEBUG - joeynmt.training - 	Tokenized reference:  ['Mr', 'Mo@@', 'd@@', 'i', 'is', 'on', 'a', 'fi@@', 've', '@@@', '-@@', '@', 'day', 'tri@@', 'p', 'to', 'J@@', 'ap@@', 'an', 'to', 'streng@@', 'then', 'economic', 'ties', 'with', 'the', 'third', 'lar@@', 'ges@@', 't', 'econom@@', 'y', 'in', 'the', 'world', '.']
2026-05-09 03:23:13,824 - DEBUG - joeynmt.training - 	Tokenized hypothesis: ['Mr', 'Mo@@', 'd@@', 'i', 'is', 'located', 'on', 'a', 'fi@@', 'f@@', 'te@@', 'en', 'tra@@', 'v@@', 'el', 'to', 'J@@', 'ap@@', 'an', ',', 'to', 'the', 'economic', 'rel@@', 'ation@@', 'ship', 'with', 'the', 'third', 'lar@@', 'ges@@', 't', 'economic', 'rel@@', 'ation@@', 'ship', 'with', 'the', 'third', 'lar@@', 'ges@@', 't', 'economic', 'rel@@', 'ation@@', 'ship', 'with', 'the', 'third', 'lar@@', 'ges@@', 't', 'economic', 'rel@@', 'ation@@', 'ship', 'with', 'the', 'third', 'lar@@', 'ges@@', 't', 'economic', 'rel@@', 'ations', 'with', 'the', 'third', 'lar@@', 'ges@@', 't', 'economic', 'rel@@', 'ation@@', 'ship', 'with', 'the', 'third', 'lar@@', 'ges@@', 't', 'economic', 'rel@@', 'ation@@', 'ship', 'with', 'the', 'third', 'lar@@', 'ges@@', 't', 'economic', 'rel@@', 'ation@@', 'ship', 'with', 'the', 'world', '.', '</s>']
2026-05-09 03:23:13,824 - INFO - joeynmt.training - 	Source:     Herr Modi befindet sich auf einer fünftägigen Reise nach Japan , um die wirtschaftlichen Beziehungen mit der drittgrößten Wirtschaftsnation der Welt zu festigen .
2026-05-09 03:23:13,824 - INFO - joeynmt.training - 	Reference:  Mr Modi is on a five @-@ day trip to Japan to strengthen economic ties with the third largest economy in the world .
2026-05-09 03:23:13,824 - INFO - joeynmt.training - 	Hypothesis: Mr Modi is located on a fifteen travel to Japan , to the economic relationship with the third largest economic relationship with the third largest economic relationship with the third largest economic relationship with the third largest economic relations with the third largest economic relationship with the third largest economic relationship with the third largest economic relationship with the world .
2026-05-09 03:23:13,825 - INFO - joeynmt.training - Example #3
2026-05-09 03:23:13,825 - DEBUG - joeynmt.training - 	Tokenized source:     ['P@@', 'län@@', 'e', 'für', 'eine', 'stärk@@', 'ere', 'k@@', 'ern@@', 'techn@@', 'ische', 'Zusammenarbeit', 'stehen', 'ganz', 'ob@@', 'en', 'auf', 'der', 'Tag@@', 'es@@', 'ordnung', '.']
2026-05-09 03:23:13,825 - DEBUG - joeynmt.training - 	Tokenized reference:  ['high', 'on', 'the', 'agen@@', 'da', 'are', 'pl@@', 'ans', 'for', 'gre@@', 'ater', 'nu@@', 'clear', 'c@@', 'o', '@@@', '-@@', '@', 'operation', '.']
2026-05-09 03:23:13,825 - DEBUG - joeynmt.training - 	Tokenized hypothesis: ['pl@@', 'ans', 'for', 'more', 'more', 'seri@@', 'ous', 'techn@@', 'ical', 'cooperation', 'are', 'very', 'close', 'to', 'the', 'agen@@', 'da', '.', '</s>']
2026-05-09 03:23:13,825 - INFO - joeynmt.training - 	Source:     Pläne für eine stärkere kerntechnische Zusammenarbeit stehen ganz oben auf der Tagesordnung .
2026-05-09 03:23:13,825 - INFO - joeynmt.training - 	Reference:  high on the agenda are plans for greater nuclear co @-@ operation .
2026-05-09 03:23:13,825 - INFO - joeynmt.training - 	Hypothesis: plans for more more serious technical cooperation are very close to the agenda .
2026-05-09 03:23:13,825 - INFO - joeynmt.training - Example #4
2026-05-09 03:23:13,825 - DEBUG - joeynmt.training - 	Tokenized source:     ['Berich@@', 'ten', 'zu@@', 'fol@@', 'ge', 'ho@@', 'fft', 'Indi@@', 'en', 'darüber', 'hinaus', 'auf', 'einen', 'Ver@@', 'trag', 'zur', 'Ver@@', 'tei@@', 'dig@@', 'ungs@@', 'zusammen@@', 'arbeit', 'zwischen', 'den', 'beiden', 'N@@', 'ationen', '.']
2026-05-09 03:23:13,825 - DEBUG - joeynmt.training - 	Tokenized reference:  ['Indi@@', 'a', 'is', 'also', 're@@', 'porte@@', 'dly', 'hop@@', 'ing', 'for', 'a', 'de@@', 'al', 'on', 'def@@', 'ence', 'c@@', 'oll@@', 'ab@@', 'or@@', 'ation', 'between', 'the', 'two', 'n@@', 'ations', '.']
2026-05-09 03:23:13,825 - DEBUG - joeynmt.training - 	Tokenized hypothesis: ['in', 'ad@@', 'dition', ',', 'Indi@@', 'a', 'is', 'also', 'a', 'con@@', 'tra@@', 'ct', 'on', 'the', 'def@@', 'ence', 'cooperation', 'between', 'the', 'two', 'n@@', 'ations', '.', '</s>']
2026-05-09 03:23:13,825 - INFO - joeynmt.training - 	Source:     Berichten zufolge hofft Indien darüber hinaus auf einen Vertrag zur Verteidigungszusammenarbeit zwischen den beiden Nationen .
2026-05-09 03:23:13,825 - INFO - joeynmt.training - 	Reference:  India is also reportedly hoping for a deal on defence collaboration between the two nations .
2026-05-09 03:23:13,825 - INFO - joeynmt.training - 	Hypothesis: in addition , India is also a contract on the defence cooperation between the two nations .
2026-05-09 03:23:31,616 - INFO - joeynmt.training - Epoch   6, Step:    23600, Batch Loss:     2.009295, Batch Acc: 0.515468, Tokens per Sec:     5127, Lr: 0.000300
2026-05-09 03:23:49,285 - INFO - joeynmt.training - Epoch   6, Step:    23700, Batch Loss:     1.824766, Batch Acc: 0.509195, Tokens per Sec:     5238, Lr: 0.000300
2026-05-09 03:24:07,321 - INFO - joeynmt.training - Epoch   6, Step:    23800, Batch Loss:     2.070596, Batch Acc: 0.512218, Tokens per Sec:     5114, Lr: 0.000300
2026-05-09 03:24:24,764 - INFO - joeynmt.training - Epoch   6, Step:    23900, Batch Loss:     1.667192, Batch Acc: 0.510839, Tokens per Sec:     5274, Lr: 0.000300
2026-05-09 03:24:41,937 - INFO - joeynmt.training - Epoch   6, Step:    24000, Batch Loss:     1.833874, Batch Acc: 0.513138, Tokens per Sec:     5339, Lr: 0.000300
2026-05-09 03:24:41,938 - INFO - joeynmt.prediction - Predicting 500 example(s)... (Greedy decoding with min_output_length=1, max_output_length=-1, return_prob='none', generate_unk=True, repetition_penalty=-1, no_repeat_ngram_size=-1)
2026-05-09 03:25:11,226 - INFO - joeynmt.prediction - Evaluation result (greedy) loss:   2.16, ppl:   8.68, acc:   0.44, generation: 29.2831[sec], evaluation: 0.0000[sec]
2026-05-09 03:25:11,320 - INFO - joeynmt.helpers - delete models/deen_transformer_regular/22500.ckpt
2026-05-09 03:25:11,322 - INFO - joeynmt.training - Example #0
2026-05-09 03:25:11,322 - DEBUG - joeynmt.training - 	Tokenized source:     ['die', 'Pre@@', 'mi@@', 'er@@', 'minist@@', 'er', 'Indi@@', 'ens', 'und', 'J@@', 'ap@@', 'ans', 'tra@@', 'fen', 'sich', 'in', 'T@@', 'ok@@', 'i@@', 'o', '.']
2026-05-09 03:25:11,322 - DEBUG - joeynmt.training - 	Tokenized reference:  ['Indi@@', 'a', 'and', 'J@@', 'ap@@', 'an', 'pri@@', 'me', 'minist@@', 'ers', 'me@@', 'et', 'in', 'T@@', 'ok@@', 'y@@', 'o']
2026-05-09 03:25:11,322 - DEBUG - joeynmt.training - 	Tokenized hypothesis: ['the', 'pri@@', 'me', 'minist@@', 'ers', 'of', 'Indi@@', 'a', 'and', 'J@@', 'ap@@', 'an', '.', '</s>']
2026-05-09 03:25:11,322 - INFO - joeynmt.training - 	Source:     die Premierminister Indiens und Japans trafen sich in Tokio .
2026-05-09 03:25:11,322 - INFO - joeynmt.training - 	Reference:  India and Japan prime ministers meet in Tokyo
2026-05-09 03:25:11,322 - INFO - joeynmt.training - 	Hypothesis: the prime ministers of India and Japan .
2026-05-09 03:25:11,322 - INFO - joeynmt.training - Example #1
2026-05-09 03:25:11,322 - DEBUG - joeynmt.training - 	Tokenized source:     ['Indi@@', 'ens', 'neu@@', 'er', 'Pre@@', 'mi@@', 'er@@', 'minist@@', 'er', 'N@@', 'ar@@', 'end@@', 'ra', 'Mo@@', 'd@@', 'i', 'tri@@', 'fft', 'bei', 's@@', 'einem', 'ersten', 'wichti@@', 'gen', 'Aus@@', 'land@@', 's@@', 'bes@@', 'u@@', 'ch', 'seit', 's@@', 'einem', 'W@@', 'ah@@', 'l@@', 'si@@', 'e@@', 'g', 'im', 'Ma@@', 'i', 'seinen', 'j@@', 'ap@@', 'an@@', 'ischen', 'Am@@', 'ts@@', 'k@@', 'olle@@', 'gen', 'S@@', 'hin@@', 'z@@', 'o', 'A@@', 'be', 'in', 'T@@', 'ok@@', 'o', ',', 'um', 'wirtschaf@@', 'tliche', 'und', 'sicher@@', 'heits@@', 'politische', 'Be@@', 'zieh@@', 'ungen', 'zu', 'bes@@', 'pre@@', 'chen', '.']
2026-05-09 03:25:11,322 - DEBUG - joeynmt.training - 	Tokenized reference:  ['Indi@@', 'a', '&apos;s', 'new', 'pri@@', 'me', 'minist@@', 'er', ',', 'N@@', 'ar@@', 'end@@', 'ra', 'Mo@@', 'd@@', 'i', ',', 'is', 'me@@', 'eting', 'his', 'J@@', 'ap@@', 'an@@', 'ese', 'coun@@', 'ter@@', 'part', ',', 'S@@', 'hin@@', 'z@@', 'o', 'A@@', 'be', ',', 'in', 'T@@', 'ok@@', 'y@@', 'o', 'to', 'disc@@', 'uss', 'economic', 'and', 'security', 'ties', ',', 'on', 'his', 'first', 'major', 'fore@@', 'ign', 'visi@@', 't', 'since', 'w@@', 'inn@@', 'ing', 'Ma@@', 'y', '&apos;s', 'elec@@', 'tion', '.']
2026-05-09 03:25:11,322 - DEBUG - joeynmt.training - 	Tokenized hypothesis: ['Indi@@', 'a', '&apos;s', 'lat@@', 'est', 'pri@@', 'me', 'minist@@', 'er', 'N@@', 'ar@@', 'end@@', 'ra', 'Mo@@', 'd@@', 'i', 'tri@@', 'b@@', 'es', 'in', 'the', 'Ma@@', 'y', 'of', 'S@@', 'hin@@', 'z@@', 'o', 'A@@', 'be', 'in', 'M@@', 'us@@', 'us@@', 'ual', 'S@@', 'hin@@', 'z@@', 'o', 'A@@', 'be', 'in', 'T@@', 'ok@@', 'o', 'A@@', 'be', 'in', 'T@@', 'ok@@', 'o', 'A@@', 'be', 'in', 'T@@', 'ok@@', 'o', 'A@@', 'be', 'in', 'T@@', 'ok@@', 'o', 'A@@', 'be', 'in', 'T@@', 'ok@@', 'o', ',', 'in', 'T@@', 'ok@@', 'o', 'A@@', 'be', 'in', 'T@@', 'ok@@', 'o', '.', '</s>']
2026-05-09 03:25:11,322 - INFO - joeynmt.training - 	Source:     Indiens neuer Premierminister Narendra Modi trifft bei seinem ersten wichtigen Auslandsbesuch seit seinem Wahlsieg im Mai seinen japanischen Amtskollegen Shinzo Abe in Toko , um wirtschaftliche und sicherheitspolitische Beziehungen zu besprechen .
2026-05-09 03:25:11,322 - INFO - joeynmt.training - 	Reference:  India &apos;s new prime minister , Narendra Modi , is meeting his Japanese counterpart , Shinzo Abe , in Tokyo to discuss economic and security ties , on his first major foreign visit since winning May &apos;s election .
2026-05-09 03:25:11,322 - INFO - joeynmt.training - 	Hypothesis: India &apos;s latest prime minister Narendra Modi tribes in the May of Shinzo Abe in Mususual Shinzo Abe in Toko Abe in Toko Abe in Toko Abe in Toko Abe in Toko , in Toko Abe in Toko .
2026-05-09 03:25:11,322 - INFO - joeynmt.training - Example #2
2026-05-09 03:25:11,323 - DEBUG - joeynmt.training - 	Tokenized source:     ['Herr', 'Mo@@', 'd@@', 'i', 'befindet', 'sich', 'auf', 'einer', 'fü@@', 'n@@', 'f@@', 'tä@@', 'gi@@', 'gen', 'Rei@@', 'se', 'nach', 'J@@', 'ap@@', 'an', ',', 'um', 'die', 'wirtschaf@@', 'tlichen', 'Be@@', 'zieh@@', 'ungen', 'mit', 'der', 'd@@', 'rit@@', 't@@', 'größ@@', 'ten', 'Wirtschafts@@', 'n@@', 'ation', 'der', 'Welt', 'zu', 'fes@@', 'tigen', '.']
2026-05-09 03:25:11,323 - DEBUG - joeynmt.training - 	Tokenized reference:  ['Mr', 'Mo@@', 'd@@', 'i', 'is', 'on', 'a', 'fi@@', 've', '@@@', '-@@', '@', 'day', 'tri@@', 'p', 'to', 'J@@', 'ap@@', 'an', 'to', 'streng@@', 'then', 'economic', 'ties', 'with', 'the', 'third', 'lar@@', 'ges@@', 't', 'econom@@', 'y', 'in', 'the', 'world', '.']
2026-05-09 03:25:11,323 - DEBUG - joeynmt.training - 	Tokenized hypothesis: ['Mr', 'Mo@@', 'd@@', 'i', 'is', 'located', 'on', 'a', 'fi@@', 'f@@', 'te@@', 'en', 'tra@@', 'v@@', 'el', 'to', 'J@@', 'ap@@', 'an', ',', 'to', 'J@@', 'ap@@', 'an', ',', 'to', 'the', 'economic', 'rel@@', 'ations', 'with', 'the', 'third', 'lar@@', 'ges@@', 't', 'economic', 'rel@@', 'ations', 'with', 'the', 'third', 'lar@@', 'ges@@', 't', 'economic', 'rel@@', 'ations', 'with', 'the', 'third', 'lar@@', 'ges@@', 't', 'economic', 'rel@@', 'ations', 'with', 'the', 'third', 'lar@@', 'ges@@', 't', 'economic', 'rel@@', 'ations', 'with', 'the', 'third', 'lar@@', 'ges@@', 't', 'economic', 'rel@@', 'ations', 'with', 'the', 'third', 'lar@@', 'ges@@', 't', 'economic', 'rel@@', 'ations', 'with', 'the', 'third', 'lar@@', 'ges@@', 't', 'economic', 'rel@@', 'ations', 'with', 'the', 'world', '.', '</s>']
2026-05-09 03:25:11,323 - INFO - joeynmt.training - 	Source:     Herr Modi befindet sich auf einer fünftägigen Reise nach Japan , um die wirtschaftlichen Beziehungen mit der drittgrößten Wirtschaftsnation der Welt zu festigen .
2026-05-09 03:25:11,323 - INFO - joeynmt.training - 	Reference:  Mr Modi is on a five @-@ day trip to Japan to strengthen economic ties with the third largest economy in the world .
2026-05-09 03:25:11,323 - INFO - joeynmt.training - 	Hypothesis: Mr Modi is located on a fifteen travel to Japan , to Japan , to the economic relations with the third largest economic relations with the third largest economic relations with the third largest economic relations with the third largest economic relations with the third largest economic relations with the third largest economic relations with the third largest economic relations with the world .
2026-05-09 03:25:11,323 - INFO - joeynmt.training - Example #3
2026-05-09 03:25:11,323 - DEBUG - joeynmt.training - 	Tokenized source:     ['P@@', 'län@@', 'e', 'für', 'eine', 'stärk@@', 'ere', 'k@@', 'ern@@', 'techn@@', 'ische', 'Zusammenarbeit', 'stehen', 'ganz', 'ob@@', 'en', 'auf', 'der', 'Tag@@', 'es@@', 'ordnung', '.']
2026-05-09 03:25:11,323 - DEBUG - joeynmt.training - 	Tokenized reference:  ['high', 'on', 'the', 'agen@@', 'da', 'are', 'pl@@', 'ans', 'for', 'gre@@', 'ater', 'nu@@', 'clear', 'c@@', 'o', '@@@', '-@@', '@', 'operation', '.']
2026-05-09 03:25:11,323 - DEBUG - joeynmt.training - 	Tokenized hypothesis: ['pl@@', 'ans', 'for', 'more', 'more', 'effective', 'techn@@', 'ical', 'cooperation', 'are', 'on', 'the', 'agen@@', 'da', '.', '</s>']
2026-05-09 03:25:11,323 - INFO - joeynmt.training - 	Source:     Pläne für eine stärkere kerntechnische Zusammenarbeit stehen ganz oben auf der Tagesordnung .
2026-05-09 03:25:11,323 - INFO - joeynmt.training - 	Reference:  high on the agenda are plans for greater nuclear co @-@ operation .
2026-05-09 03:25:11,323 - INFO - joeynmt.training - 	Hypothesis: plans for more more effective technical cooperation are on the agenda .
2026-05-09 03:25:11,323 - INFO - joeynmt.training - Example #4
2026-05-09 03:25:11,323 - DEBUG - joeynmt.training - 	Tokenized source:     ['Berich@@', 'ten', 'zu@@', 'fol@@', 'ge', 'ho@@', 'fft', 'Indi@@', 'en', 'darüber', 'hinaus', 'auf', 'einen', 'Ver@@', 'trag', 'zur', 'Ver@@', 'tei@@', 'dig@@', 'ungs@@', 'zusammen@@', 'arbeit', 'zwischen', 'den', 'beiden', 'N@@', 'ationen', '.']
2026-05-09 03:25:11,323 - DEBUG - joeynmt.training - 	Tokenized reference:  ['Indi@@', 'a', 'is', 'also', 're@@', 'porte@@', 'dly', 'hop@@', 'ing', 'for', 'a', 'de@@', 'al', 'on', 'def@@', 'ence', 'c@@', 'oll@@', 'ab@@', 'or@@', 'ation', 'between', 'the', 'two', 'n@@', 'ations', '.']
2026-05-09 03:25:11,323 - DEBUG - joeynmt.training - 	Tokenized hypothesis: ['in', 'ad@@', 'dition', ',', 'there', 'is', 'a', 'way', 'of', 'the', 'con@@', 'stitu@@', 'tion', 'of', 'the', 'con@@', 'stitu@@', 'tion', 'cooperation', 'between', 'the', 'two', 'n@@', 'ations', '.', '</s>']
2026-05-09 03:25:11,323 - INFO - joeynmt.training - 	Source:     Berichten zufolge hofft Indien darüber hinaus auf einen Vertrag zur Verteidigungszusammenarbeit zwischen den beiden Nationen .
2026-05-09 03:25:11,323 - INFO - joeynmt.training - 	Reference:  India is also reportedly hoping for a deal on defence collaboration between the two nations .
2026-05-09 03:25:11,323 - INFO - joeynmt.training - 	Hypothesis: in addition , there is a way of the constitution of the constitution cooperation between the two nations .
2026-05-09 03:25:28,409 - INFO - joeynmt.training - Epoch   6, Step:    24100, Batch Loss:     2.031720, Batch Acc: 0.505651, Tokens per Sec:     5345, Lr: 0.000300
2026-05-09 03:25:48,671 - INFO - joeynmt.training - Epoch   6, Step:    24200, Batch Loss:     1.717521, Batch Acc: 0.513082, Tokens per Sec:     4533, Lr: 0.000300
2026-05-09 03:26:05,943 - INFO - joeynmt.training - Epoch   6, Step:    24300, Batch Loss:     1.808439, Batch Acc: 0.511378, Tokens per Sec:     5379, Lr: 0.000300
2026-05-09 03:26:23,006 - INFO - joeynmt.training - Epoch   6: total training loss 7309.80
2026-05-09 03:26:23,007 - INFO - joeynmt.training - EPOCH 7
2026-05-09 03:26:23,561 - INFO - joeynmt.training - Epoch   7, Step:    24400, Batch Loss:     1.733061, Batch Acc: 0.539040, Tokens per Sec:     5523, Lr: 0.000300
2026-05-09 03:26:40,269 - INFO - joeynmt.training - Epoch   7, Step:    24500, Batch Loss:     1.610782, Batch Acc: 0.535292, Tokens per Sec:     5557, Lr: 0.000300
2026-05-09 03:26:40,269 - INFO - joeynmt.prediction - Predicting 500 example(s)... (Greedy decoding with min_output_length=1, max_output_length=-1, return_prob='none', generate_unk=True, repetition_penalty=-1, no_repeat_ngram_size=-1)
2026-05-09 03:27:10,322 - INFO - joeynmt.prediction - Evaluation result (greedy) loss:   2.15, ppl:   8.60, acc:   0.45, generation: 30.0480[sec], evaluation: 0.0000[sec]
2026-05-09 03:27:10,324 - INFO - joeynmt.training - Hooray! New best validation result [ppl]!
2026-05-09 03:27:10,412 - INFO - joeynmt.helpers - delete models/deen_transformer_regular/21500.ckpt
2026-05-09 03:27:10,414 - INFO - joeynmt.training - Example #0
2026-05-09 03:27:10,415 - DEBUG - joeynmt.training - 	Tokenized source:     ['die', 'Pre@@', 'mi@@', 'er@@', 'minist@@', 'er', 'Indi@@', 'ens', 'und', 'J@@', 'ap@@', 'ans', 'tra@@', 'fen', 'sich', 'in', 'T@@', 'ok@@', 'i@@', 'o', '.']
2026-05-09 03:27:10,415 - DEBUG - joeynmt.training - 	Tokenized reference:  ['Indi@@', 'a', 'and', 'J@@', 'ap@@', 'an', 'pri@@', 'me', 'minist@@', 'ers', 'me@@', 'et', 'in', 'T@@', 'ok@@', 'y@@', 'o']
2026-05-09 03:27:10,415 - DEBUG - joeynmt.training - 	Tokenized hypothesis: ['the', 'Pri@@', 'me', 'Minist@@', 'er', 'Indi@@', 'a', 'and', 'J@@', 'ap@@', 'an', 'and', 'J@@', 'ap@@', 'an', '.', '</s>']
2026-05-09 03:27:10,415 - INFO - joeynmt.training - 	Source:     die Premierminister Indiens und Japans trafen sich in Tokio .
2026-05-09 03:27:10,415 - INFO - joeynmt.training - 	Reference:  India and Japan prime ministers meet in Tokyo
2026-05-09 03:27:10,415 - INFO - joeynmt.training - 	Hypothesis: the Prime Minister India and Japan and Japan .
2026-05-09 03:27:10,415 - INFO - joeynmt.training - Example #1
2026-05-09 03:27:10,415 - DEBUG - joeynmt.training - 	Tokenized source:     ['Indi@@', 'ens', 'neu@@', 'er', 'Pre@@', 'mi@@', 'er@@', 'minist@@', 'er', 'N@@', 'ar@@', 'end@@', 'ra', 'Mo@@', 'd@@', 'i', 'tri@@', 'fft', 'bei', 's@@', 'einem', 'ersten', 'wichti@@', 'gen', 'Aus@@', 'land@@', 's@@', 'bes@@', 'u@@', 'ch', 'seit', 's@@', 'einem', 'W@@', 'ah@@', 'l@@', 'si@@', 'e@@', 'g', 'im', 'Ma@@', 'i', 'seinen', 'j@@', 'ap@@', 'an@@', 'ischen', 'Am@@', 'ts@@', 'k@@', 'olle@@', 'gen', 'S@@', 'hin@@', 'z@@', 'o', 'A@@', 'be', 'in', 'T@@', 'ok@@', 'o', ',', 'um', 'wirtschaf@@', 'tliche', 'und', 'sicher@@', 'heits@@', 'politische', 'Be@@', 'zieh@@', 'ungen', 'zu', 'bes@@', 'pre@@', 'chen', '.']
2026-05-09 03:27:10,415 - DEBUG - joeynmt.training - 	Tokenized reference:  ['Indi@@', 'a', '&apos;s', 'new', 'pri@@', 'me', 'minist@@', 'er', ',', 'N@@', 'ar@@', 'end@@', 'ra', 'Mo@@', 'd@@', 'i', ',', 'is', 'me@@', 'eting', 'his', 'J@@', 'ap@@', 'an@@', 'ese', 'coun@@', 'ter@@', 'part', ',', 'S@@', 'hin@@', 'z@@', 'o', 'A@@', 'be', ',', 'in', 'T@@', 'ok@@', 'y@@', 'o', 'to', 'disc@@', 'uss', 'economic', 'and', 'security', 'ties', ',', 'on', 'his', 'first', 'major', 'fore@@', 'ign', 'visi@@', 't', 'since', 'w@@', 'inn@@', 'ing', 'Ma@@', 'y', '&apos;s', 'elec@@', 'tion', '.']
2026-05-09 03:27:10,415 - DEBUG - joeynmt.training - 	Tokenized hypothesis: ['Indi@@', 'a', '&apos;s', 'lat@@', 'est', 'Pri@@', 'me', 'Minist@@', 'er', 'N@@', 'ar@@', 'end@@', 'ra', 'Mo@@', 'd@@', 'i', '&apos;s', 'first', 'important', 'ex@@', 'land@@', 's@@', 'ets', ',', 'since', 's@@', 'ent', 'of', 'his', 'first', 'first', 'of', 'the', 'S@@', 'hin@@', 'z@@', 'o', 'A@@', 'be', 'in', 'T@@', 'ok@@', 'o', ',', 'to', 'the', 'M@@', 'or@@', 'occ@@', 'o', 'A@@', 'be', 'in', 'T@@', 'ok@@', 'o', ',', 'to', 're@@', 'ali@@', 'se', 'economic', 'and', 'saf@@', 'ety', 'political', 'rel@@', 'ations', '.', '</s>']
2026-05-09 03:27:10,415 - INFO - joeynmt.training - 	Source:     Indiens neuer Premierminister Narendra Modi trifft bei seinem ersten wichtigen Auslandsbesuch seit seinem Wahlsieg im Mai seinen japanischen Amtskollegen Shinzo Abe in Toko , um wirtschaftliche und sicherheitspolitische Beziehungen zu besprechen .
2026-05-09 03:27:10,415 - INFO - joeynmt.training - 	Reference:  India &apos;s new prime minister , Narendra Modi , is meeting his Japanese counterpart , Shinzo Abe , in Tokyo to discuss economic and security ties , on his first major foreign visit since winning May &apos;s election .
2026-05-09 03:27:10,415 - INFO - joeynmt.training - 	Hypothesis: India &apos;s latest Prime Minister Narendra Modi &apos;s first important exlandsets , since sent of his first first of the Shinzo Abe in Toko , to the Morocco Abe in Toko , to realise economic and safety political relations .
2026-05-09 03:27:10,415 - INFO - joeynmt.training - Example #2
2026-05-09 03:27:10,415 - DEBUG - joeynmt.training - 	Tokenized source:     ['Herr', 'Mo@@', 'd@@', 'i', 'befindet', 'sich', 'auf', 'einer', 'fü@@', 'n@@', 'f@@', 'tä@@', 'gi@@', 'gen', 'Rei@@', 'se', 'nach', 'J@@', 'ap@@', 'an', ',', 'um', 'die', 'wirtschaf@@', 'tlichen', 'Be@@', 'zieh@@', 'ungen', 'mit', 'der', 'd@@', 'rit@@', 't@@', 'größ@@', 'ten', 'Wirtschafts@@', 'n@@', 'ation', 'der', 'Welt', 'zu', 'fes@@', 'tigen', '.']
2026-05-09 03:27:10,415 - DEBUG - joeynmt.training - 	Tokenized reference:  ['Mr', 'Mo@@', 'd@@', 'i', 'is', 'on', 'a', 'fi@@', 've', '@@@', '-@@', '@', 'day', 'tri@@', 'p', 'to', 'J@@', 'ap@@', 'an', 'to', 'streng@@', 'then', 'economic', 'ties', 'with', 'the', 'third', 'lar@@', 'ges@@', 't', 'econom@@', 'y', 'in', 'the', 'world', '.']
2026-05-09 03:27:10,415 - DEBUG - joeynmt.training - 	Tokenized hypothesis: ['Mr', 'Mo@@', 'd@@', 'i', 'is', 'on', 'a', 'fi@@', 'f@@', 'te@@', 'en', 'tra@@', 'v@@', 'el', 'to', 'J@@', 'ap@@', 'an', ',', 'to', 'J@@', 'ap@@', 'an', ',', 'to', 'take', 'place', 'the', 'economic', 'rel@@', 'ations', 'with', 'the', 'third', 'lar@@', 'ges@@', 't', 'economic', 'rel@@', 'ations', 'with', 'the', 'third', 'lar@@', 'ges@@', 't', 'economic', 'rel@@', 'ations', 'with', 'the', 'third', 'lar@@', 'ges@@', 't', 'economic', 'rel@@', 'ations', 'with', 'the', 'third', 'lar@@', 'ges@@', 't', 'economic', 'rel@@', 'ations', 'with', 'the', 'third', 'lar@@', 'ges@@', 't', 'economic', 'rel@@', 'ations', 'with', 'the', 'third', 'lar@@', 'ges@@', 't', 'economic', 'rel@@', 'ations', 'with', 'the', 'third', 'lar@@', 'ges@@', 't', 'economic', 'rel@@', 'ations', '.', '</s>']
2026-05-09 03:27:10,415 - INFO - joeynmt.training - 	Source:     Herr Modi befindet sich auf einer fünftägigen Reise nach Japan , um die wirtschaftlichen Beziehungen mit der drittgrößten Wirtschaftsnation der Welt zu festigen .
2026-05-09 03:27:10,415 - INFO - joeynmt.training - 	Reference:  Mr Modi is on a five @-@ day trip to Japan to strengthen economic ties with the third largest economy in the world .
2026-05-09 03:27:10,415 - INFO - joeynmt.training - 	Hypothesis: Mr Modi is on a fifteen travel to Japan , to Japan , to take place the economic relations with the third largest economic relations with the third largest economic relations with the third largest economic relations with the third largest economic relations with the third largest economic relations with the third largest economic relations with the third largest economic relations .
2026-05-09 03:27:10,415 - INFO - joeynmt.training - Example #3
2026-05-09 03:27:10,415 - DEBUG - joeynmt.training - 	Tokenized source:     ['P@@', 'län@@', 'e', 'für', 'eine', 'stärk@@', 'ere', 'k@@', 'ern@@', 'techn@@', 'ische', 'Zusammenarbeit', 'stehen', 'ganz', 'ob@@', 'en', 'auf', 'der', 'Tag@@', 'es@@', 'ordnung', '.']
2026-05-09 03:27:10,415 - DEBUG - joeynmt.training - 	Tokenized reference:  ['high', 'on', 'the', 'agen@@', 'da', 'are', 'pl@@', 'ans', 'for', 'gre@@', 'ater', 'nu@@', 'clear', 'c@@', 'o', '@@@', '-@@', '@', 'operation', '.']
2026-05-09 03:27:10,415 - DEBUG - joeynmt.training - 	Tokenized hypothesis: ['pl@@', 'ans', 'for', 'gre@@', 'ater', 'c@@', 'oll@@', 'ab@@', 'or@@', 'ation', 'is', 'very', 'important', 'to', 'the', 'agen@@', 'da', '.', '</s>']
2026-05-09 03:27:10,416 - INFO - joeynmt.training - 	Source:     Pläne für eine stärkere kerntechnische Zusammenarbeit stehen ganz oben auf der Tagesordnung .
2026-05-09 03:27:10,416 - INFO - joeynmt.training - 	Reference:  high on the agenda are plans for greater nuclear co @-@ operation .
2026-05-09 03:27:10,416 - INFO - joeynmt.training - 	Hypothesis: plans for greater collaboration is very important to the agenda .
2026-05-09 03:27:10,416 - INFO - joeynmt.training - Example #4
2026-05-09 03:27:10,416 - DEBUG - joeynmt.training - 	Tokenized source:     ['Berich@@', 'ten', 'zu@@', 'fol@@', 'ge', 'ho@@', 'fft', 'Indi@@', 'en', 'darüber', 'hinaus', 'auf', 'einen', 'Ver@@', 'trag', 'zur', 'Ver@@', 'tei@@', 'dig@@', 'ungs@@', 'zusammen@@', 'arbeit', 'zwischen', 'den', 'beiden', 'N@@', 'ationen', '.']
2026-05-09 03:27:10,416 - DEBUG - joeynmt.training - 	Tokenized reference:  ['Indi@@', 'a', 'is', 'also', 're@@', 'porte@@', 'dly', 'hop@@', 'ing', 'for', 'a', 'de@@', 'al', 'on', 'def@@', 'ence', 'c@@', 'oll@@', 'ab@@', 'or@@', 'ation', 'between', 'the', 'two', 'n@@', 'ations', '.']
2026-05-09 03:27:10,416 - DEBUG - joeynmt.training - 	Tokenized hypothesis: ['the', 're@@', 'ports', 'of', 'the', 'following', 're@@', 'ports', 'on', 'the', 'def@@', 'ence', 'cooperation', 'between', 'the', 'two', 'N@@', 'ations', '.', '</s>']
2026-05-09 03:27:10,416 - INFO - joeynmt.training - 	Source:     Berichten zufolge hofft Indien darüber hinaus auf einen Vertrag zur Verteidigungszusammenarbeit zwischen den beiden Nationen .
2026-05-09 03:27:10,416 - INFO - joeynmt.training - 	Reference:  India is also reportedly hoping for a deal on defence collaboration between the two nations .
2026-05-09 03:27:10,416 - INFO - joeynmt.training - 	Hypothesis: the reports of the following reports on the defence cooperation between the two Nations .
2026-05-09 03:27:26,594 - INFO - joeynmt.training - Epoch   7, Step:    24600, Batch Loss:     1.918544, Batch Acc: 0.538131, Tokens per Sec:     5523, Lr: 0.000300
2026-05-09 03:27:42,749 - INFO - joeynmt.training - Epoch   7, Step:    24700, Batch Loss:     1.639850, Batch Acc: 0.530664, Tokens per Sec:     5846, Lr: 0.000300
2026-05-09 03:27:58,966 - INFO - joeynmt.training - Epoch   7, Step:    24800, Batch Loss:     1.762290, Batch Acc: 0.528428, Tokens per Sec:     5649, Lr: 0.000300
2026-05-09 03:28:15,348 - INFO - joeynmt.training - Epoch   7, Step:    24900, Batch Loss:     1.897981, Batch Acc: 0.525327, Tokens per Sec:     5603, Lr: 0.000300
2026-05-09 03:28:31,533 - INFO - joeynmt.training - Epoch   7, Step:    25000, Batch Loss:     1.911956, Batch Acc: 0.520981, Tokens per Sec:     5595, Lr: 0.000300
2026-05-09 03:28:31,534 - INFO - joeynmt.prediction - Predicting 500 example(s)... (Greedy decoding with min_output_length=1, max_output_length=-1, return_prob='none', generate_unk=True, repetition_penalty=-1, no_repeat_ngram_size=-1)
2026-05-09 03:28:58,227 - INFO - joeynmt.prediction - Evaluation result (greedy) loss:   2.16, ppl:   8.64, acc:   0.44, generation: 26.6889[sec], evaluation: 0.0000[sec]
2026-05-09 03:28:58,314 - INFO - joeynmt.helpers - delete models/deen_transformer_regular/22000.ckpt
2026-05-09 03:28:58,316 - INFO - joeynmt.training - Example #0
2026-05-09 03:28:58,316 - DEBUG - joeynmt.training - 	Tokenized source:     ['die', 'Pre@@', 'mi@@', 'er@@', 'minist@@', 'er', 'Indi@@', 'ens', 'und', 'J@@', 'ap@@', 'ans', 'tra@@', 'fen', 'sich', 'in', 'T@@', 'ok@@', 'i@@', 'o', '.']
2026-05-09 03:28:58,316 - DEBUG - joeynmt.training - 	Tokenized reference:  ['Indi@@', 'a', 'and', 'J@@', 'ap@@', 'an', 'pri@@', 'me', 'minist@@', 'ers', 'me@@', 'et', 'in', 'T@@', 'ok@@', 'y@@', 'o']
2026-05-09 03:28:58,316 - DEBUG - joeynmt.training - 	Tokenized hypothesis: ['the', 'Pri@@', 'me', 'Minist@@', 'er', 'Indi@@', 'a', 'and', 'J@@', 'ap@@', 'an', '&apos;s', 'pri@@', 'me', 'minist@@', 'er', 'Indi@@', 'a', 'and', 'J@@', 'ap@@', 'an', '.', '</s>']
2026-05-09 03:28:58,316 - INFO - joeynmt.training - 	Source:     die Premierminister Indiens und Japans trafen sich in Tokio .
2026-05-09 03:28:58,317 - INFO - joeynmt.training - 	Reference:  India and Japan prime ministers meet in Tokyo
2026-05-09 03:28:58,317 - INFO - joeynmt.training - 	Hypothesis: the Prime Minister India and Japan &apos;s prime minister India and Japan .
2026-05-09 03:28:58,317 - INFO - joeynmt.training - Example #1
2026-05-09 03:28:58,317 - DEBUG - joeynmt.training - 	Tokenized source:     ['Indi@@', 'ens', 'neu@@', 'er', 'Pre@@', 'mi@@', 'er@@', 'minist@@', 'er', 'N@@', 'ar@@', 'end@@', 'ra', 'Mo@@', 'd@@', 'i', 'tri@@', 'fft', 'bei', 's@@', 'einem', 'ersten', 'wichti@@', 'gen', 'Aus@@', 'land@@', 's@@', 'bes@@', 'u@@', 'ch', 'seit', 's@@', 'einem', 'W@@', 'ah@@', 'l@@', 'si@@', 'e@@', 'g', 'im', 'Ma@@', 'i', 'seinen', 'j@@', 'ap@@', 'an@@', 'ischen', 'Am@@', 'ts@@', 'k@@', 'olle@@', 'gen', 'S@@', 'hin@@', 'z@@', 'o', 'A@@', 'be', 'in', 'T@@', 'ok@@', 'o', ',', 'um', 'wirtschaf@@', 'tliche', 'und', 'sicher@@', 'heits@@', 'politische', 'Be@@', 'zieh@@', 'ungen', 'zu', 'bes@@', 'pre@@', 'chen', '.']
2026-05-09 03:28:58,317 - DEBUG - joeynmt.training - 	Tokenized reference:  ['Indi@@', 'a', '&apos;s', 'new', 'pri@@', 'me', 'minist@@', 'er', ',', 'N@@', 'ar@@', 'end@@', 'ra', 'Mo@@', 'd@@', 'i', ',', 'is', 'me@@', 'eting', 'his', 'J@@', 'ap@@', 'an@@', 'ese', 'coun@@', 'ter@@', 'part', ',', 'S@@', 'hin@@', 'z@@', 'o', 'A@@', 'be', ',', 'in', 'T@@', 'ok@@', 'y@@', 'o', 'to', 'disc@@', 'uss', 'economic', 'and', 'security', 'ties', ',', 'on', 'his', 'first', 'major', 'fore@@', 'ign', 'visi@@', 't', 'since', 'w@@', 'inn@@', 'ing', 'Ma@@', 'y', '&apos;s', 'elec@@', 'tion', '.']
2026-05-09 03:28:58,317 - DEBUG - joeynmt.training - 	Tokenized hypothesis: ['Indi@@', 'a', '&apos;s', 'lat@@', 'est', 'pri@@', 'me', 'minist@@', 'er', 'N@@', 'ar@@', 'end@@', 'ra', 'Mo@@', 'd@@', 'i', '&apos;s', 'first', 'important', 'ex@@', 'land@@', 'ing', 'the', 'S@@', 'ec@@', 'on@@', 'd', 'of', 'the', 'first', 'important', 'ex@@', 'land@@', 'ing', 'the', 'M@@', 'us@@', 'li@@', 'm', 'of', 'his', 'J@@', 'ap@@', 'an@@', 'ese', ',', 'and', 'a', 'c@@', 'ru@@', 'cial', 'role', '.', '</s>']
2026-05-09 03:28:58,317 - INFO - joeynmt.training - 	Source:     Indiens neuer Premierminister Narendra Modi trifft bei seinem ersten wichtigen Auslandsbesuch seit seinem Wahlsieg im Mai seinen japanischen Amtskollegen Shinzo Abe in Toko , um wirtschaftliche und sicherheitspolitische Beziehungen zu besprechen .
2026-05-09 03:28:58,317 - INFO - joeynmt.training - 	Reference:  India &apos;s new prime minister , Narendra Modi , is meeting his Japanese counterpart , Shinzo Abe , in Tokyo to discuss economic and security ties , on his first major foreign visit since winning May &apos;s election .
2026-05-09 03:28:58,317 - INFO - joeynmt.training - 	Hypothesis: India &apos;s latest prime minister Narendra Modi &apos;s first important exlanding the Second of the first important exlanding the Muslim of his Japanese , and a crucial role .
2026-05-09 03:28:58,317 - INFO - joeynmt.training - Example #2
2026-05-09 03:28:58,317 - DEBUG - joeynmt.training - 	Tokenized source:     ['Herr', 'Mo@@', 'd@@', 'i', 'befindet', 'sich', 'auf', 'einer', 'fü@@', 'n@@', 'f@@', 'tä@@', 'gi@@', 'gen', 'Rei@@', 'se', 'nach', 'J@@', 'ap@@', 'an', ',', 'um', 'die', 'wirtschaf@@', 'tlichen', 'Be@@', 'zieh@@', 'ungen', 'mit', 'der', 'd@@', 'rit@@', 't@@', 'größ@@', 'ten', 'Wirtschafts@@', 'n@@', 'ation', 'der', 'Welt', 'zu', 'fes@@', 'tigen', '.']
2026-05-09 03:28:58,317 - DEBUG - joeynmt.training - 	Tokenized reference:  ['Mr', 'Mo@@', 'd@@', 'i', 'is', 'on', 'a', 'fi@@', 've', '@@@', '-@@', '@', 'day', 'tri@@', 'p', 'to', 'J@@', 'ap@@', 'an', 'to', 'streng@@', 'then', 'economic', 'ties', 'with', 'the', 'third', 'lar@@', 'ges@@', 't', 'econom@@', 'y', 'in', 'the', 'world', '.']
2026-05-09 03:28:58,317 - DEBUG - joeynmt.training - 	Tokenized hypothesis: ['Mr', 'Mo@@', 'd@@', 'i', 'is', 'located', 'on', 'a', 'fi@@', 'f@@', 'ty', 'tra@@', 'v@@', 'el', 'to', 'J@@', 'ap@@', 'an', 'to', 'the', 'economic', 'rel@@', 'ations', 'with', 'the', 'third', 'lar@@', 'ges@@', 't', 'economic', 'rel@@', 'ations', 'with', 'the', 'third', 'lar@@', 'ges@@', 't', 'economic', 'rel@@', 'ations', 'of', 'the', 'world', '.', '</s>']
2026-05-09 03:28:58,317 - INFO - joeynmt.training - 	Source:     Herr Modi befindet sich auf einer fünftägigen Reise nach Japan , um die wirtschaftlichen Beziehungen mit der drittgrößten Wirtschaftsnation der Welt zu festigen .
2026-05-09 03:28:58,317 - INFO - joeynmt.training - 	Reference:  Mr Modi is on a five @-@ day trip to Japan to strengthen economic ties with the third largest economy in the world .
2026-05-09 03:28:58,317 - INFO - joeynmt.training - 	Hypothesis: Mr Modi is located on a fifty travel to Japan to the economic relations with the third largest economic relations with the third largest economic relations of the world .
2026-05-09 03:28:58,317 - INFO - joeynmt.training - Example #3
2026-05-09 03:28:58,317 - DEBUG - joeynmt.training - 	Tokenized source:     ['P@@', 'län@@', 'e', 'für', 'eine', 'stärk@@', 'ere', 'k@@', 'ern@@', 'techn@@', 'ische', 'Zusammenarbeit', 'stehen', 'ganz', 'ob@@', 'en', 'auf', 'der', 'Tag@@', 'es@@', 'ordnung', '.']
2026-05-09 03:28:58,317 - DEBUG - joeynmt.training - 	Tokenized reference:  ['high', 'on', 'the', 'agen@@', 'da', 'are', 'pl@@', 'ans', 'for', 'gre@@', 'ater', 'nu@@', 'clear', 'c@@', 'o', '@@@', '-@@', '@', 'operation', '.']
2026-05-09 03:28:58,317 - DEBUG - joeynmt.training - 	Tokenized hypothesis: ['pl@@', 'ans', 'for', 'a', 'gre@@', 'ater', 'c@@', 'ru@@', 'cial', 'c@@', 'oll@@', 'ab@@', 'or@@', 'ation', '.', '</s>']
2026-05-09 03:28:58,317 - INFO - joeynmt.training - 	Source:     Pläne für eine stärkere kerntechnische Zusammenarbeit stehen ganz oben auf der Tagesordnung .
2026-05-09 03:28:58,317 - INFO - joeynmt.training - 	Reference:  high on the agenda are plans for greater nuclear co @-@ operation .
2026-05-09 03:28:58,317 - INFO - joeynmt.training - 	Hypothesis: plans for a greater crucial collaboration .
2026-05-09 03:28:58,317 - INFO - joeynmt.training - Example #4
2026-05-09 03:28:58,317 - DEBUG - joeynmt.training - 	Tokenized source:     ['Berich@@', 'ten', 'zu@@', 'fol@@', 'ge', 'ho@@', 'fft', 'Indi@@', 'en', 'darüber', 'hinaus', 'auf', 'einen', 'Ver@@', 'trag', 'zur', 'Ver@@', 'tei@@', 'dig@@', 'ungs@@', 'zusammen@@', 'arbeit', 'zwischen', 'den', 'beiden', 'N@@', 'ationen', '.']
2026-05-09 03:28:58,317 - DEBUG - joeynmt.training - 	Tokenized reference:  ['Indi@@', 'a', 'is', 'also', 're@@', 'porte@@', 'dly', 'hop@@', 'ing', 'for', 'a', 'de@@', 'al', 'on', 'def@@', 'ence', 'c@@', 'oll@@', 'ab@@', 'or@@', 'ation', 'between', 'the', 'two', 'n@@', 'ations', '.']
2026-05-09 03:28:58,318 - DEBUG - joeynmt.training - 	Tokenized hypothesis: ['fur@@', 'ther@@', 'more', ',', 'there', 'is', 'a', 'hope', 'that', 'Indi@@', 'a', 'of', 'con@@', 'tra@@', 'ct', 'between', 'the', 'two', 'n@@', 'ations', '.', '</s>']
2026-05-09 03:28:58,318 - INFO - joeynmt.training - 	Source:     Berichten zufolge hofft Indien darüber hinaus auf einen Vertrag zur Verteidigungszusammenarbeit zwischen den beiden Nationen .
2026-05-09 03:28:58,318 - INFO - joeynmt.training - 	Reference:  India is also reportedly hoping for a deal on defence collaboration between the two nations .
2026-05-09 03:28:58,318 - INFO - joeynmt.training - 	Hypothesis: furthermore , there is a hope that India of contract between the two nations .
2026-05-09 03:29:17,169 - INFO - joeynmt.training - Epoch   7, Step:    25100, Batch Loss:     1.695279, Batch Acc: 0.524563, Tokens per Sec:     4826, Lr: 0.000300
2026-05-09 03:29:40,225 - INFO - joeynmt.training - Epoch   7, Step:    25200, Batch Loss:     1.727521, Batch Acc: 0.532250, Tokens per Sec:     3994, Lr: 0.000300
2026-05-09 03:29:56,742 - INFO - joeynmt.training - Epoch   7, Step:    25300, Batch Loss:     1.869323, Batch Acc: 0.523525, Tokens per Sec:     5613, Lr: 0.000300
2026-05-09 03:30:13,344 - INFO - joeynmt.training - Epoch   7, Step:    25400, Batch Loss:     1.568932, Batch Acc: 0.531439, Tokens per Sec:     5482, Lr: 0.000300
2026-05-09 03:30:29,843 - INFO - joeynmt.training - Epoch   7, Step:    25500, Batch Loss:     1.767707, Batch Acc: 0.524751, Tokens per Sec:     5589, Lr: 0.000300
2026-05-09 03:30:29,844 - INFO - joeynmt.prediction - Predicting 500 example(s)... (Greedy decoding with min_output_length=1, max_output_length=-1, return_prob='none', generate_unk=True, repetition_penalty=-1, no_repeat_ngram_size=-1)
2026-05-09 03:30:55,775 - INFO - joeynmt.prediction - Evaluation result (greedy) loss:   2.15, ppl:   8.61, acc:   0.45, generation: 25.9257[sec], evaluation: 0.0000[sec]
2026-05-09 03:30:55,865 - INFO - joeynmt.helpers - delete models/deen_transformer_regular/23500.ckpt
2026-05-09 03:30:55,867 - INFO - joeynmt.training - Example #0
2026-05-09 03:30:55,867 - DEBUG - joeynmt.training - 	Tokenized source:     ['die', 'Pre@@', 'mi@@', 'er@@', 'minist@@', 'er', 'Indi@@', 'ens', 'und', 'J@@', 'ap@@', 'ans', 'tra@@', 'fen', 'sich', 'in', 'T@@', 'ok@@', 'i@@', 'o', '.']
2026-05-09 03:30:55,867 - DEBUG - joeynmt.training - 	Tokenized reference:  ['Indi@@', 'a', 'and', 'J@@', 'ap@@', 'an', 'pri@@', 'me', 'minist@@', 'ers', 'me@@', 'et', 'in', 'T@@', 'ok@@', 'y@@', 'o']
2026-05-09 03:30:55,867 - DEBUG - joeynmt.training - 	Tokenized hypothesis: ['the', 'Pre@@', 'mi@@', 'er', 'Indi@@', 'a', 'and', 'J@@', 'ap@@', 'an', ',', 'in', 'T@@', 'ok@@', 'y@@', 'o', '.', '</s>']
2026-05-09 03:30:55,867 - INFO - joeynmt.training - 	Source:     die Premierminister Indiens und Japans trafen sich in Tokio .
2026-05-09 03:30:55,867 - INFO - joeynmt.training - 	Reference:  India and Japan prime ministers meet in Tokyo
2026-05-09 03:30:55,867 - INFO - joeynmt.training - 	Hypothesis: the Premier India and Japan , in Tokyo .
2026-05-09 03:30:55,867 - INFO - joeynmt.training - Example #1
2026-05-09 03:30:55,867 - DEBUG - joeynmt.training - 	Tokenized source:     ['Indi@@', 'ens', 'neu@@', 'er', 'Pre@@', 'mi@@', 'er@@', 'minist@@', 'er', 'N@@', 'ar@@', 'end@@', 'ra', 'Mo@@', 'd@@', 'i', 'tri@@', 'fft', 'bei', 's@@', 'einem', 'ersten', 'wichti@@', 'gen', 'Aus@@', 'land@@', 's@@', 'bes@@', 'u@@', 'ch', 'seit', 's@@', 'einem', 'W@@', 'ah@@', 'l@@', 'si@@', 'e@@', 'g', 'im', 'Ma@@', 'i', 'seinen', 'j@@', 'ap@@', 'an@@', 'ischen', 'Am@@', 'ts@@', 'k@@', 'olle@@', 'gen', 'S@@', 'hin@@', 'z@@', 'o', 'A@@', 'be', 'in', 'T@@', 'ok@@', 'o', ',', 'um', 'wirtschaf@@', 'tliche', 'und', 'sicher@@', 'heits@@', 'politische', 'Be@@', 'zieh@@', 'ungen', 'zu', 'bes@@', 'pre@@', 'chen', '.']
2026-05-09 03:30:55,867 - DEBUG - joeynmt.training - 	Tokenized reference:  ['Indi@@', 'a', '&apos;s', 'new', 'pri@@', 'me', 'minist@@', 'er', ',', 'N@@', 'ar@@', 'end@@', 'ra', 'Mo@@', 'd@@', 'i', ',', 'is', 'me@@', 'eting', 'his', 'J@@', 'ap@@', 'an@@', 'ese', 'coun@@', 'ter@@', 'part', ',', 'S@@', 'hin@@', 'z@@', 'o', 'A@@', 'be', ',', 'in', 'T@@', 'ok@@', 'y@@', 'o', 'to', 'disc@@', 'uss', 'economic', 'and', 'security', 'ties', ',', 'on', 'his', 'first', 'major', 'fore@@', 'ign', 'visi@@', 't', 'since', 'w@@', 'inn@@', 'ing', 'Ma@@', 'y', '&apos;s', 'elec@@', 'tion', '.']
2026-05-09 03:30:55,867 - DEBUG - joeynmt.training - 	Tokenized hypothesis: ['Indi@@', 'a', '&apos;s', 'lat@@', 'est', 'pri@@', 'me', 'minist@@', 'er', 'N@@', 'ar@@', 'end@@', 'ra', 'Mo@@', 'd@@', 'i', ',', 'in', 'his', 'first', 'important', 'ex@@', 'land@@', 's@@', 'ets', ',', 'since', 's@@', 'ent', 'of', 'his', 'J@@', 'ap@@', 'an@@', 'ese', ',', 'S@@', 'hin@@', 'z@@', 'e@@', 'g', 'in', 'Ma@@', 'y', 'of', 'his', 'J@@', 'ap@@', 'an@@', 'ese', 'colle@@', 'ag@@', 'u@@', 'es', 'in', 'T@@', 'ok@@', 'o', ',', 'to', 'pre@@', 'v@@', 'ent', 'economic', 'and', 'saf@@', 'ety', 'political', 'rel@@', 'ations', '.', '</s>']
2026-05-09 03:30:55,867 - INFO - joeynmt.training - 	Source:     Indiens neuer Premierminister Narendra Modi trifft bei seinem ersten wichtigen Auslandsbesuch seit seinem Wahlsieg im Mai seinen japanischen Amtskollegen Shinzo Abe in Toko , um wirtschaftliche und sicherheitspolitische Beziehungen zu besprechen .
2026-05-09 03:30:55,867 - INFO - joeynmt.training - 	Reference:  India &apos;s new prime minister , Narendra Modi , is meeting his Japanese counterpart , Shinzo Abe , in Tokyo to discuss economic and security ties , on his first major foreign visit since winning May &apos;s election .
2026-05-09 03:30:55,867 - INFO - joeynmt.training - 	Hypothesis: India &apos;s latest prime minister Narendra Modi , in his first important exlandsets , since sent of his Japanese , Shinzeg in May of his Japanese colleagues in Toko , to prevent economic and safety political relations .
2026-05-09 03:30:55,867 - INFO - joeynmt.training - Example #2
2026-05-09 03:30:55,867 - DEBUG - joeynmt.training - 	Tokenized source:     ['Herr', 'Mo@@', 'd@@', 'i', 'befindet', 'sich', 'auf', 'einer', 'fü@@', 'n@@', 'f@@', 'tä@@', 'gi@@', 'gen', 'Rei@@', 'se', 'nach', 'J@@', 'ap@@', 'an', ',', 'um', 'die', 'wirtschaf@@', 'tlichen', 'Be@@', 'zieh@@', 'ungen', 'mit', 'der', 'd@@', 'rit@@', 't@@', 'größ@@', 'ten', 'Wirtschafts@@', 'n@@', 'ation', 'der', 'Welt', 'zu', 'fes@@', 'tigen', '.']
2026-05-09 03:30:55,867 - DEBUG - joeynmt.training - 	Tokenized reference:  ['Mr', 'Mo@@', 'd@@', 'i', 'is', 'on', 'a', 'fi@@', 've', '@@@', '-@@', '@', 'day', 'tri@@', 'p', 'to', 'J@@', 'ap@@', 'an', 'to', 'streng@@', 'then', 'economic', 'ties', 'with', 'the', 'third', 'lar@@', 'ges@@', 't', 'econom@@', 'y', 'in', 'the', 'world', '.']
2026-05-09 03:30:55,867 - DEBUG - joeynmt.training - 	Tokenized hypothesis: ['Mr', 'Mo@@', 'd@@', 'i', 'is', 'located', 'on', 'a', 'fi@@', 'f@@', 'te@@', 'th', 'of', 'J@@', 'ap@@', 'an', 'to', 'J@@', 'ap@@', 'an', 'to', 'J@@', 'ap@@', 'an', 'to', 'J@@', 'ap@@', 'an', 'to', 'the', 'economic', 'rel@@', 'ations', 'with', 'the', 'third', 'lar@@', 'ges@@', 't', 'economic', 'n@@', 'ation', 'of', 'the', 'world', '&apos;s', 'economic', 'rel@@', 'ations', '.', '</s>']
2026-05-09 03:30:55,867 - INFO - joeynmt.training - 	Source:     Herr Modi befindet sich auf einer fünftägigen Reise nach Japan , um die wirtschaftlichen Beziehungen mit der drittgrößten Wirtschaftsnation der Welt zu festigen .
2026-05-09 03:30:55,867 - INFO - joeynmt.training - 	Reference:  Mr Modi is on a five @-@ day trip to Japan to strengthen economic ties with the third largest economy in the world .
2026-05-09 03:30:55,867 - INFO - joeynmt.training - 	Hypothesis: Mr Modi is located on a fifteth of Japan to Japan to Japan to Japan to the economic relations with the third largest economic nation of the world &apos;s economic relations .
2026-05-09 03:30:55,867 - INFO - joeynmt.training - Example #3
2026-05-09 03:30:55,867 - DEBUG - joeynmt.training - 	Tokenized source:     ['P@@', 'län@@', 'e', 'für', 'eine', 'stärk@@', 'ere', 'k@@', 'ern@@', 'techn@@', 'ische', 'Zusammenarbeit', 'stehen', 'ganz', 'ob@@', 'en', 'auf', 'der', 'Tag@@', 'es@@', 'ordnung', '.']
2026-05-09 03:30:55,867 - DEBUG - joeynmt.training - 	Tokenized reference:  ['high', 'on', 'the', 'agen@@', 'da', 'are', 'pl@@', 'ans', 'for', 'gre@@', 'ater', 'nu@@', 'clear', 'c@@', 'o', '@@@', '-@@', '@', 'operation', '.']
2026-05-09 03:30:55,867 - DEBUG - joeynmt.training - 	Tokenized hypothesis: ['pl@@', 'ans', 'for', 'more', 'seri@@', 'ous', 'techn@@', 'ical', 'cooperation', 'are', 'very', 'often', 'on', 'the', 'agen@@', 'da', '.', '</s>']
2026-05-09 03:30:55,868 - INFO - joeynmt.training - 	Source:     Pläne für eine stärkere kerntechnische Zusammenarbeit stehen ganz oben auf der Tagesordnung .
2026-05-09 03:30:55,868 - INFO - joeynmt.training - 	Reference:  high on the agenda are plans for greater nuclear co @-@ operation .
2026-05-09 03:30:55,868 - INFO - joeynmt.training - 	Hypothesis: plans for more serious technical cooperation are very often on the agenda .
2026-05-09 03:30:55,868 - INFO - joeynmt.training - Example #4
2026-05-09 03:30:55,868 - DEBUG - joeynmt.training - 	Tokenized source:     ['Berich@@', 'ten', 'zu@@', 'fol@@', 'ge', 'ho@@', 'fft', 'Indi@@', 'en', 'darüber', 'hinaus', 'auf', 'einen', 'Ver@@', 'trag', 'zur', 'Ver@@', 'tei@@', 'dig@@', 'ungs@@', 'zusammen@@', 'arbeit', 'zwischen', 'den', 'beiden', 'N@@', 'ationen', '.']
2026-05-09 03:30:55,868 - DEBUG - joeynmt.training - 	Tokenized reference:  ['Indi@@', 'a', 'is', 'also', 're@@', 'porte@@', 'dly', 'hop@@', 'ing', 'for', 'a', 'de@@', 'al', 'on', 'def@@', 'ence', 'c@@', 'oll@@', 'ab@@', 'or@@', 'ation', 'between', 'the', 'two', 'n@@', 'ations', '.']
2026-05-09 03:30:55,868 - DEBUG - joeynmt.training - 	Tokenized hypothesis: ['the', 'same', 're@@', 'ports', 'are', 'also', 'tru@@', 'e', ',', 'indi@@', 'c@@', 'ation', 'of', 'the', 'Tre@@', 'aty', 'on', 'def@@', 'ence', 'cooperation', 'between', 'the', 'two', 'n@@', 'ations', '.', '</s>']
2026-05-09 03:30:55,868 - INFO - joeynmt.training - 	Source:     Berichten zufolge hofft Indien darüber hinaus auf einen Vertrag zur Verteidigungszusammenarbeit zwischen den beiden Nationen .
2026-05-09 03:30:55,868 - INFO - joeynmt.training - 	Reference:  India is also reportedly hoping for a deal on defence collaboration between the two nations .
2026-05-09 03:30:55,868 - INFO - joeynmt.training - 	Hypothesis: the same reports are also true , indication of the Treaty on defence cooperation between the two nations .
2026-05-09 03:31:12,096 - INFO - joeynmt.training - Epoch   7, Step:    25600, Batch Loss:     1.744286, Batch Acc: 0.520479, Tokens per Sec:     5736, Lr: 0.000300
2026-05-09 03:31:28,522 - INFO - joeynmt.training - Epoch   7, Step:    25700, Batch Loss:     1.692731, Batch Acc: 0.522197, Tokens per Sec:     5586, Lr: 0.000300
2026-05-09 03:31:44,906 - INFO - joeynmt.training - Epoch   7, Step:    25800, Batch Loss:     1.543921, Batch Acc: 0.528737, Tokens per Sec:     5555, Lr: 0.000300
2026-05-09 03:32:01,242 - INFO - joeynmt.training - Epoch   7, Step:    25900, Batch Loss:     1.925528, Batch Acc: 0.534211, Tokens per Sec:     5574, Lr: 0.000300
2026-05-09 03:32:17,519 - INFO - joeynmt.training - Epoch   7, Step:    26000, Batch Loss:     1.922482, Batch Acc: 0.521657, Tokens per Sec:     5658, Lr: 0.000300
2026-05-09 03:32:17,520 - INFO - joeynmt.prediction - Predicting 500 example(s)... (Greedy decoding with min_output_length=1, max_output_length=-1, return_prob='none', generate_unk=True, repetition_penalty=-1, no_repeat_ngram_size=-1)
2026-05-09 03:32:44,871 - INFO - joeynmt.prediction - Evaluation result (greedy) loss:   2.14, ppl:   8.51, acc:   0.45, generation: 27.3468[sec], evaluation: 0.0000[sec]
2026-05-09 03:32:44,873 - INFO - joeynmt.training - Hooray! New best validation result [ppl]!
2026-05-09 03:32:44,959 - INFO - joeynmt.helpers - delete models/deen_transformer_regular/24000.ckpt
2026-05-09 03:32:44,962 - INFO - joeynmt.training - Example #0
2026-05-09 03:32:44,962 - DEBUG - joeynmt.training - 	Tokenized source:     ['die', 'Pre@@', 'mi@@', 'er@@', 'minist@@', 'er', 'Indi@@', 'ens', 'und', 'J@@', 'ap@@', 'ans', 'tra@@', 'fen', 'sich', 'in', 'T@@', 'ok@@', 'i@@', 'o', '.']
2026-05-09 03:32:44,962 - DEBUG - joeynmt.training - 	Tokenized reference:  ['Indi@@', 'a', 'and', 'J@@', 'ap@@', 'an', 'pri@@', 'me', 'minist@@', 'ers', 'me@@', 'et', 'in', 'T@@', 'ok@@', 'y@@', 'o']
2026-05-09 03:32:44,962 - DEBUG - joeynmt.training - 	Tokenized hypothesis: ['the', 'Pri@@', 'me', 'Minist@@', 'er', 'Indi@@', 'a', 'and', 'J@@', 'ap@@', 'an', '&apos;s', 'pri@@', 'm@@', 'ary', ',', 'in', 'T@@', 'ok@@', 'y@@', 'o', '.', '</s>']
2026-05-09 03:32:44,962 - INFO - joeynmt.training - 	Source:     die Premierminister Indiens und Japans trafen sich in Tokio .
2026-05-09 03:32:44,962 - INFO - joeynmt.training - 	Reference:  India and Japan prime ministers meet in Tokyo
2026-05-09 03:32:44,962 - INFO - joeynmt.training - 	Hypothesis: the Prime Minister India and Japan &apos;s primary , in Tokyo .
2026-05-09 03:32:44,962 - INFO - joeynmt.training - Example #1
2026-05-09 03:32:44,962 - DEBUG - joeynmt.training - 	Tokenized source:     ['Indi@@', 'ens', 'neu@@', 'er', 'Pre@@', 'mi@@', 'er@@', 'minist@@', 'er', 'N@@', 'ar@@', 'end@@', 'ra', 'Mo@@', 'd@@', 'i', 'tri@@', 'fft', 'bei', 's@@', 'einem', 'ersten', 'wichti@@', 'gen', 'Aus@@', 'land@@', 's@@', 'bes@@', 'u@@', 'ch', 'seit', 's@@', 'einem', 'W@@', 'ah@@', 'l@@', 'si@@', 'e@@', 'g', 'im', 'Ma@@', 'i', 'seinen', 'j@@', 'ap@@', 'an@@', 'ischen', 'Am@@', 'ts@@', 'k@@', 'olle@@', 'gen', 'S@@', 'hin@@', 'z@@', 'o', 'A@@', 'be', 'in', 'T@@', 'ok@@', 'o', ',', 'um', 'wirtschaf@@', 'tliche', 'und', 'sicher@@', 'heits@@', 'politische', 'Be@@', 'zieh@@', 'ungen', 'zu', 'bes@@', 'pre@@', 'chen', '.']
2026-05-09 03:32:44,962 - DEBUG - joeynmt.training - 	Tokenized reference:  ['Indi@@', 'a', '&apos;s', 'new', 'pri@@', 'me', 'minist@@', 'er', ',', 'N@@', 'ar@@', 'end@@', 'ra', 'Mo@@', 'd@@', 'i', ',', 'is', 'me@@', 'eting', 'his', 'J@@', 'ap@@', 'an@@', 'ese', 'coun@@', 'ter@@', 'part', ',', 'S@@', 'hin@@', 'z@@', 'o', 'A@@', 'be', ',', 'in', 'T@@', 'ok@@', 'y@@', 'o', 'to', 'disc@@', 'uss', 'economic', 'and', 'security', 'ties', ',', 'on', 'his', 'first', 'major', 'fore@@', 'ign', 'visi@@', 't', 'since', 'w@@', 'inn@@', 'ing', 'Ma@@', 'y', '&apos;s', 'elec@@', 'tion', '.']
2026-05-09 03:32:44,962 - DEBUG - joeynmt.training - 	Tokenized hypothesis: ['Indi@@', 'a', '&apos;s', 'new', 'Pri@@', 'me', 'Minist@@', 'er', 'N@@', 'ar@@', 'end@@', 'ra', 'Mo@@', 'd@@', 'i', 'tri@@', 'al', ',', 'in', 'his', 'first', 'important', 'ex@@', 'land@@', 's@@', 'ession', ',', 'since', 'the', 'S@@', 'ec@@', 'urity', 'of', 'his', 'elec@@', 't@@', 'or@@', 'al', ',', 'in', 'M@@', 'or@@', 'e', 'S@@', 'hin@@', 'z@@', 'o', 'A@@', 'be', 'in', 'T@@', 'ok@@', 'o', ',', 'in', 'T@@', 'ok@@', 'o', ',', 'to', 'the', 'economic', 'and', 'saf@@', 'ety', 'policy', 'rel@@', 'ations', '.', '</s>']
2026-05-09 03:32:44,962 - INFO - joeynmt.training - 	Source:     Indiens neuer Premierminister Narendra Modi trifft bei seinem ersten wichtigen Auslandsbesuch seit seinem Wahlsieg im Mai seinen japanischen Amtskollegen Shinzo Abe in Toko , um wirtschaftliche und sicherheitspolitische Beziehungen zu besprechen .
2026-05-09 03:32:44,962 - INFO - joeynmt.training - 	Reference:  India &apos;s new prime minister , Narendra Modi , is meeting his Japanese counterpart , Shinzo Abe , in Tokyo to discuss economic and security ties , on his first major foreign visit since winning May &apos;s election .
2026-05-09 03:32:44,962 - INFO - joeynmt.training - 	Hypothesis: India &apos;s new Prime Minister Narendra Modi trial , in his first important exlandsession , since the Security of his electoral , in More Shinzo Abe in Toko , in Toko , to the economic and safety policy relations .
2026-05-09 03:32:44,962 - INFO - joeynmt.training - Example #2
2026-05-09 03:32:44,962 - DEBUG - joeynmt.training - 	Tokenized source:     ['Herr', 'Mo@@', 'd@@', 'i', 'befindet', 'sich', 'auf', 'einer', 'fü@@', 'n@@', 'f@@', 'tä@@', 'gi@@', 'gen', 'Rei@@', 'se', 'nach', 'J@@', 'ap@@', 'an', ',', 'um', 'die', 'wirtschaf@@', 'tlichen', 'Be@@', 'zieh@@', 'ungen', 'mit', 'der', 'd@@', 'rit@@', 't@@', 'größ@@', 'ten', 'Wirtschafts@@', 'n@@', 'ation', 'der', 'Welt', 'zu', 'fes@@', 'tigen', '.']
2026-05-09 03:32:44,962 - DEBUG - joeynmt.training - 	Tokenized reference:  ['Mr', 'Mo@@', 'd@@', 'i', 'is', 'on', 'a', 'fi@@', 've', '@@@', '-@@', '@', 'day', 'tri@@', 'p', 'to', 'J@@', 'ap@@', 'an', 'to', 'streng@@', 'then', 'economic', 'ties', 'with', 'the', 'third', 'lar@@', 'ges@@', 't', 'econom@@', 'y', 'in', 'the', 'world', '.']
2026-05-09 03:32:44,962 - DEBUG - joeynmt.training - 	Tokenized hypothesis: ['Mr', 'Mo@@', 'd@@', 'i', 'is', 'located', 'on', 'a', 'fi@@', 've', 'tra@@', 'v@@', 'el', 'to', 'J@@', 'ap@@', 'an', ',', 'to', 'J@@', 'ap@@', 'an', ',', 'to', 'take', 'the', 'economic', 'rel@@', 'ations', 'with', 'the', 'third', 'lar@@', 'ges@@', 't', 'economic', 'n@@', 'ation', 'of', 'the', 'world', '.', '</s>']
2026-05-09 03:32:44,962 - INFO - joeynmt.training - 	Source:     Herr Modi befindet sich auf einer fünftägigen Reise nach Japan , um die wirtschaftlichen Beziehungen mit der drittgrößten Wirtschaftsnation der Welt zu festigen .
2026-05-09 03:32:44,962 - INFO - joeynmt.training - 	Reference:  Mr Modi is on a five @-@ day trip to Japan to strengthen economic ties with the third largest economy in the world .
2026-05-09 03:32:44,962 - INFO - joeynmt.training - 	Hypothesis: Mr Modi is located on a five travel to Japan , to Japan , to take the economic relations with the third largest economic nation of the world .
2026-05-09 03:32:44,962 - INFO - joeynmt.training - Example #3
2026-05-09 03:32:44,962 - DEBUG - joeynmt.training - 	Tokenized source:     ['P@@', 'län@@', 'e', 'für', 'eine', 'stärk@@', 'ere', 'k@@', 'ern@@', 'techn@@', 'ische', 'Zusammenarbeit', 'stehen', 'ganz', 'ob@@', 'en', 'auf', 'der', 'Tag@@', 'es@@', 'ordnung', '.']
2026-05-09 03:32:44,962 - DEBUG - joeynmt.training - 	Tokenized reference:  ['high', 'on', 'the', 'agen@@', 'da', 'are', 'pl@@', 'ans', 'for', 'gre@@', 'ater', 'nu@@', 'clear', 'c@@', 'o', '@@@', '-@@', '@', 'operation', '.']
2026-05-09 03:32:44,963 - DEBUG - joeynmt.training - 	Tokenized hypothesis: ['pl@@', 'ans', 'for', 'a', 'str@@', 'on@@', 'ger', 'techn@@', 'ical', 'cooperation', 'are', 'qu@@', 'ite', 'abo@@', 've', 'the', 'agen@@', 'da', '.', '</s>']
2026-05-09 03:32:44,963 - INFO - joeynmt.training - 	Source:     Pläne für eine stärkere kerntechnische Zusammenarbeit stehen ganz oben auf der Tagesordnung .
2026-05-09 03:32:44,963 - INFO - joeynmt.training - 	Reference:  high on the agenda are plans for greater nuclear co @-@ operation .
2026-05-09 03:32:44,963 - INFO - joeynmt.training - 	Hypothesis: plans for a stronger technical cooperation are quite above the agenda .
2026-05-09 03:32:44,963 - INFO - joeynmt.training - Example #4
2026-05-09 03:32:44,963 - DEBUG - joeynmt.training - 	Tokenized source:     ['Berich@@', 'ten', 'zu@@', 'fol@@', 'ge', 'ho@@', 'fft', 'Indi@@', 'en', 'darüber', 'hinaus', 'auf', 'einen', 'Ver@@', 'trag', 'zur', 'Ver@@', 'tei@@', 'dig@@', 'ungs@@', 'zusammen@@', 'arbeit', 'zwischen', 'den', 'beiden', 'N@@', 'ationen', '.']
2026-05-09 03:32:44,963 - DEBUG - joeynmt.training - 	Tokenized reference:  ['Indi@@', 'a', 'is', 'also', 're@@', 'porte@@', 'dly', 'hop@@', 'ing', 'for', 'a', 'de@@', 'al', 'on', 'def@@', 'ence', 'c@@', 'oll@@', 'ab@@', 'or@@', 'ation', 'between', 'the', 'two', 'n@@', 'ations', '.']
2026-05-09 03:32:44,963 - DEBUG - joeynmt.training - 	Tokenized hypothesis: ['the', 'following', 're@@', 'ports', ',', 'Indi@@', 'a', 'is', 'also', 'hop@@', 'es', 'of', 'Indi@@', 'a', ',', 'on', 'the', 'con@@', 'tra@@', 'ct', 'of', 'cooperation', 'between', 'the', 'two', 'n@@', 'ations', '.', '</s>']
2026-05-09 03:32:44,963 - INFO - joeynmt.training - 	Source:     Berichten zufolge hofft Indien darüber hinaus auf einen Vertrag zur Verteidigungszusammenarbeit zwischen den beiden Nationen .
2026-05-09 03:32:44,963 - INFO - joeynmt.training - 	Reference:  India is also reportedly hoping for a deal on defence collaboration between the two nations .
2026-05-09 03:32:44,963 - INFO - joeynmt.training - 	Hypothesis: the following reports , India is also hopes of India , on the contract of cooperation between the two nations .
2026-05-09 03:33:01,204 - INFO - joeynmt.training - Epoch   7, Step:    26100, Batch Loss:     1.818089, Batch Acc: 0.521325, Tokens per Sec:     5675, Lr: 0.000300
2026-05-09 03:33:17,495 - INFO - joeynmt.training - Epoch   7, Step:    26200, Batch Loss:     1.643561, Batch Acc: 0.519190, Tokens per Sec:     5579, Lr: 0.000300
2026-05-09 03:33:33,837 - INFO - joeynmt.training - Epoch   7, Step:    26300, Batch Loss:     1.685502, Batch Acc: 0.530045, Tokens per Sec:     5612, Lr: 0.000300
2026-05-09 03:33:50,214 - INFO - joeynmt.training - Epoch   7, Step:    26400, Batch Loss:     1.879233, Batch Acc: 0.525295, Tokens per Sec:     5647, Lr: 0.000300
2026-05-09 03:34:06,431 - INFO - joeynmt.training - Epoch   7, Step:    26500, Batch Loss:     1.968423, Batch Acc: 0.525509, Tokens per Sec:     5635, Lr: 0.000300
2026-05-09 03:34:06,432 - INFO - joeynmt.prediction - Predicting 500 example(s)... (Greedy decoding with min_output_length=1, max_output_length=-1, return_prob='none', generate_unk=True, repetition_penalty=-1, no_repeat_ngram_size=-1)
2026-05-09 03:34:39,327 - INFO - joeynmt.prediction - Evaluation result (greedy) loss:   2.14, ppl:   8.54, acc:   0.45, generation: 32.8908[sec], evaluation: 0.0000[sec]
2026-05-09 03:34:39,415 - INFO - joeynmt.helpers - delete models/deen_transformer_regular/23000.ckpt
2026-05-09 03:34:39,417 - INFO - joeynmt.training - Example #0
2026-05-09 03:34:39,417 - DEBUG - joeynmt.training - 	Tokenized source:     ['die', 'Pre@@', 'mi@@', 'er@@', 'minist@@', 'er', 'Indi@@', 'ens', 'und', 'J@@', 'ap@@', 'ans', 'tra@@', 'fen', 'sich', 'in', 'T@@', 'ok@@', 'i@@', 'o', '.']
2026-05-09 03:34:39,417 - DEBUG - joeynmt.training - 	Tokenized reference:  ['Indi@@', 'a', 'and', 'J@@', 'ap@@', 'an', 'pri@@', 'me', 'minist@@', 'ers', 'me@@', 'et', 'in', 'T@@', 'ok@@', 'y@@', 'o']
2026-05-09 03:34:39,417 - DEBUG - joeynmt.training - 	Tokenized hypothesis: ['the', 'Pri@@', 'me', 'Minist@@', 'er', 'Indi@@', 'a', 'and', 'J@@', 'ap@@', 'an', '.', '</s>']
2026-05-09 03:34:39,417 - INFO - joeynmt.training - 	Source:     die Premierminister Indiens und Japans trafen sich in Tokio .
2026-05-09 03:34:39,417 - INFO - joeynmt.training - 	Reference:  India and Japan prime ministers meet in Tokyo
2026-05-09 03:34:39,417 - INFO - joeynmt.training - 	Hypothesis: the Prime Minister India and Japan .
2026-05-09 03:34:39,417 - INFO - joeynmt.training - Example #1
2026-05-09 03:34:39,417 - DEBUG - joeynmt.training - 	Tokenized source:     ['Indi@@', 'ens', 'neu@@', 'er', 'Pre@@', 'mi@@', 'er@@', 'minist@@', 'er', 'N@@', 'ar@@', 'end@@', 'ra', 'Mo@@', 'd@@', 'i', 'tri@@', 'fft', 'bei', 's@@', 'einem', 'ersten', 'wichti@@', 'gen', 'Aus@@', 'land@@', 's@@', 'bes@@', 'u@@', 'ch', 'seit', 's@@', 'einem', 'W@@', 'ah@@', 'l@@', 'si@@', 'e@@', 'g', 'im', 'Ma@@', 'i', 'seinen', 'j@@', 'ap@@', 'an@@', 'ischen', 'Am@@', 'ts@@', 'k@@', 'olle@@', 'gen', 'S@@', 'hin@@', 'z@@', 'o', 'A@@', 'be', 'in', 'T@@', 'ok@@', 'o', ',', 'um', 'wirtschaf@@', 'tliche', 'und', 'sicher@@', 'heits@@', 'politische', 'Be@@', 'zieh@@', 'ungen', 'zu', 'bes@@', 'pre@@', 'chen', '.']
2026-05-09 03:34:39,417 - DEBUG - joeynmt.training - 	Tokenized reference:  ['Indi@@', 'a', '&apos;s', 'new', 'pri@@', 'me', 'minist@@', 'er', ',', 'N@@', 'ar@@', 'end@@', 'ra', 'Mo@@', 'd@@', 'i', ',', 'is', 'me@@', 'eting', 'his', 'J@@', 'ap@@', 'an@@', 'ese', 'coun@@', 'ter@@', 'part', ',', 'S@@', 'hin@@', 'z@@', 'o', 'A@@', 'be', ',', 'in', 'T@@', 'ok@@', 'y@@', 'o', 'to', 'disc@@', 'uss', 'economic', 'and', 'security', 'ties', ',', 'on', 'his', 'first', 'major', 'fore@@', 'ign', 'visi@@', 't', 'since', 'w@@', 'inn@@', 'ing', 'Ma@@', 'y', '&apos;s', 'elec@@', 'tion', '.']
2026-05-09 03:34:39,417 - DEBUG - joeynmt.training - 	Tokenized hypothesis: ['Indi@@', 'a', '&apos;s', 'lat@@', 'est', 'Pri@@', 'me', 'Minist@@', 'er', 'N@@', 'ar@@', 'end@@', 'ra', 'Mo@@', 'd@@', 'i', 'tri@@', 'p', 'in', 'T@@', 'ok@@', 'o', ',', 'in', 'his', 'first', 'first', 'of', 'the', 'S@@', 'hin@@', 'z@@', 'o', 'A@@', 'be', 'in', 'T@@', 'ok@@', 'o', 'A@@', 'be', 'in', 'T@@', 'ok@@', 'o', ',', 'in', 'T@@', 'ok@@', 'o', 'A@@', 'be', 'in', 'T@@', 'ok@@', 'o', ',', 'in', 'T@@', 'ok@@', 'o', 'A@@', 'be', 'in', 'T@@', 'ok@@', 'o', ',', 'and', 'S@@', 'hin@@', 'z@@', 'o', '.', '</s>']
2026-05-09 03:34:39,417 - INFO - joeynmt.training - 	Source:     Indiens neuer Premierminister Narendra Modi trifft bei seinem ersten wichtigen Auslandsbesuch seit seinem Wahlsieg im Mai seinen japanischen Amtskollegen Shinzo Abe in Toko , um wirtschaftliche und sicherheitspolitische Beziehungen zu besprechen .
2026-05-09 03:34:39,417 - INFO - joeynmt.training - 	Reference:  India &apos;s new prime minister , Narendra Modi , is meeting his Japanese counterpart , Shinzo Abe , in Tokyo to discuss economic and security ties , on his first major foreign visit since winning May &apos;s election .
2026-05-09 03:34:39,417 - INFO - joeynmt.training - 	Hypothesis: India &apos;s latest Prime Minister Narendra Modi trip in Toko , in his first first of the Shinzo Abe in Toko Abe in Toko , in Toko Abe in Toko , in Toko Abe in Toko , and Shinzo .
2026-05-09 03:34:39,417 - INFO - joeynmt.training - Example #2
2026-05-09 03:34:39,417 - DEBUG - joeynmt.training - 	Tokenized source:     ['Herr', 'Mo@@', 'd@@', 'i', 'befindet', 'sich', 'auf', 'einer', 'fü@@', 'n@@', 'f@@', 'tä@@', 'gi@@', 'gen', 'Rei@@', 'se', 'nach', 'J@@', 'ap@@', 'an', ',', 'um', 'die', 'wirtschaf@@', 'tlichen', 'Be@@', 'zieh@@', 'ungen', 'mit', 'der', 'd@@', 'rit@@', 't@@', 'größ@@', 'ten', 'Wirtschafts@@', 'n@@', 'ation', 'der', 'Welt', 'zu', 'fes@@', 'tigen', '.']
2026-05-09 03:34:39,417 - DEBUG - joeynmt.training - 	Tokenized reference:  ['Mr', 'Mo@@', 'd@@', 'i', 'is', 'on', 'a', 'fi@@', 've', '@@@', '-@@', '@', 'day', 'tri@@', 'p', 'to', 'J@@', 'ap@@', 'an', 'to', 'streng@@', 'then', 'economic', 'ties', 'with', 'the', 'third', 'lar@@', 'ges@@', 't', 'econom@@', 'y', 'in', 'the', 'world', '.']
2026-05-09 03:34:39,417 - DEBUG - joeynmt.training - 	Tokenized hypothesis: ['Mr', 'Mo@@', 'd@@', 'i', 'is', 'on', 'a', 'fi@@', 'f@@', 'te@@', 'en', 'j@@', 'ap@@', 'an', ',', 'the', 'economic', 'rel@@', 'ations', 'with', 'the', 'third', 'lar@@', 'ges@@', 't', 'economic', 'rel@@', 'ations', 'with', 'the', 'third', 'lar@@', 'ges@@', 't', 'economic', 'rel@@', 'ations', 'with', 'the', 'third', 'lar@@', 'ges@@', 't', 'economic', 'rel@@', 'ations', 'with', 'the', 'third', 'lar@@', 'ges@@', 't', 'economic', 'rel@@', 'ations', 'with', 'the', 'third', 'lar@@', 'ges@@', 't', 'economic', 'rel@@', 'ations', 'with', 'the', 'third', 'b@@', 'ig@@', 'ges@@', 't', 'economic', 'rel@@', 'ations', 'with', 'the', 'third', 'lar@@', 'ges@@', 't', 'economic', 'rel@@', 'ations', 'with', 'the', 'third', 'lar@@', 'ges@@', 't', 'economic', 'rel@@', 'ations', 'with', 'the', 'world', '.', '</s>']
2026-05-09 03:34:39,417 - INFO - joeynmt.training - 	Source:     Herr Modi befindet sich auf einer fünftägigen Reise nach Japan , um die wirtschaftlichen Beziehungen mit der drittgrößten Wirtschaftsnation der Welt zu festigen .
2026-05-09 03:34:39,417 - INFO - joeynmt.training - 	Reference:  Mr Modi is on a five @-@ day trip to Japan to strengthen economic ties with the third largest economy in the world .
2026-05-09 03:34:39,417 - INFO - joeynmt.training - 	Hypothesis: Mr Modi is on a fifteen japan , the economic relations with the third largest economic relations with the third largest economic relations with the third largest economic relations with the third largest economic relations with the third largest economic relations with the third biggest economic relations with the third largest economic relations with the third largest economic relations with the world .
2026-05-09 03:34:39,417 - INFO - joeynmt.training - Example #3
2026-05-09 03:34:39,418 - DEBUG - joeynmt.training - 	Tokenized source:     ['P@@', 'län@@', 'e', 'für', 'eine', 'stärk@@', 'ere', 'k@@', 'ern@@', 'techn@@', 'ische', 'Zusammenarbeit', 'stehen', 'ganz', 'ob@@', 'en', 'auf', 'der', 'Tag@@', 'es@@', 'ordnung', '.']
2026-05-09 03:34:39,418 - DEBUG - joeynmt.training - 	Tokenized reference:  ['high', 'on', 'the', 'agen@@', 'da', 'are', 'pl@@', 'ans', 'for', 'gre@@', 'ater', 'nu@@', 'clear', 'c@@', 'o', '@@@', '-@@', '@', 'operation', '.']
2026-05-09 03:34:39,418 - DEBUG - joeynmt.training - 	Tokenized hypothesis: ['pl@@', 'ans', 'for', 'a', 'str@@', 'on@@', 'ger', 'techn@@', 'ical', 'cooperation', 'are', 'very', 'close', 'to', 'the', 'agen@@', 'da', '.', '</s>']
2026-05-09 03:34:39,418 - INFO - joeynmt.training - 	Source:     Pläne für eine stärkere kerntechnische Zusammenarbeit stehen ganz oben auf der Tagesordnung .
2026-05-09 03:34:39,418 - INFO - joeynmt.training - 	Reference:  high on the agenda are plans for greater nuclear co @-@ operation .
2026-05-09 03:34:39,418 - INFO - joeynmt.training - 	Hypothesis: plans for a stronger technical cooperation are very close to the agenda .
2026-05-09 03:34:39,418 - INFO - joeynmt.training - Example #4
2026-05-09 03:34:39,418 - DEBUG - joeynmt.training - 	Tokenized source:     ['Berich@@', 'ten', 'zu@@', 'fol@@', 'ge', 'ho@@', 'fft', 'Indi@@', 'en', 'darüber', 'hinaus', 'auf', 'einen', 'Ver@@', 'trag', 'zur', 'Ver@@', 'tei@@', 'dig@@', 'ungs@@', 'zusammen@@', 'arbeit', 'zwischen', 'den', 'beiden', 'N@@', 'ationen', '.']
2026-05-09 03:34:39,418 - DEBUG - joeynmt.training - 	Tokenized reference:  ['Indi@@', 'a', 'is', 'also', 're@@', 'porte@@', 'dly', 'hop@@', 'ing', 'for', 'a', 'de@@', 'al', 'on', 'def@@', 'ence', 'c@@', 'oll@@', 'ab@@', 'or@@', 'ation', 'between', 'the', 'two', 'n@@', 'ations', '.']
2026-05-09 03:34:39,418 - DEBUG - joeynmt.training - 	Tokenized hypothesis: ['the', 're@@', 'ports', 'of', 'the', 'two', 'n@@', 'ations', 'will', 'be', 'in', 'the', 'same', 'way', ',', 'in', 'which', 'the', 'two', 'n@@', 'ations', 'of', 'the', 'two', 'n@@', 'ations', '.', '</s>']
2026-05-09 03:34:39,418 - INFO - joeynmt.training - 	Source:     Berichten zufolge hofft Indien darüber hinaus auf einen Vertrag zur Verteidigungszusammenarbeit zwischen den beiden Nationen .
2026-05-09 03:34:39,418 - INFO - joeynmt.training - 	Reference:  India is also reportedly hoping for a deal on defence collaboration between the two nations .
2026-05-09 03:34:39,418 - INFO - joeynmt.training - 	Hypothesis: the reports of the two nations will be in the same way , in which the two nations of the two nations .
2026-05-09 03:34:55,629 - INFO - joeynmt.training - Epoch   7, Step:    26600, Batch Loss:     1.900260, Batch Acc: 0.519461, Tokens per Sec:     5691, Lr: 0.000300
2026-05-09 03:35:12,045 - INFO - joeynmt.training - Epoch   7, Step:    26700, Batch Loss:     1.820964, Batch Acc: 0.527729, Tokens per Sec:     5566, Lr: 0.000300
2026-05-09 03:35:28,434 - INFO - joeynmt.training - Epoch   7, Step:    26800, Batch Loss:     1.807780, Batch Acc: 0.520455, Tokens per Sec:     5659, Lr: 0.000300
2026-05-09 03:35:44,775 - INFO - joeynmt.training - Epoch   7, Step:    26900, Batch Loss:     1.778559, Batch Acc: 0.518126, Tokens per Sec:     5675, Lr: 0.000300
2026-05-09 03:36:01,107 - INFO - joeynmt.training - Epoch   7, Step:    27000, Batch Loss:     1.594537, Batch Acc: 0.525339, Tokens per Sec:     5572, Lr: 0.000300
2026-05-09 03:36:01,108 - INFO - joeynmt.prediction - Predicting 500 example(s)... (Greedy decoding with min_output_length=1, max_output_length=-1, return_prob='none', generate_unk=True, repetition_penalty=-1, no_repeat_ngram_size=-1)
2026-05-09 03:36:24,776 - INFO - joeynmt.prediction - Evaluation result (greedy) loss:   2.14, ppl:   8.48, acc:   0.45, generation: 23.6631[sec], evaluation: 0.0000[sec]
2026-05-09 03:36:24,777 - INFO - joeynmt.training - Hooray! New best validation result [ppl]!
2026-05-09 03:36:24,862 - INFO - joeynmt.helpers - delete models/deen_transformer_regular/25000.ckpt
2026-05-09 03:36:24,863 - INFO - joeynmt.training - Example #0
2026-05-09 03:36:24,863 - DEBUG - joeynmt.training - 	Tokenized source:     ['die', 'Pre@@', 'mi@@', 'er@@', 'minist@@', 'er', 'Indi@@', 'ens', 'und', 'J@@', 'ap@@', 'ans', 'tra@@', 'fen', 'sich', 'in', 'T@@', 'ok@@', 'i@@', 'o', '.']
2026-05-09 03:36:24,863 - DEBUG - joeynmt.training - 	Tokenized reference:  ['Indi@@', 'a', 'and', 'J@@', 'ap@@', 'an', 'pri@@', 'me', 'minist@@', 'ers', 'me@@', 'et', 'in', 'T@@', 'ok@@', 'y@@', 'o']
2026-05-09 03:36:24,863 - DEBUG - joeynmt.training - 	Tokenized hypothesis: ['the', 'price', 'of', 'the', 'Indi@@', 'a', 'and', 'J@@', 'ap@@', 'an', 'and', 'J@@', 'ap@@', 'an', ',', 'in', 'T@@', 'ok@@', 'i@@', 'o', '.', '</s>']
2026-05-09 03:36:24,864 - INFO - joeynmt.training - 	Source:     die Premierminister Indiens und Japans trafen sich in Tokio .
2026-05-09 03:36:24,864 - INFO - joeynmt.training - 	Reference:  India and Japan prime ministers meet in Tokyo
2026-05-09 03:36:24,864 - INFO - joeynmt.training - 	Hypothesis: the price of the India and Japan and Japan , in Tokio .
2026-05-09 03:36:24,864 - INFO - joeynmt.training - Example #1
2026-05-09 03:36:24,864 - DEBUG - joeynmt.training - 	Tokenized source:     ['Indi@@', 'ens', 'neu@@', 'er', 'Pre@@', 'mi@@', 'er@@', 'minist@@', 'er', 'N@@', 'ar@@', 'end@@', 'ra', 'Mo@@', 'd@@', 'i', 'tri@@', 'fft', 'bei', 's@@', 'einem', 'ersten', 'wichti@@', 'gen', 'Aus@@', 'land@@', 's@@', 'bes@@', 'u@@', 'ch', 'seit', 's@@', 'einem', 'W@@', 'ah@@', 'l@@', 'si@@', 'e@@', 'g', 'im', 'Ma@@', 'i', 'seinen', 'j@@', 'ap@@', 'an@@', 'ischen', 'Am@@', 'ts@@', 'k@@', 'olle@@', 'gen', 'S@@', 'hin@@', 'z@@', 'o', 'A@@', 'be', 'in', 'T@@', 'ok@@', 'o', ',', 'um', 'wirtschaf@@', 'tliche', 'und', 'sicher@@', 'heits@@', 'politische', 'Be@@', 'zieh@@', 'ungen', 'zu', 'bes@@', 'pre@@', 'chen', '.']
2026-05-09 03:36:24,864 - DEBUG - joeynmt.training - 	Tokenized reference:  ['Indi@@', 'a', '&apos;s', 'new', 'pri@@', 'me', 'minist@@', 'er', ',', 'N@@', 'ar@@', 'end@@', 'ra', 'Mo@@', 'd@@', 'i', ',', 'is', 'me@@', 'eting', 'his', 'J@@', 'ap@@', 'an@@', 'ese', 'coun@@', 'ter@@', 'part', ',', 'S@@', 'hin@@', 'z@@', 'o', 'A@@', 'be', ',', 'in', 'T@@', 'ok@@', 'y@@', 'o', 'to', 'disc@@', 'uss', 'economic', 'and', 'security', 'ties', ',', 'on', 'his', 'first', 'major', 'fore@@', 'ign', 'visi@@', 't', 'since', 'w@@', 'inn@@', 'ing', 'Ma@@', 'y', '&apos;s', 'elec@@', 'tion', '.']
2026-05-09 03:36:24,864 - DEBUG - joeynmt.training - 	Tokenized hypothesis: ['Indi@@', 'a', '&apos;s', 'new', 'Pre@@', 'mi@@', 'er@@', 'ation', 'of', 'N@@', 'ar@@', 'end@@', 'ra', 'Mo@@', 'd@@', 'i', 'tri@@', 'b@@', 'es', 'in', 'his', 'first', 'important', 'ex@@', 'land@@', 's@@', 'ets', 'since', 'his', 'his', 'elec@@', 't@@', 'or@@', 'al', ',', 'has', 'been', 'a', 'm@@', 'om@@', 'ent', 'in', 'the', 'Ma@@', 'y', 'of', 'S@@', 'hin@@', 'z@@', 'o', 'A@@', 'be', 'in', 'T@@', 'ok@@', 'o', ',', 'to', 'a', 'economic', 'and', 'saf@@', 'ety', ',', 'and', 'saf@@', 'ety', 'rel@@', 'ations', '.', '</s>']
2026-05-09 03:36:24,864 - INFO - joeynmt.training - 	Source:     Indiens neuer Premierminister Narendra Modi trifft bei seinem ersten wichtigen Auslandsbesuch seit seinem Wahlsieg im Mai seinen japanischen Amtskollegen Shinzo Abe in Toko , um wirtschaftliche und sicherheitspolitische Beziehungen zu besprechen .
2026-05-09 03:36:24,864 - INFO - joeynmt.training - 	Reference:  India &apos;s new prime minister , Narendra Modi , is meeting his Japanese counterpart , Shinzo Abe , in Tokyo to discuss economic and security ties , on his first major foreign visit since winning May &apos;s election .
2026-05-09 03:36:24,864 - INFO - joeynmt.training - 	Hypothesis: India &apos;s new Premieration of Narendra Modi tribes in his first important exlandsets since his his electoral , has been a moment in the May of Shinzo Abe in Toko , to a economic and safety , and safety relations .
2026-05-09 03:36:24,864 - INFO - joeynmt.training - Example #2
2026-05-09 03:36:24,864 - DEBUG - joeynmt.training - 	Tokenized source:     ['Herr', 'Mo@@', 'd@@', 'i', 'befindet', 'sich', 'auf', 'einer', 'fü@@', 'n@@', 'f@@', 'tä@@', 'gi@@', 'gen', 'Rei@@', 'se', 'nach', 'J@@', 'ap@@', 'an', ',', 'um', 'die', 'wirtschaf@@', 'tlichen', 'Be@@', 'zieh@@', 'ungen', 'mit', 'der', 'd@@', 'rit@@', 't@@', 'größ@@', 'ten', 'Wirtschafts@@', 'n@@', 'ation', 'der', 'Welt', 'zu', 'fes@@', 'tigen', '.']
2026-05-09 03:36:24,864 - DEBUG - joeynmt.training - 	Tokenized reference:  ['Mr', 'Mo@@', 'd@@', 'i', 'is', 'on', 'a', 'fi@@', 've', '@@@', '-@@', '@', 'day', 'tri@@', 'p', 'to', 'J@@', 'ap@@', 'an', 'to', 'streng@@', 'then', 'economic', 'ties', 'with', 'the', 'third', 'lar@@', 'ges@@', 't', 'econom@@', 'y', 'in', 'the', 'world', '.']
2026-05-09 03:36:24,864 - DEBUG - joeynmt.training - 	Tokenized hypothesis: ['Mr', 'Mo@@', 'd@@', 'i', 'is', 'located', 'on', 'a', 'fi@@', 've', 'f@@', 'ty', 'for', 'J@@', 'ap@@', 'an', ',', 'to', 'J@@', 'ap@@', 'an', ',', 'to', 'J@@', 'ap@@', 'an', ',', 'to', 'the', 'economic', 'rel@@', 'ations', 'with', 'the', 'third', 'lar@@', 'ges@@', 't', 'economic', 'n@@', 'ation', '.', '</s>']
2026-05-09 03:36:24,864 - INFO - joeynmt.training - 	Source:     Herr Modi befindet sich auf einer fünftägigen Reise nach Japan , um die wirtschaftlichen Beziehungen mit der drittgrößten Wirtschaftsnation der Welt zu festigen .
2026-05-09 03:36:24,864 - INFO - joeynmt.training - 	Reference:  Mr Modi is on a five @-@ day trip to Japan to strengthen economic ties with the third largest economy in the world .
2026-05-09 03:36:24,864 - INFO - joeynmt.training - 	Hypothesis: Mr Modi is located on a five fty for Japan , to Japan , to Japan , to the economic relations with the third largest economic nation .
2026-05-09 03:36:24,864 - INFO - joeynmt.training - Example #3
2026-05-09 03:36:24,864 - DEBUG - joeynmt.training - 	Tokenized source:     ['P@@', 'län@@', 'e', 'für', 'eine', 'stärk@@', 'ere', 'k@@', 'ern@@', 'techn@@', 'ische', 'Zusammenarbeit', 'stehen', 'ganz', 'ob@@', 'en', 'auf', 'der', 'Tag@@', 'es@@', 'ordnung', '.']
2026-05-09 03:36:24,864 - DEBUG - joeynmt.training - 	Tokenized reference:  ['high', 'on', 'the', 'agen@@', 'da', 'are', 'pl@@', 'ans', 'for', 'gre@@', 'ater', 'nu@@', 'clear', 'c@@', 'o', '@@@', '-@@', '@', 'operation', '.']
2026-05-09 03:36:24,864 - DEBUG - joeynmt.training - 	Tokenized hypothesis: ['pl@@', 'ans', 'for', 'a', 'str@@', 'on@@', 'ger', 'techn@@', 'ical', 'cooperation', 'are', 'very', 'close', 'to', 'the', 'agen@@', 'da', '.', '</s>']
2026-05-09 03:36:24,864 - INFO - joeynmt.training - 	Source:     Pläne für eine stärkere kerntechnische Zusammenarbeit stehen ganz oben auf der Tagesordnung .
2026-05-09 03:36:24,864 - INFO - joeynmt.training - 	Reference:  high on the agenda are plans for greater nuclear co @-@ operation .
2026-05-09 03:36:24,864 - INFO - joeynmt.training - 	Hypothesis: plans for a stronger technical cooperation are very close to the agenda .
2026-05-09 03:36:24,864 - INFO - joeynmt.training - Example #4
2026-05-09 03:36:24,865 - DEBUG - joeynmt.training - 	Tokenized source:     ['Berich@@', 'ten', 'zu@@', 'fol@@', 'ge', 'ho@@', 'fft', 'Indi@@', 'en', 'darüber', 'hinaus', 'auf', 'einen', 'Ver@@', 'trag', 'zur', 'Ver@@', 'tei@@', 'dig@@', 'ungs@@', 'zusammen@@', 'arbeit', 'zwischen', 'den', 'beiden', 'N@@', 'ationen', '.']
2026-05-09 03:36:24,865 - DEBUG - joeynmt.training - 	Tokenized reference:  ['Indi@@', 'a', 'is', 'also', 're@@', 'porte@@', 'dly', 'hop@@', 'ing', 'for', 'a', 'de@@', 'al', 'on', 'def@@', 'ence', 'c@@', 'oll@@', 'ab@@', 'or@@', 'ation', 'between', 'the', 'two', 'n@@', 'ations', '.']
2026-05-09 03:36:24,865 - DEBUG - joeynmt.training - 	Tokenized hypothesis: ['re@@', 'ports', ',', 'Indi@@', 'a', '&apos;s', 'con@@', 'tra@@', 'ct', 'on', 'a', 'con@@', 'tra@@', 'ct', 'agreement', 'between', 'the', 'two', 'n@@', 'ations', '.', '</s>']
2026-05-09 03:36:24,865 - INFO - joeynmt.training - 	Source:     Berichten zufolge hofft Indien darüber hinaus auf einen Vertrag zur Verteidigungszusammenarbeit zwischen den beiden Nationen .
2026-05-09 03:36:24,865 - INFO - joeynmt.training - 	Reference:  India is also reportedly hoping for a deal on defence collaboration between the two nations .
2026-05-09 03:36:24,865 - INFO - joeynmt.training - 	Hypothesis: reports , India &apos;s contract on a contract agreement between the two nations .
2026-05-09 03:36:41,244 - INFO - joeynmt.training - Epoch   7, Step:    27100, Batch Loss:     1.557758, Batch Acc: 0.523991, Tokens per Sec:     5646, Lr: 0.000300
2026-05-09 03:36:57,650 - INFO - joeynmt.training - Epoch   7, Step:    27200, Batch Loss:     1.936509, Batch Acc: 0.513952, Tokens per Sec:     5638, Lr: 0.000300
2026-05-09 03:37:13,852 - INFO - joeynmt.training - Epoch   7, Step:    27300, Batch Loss:     1.733368, Batch Acc: 0.524855, Tokens per Sec:     5647, Lr: 0.000300
2026-05-09 03:37:30,223 - INFO - joeynmt.training - Epoch   7, Step:    27400, Batch Loss:     1.951157, Batch Acc: 0.524738, Tokens per Sec:     5615, Lr: 0.000300
2026-05-09 03:37:46,593 - INFO - joeynmt.training - Epoch   7, Step:    27500, Batch Loss:     1.934188, Batch Acc: 0.519632, Tokens per Sec:     5673, Lr: 0.000300
2026-05-09 03:37:46,594 - INFO - joeynmt.prediction - Predicting 500 example(s)... (Greedy decoding with min_output_length=1, max_output_length=-1, return_prob='none', generate_unk=True, repetition_penalty=-1, no_repeat_ngram_size=-1)
2026-05-09 03:38:22,144 - INFO - joeynmt.prediction - Evaluation result (greedy) loss:   2.13, ppl:   8.45, acc:   0.45, generation: 35.5459[sec], evaluation: 0.0000[sec]
2026-05-09 03:38:22,145 - INFO - joeynmt.training - Hooray! New best validation result [ppl]!
2026-05-09 03:38:22,230 - INFO - joeynmt.helpers - delete models/deen_transformer_regular/25500.ckpt
2026-05-09 03:38:22,231 - INFO - joeynmt.training - Example #0
2026-05-09 03:38:22,231 - DEBUG - joeynmt.training - 	Tokenized source:     ['die', 'Pre@@', 'mi@@', 'er@@', 'minist@@', 'er', 'Indi@@', 'ens', 'und', 'J@@', 'ap@@', 'ans', 'tra@@', 'fen', 'sich', 'in', 'T@@', 'ok@@', 'i@@', 'o', '.']
2026-05-09 03:38:22,231 - DEBUG - joeynmt.training - 	Tokenized reference:  ['Indi@@', 'a', 'and', 'J@@', 'ap@@', 'an', 'pri@@', 'me', 'minist@@', 'ers', 'me@@', 'et', 'in', 'T@@', 'ok@@', 'y@@', 'o']
2026-05-09 03:38:22,231 - DEBUG - joeynmt.training - 	Tokenized hypothesis: ['the', 'Pri@@', 'me', 'Minist@@', 'er', 'Indi@@', 'a', 'and', 'J@@', 'ap@@', 'an', '&apos;s', 'tra@@', 'ff@@', 'ic', '.', '</s>']
2026-05-09 03:38:22,231 - INFO - joeynmt.training - 	Source:     die Premierminister Indiens und Japans trafen sich in Tokio .
2026-05-09 03:38:22,231 - INFO - joeynmt.training - 	Reference:  India and Japan prime ministers meet in Tokyo
2026-05-09 03:38:22,231 - INFO - joeynmt.training - 	Hypothesis: the Prime Minister India and Japan &apos;s traffic .
2026-05-09 03:38:22,231 - INFO - joeynmt.training - Example #1
2026-05-09 03:38:22,231 - DEBUG - joeynmt.training - 	Tokenized source:     ['Indi@@', 'ens', 'neu@@', 'er', 'Pre@@', 'mi@@', 'er@@', 'minist@@', 'er', 'N@@', 'ar@@', 'end@@', 'ra', 'Mo@@', 'd@@', 'i', 'tri@@', 'fft', 'bei', 's@@', 'einem', 'ersten', 'wichti@@', 'gen', 'Aus@@', 'land@@', 's@@', 'bes@@', 'u@@', 'ch', 'seit', 's@@', 'einem', 'W@@', 'ah@@', 'l@@', 'si@@', 'e@@', 'g', 'im', 'Ma@@', 'i', 'seinen', 'j@@', 'ap@@', 'an@@', 'ischen', 'Am@@', 'ts@@', 'k@@', 'olle@@', 'gen', 'S@@', 'hin@@', 'z@@', 'o', 'A@@', 'be', 'in', 'T@@', 'ok@@', 'o', ',', 'um', 'wirtschaf@@', 'tliche', 'und', 'sicher@@', 'heits@@', 'politische', 'Be@@', 'zieh@@', 'ungen', 'zu', 'bes@@', 'pre@@', 'chen', '.']
2026-05-09 03:38:22,231 - DEBUG - joeynmt.training - 	Tokenized reference:  ['Indi@@', 'a', '&apos;s', 'new', 'pri@@', 'me', 'minist@@', 'er', ',', 'N@@', 'ar@@', 'end@@', 'ra', 'Mo@@', 'd@@', 'i', ',', 'is', 'me@@', 'eting', 'his', 'J@@', 'ap@@', 'an@@', 'ese', 'coun@@', 'ter@@', 'part', ',', 'S@@', 'hin@@', 'z@@', 'o', 'A@@', 'be', ',', 'in', 'T@@', 'ok@@', 'y@@', 'o', 'to', 'disc@@', 'uss', 'economic', 'and', 'security', 'ties', ',', 'on', 'his', 'first', 'major', 'fore@@', 'ign', 'visi@@', 't', 'since', 'w@@', 'inn@@', 'ing', 'Ma@@', 'y', '&apos;s', 'elec@@', 'tion', '.']
2026-05-09 03:38:22,231 - DEBUG - joeynmt.training - 	Tokenized hypothesis: ['Indi@@', 'a', '&apos;s', 'new', 'Pre@@', 'mi@@', 'er', 'N@@', 'ar@@', 'end@@', 'ra', 'Mo@@', 'd@@', 'i', 'is', 'the', 'first', 'important', 'ex@@', 'tern@@', 'al', 'of', 'the', 'S@@', 'ec@@', 'on@@', 'd', 'of', 'the', 'S@@', 'ec@@', 'on@@', 'a', '&apos;s', 'first', 'important', 'ex@@', 'tern@@', 'al', 'of', 'S@@', 'hin@@', 'z@@', 'o', 'A@@', 'be', 'in', 'T@@', 'ok@@', 'o', 'A@@', 'be', 'in', 'T@@', 'ok@@', 'o', 'A@@', 'be', 'in', 'T@@', 'ok@@', 'o', 'A@@', 'be', 'in', 'T@@', 'ok@@', 'o', ',', 'and', 'to', 'pre@@', 'v@@', 'ent@@', 'ed', 'the', 're@@', 'fer@@', 'r@@', 'ing', '.', '</s>']
2026-05-09 03:38:22,232 - INFO - joeynmt.training - 	Source:     Indiens neuer Premierminister Narendra Modi trifft bei seinem ersten wichtigen Auslandsbesuch seit seinem Wahlsieg im Mai seinen japanischen Amtskollegen Shinzo Abe in Toko , um wirtschaftliche und sicherheitspolitische Beziehungen zu besprechen .
2026-05-09 03:38:22,232 - INFO - joeynmt.training - 	Reference:  India &apos;s new prime minister , Narendra Modi , is meeting his Japanese counterpart , Shinzo Abe , in Tokyo to discuss economic and security ties , on his first major foreign visit since winning May &apos;s election .
2026-05-09 03:38:22,232 - INFO - joeynmt.training - 	Hypothesis: India &apos;s new Premier Narendra Modi is the first important external of the Second of the Secona &apos;s first important external of Shinzo Abe in Toko Abe in Toko Abe in Toko Abe in Toko , and to prevented the referring .
2026-05-09 03:38:22,232 - INFO - joeynmt.training - Example #2
2026-05-09 03:38:22,232 - DEBUG - joeynmt.training - 	Tokenized source:     ['Herr', 'Mo@@', 'd@@', 'i', 'befindet', 'sich', 'auf', 'einer', 'fü@@', 'n@@', 'f@@', 'tä@@', 'gi@@', 'gen', 'Rei@@', 'se', 'nach', 'J@@', 'ap@@', 'an', ',', 'um', 'die', 'wirtschaf@@', 'tlichen', 'Be@@', 'zieh@@', 'ungen', 'mit', 'der', 'd@@', 'rit@@', 't@@', 'größ@@', 'ten', 'Wirtschafts@@', 'n@@', 'ation', 'der', 'Welt', 'zu', 'fes@@', 'tigen', '.']
2026-05-09 03:38:22,232 - DEBUG - joeynmt.training - 	Tokenized reference:  ['Mr', 'Mo@@', 'd@@', 'i', 'is', 'on', 'a', 'fi@@', 've', '@@@', '-@@', '@', 'day', 'tri@@', 'p', 'to', 'J@@', 'ap@@', 'an', 'to', 'streng@@', 'then', 'economic', 'ties', 'with', 'the', 'third', 'lar@@', 'ges@@', 't', 'econom@@', 'y', 'in', 'the', 'world', '.']
2026-05-09 03:38:22,232 - DEBUG - joeynmt.training - 	Tokenized hypothesis: ['Mr', 'Mo@@', 'd@@', 'i', 'is', 'on', 'a', 'fi@@', 'f@@', 'te@@', 'en', 'tra@@', 'v@@', 'el', 'to', 'J@@', 'ap@@', 'an', 'to', 'J@@', 'ap@@', 'an', 'to', 'J@@', 'ap@@', 'an', 'to', 'J@@', 'ap@@', 'an', ',', 'to', 're@@', 'ach', 'the', 'world', '&apos;s', 'economic', 'rel@@', 'ations', '.', '</s>']
2026-05-09 03:38:22,232 - INFO - joeynmt.training - 	Source:     Herr Modi befindet sich auf einer fünftägigen Reise nach Japan , um die wirtschaftlichen Beziehungen mit der drittgrößten Wirtschaftsnation der Welt zu festigen .
2026-05-09 03:38:22,232 - INFO - joeynmt.training - 	Reference:  Mr Modi is on a five @-@ day trip to Japan to strengthen economic ties with the third largest economy in the world .
2026-05-09 03:38:22,232 - INFO - joeynmt.training - 	Hypothesis: Mr Modi is on a fifteen travel to Japan to Japan to Japan to Japan , to reach the world &apos;s economic relations .
2026-05-09 03:38:22,232 - INFO - joeynmt.training - Example #3
2026-05-09 03:38:22,232 - DEBUG - joeynmt.training - 	Tokenized source:     ['P@@', 'län@@', 'e', 'für', 'eine', 'stärk@@', 'ere', 'k@@', 'ern@@', 'techn@@', 'ische', 'Zusammenarbeit', 'stehen', 'ganz', 'ob@@', 'en', 'auf', 'der', 'Tag@@', 'es@@', 'ordnung', '.']
2026-05-09 03:38:22,232 - DEBUG - joeynmt.training - 	Tokenized reference:  ['high', 'on', 'the', 'agen@@', 'da', 'are', 'pl@@', 'ans', 'for', 'gre@@', 'ater', 'nu@@', 'clear', 'c@@', 'o', '@@@', '-@@', '@', 'operation', '.']
2026-05-09 03:38:22,232 - DEBUG - joeynmt.training - 	Tokenized hypothesis: ['pl@@', 'ans', 'for', 'a', 'gre@@', 'ater', 'techn@@', 'ical', 'cooperation', 'are', 'very', 'close', 'to', 'the', 'agen@@', 'da', '.', '</s>']
2026-05-09 03:38:22,232 - INFO - joeynmt.training - 	Source:     Pläne für eine stärkere kerntechnische Zusammenarbeit stehen ganz oben auf der Tagesordnung .
2026-05-09 03:38:22,232 - INFO - joeynmt.training - 	Reference:  high on the agenda are plans for greater nuclear co @-@ operation .
2026-05-09 03:38:22,232 - INFO - joeynmt.training - 	Hypothesis: plans for a greater technical cooperation are very close to the agenda .
2026-05-09 03:38:22,232 - INFO - joeynmt.training - Example #4
2026-05-09 03:38:22,232 - DEBUG - joeynmt.training - 	Tokenized source:     ['Berich@@', 'ten', 'zu@@', 'fol@@', 'ge', 'ho@@', 'fft', 'Indi@@', 'en', 'darüber', 'hinaus', 'auf', 'einen', 'Ver@@', 'trag', 'zur', 'Ver@@', 'tei@@', 'dig@@', 'ungs@@', 'zusammen@@', 'arbeit', 'zwischen', 'den', 'beiden', 'N@@', 'ationen', '.']
2026-05-09 03:38:22,232 - DEBUG - joeynmt.training - 	Tokenized reference:  ['Indi@@', 'a', 'is', 'also', 're@@', 'porte@@', 'dly', 'hop@@', 'ing', 'for', 'a', 'de@@', 'al', 'on', 'def@@', 'ence', 'c@@', 'oll@@', 'ab@@', 'or@@', 'ation', 'between', 'the', 'two', 'n@@', 'ations', '.']
2026-05-09 03:38:22,232 - DEBUG - joeynmt.training - 	Tokenized hypothesis: ['re@@', 'ports', 'Indi@@', 'a', '&apos;s', 're@@', 'ports', 'is', 'also', 'a', 'con@@', 'tra@@', 'ct', 'of', 'the', 'con@@', 'tra@@', 'ct', 'cooperation', 'between', 'the', 'two', 'N@@', 'ations', '.', '</s>']
2026-05-09 03:38:22,232 - INFO - joeynmt.training - 	Source:     Berichten zufolge hofft Indien darüber hinaus auf einen Vertrag zur Verteidigungszusammenarbeit zwischen den beiden Nationen .
2026-05-09 03:38:22,232 - INFO - joeynmt.training - 	Reference:  India is also reportedly hoping for a deal on defence collaboration between the two nations .
2026-05-09 03:38:22,232 - INFO - joeynmt.training - 	Hypothesis: reports India &apos;s reports is also a contract of the contract cooperation between the two Nations .
2026-05-09 03:38:38,372 - INFO - joeynmt.training - Epoch   7, Step:    27600, Batch Loss:     1.759535, Batch Acc: 0.528191, Tokens per Sec:     5661, Lr: 0.000300
2026-05-09 03:38:54,649 - INFO - joeynmt.training - Epoch   7, Step:    27700, Batch Loss:     1.745526, Batch Acc: 0.529151, Tokens per Sec:     5623, Lr: 0.000300
2026-05-09 03:39:11,153 - INFO - joeynmt.training - Epoch   7, Step:    27800, Batch Loss:     2.089175, Batch Acc: 0.518477, Tokens per Sec:     5592, Lr: 0.000300
2026-05-09 03:39:27,547 - INFO - joeynmt.training - Epoch   7, Step:    27900, Batch Loss:     1.791277, Batch Acc: 0.525700, Tokens per Sec:     5618, Lr: 0.000300
2026-05-09 03:39:43,911 - INFO - joeynmt.training - Epoch   7, Step:    28000, Batch Loss:     1.847496, Batch Acc: 0.522376, Tokens per Sec:     5581, Lr: 0.000300
2026-05-09 03:39:43,912 - INFO - joeynmt.prediction - Predicting 500 example(s)... (Greedy decoding with min_output_length=1, max_output_length=-1, return_prob='none', generate_unk=True, repetition_penalty=-1, no_repeat_ngram_size=-1)
2026-05-09 03:40:14,211 - INFO - joeynmt.prediction - Evaluation result (greedy) loss:   2.13, ppl:   8.41, acc:   0.45, generation: 30.2952[sec], evaluation: 0.0000[sec]
2026-05-09 03:40:14,213 - INFO - joeynmt.training - Hooray! New best validation result [ppl]!
2026-05-09 03:40:14,299 - INFO - joeynmt.helpers - delete models/deen_transformer_regular/24500.ckpt
2026-05-09 03:40:14,300 - INFO - joeynmt.training - Example #0
2026-05-09 03:40:14,300 - DEBUG - joeynmt.training - 	Tokenized source:     ['die', 'Pre@@', 'mi@@', 'er@@', 'minist@@', 'er', 'Indi@@', 'ens', 'und', 'J@@', 'ap@@', 'ans', 'tra@@', 'fen', 'sich', 'in', 'T@@', 'ok@@', 'i@@', 'o', '.']
2026-05-09 03:40:14,300 - DEBUG - joeynmt.training - 	Tokenized reference:  ['Indi@@', 'a', 'and', 'J@@', 'ap@@', 'an', 'pri@@', 'me', 'minist@@', 'ers', 'me@@', 'et', 'in', 'T@@', 'ok@@', 'y@@', 'o']
2026-05-09 03:40:14,300 - DEBUG - joeynmt.training - 	Tokenized hypothesis: ['the', 'Pri@@', 'me', 'Minist@@', 'er', 'of', 'Indi@@', 'a', 'and', 'J@@', 'ap@@', 'an', '.', '</s>']
2026-05-09 03:40:14,300 - INFO - joeynmt.training - 	Source:     die Premierminister Indiens und Japans trafen sich in Tokio .
2026-05-09 03:40:14,300 - INFO - joeynmt.training - 	Reference:  India and Japan prime ministers meet in Tokyo
2026-05-09 03:40:14,300 - INFO - joeynmt.training - 	Hypothesis: the Prime Minister of India and Japan .
2026-05-09 03:40:14,300 - INFO - joeynmt.training - Example #1
2026-05-09 03:40:14,300 - DEBUG - joeynmt.training - 	Tokenized source:     ['Indi@@', 'ens', 'neu@@', 'er', 'Pre@@', 'mi@@', 'er@@', 'minist@@', 'er', 'N@@', 'ar@@', 'end@@', 'ra', 'Mo@@', 'd@@', 'i', 'tri@@', 'fft', 'bei', 's@@', 'einem', 'ersten', 'wichti@@', 'gen', 'Aus@@', 'land@@', 's@@', 'bes@@', 'u@@', 'ch', 'seit', 's@@', 'einem', 'W@@', 'ah@@', 'l@@', 'si@@', 'e@@', 'g', 'im', 'Ma@@', 'i', 'seinen', 'j@@', 'ap@@', 'an@@', 'ischen', 'Am@@', 'ts@@', 'k@@', 'olle@@', 'gen', 'S@@', 'hin@@', 'z@@', 'o', 'A@@', 'be', 'in', 'T@@', 'ok@@', 'o', ',', 'um', 'wirtschaf@@', 'tliche', 'und', 'sicher@@', 'heits@@', 'politische', 'Be@@', 'zieh@@', 'ungen', 'zu', 'bes@@', 'pre@@', 'chen', '.']
2026-05-09 03:40:14,300 - DEBUG - joeynmt.training - 	Tokenized reference:  ['Indi@@', 'a', '&apos;s', 'new', 'pri@@', 'me', 'minist@@', 'er', ',', 'N@@', 'ar@@', 'end@@', 'ra', 'Mo@@', 'd@@', 'i', ',', 'is', 'me@@', 'eting', 'his', 'J@@', 'ap@@', 'an@@', 'ese', 'coun@@', 'ter@@', 'part', ',', 'S@@', 'hin@@', 'z@@', 'o', 'A@@', 'be', ',', 'in', 'T@@', 'ok@@', 'y@@', 'o', 'to', 'disc@@', 'uss', 'economic', 'and', 'security', 'ties', ',', 'on', 'his', 'first', 'major', 'fore@@', 'ign', 'visi@@', 't', 'since', 'w@@', 'inn@@', 'ing', 'Ma@@', 'y', '&apos;s', 'elec@@', 'tion', '.']
2026-05-09 03:40:14,300 - DEBUG - joeynmt.training - 	Tokenized hypothesis: ['Indi@@', 'a', '&apos;s', 'lat@@', 'est', 'minist@@', 'er', 'N@@', 'ar@@', 'end@@', 'ra', 'Mo@@', 'd@@', 'i', 'is', 'now', 'li@@', 'k@@', 'ely', 'to', 'his', 'first', 'important', 'ex@@', 'clu@@', 'sive', 'A@@', 'be', 'in', 'T@@', 'ok@@', 'o', ',', 'for', 'his', 'first', 'of', 'the', 'M@@', 'or@@', 'e', 'S@@', 'hin@@', 'z@@', 'o', 'A@@', 'be', 'in', 'T@@', 'ok@@', 'o', ',', 'to', 'the', 'economic', 'and', 'security', 'rel@@', 'ations', '.', '</s>']
2026-05-09 03:40:14,300 - INFO - joeynmt.training - 	Source:     Indiens neuer Premierminister Narendra Modi trifft bei seinem ersten wichtigen Auslandsbesuch seit seinem Wahlsieg im Mai seinen japanischen Amtskollegen Shinzo Abe in Toko , um wirtschaftliche und sicherheitspolitische Beziehungen zu besprechen .
2026-05-09 03:40:14,300 - INFO - joeynmt.training - 	Reference:  India &apos;s new prime minister , Narendra Modi , is meeting his Japanese counterpart , Shinzo Abe , in Tokyo to discuss economic and security ties , on his first major foreign visit since winning May &apos;s election .
2026-05-09 03:40:14,300 - INFO - joeynmt.training - 	Hypothesis: India &apos;s latest minister Narendra Modi is now likely to his first important exclusive Abe in Toko , for his first of the More Shinzo Abe in Toko , to the economic and security relations .
2026-05-09 03:40:14,300 - INFO - joeynmt.training - Example #2
2026-05-09 03:40:14,300 - DEBUG - joeynmt.training - 	Tokenized source:     ['Herr', 'Mo@@', 'd@@', 'i', 'befindet', 'sich', 'auf', 'einer', 'fü@@', 'n@@', 'f@@', 'tä@@', 'gi@@', 'gen', 'Rei@@', 'se', 'nach', 'J@@', 'ap@@', 'an', ',', 'um', 'die', 'wirtschaf@@', 'tlichen', 'Be@@', 'zieh@@', 'ungen', 'mit', 'der', 'd@@', 'rit@@', 't@@', 'größ@@', 'ten', 'Wirtschafts@@', 'n@@', 'ation', 'der', 'Welt', 'zu', 'fes@@', 'tigen', '.']
2026-05-09 03:40:14,301 - DEBUG - joeynmt.training - 	Tokenized reference:  ['Mr', 'Mo@@', 'd@@', 'i', 'is', 'on', 'a', 'fi@@', 've', '@@@', '-@@', '@', 'day', 'tri@@', 'p', 'to', 'J@@', 'ap@@', 'an', 'to', 'streng@@', 'then', 'economic', 'ties', 'with', 'the', 'third', 'lar@@', 'ges@@', 't', 'econom@@', 'y', 'in', 'the', 'world', '.']
2026-05-09 03:40:14,301 - DEBUG - joeynmt.training - 	Tokenized hypothesis: ['Mr', 'Mo@@', 'd@@', 'i', 'is', 'one', 'of', 'the', 'world', '&apos;s', 'most', 'important', 'tra@@', 'v@@', 'el', 'to', 'J@@', 'ap@@', 'an', ',', 'to', 'the', 'economic', 'rel@@', 'ations', 'with', 'the', 'third', 'lar@@', 'ges@@', 't', 'economic', 'rel@@', 'ations', 'with', 'the', 'third', 'lar@@', 'ges@@', 't', 'economic', 'n@@', 'ation', 'of', 'the', 'world', '.', '</s>']
2026-05-09 03:40:14,301 - INFO - joeynmt.training - 	Source:     Herr Modi befindet sich auf einer fünftägigen Reise nach Japan , um die wirtschaftlichen Beziehungen mit der drittgrößten Wirtschaftsnation der Welt zu festigen .
2026-05-09 03:40:14,301 - INFO - joeynmt.training - 	Reference:  Mr Modi is on a five @-@ day trip to Japan to strengthen economic ties with the third largest economy in the world .
2026-05-09 03:40:14,301 - INFO - joeynmt.training - 	Hypothesis: Mr Modi is one of the world &apos;s most important travel to Japan , to the economic relations with the third largest economic relations with the third largest economic nation of the world .
2026-05-09 03:40:14,301 - INFO - joeynmt.training - Example #3
2026-05-09 03:40:14,301 - DEBUG - joeynmt.training - 	Tokenized source:     ['P@@', 'län@@', 'e', 'für', 'eine', 'stärk@@', 'ere', 'k@@', 'ern@@', 'techn@@', 'ische', 'Zusammenarbeit', 'stehen', 'ganz', 'ob@@', 'en', 'auf', 'der', 'Tag@@', 'es@@', 'ordnung', '.']
2026-05-09 03:40:14,301 - DEBUG - joeynmt.training - 	Tokenized reference:  ['high', 'on', 'the', 'agen@@', 'da', 'are', 'pl@@', 'ans', 'for', 'gre@@', 'ater', 'nu@@', 'clear', 'c@@', 'o', '@@@', '-@@', '@', 'operation', '.']
2026-05-09 03:40:14,301 - DEBUG - joeynmt.training - 	Tokenized hypothesis: ['pl@@', 'ans', 'for', 'more', 'seri@@', 'ous', 'techn@@', 'ical', 'cooperation', 'are', 'on', 'the', 'agen@@', 'da', '.', '</s>']
2026-05-09 03:40:14,301 - INFO - joeynmt.training - 	Source:     Pläne für eine stärkere kerntechnische Zusammenarbeit stehen ganz oben auf der Tagesordnung .
2026-05-09 03:40:14,301 - INFO - joeynmt.training - 	Reference:  high on the agenda are plans for greater nuclear co @-@ operation .
2026-05-09 03:40:14,301 - INFO - joeynmt.training - 	Hypothesis: plans for more serious technical cooperation are on the agenda .
2026-05-09 03:40:14,301 - INFO - joeynmt.training - Example #4
2026-05-09 03:40:14,301 - DEBUG - joeynmt.training - 	Tokenized source:     ['Berich@@', 'ten', 'zu@@', 'fol@@', 'ge', 'ho@@', 'fft', 'Indi@@', 'en', 'darüber', 'hinaus', 'auf', 'einen', 'Ver@@', 'trag', 'zur', 'Ver@@', 'tei@@', 'dig@@', 'ungs@@', 'zusammen@@', 'arbeit', 'zwischen', 'den', 'beiden', 'N@@', 'ationen', '.']
2026-05-09 03:40:14,301 - DEBUG - joeynmt.training - 	Tokenized reference:  ['Indi@@', 'a', 'is', 'also', 're@@', 'porte@@', 'dly', 'hop@@', 'ing', 'for', 'a', 'de@@', 'al', 'on', 'def@@', 'ence', 'c@@', 'oll@@', 'ab@@', 'or@@', 'ation', 'between', 'the', 'two', 'n@@', 'ations', '.']
2026-05-09 03:40:14,301 - DEBUG - joeynmt.training - 	Tokenized hypothesis: ['the', 're@@', 'ports', 'of', 'Indi@@', 'a', ',', 'which', 'is', 'also', 'hope', 'that', 'Indi@@', 'a', '&apos;s', 'def@@', 'ence', 'cooperation', 'between', 'the', 'two', 'n@@', 'ations', '.', '</s>']
2026-05-09 03:40:14,301 - INFO - joeynmt.training - 	Source:     Berichten zufolge hofft Indien darüber hinaus auf einen Vertrag zur Verteidigungszusammenarbeit zwischen den beiden Nationen .
2026-05-09 03:40:14,301 - INFO - joeynmt.training - 	Reference:  India is also reportedly hoping for a deal on defence collaboration between the two nations .
2026-05-09 03:40:14,301 - INFO - joeynmt.training - 	Hypothesis: the reports of India , which is also hope that India &apos;s defence cooperation between the two nations .
2026-05-09 03:40:30,946 - INFO - joeynmt.training - Epoch   7, Step:    28100, Batch Loss:     1.696108, Batch Acc: 0.520703, Tokens per Sec:     5495, Lr: 0.000300
2026-05-09 03:40:47,112 - INFO - joeynmt.training - Epoch   7, Step:    28200, Batch Loss:     1.791934, Batch Acc: 0.526383, Tokens per Sec:     5727, Lr: 0.000300
2026-05-09 03:41:03,586 - INFO - joeynmt.training - Epoch   7, Step:    28300, Batch Loss:     1.745441, Batch Acc: 0.526822, Tokens per Sec:     5590, Lr: 0.000300
2026-05-09 03:41:19,995 - INFO - joeynmt.training - Epoch   7, Step:    28400, Batch Loss:     1.759133, Batch Acc: 0.519018, Tokens per Sec:     5658, Lr: 0.000300
2026-05-09 03:41:29,547 - INFO - joeynmt.training - Epoch   7: total training loss 7082.07
2026-05-09 03:41:29,547 - INFO - joeynmt.training - EPOCH 8
2026-05-09 03:41:36,295 - INFO - joeynmt.training - Epoch   8, Step:    28500, Batch Loss:     1.775729, Batch Acc: 0.538960, Tokens per Sec:     5535, Lr: 0.000300
2026-05-09 03:41:36,296 - INFO - joeynmt.prediction - Predicting 500 example(s)... (Greedy decoding with min_output_length=1, max_output_length=-1, return_prob='none', generate_unk=True, repetition_penalty=-1, no_repeat_ngram_size=-1)
2026-05-09 03:42:03,470 - INFO - joeynmt.prediction - Evaluation result (greedy) loss:   2.12, ppl:   8.32, acc:   0.46, generation: 27.1696[sec], evaluation: 0.0000[sec]
2026-05-09 03:42:03,471 - INFO - joeynmt.training - Hooray! New best validation result [ppl]!
2026-05-09 03:42:03,565 - INFO - joeynmt.helpers - delete models/deen_transformer_regular/26500.ckpt
2026-05-09 03:42:03,568 - INFO - joeynmt.training - Example #0
2026-05-09 03:42:03,568 - DEBUG - joeynmt.training - 	Tokenized source:     ['die', 'Pre@@', 'mi@@', 'er@@', 'minist@@', 'er', 'Indi@@', 'ens', 'und', 'J@@', 'ap@@', 'ans', 'tra@@', 'fen', 'sich', 'in', 'T@@', 'ok@@', 'i@@', 'o', '.']
2026-05-09 03:42:03,568 - DEBUG - joeynmt.training - 	Tokenized reference:  ['Indi@@', 'a', 'and', 'J@@', 'ap@@', 'an', 'pri@@', 'me', 'minist@@', 'ers', 'me@@', 'et', 'in', 'T@@', 'ok@@', 'y@@', 'o']
2026-05-09 03:42:03,568 - DEBUG - joeynmt.training - 	Tokenized hypothesis: ['the', 'Pri@@', 'me', 'Minist@@', 'er', 'Indi@@', 'a', 'and', 'J@@', 'ap@@', 'an', '.', '</s>']
2026-05-09 03:42:03,568 - INFO - joeynmt.training - 	Source:     die Premierminister Indiens und Japans trafen sich in Tokio .
2026-05-09 03:42:03,568 - INFO - joeynmt.training - 	Reference:  India and Japan prime ministers meet in Tokyo
2026-05-09 03:42:03,568 - INFO - joeynmt.training - 	Hypothesis: the Prime Minister India and Japan .
2026-05-09 03:42:03,568 - INFO - joeynmt.training - Example #1
2026-05-09 03:42:03,568 - DEBUG - joeynmt.training - 	Tokenized source:     ['Indi@@', 'ens', 'neu@@', 'er', 'Pre@@', 'mi@@', 'er@@', 'minist@@', 'er', 'N@@', 'ar@@', 'end@@', 'ra', 'Mo@@', 'd@@', 'i', 'tri@@', 'fft', 'bei', 's@@', 'einem', 'ersten', 'wichti@@', 'gen', 'Aus@@', 'land@@', 's@@', 'bes@@', 'u@@', 'ch', 'seit', 's@@', 'einem', 'W@@', 'ah@@', 'l@@', 'si@@', 'e@@', 'g', 'im', 'Ma@@', 'i', 'seinen', 'j@@', 'ap@@', 'an@@', 'ischen', 'Am@@', 'ts@@', 'k@@', 'olle@@', 'gen', 'S@@', 'hin@@', 'z@@', 'o', 'A@@', 'be', 'in', 'T@@', 'ok@@', 'o', ',', 'um', 'wirtschaf@@', 'tliche', 'und', 'sicher@@', 'heits@@', 'politische', 'Be@@', 'zieh@@', 'ungen', 'zu', 'bes@@', 'pre@@', 'chen', '.']
2026-05-09 03:42:03,568 - DEBUG - joeynmt.training - 	Tokenized reference:  ['Indi@@', 'a', '&apos;s', 'new', 'pri@@', 'me', 'minist@@', 'er', ',', 'N@@', 'ar@@', 'end@@', 'ra', 'Mo@@', 'd@@', 'i', ',', 'is', 'me@@', 'eting', 'his', 'J@@', 'ap@@', 'an@@', 'ese', 'coun@@', 'ter@@', 'part', ',', 'S@@', 'hin@@', 'z@@', 'o', 'A@@', 'be', ',', 'in', 'T@@', 'ok@@', 'y@@', 'o', 'to', 'disc@@', 'uss', 'economic', 'and', 'security', 'ties', ',', 'on', 'his', 'first', 'major', 'fore@@', 'ign', 'visi@@', 't', 'since', 'w@@', 'inn@@', 'ing', 'Ma@@', 'y', '&apos;s', 'elec@@', 'tion', '.']
2026-05-09 03:42:03,569 - DEBUG - joeynmt.training - 	Tokenized hypothesis: ['Indi@@', 'a', '&apos;s', 'lat@@', 'est', 'pri@@', 'me', 'minist@@', 'er', 'N@@', 'ar@@', 'end@@', 'ra', 'Mo@@', 'd@@', 'i', 'is', 'now', 'the', 'first', 'important', 'ex@@', 'tern@@', 'al', 'land@@', 's@@', 'po@@', 't', 'for', 'his', 'first', 'years', 'of', 'S@@', 'hin@@', 'z@@', 'o', 'A@@', 'be', 'in', 'T@@', 'ok@@', 'o', ',', 'in', 'the', 'Ma@@', 'y', 'of', 'S@@', 'hin@@', 'z@@', 'o', 'A@@', 'be', 'in', 'T@@', 'ok@@', 'o', ',', 'to', 'the', 'economic', 'and', 'saf@@', 'ety', '.', '</s>']
2026-05-09 03:42:03,569 - INFO - joeynmt.training - 	Source:     Indiens neuer Premierminister Narendra Modi trifft bei seinem ersten wichtigen Auslandsbesuch seit seinem Wahlsieg im Mai seinen japanischen Amtskollegen Shinzo Abe in Toko , um wirtschaftliche und sicherheitspolitische Beziehungen zu besprechen .
2026-05-09 03:42:03,569 - INFO - joeynmt.training - 	Reference:  India &apos;s new prime minister , Narendra Modi , is meeting his Japanese counterpart , Shinzo Abe , in Tokyo to discuss economic and security ties , on his first major foreign visit since winning May &apos;s election .
2026-05-09 03:42:03,569 - INFO - joeynmt.training - 	Hypothesis: India &apos;s latest prime minister Narendra Modi is now the first important external landspot for his first years of Shinzo Abe in Toko , in the May of Shinzo Abe in Toko , to the economic and safety .
2026-05-09 03:42:03,569 - INFO - joeynmt.training - Example #2
2026-05-09 03:42:03,569 - DEBUG - joeynmt.training - 	Tokenized source:     ['Herr', 'Mo@@', 'd@@', 'i', 'befindet', 'sich', 'auf', 'einer', 'fü@@', 'n@@', 'f@@', 'tä@@', 'gi@@', 'gen', 'Rei@@', 'se', 'nach', 'J@@', 'ap@@', 'an', ',', 'um', 'die', 'wirtschaf@@', 'tlichen', 'Be@@', 'zieh@@', 'ungen', 'mit', 'der', 'd@@', 'rit@@', 't@@', 'größ@@', 'ten', 'Wirtschafts@@', 'n@@', 'ation', 'der', 'Welt', 'zu', 'fes@@', 'tigen', '.']
2026-05-09 03:42:03,569 - DEBUG - joeynmt.training - 	Tokenized reference:  ['Mr', 'Mo@@', 'd@@', 'i', 'is', 'on', 'a', 'fi@@', 've', '@@@', '-@@', '@', 'day', 'tri@@', 'p', 'to', 'J@@', 'ap@@', 'an', 'to', 'streng@@', 'then', 'economic', 'ties', 'with', 'the', 'third', 'lar@@', 'ges@@', 't', 'econom@@', 'y', 'in', 'the', 'world', '.']
2026-05-09 03:42:03,569 - DEBUG - joeynmt.training - 	Tokenized hypothesis: ['Mr', 'Mo@@', 'd@@', 'i', 'is', 'located', 'on', 'a', 'fi@@', 'f@@', 'ty', 'tra@@', 'v@@', 'el', 'to', 'J@@', 'ap@@', 'an', 'to', 'J@@', 'ap@@', 'an', 'to', 'J@@', 'ap@@', 'an', 'to', 'the', 'economic', 'rel@@', 'ations', 'with', 'the', 'third', 'lar@@', 'ges@@', 't', 'economic', 'rel@@', 'ations', 'with', 'the', 'third', 'lar@@', 'ges@@', 't', 'economic', 'n@@', 'ation', 'of', 'the', 'world', '.', '</s>']
2026-05-09 03:42:03,569 - INFO - joeynmt.training - 	Source:     Herr Modi befindet sich auf einer fünftägigen Reise nach Japan , um die wirtschaftlichen Beziehungen mit der drittgrößten Wirtschaftsnation der Welt zu festigen .
2026-05-09 03:42:03,569 - INFO - joeynmt.training - 	Reference:  Mr Modi is on a five @-@ day trip to Japan to strengthen economic ties with the third largest economy in the world .
2026-05-09 03:42:03,569 - INFO - joeynmt.training - 	Hypothesis: Mr Modi is located on a fifty travel to Japan to Japan to Japan to the economic relations with the third largest economic relations with the third largest economic nation of the world .
2026-05-09 03:42:03,569 - INFO - joeynmt.training - Example #3
2026-05-09 03:42:03,569 - DEBUG - joeynmt.training - 	Tokenized source:     ['P@@', 'län@@', 'e', 'für', 'eine', 'stärk@@', 'ere', 'k@@', 'ern@@', 'techn@@', 'ische', 'Zusammenarbeit', 'stehen', 'ganz', 'ob@@', 'en', 'auf', 'der', 'Tag@@', 'es@@', 'ordnung', '.']
2026-05-09 03:42:03,569 - DEBUG - joeynmt.training - 	Tokenized reference:  ['high', 'on', 'the', 'agen@@', 'da', 'are', 'pl@@', 'ans', 'for', 'gre@@', 'ater', 'nu@@', 'clear', 'c@@', 'o', '@@@', '-@@', '@', 'operation', '.']
2026-05-09 03:42:03,569 - DEBUG - joeynmt.training - 	Tokenized hypothesis: ['pl@@', 'ans', 'for', 'more', 'c@@', 'are@@', 'fully', 'techn@@', 'ical', 'cooperation', 'are', 'very', 'str@@', 'on@@', 'ger', 'techn@@', 'ical', 'cooperation', 'are', 'very', 'close', 'to', 'the', 'agen@@', 'da', '.', '</s>']
2026-05-09 03:42:03,569 - INFO - joeynmt.training - 	Source:     Pläne für eine stärkere kerntechnische Zusammenarbeit stehen ganz oben auf der Tagesordnung .
2026-05-09 03:42:03,569 - INFO - joeynmt.training - 	Reference:  high on the agenda are plans for greater nuclear co @-@ operation .
2026-05-09 03:42:03,569 - INFO - joeynmt.training - 	Hypothesis: plans for more carefully technical cooperation are very stronger technical cooperation are very close to the agenda .
2026-05-09 03:42:03,569 - INFO - joeynmt.training - Example #4
2026-05-09 03:42:03,569 - DEBUG - joeynmt.training - 	Tokenized source:     ['Berich@@', 'ten', 'zu@@', 'fol@@', 'ge', 'ho@@', 'fft', 'Indi@@', 'en', 'darüber', 'hinaus', 'auf', 'einen', 'Ver@@', 'trag', 'zur', 'Ver@@', 'tei@@', 'dig@@', 'ungs@@', 'zusammen@@', 'arbeit', 'zwischen', 'den', 'beiden', 'N@@', 'ationen', '.']
2026-05-09 03:42:03,569 - DEBUG - joeynmt.training - 	Tokenized reference:  ['Indi@@', 'a', 'is', 'also', 're@@', 'porte@@', 'dly', 'hop@@', 'ing', 'for', 'a', 'de@@', 'al', 'on', 'def@@', 'ence', 'c@@', 'oll@@', 'ab@@', 'or@@', 'ation', 'between', 'the', 'two', 'n@@', 'ations', '.']
2026-05-09 03:42:03,569 - DEBUG - joeynmt.training - 	Tokenized hypothesis: ['the', 're@@', 'ports', 'of', 'Indi@@', 'a', ',', 'is', 'also', 'a', 'con@@', 'tra@@', 'ct', 'on', 'the', 'con@@', 'tra@@', 'ct', 'cooperation', 'between', 'the', 'two', 'n@@', 'ations', '.', '</s>']
2026-05-09 03:42:03,569 - INFO - joeynmt.training - 	Source:     Berichten zufolge hofft Indien darüber hinaus auf einen Vertrag zur Verteidigungszusammenarbeit zwischen den beiden Nationen .
2026-05-09 03:42:03,569 - INFO - joeynmt.training - 	Reference:  India is also reportedly hoping for a deal on defence collaboration between the two nations .
2026-05-09 03:42:03,570 - INFO - joeynmt.training - 	Hypothesis: the reports of India , is also a contract on the contract cooperation between the two nations .
2026-05-09 03:42:19,820 - INFO - joeynmt.training - Epoch   8, Step:    28600, Batch Loss:     1.850138, Batch Acc: 0.550646, Tokens per Sec:     5584, Lr: 0.000300
2026-05-09 03:42:36,172 - INFO - joeynmt.training - Epoch   8, Step:    28700, Batch Loss:     1.564451, Batch Acc: 0.537818, Tokens per Sec:     5642, Lr: 0.000300
2026-05-09 03:42:52,582 - INFO - joeynmt.training - Epoch   8, Step:    28800, Batch Loss:     1.410312, Batch Acc: 0.543376, Tokens per Sec:     5615, Lr: 0.000300
2026-05-09 03:43:08,931 - INFO - joeynmt.training - Epoch   8, Step:    28900, Batch Loss:     1.910433, Batch Acc: 0.542648, Tokens per Sec:     5748, Lr: 0.000300
2026-05-09 03:43:25,219 - INFO - joeynmt.training - Epoch   8, Step:    29000, Batch Loss:     1.662319, Batch Acc: 0.537165, Tokens per Sec:     5655, Lr: 0.000300
2026-05-09 03:43:25,219 - INFO - joeynmt.prediction - Predicting 500 example(s)... (Greedy decoding with min_output_length=1, max_output_length=-1, return_prob='none', generate_unk=True, repetition_penalty=-1, no_repeat_ngram_size=-1)
2026-05-09 03:43:51,503 - INFO - joeynmt.prediction - Evaluation result (greedy) loss:   2.13, ppl:   8.39, acc:   0.46, generation: 26.2794[sec], evaluation: 0.0000[sec]
2026-05-09 03:43:51,592 - INFO - joeynmt.helpers - delete models/deen_transformer_regular/26000.ckpt
2026-05-09 03:43:51,595 - INFO - joeynmt.training - Example #0
2026-05-09 03:43:51,595 - DEBUG - joeynmt.training - 	Tokenized source:     ['die', 'Pre@@', 'mi@@', 'er@@', 'minist@@', 'er', 'Indi@@', 'ens', 'und', 'J@@', 'ap@@', 'ans', 'tra@@', 'fen', 'sich', 'in', 'T@@', 'ok@@', 'i@@', 'o', '.']
2026-05-09 03:43:51,595 - DEBUG - joeynmt.training - 	Tokenized reference:  ['Indi@@', 'a', 'and', 'J@@', 'ap@@', 'an', 'pri@@', 'me', 'minist@@', 'ers', 'me@@', 'et', 'in', 'T@@', 'ok@@', 'y@@', 'o']
2026-05-09 03:43:51,595 - DEBUG - joeynmt.training - 	Tokenized hypothesis: ['the', 'Pri@@', 'me', 'Minist@@', 'er', 'Indi@@', 'a', 'and', 'J@@', 'ap@@', 'an', ',', 'J@@', 'ap@@', 'an', '.', '</s>']
2026-05-09 03:43:51,595 - INFO - joeynmt.training - 	Source:     die Premierminister Indiens und Japans trafen sich in Tokio .
2026-05-09 03:43:51,595 - INFO - joeynmt.training - 	Reference:  India and Japan prime ministers meet in Tokyo
2026-05-09 03:43:51,595 - INFO - joeynmt.training - 	Hypothesis: the Prime Minister India and Japan , Japan .
2026-05-09 03:43:51,595 - INFO - joeynmt.training - Example #1
2026-05-09 03:43:51,596 - DEBUG - joeynmt.training - 	Tokenized source:     ['Indi@@', 'ens', 'neu@@', 'er', 'Pre@@', 'mi@@', 'er@@', 'minist@@', 'er', 'N@@', 'ar@@', 'end@@', 'ra', 'Mo@@', 'd@@', 'i', 'tri@@', 'fft', 'bei', 's@@', 'einem', 'ersten', 'wichti@@', 'gen', 'Aus@@', 'land@@', 's@@', 'bes@@', 'u@@', 'ch', 'seit', 's@@', 'einem', 'W@@', 'ah@@', 'l@@', 'si@@', 'e@@', 'g', 'im', 'Ma@@', 'i', 'seinen', 'j@@', 'ap@@', 'an@@', 'ischen', 'Am@@', 'ts@@', 'k@@', 'olle@@', 'gen', 'S@@', 'hin@@', 'z@@', 'o', 'A@@', 'be', 'in', 'T@@', 'ok@@', 'o', ',', 'um', 'wirtschaf@@', 'tliche', 'und', 'sicher@@', 'heits@@', 'politische', 'Be@@', 'zieh@@', 'ungen', 'zu', 'bes@@', 'pre@@', 'chen', '.']
2026-05-09 03:43:51,596 - DEBUG - joeynmt.training - 	Tokenized reference:  ['Indi@@', 'a', '&apos;s', 'new', 'pri@@', 'me', 'minist@@', 'er', ',', 'N@@', 'ar@@', 'end@@', 'ra', 'Mo@@', 'd@@', 'i', ',', 'is', 'me@@', 'eting', 'his', 'J@@', 'ap@@', 'an@@', 'ese', 'coun@@', 'ter@@', 'part', ',', 'S@@', 'hin@@', 'z@@', 'o', 'A@@', 'be', ',', 'in', 'T@@', 'ok@@', 'y@@', 'o', 'to', 'disc@@', 'uss', 'economic', 'and', 'security', 'ties', ',', 'on', 'his', 'first', 'major', 'fore@@', 'ign', 'visi@@', 't', 'since', 'w@@', 'inn@@', 'ing', 'Ma@@', 'y', '&apos;s', 'elec@@', 'tion', '.']
2026-05-09 03:43:51,596 - DEBUG - joeynmt.training - 	Tokenized hypothesis: ['Indi@@', 'a', '&apos;s', 'lat@@', 'est', 'Pri@@', 'me', 'Minist@@', 'er', 'N@@', 'ar@@', 'end@@', 'ra', 'Mo@@', 'd@@', 'i', 'tri@@', 'al', ',', 'in', 'his', 'first', 'important', 'fore@@', 'ign', 'ag@@', 'ri@@', 'cultural', 's@@', 'et@@', 'ting', ',', 'since', 'his', 'his', 'elec@@', 'tion', 'of', 'the', 'M@@', 'or@@', 'd', 'S@@', 'hin@@', 'z@@', 'o', 'A@@', 'be', 'in', 'T@@', 'ok@@', 'o', ',', 'to', 'the', 'economic', 'and', 'saf@@', 'ety', 'political', 'rel@@', 'ations', '.', '</s>']
2026-05-09 03:43:51,596 - INFO - joeynmt.training - 	Source:     Indiens neuer Premierminister Narendra Modi trifft bei seinem ersten wichtigen Auslandsbesuch seit seinem Wahlsieg im Mai seinen japanischen Amtskollegen Shinzo Abe in Toko , um wirtschaftliche und sicherheitspolitische Beziehungen zu besprechen .
2026-05-09 03:43:51,596 - INFO - joeynmt.training - 	Reference:  India &apos;s new prime minister , Narendra Modi , is meeting his Japanese counterpart , Shinzo Abe , in Tokyo to discuss economic and security ties , on his first major foreign visit since winning May &apos;s election .
2026-05-09 03:43:51,596 - INFO - joeynmt.training - 	Hypothesis: India &apos;s latest Prime Minister Narendra Modi trial , in his first important foreign agricultural setting , since his his election of the Mord Shinzo Abe in Toko , to the economic and safety political relations .
2026-05-09 03:43:51,596 - INFO - joeynmt.training - Example #2
2026-05-09 03:43:51,596 - DEBUG - joeynmt.training - 	Tokenized source:     ['Herr', 'Mo@@', 'd@@', 'i', 'befindet', 'sich', 'auf', 'einer', 'fü@@', 'n@@', 'f@@', 'tä@@', 'gi@@', 'gen', 'Rei@@', 'se', 'nach', 'J@@', 'ap@@', 'an', ',', 'um', 'die', 'wirtschaf@@', 'tlichen', 'Be@@', 'zieh@@', 'ungen', 'mit', 'der', 'd@@', 'rit@@', 't@@', 'größ@@', 'ten', 'Wirtschafts@@', 'n@@', 'ation', 'der', 'Welt', 'zu', 'fes@@', 'tigen', '.']
2026-05-09 03:43:51,596 - DEBUG - joeynmt.training - 	Tokenized reference:  ['Mr', 'Mo@@', 'd@@', 'i', 'is', 'on', 'a', 'fi@@', 've', '@@@', '-@@', '@', 'day', 'tri@@', 'p', 'to', 'J@@', 'ap@@', 'an', 'to', 'streng@@', 'then', 'economic', 'ties', 'with', 'the', 'third', 'lar@@', 'ges@@', 't', 'econom@@', 'y', 'in', 'the', 'world', '.']
2026-05-09 03:43:51,596 - DEBUG - joeynmt.training - 	Tokenized hypothesis: ['Mr', 'Mo@@', 'd@@', 'i', 'is', 'one', 'of', 'the', 'fi@@', 'f@@', 'ty', 'to', 'J@@', 'ap@@', 'an', 'to', 'J@@', 'ap@@', 'an', 'to', 'J@@', 'ap@@', 'an', 'to', 'the', 'economic', 'rel@@', 'ations', 'with', 'the', 'third', 'lar@@', 'ges@@', 't', 'economic', 'rel@@', 'ations', 'with', 'the', 'third', 'lar@@', 'ges@@', 't', 'economic', 'n@@', 'ation', 'of', 'the', 'world', '.', '</s>']
2026-05-09 03:43:51,596 - INFO - joeynmt.training - 	Source:     Herr Modi befindet sich auf einer fünftägigen Reise nach Japan , um die wirtschaftlichen Beziehungen mit der drittgrößten Wirtschaftsnation der Welt zu festigen .
2026-05-09 03:43:51,596 - INFO - joeynmt.training - 	Reference:  Mr Modi is on a five @-@ day trip to Japan to strengthen economic ties with the third largest economy in the world .
2026-05-09 03:43:51,596 - INFO - joeynmt.training - 	Hypothesis: Mr Modi is one of the fifty to Japan to Japan to Japan to the economic relations with the third largest economic relations with the third largest economic nation of the world .
2026-05-09 03:43:51,596 - INFO - joeynmt.training - Example #3
2026-05-09 03:43:51,596 - DEBUG - joeynmt.training - 	Tokenized source:     ['P@@', 'län@@', 'e', 'für', 'eine', 'stärk@@', 'ere', 'k@@', 'ern@@', 'techn@@', 'ische', 'Zusammenarbeit', 'stehen', 'ganz', 'ob@@', 'en', 'auf', 'der', 'Tag@@', 'es@@', 'ordnung', '.']
2026-05-09 03:43:51,596 - DEBUG - joeynmt.training - 	Tokenized reference:  ['high', 'on', 'the', 'agen@@', 'da', 'are', 'pl@@', 'ans', 'for', 'gre@@', 'ater', 'nu@@', 'clear', 'c@@', 'o', '@@@', '-@@', '@', 'operation', '.']
2026-05-09 03:43:51,596 - DEBUG - joeynmt.training - 	Tokenized hypothesis: ['pl@@', 'ans', 'for', 'more', 'c@@', 'are@@', 'fully', 'techn@@', 'ical', 'cooperation', 'are', 'very', 'close', 'to', 'the', 'agen@@', 'da', '.', '</s>']
2026-05-09 03:43:51,596 - INFO - joeynmt.training - 	Source:     Pläne für eine stärkere kerntechnische Zusammenarbeit stehen ganz oben auf der Tagesordnung .
2026-05-09 03:43:51,596 - INFO - joeynmt.training - 	Reference:  high on the agenda are plans for greater nuclear co @-@ operation .
2026-05-09 03:43:51,596 - INFO - joeynmt.training - 	Hypothesis: plans for more carefully technical cooperation are very close to the agenda .
2026-05-09 03:43:51,596 - INFO - joeynmt.training - Example #4
2026-05-09 03:43:51,596 - DEBUG - joeynmt.training - 	Tokenized source:     ['Berich@@', 'ten', 'zu@@', 'fol@@', 'ge', 'ho@@', 'fft', 'Indi@@', 'en', 'darüber', 'hinaus', 'auf', 'einen', 'Ver@@', 'trag', 'zur', 'Ver@@', 'tei@@', 'dig@@', 'ungs@@', 'zusammen@@', 'arbeit', 'zwischen', 'den', 'beiden', 'N@@', 'ationen', '.']
2026-05-09 03:43:51,596 - DEBUG - joeynmt.training - 	Tokenized reference:  ['Indi@@', 'a', 'is', 'also', 're@@', 'porte@@', 'dly', 'hop@@', 'ing', 'for', 'a', 'de@@', 'al', 'on', 'def@@', 'ence', 'c@@', 'oll@@', 'ab@@', 'or@@', 'ation', 'between', 'the', 'two', 'n@@', 'ations', '.']
2026-05-09 03:43:51,596 - DEBUG - joeynmt.training - 	Tokenized hypothesis: ['re@@', 'ports', 'are', 'also', 'in', 'ad@@', 'dition', 'to', 'a', 'Tre@@', 'aty', 'on', 'a', 'Tre@@', 'aty', 'on', 'the', 'def@@', 'ence', 'of', 'def@@', 'ence', 'cooperation', 'between', 'the', 'two', 'n@@', 'ations', '.', '</s>']
2026-05-09 03:43:51,596 - INFO - joeynmt.training - 	Source:     Berichten zufolge hofft Indien darüber hinaus auf einen Vertrag zur Verteidigungszusammenarbeit zwischen den beiden Nationen .
2026-05-09 03:43:51,597 - INFO - joeynmt.training - 	Reference:  India is also reportedly hoping for a deal on defence collaboration between the two nations .
2026-05-09 03:43:51,597 - INFO - joeynmt.training - 	Hypothesis: reports are also in addition to a Treaty on a Treaty on the defence of defence cooperation between the two nations .
2026-05-09 03:44:08,057 - INFO - joeynmt.training - Epoch   8, Step:    29100, Batch Loss:     1.970484, Batch Acc: 0.531726, Tokens per Sec:     5612, Lr: 0.000300
2026-05-09 03:44:24,282 - INFO - joeynmt.training - Epoch   8, Step:    29200, Batch Loss:     1.592704, Batch Acc: 0.542414, Tokens per Sec:     5598, Lr: 0.000300
2026-05-09 03:44:40,603 - INFO - joeynmt.training - Epoch   8, Step:    29300, Batch Loss:     1.523591, Batch Acc: 0.538352, Tokens per Sec:     5656, Lr: 0.000300
2026-05-09 03:44:56,959 - INFO - joeynmt.training - Epoch   8, Step:    29400, Batch Loss:     1.496031, Batch Acc: 0.533666, Tokens per Sec:     5598, Lr: 0.000300
2026-05-09 03:45:13,212 - INFO - joeynmt.training - Epoch   8, Step:    29500, Batch Loss:     1.720741, Batch Acc: 0.535004, Tokens per Sec:     5663, Lr: 0.000300
2026-05-09 03:45:13,213 - INFO - joeynmt.prediction - Predicting 500 example(s)... (Greedy decoding with min_output_length=1, max_output_length=-1, return_prob='none', generate_unk=True, repetition_penalty=-1, no_repeat_ngram_size=-1)
2026-05-09 03:45:44,525 - INFO - joeynmt.prediction - Evaluation result (greedy) loss:   2.13, ppl:   8.40, acc:   0.45, generation: 31.3081[sec], evaluation: 0.0000[sec]
2026-05-09 03:45:44,617 - INFO - joeynmt.helpers - delete models/deen_transformer_regular/27000.ckpt
2026-05-09 03:45:44,618 - INFO - joeynmt.training - Example #0
2026-05-09 03:45:44,618 - DEBUG - joeynmt.training - 	Tokenized source:     ['die', 'Pre@@', 'mi@@', 'er@@', 'minist@@', 'er', 'Indi@@', 'ens', 'und', 'J@@', 'ap@@', 'ans', 'tra@@', 'fen', 'sich', 'in', 'T@@', 'ok@@', 'i@@', 'o', '.']
2026-05-09 03:45:44,618 - DEBUG - joeynmt.training - 	Tokenized reference:  ['Indi@@', 'a', 'and', 'J@@', 'ap@@', 'an', 'pri@@', 'me', 'minist@@', 'ers', 'me@@', 'et', 'in', 'T@@', 'ok@@', 'y@@', 'o']
2026-05-09 03:45:44,618 - DEBUG - joeynmt.training - 	Tokenized hypothesis: ['the', 'Pri@@', 'me', 'Minist@@', 'er', 'Indi@@', 'a', 'and', 'J@@', 'ap@@', 'an', ',', 'T@@', 'ok@@', 'y@@', 'o', '.', '</s>']
2026-05-09 03:45:44,619 - INFO - joeynmt.training - 	Source:     die Premierminister Indiens und Japans trafen sich in Tokio .
2026-05-09 03:45:44,619 - INFO - joeynmt.training - 	Reference:  India and Japan prime ministers meet in Tokyo
2026-05-09 03:45:44,619 - INFO - joeynmt.training - 	Hypothesis: the Prime Minister India and Japan , Tokyo .
2026-05-09 03:45:44,619 - INFO - joeynmt.training - Example #1
2026-05-09 03:45:44,619 - DEBUG - joeynmt.training - 	Tokenized source:     ['Indi@@', 'ens', 'neu@@', 'er', 'Pre@@', 'mi@@', 'er@@', 'minist@@', 'er', 'N@@', 'ar@@', 'end@@', 'ra', 'Mo@@', 'd@@', 'i', 'tri@@', 'fft', 'bei', 's@@', 'einem', 'ersten', 'wichti@@', 'gen', 'Aus@@', 'land@@', 's@@', 'bes@@', 'u@@', 'ch', 'seit', 's@@', 'einem', 'W@@', 'ah@@', 'l@@', 'si@@', 'e@@', 'g', 'im', 'Ma@@', 'i', 'seinen', 'j@@', 'ap@@', 'an@@', 'ischen', 'Am@@', 'ts@@', 'k@@', 'olle@@', 'gen', 'S@@', 'hin@@', 'z@@', 'o', 'A@@', 'be', 'in', 'T@@', 'ok@@', 'o', ',', 'um', 'wirtschaf@@', 'tliche', 'und', 'sicher@@', 'heits@@', 'politische', 'Be@@', 'zieh@@', 'ungen', 'zu', 'bes@@', 'pre@@', 'chen', '.']
2026-05-09 03:45:44,619 - DEBUG - joeynmt.training - 	Tokenized reference:  ['Indi@@', 'a', '&apos;s', 'new', 'pri@@', 'me', 'minist@@', 'er', ',', 'N@@', 'ar@@', 'end@@', 'ra', 'Mo@@', 'd@@', 'i', ',', 'is', 'me@@', 'eting', 'his', 'J@@', 'ap@@', 'an@@', 'ese', 'coun@@', 'ter@@', 'part', ',', 'S@@', 'hin@@', 'z@@', 'o', 'A@@', 'be', ',', 'in', 'T@@', 'ok@@', 'y@@', 'o', 'to', 'disc@@', 'uss', 'economic', 'and', 'security', 'ties', ',', 'on', 'his', 'first', 'major', 'fore@@', 'ign', 'visi@@', 't', 'since', 'w@@', 'inn@@', 'ing', 'Ma@@', 'y', '&apos;s', 'elec@@', 'tion', '.']
2026-05-09 03:45:44,619 - DEBUG - joeynmt.training - 	Tokenized hypothesis: ['Indi@@', 'a', '&apos;s', 'lat@@', 'est', 'pri@@', 'me', 'minist@@', 'ers', 'N@@', 'ar@@', 'end@@', 'ra', 'Mo@@', 'd@@', 'i', ',', 'in', 'his', 'first', 'important', 'important', 'ex@@', 'tern@@', 'al', 'land@@', 's@@', 'ets', ',', 'since', 'his', 'his', 'elec@@', 'tion', ',', 'in', 'Ma@@', 'y', 'S@@', 'hin@@', 'z@@', 'o', 'A@@', 'be', 'in', 'T@@', 'ok@@', 'o', ',', 'with', 'the', 'M@@', 'or@@', 'occ@@', 'o', 'A@@', 'be', 'in', 'T@@', 'ok@@', 'o', 'A@@', 'be', 'in', 'T@@', 'ok@@', 'o', ',', 'to', 'pre@@', 'v@@', 'ent', 'economic', 'and', 'security', 'rel@@', 'ations', '.', '</s>']
2026-05-09 03:45:44,619 - INFO - joeynmt.training - 	Source:     Indiens neuer Premierminister Narendra Modi trifft bei seinem ersten wichtigen Auslandsbesuch seit seinem Wahlsieg im Mai seinen japanischen Amtskollegen Shinzo Abe in Toko , um wirtschaftliche und sicherheitspolitische Beziehungen zu besprechen .
2026-05-09 03:45:44,619 - INFO - joeynmt.training - 	Reference:  India &apos;s new prime minister , Narendra Modi , is meeting his Japanese counterpart , Shinzo Abe , in Tokyo to discuss economic and security ties , on his first major foreign visit since winning May &apos;s election .
2026-05-09 03:45:44,619 - INFO - joeynmt.training - 	Hypothesis: India &apos;s latest prime ministers Narendra Modi , in his first important important external landsets , since his his election , in May Shinzo Abe in Toko , with the Morocco Abe in Toko Abe in Toko , to prevent economic and security relations .
2026-05-09 03:45:44,619 - INFO - joeynmt.training - Example #2
2026-05-09 03:45:44,619 - DEBUG - joeynmt.training - 	Tokenized source:     ['Herr', 'Mo@@', 'd@@', 'i', 'befindet', 'sich', 'auf', 'einer', 'fü@@', 'n@@', 'f@@', 'tä@@', 'gi@@', 'gen', 'Rei@@', 'se', 'nach', 'J@@', 'ap@@', 'an', ',', 'um', 'die', 'wirtschaf@@', 'tlichen', 'Be@@', 'zieh@@', 'ungen', 'mit', 'der', 'd@@', 'rit@@', 't@@', 'größ@@', 'ten', 'Wirtschafts@@', 'n@@', 'ation', 'der', 'Welt', 'zu', 'fes@@', 'tigen', '.']
2026-05-09 03:45:44,619 - DEBUG - joeynmt.training - 	Tokenized reference:  ['Mr', 'Mo@@', 'd@@', 'i', 'is', 'on', 'a', 'fi@@', 've', '@@@', '-@@', '@', 'day', 'tri@@', 'p', 'to', 'J@@', 'ap@@', 'an', 'to', 'streng@@', 'then', 'economic', 'ties', 'with', 'the', 'third', 'lar@@', 'ges@@', 't', 'econom@@', 'y', 'in', 'the', 'world', '.']
2026-05-09 03:45:44,619 - DEBUG - joeynmt.training - 	Tokenized hypothesis: ['Mr', 'Mo@@', 'd@@', 'i', 'is', 'on', 'a', 'fi@@', 'f@@', 'ty', 'to', 'J@@', 'ap@@', 'an', ',', 'to', 'J@@', 'ap@@', 'an', 'to', 'J@@', 'ap@@', 'an', 'to', 'the', 'economic', 'rel@@', 'ations', 'with', 'the', 'third', 'lar@@', 'ges@@', 't', 'economic', 'rel@@', 'ations', 'with', 'the', 'third', 'lar@@', 'ges@@', 't', 'economic', 'rel@@', 'ations', 'with', 'the', 'third', 'lar@@', 'ges@@', 't', 'economic', 'rel@@', 'ations', 'with', 'the', 'third', 'area', 'of', 'the', 'world', '.', '</s>']
2026-05-09 03:45:44,619 - INFO - joeynmt.training - 	Source:     Herr Modi befindet sich auf einer fünftägigen Reise nach Japan , um die wirtschaftlichen Beziehungen mit der drittgrößten Wirtschaftsnation der Welt zu festigen .
2026-05-09 03:45:44,619 - INFO - joeynmt.training - 	Reference:  Mr Modi is on a five @-@ day trip to Japan to strengthen economic ties with the third largest economy in the world .
2026-05-09 03:45:44,619 - INFO - joeynmt.training - 	Hypothesis: Mr Modi is on a fifty to Japan , to Japan to Japan to the economic relations with the third largest economic relations with the third largest economic relations with the third largest economic relations with the third area of the world .
2026-05-09 03:45:44,619 - INFO - joeynmt.training - Example #3
2026-05-09 03:45:44,619 - DEBUG - joeynmt.training - 	Tokenized source:     ['P@@', 'län@@', 'e', 'für', 'eine', 'stärk@@', 'ere', 'k@@', 'ern@@', 'techn@@', 'ische', 'Zusammenarbeit', 'stehen', 'ganz', 'ob@@', 'en', 'auf', 'der', 'Tag@@', 'es@@', 'ordnung', '.']
2026-05-09 03:45:44,619 - DEBUG - joeynmt.training - 	Tokenized reference:  ['high', 'on', 'the', 'agen@@', 'da', 'are', 'pl@@', 'ans', 'for', 'gre@@', 'ater', 'nu@@', 'clear', 'c@@', 'o', '@@@', '-@@', '@', 'operation', '.']
2026-05-09 03:45:44,619 - DEBUG - joeynmt.training - 	Tokenized hypothesis: ['pl@@', 'ans', 'for', 'more', 'c@@', 'ru@@', 'cial', 'techn@@', 'ical', 'cooperation', 'are', 'very', 'close', 'to', 'the', 'agen@@', 'da', '.', '</s>']
2026-05-09 03:45:44,619 - INFO - joeynmt.training - 	Source:     Pläne für eine stärkere kerntechnische Zusammenarbeit stehen ganz oben auf der Tagesordnung .
2026-05-09 03:45:44,619 - INFO - joeynmt.training - 	Reference:  high on the agenda are plans for greater nuclear co @-@ operation .
2026-05-09 03:45:44,619 - INFO - joeynmt.training - 	Hypothesis: plans for more crucial technical cooperation are very close to the agenda .
2026-05-09 03:45:44,619 - INFO - joeynmt.training - Example #4
2026-05-09 03:45:44,619 - DEBUG - joeynmt.training - 	Tokenized source:     ['Berich@@', 'ten', 'zu@@', 'fol@@', 'ge', 'ho@@', 'fft', 'Indi@@', 'en', 'darüber', 'hinaus', 'auf', 'einen', 'Ver@@', 'trag', 'zur', 'Ver@@', 'tei@@', 'dig@@', 'ungs@@', 'zusammen@@', 'arbeit', 'zwischen', 'den', 'beiden', 'N@@', 'ationen', '.']
2026-05-09 03:45:44,619 - DEBUG - joeynmt.training - 	Tokenized reference:  ['Indi@@', 'a', 'is', 'also', 're@@', 'porte@@', 'dly', 'hop@@', 'ing', 'for', 'a', 'de@@', 'al', 'on', 'def@@', 'ence', 'c@@', 'oll@@', 'ab@@', 'or@@', 'ation', 'between', 'the', 'two', 'n@@', 'ations', '.']
2026-05-09 03:45:44,620 - DEBUG - joeynmt.training - 	Tokenized hypothesis: ['re@@', 'ports', 'are', 'also', 'hop@@', 'es', 'that', ',', 'Indi@@', 'a', '&apos;s', 'con@@', 'tra@@', 'ct', 'between', 'the', 'two', 'n@@', 'ations', '.', '</s>']
2026-05-09 03:45:44,620 - INFO - joeynmt.training - 	Source:     Berichten zufolge hofft Indien darüber hinaus auf einen Vertrag zur Verteidigungszusammenarbeit zwischen den beiden Nationen .
2026-05-09 03:45:44,620 - INFO - joeynmt.training - 	Reference:  India is also reportedly hoping for a deal on defence collaboration between the two nations .
2026-05-09 03:45:44,620 - INFO - joeynmt.training - 	Hypothesis: reports are also hopes that , India &apos;s contract between the two nations .
2026-05-09 03:46:00,663 - INFO - joeynmt.training - Epoch   8, Step:    29600, Batch Loss:     1.710837, Batch Acc: 0.537523, Tokens per Sec:     5615, Lr: 0.000300
2026-05-09 03:46:16,748 - INFO - joeynmt.training - Epoch   8, Step:    29700, Batch Loss:     1.478471, Batch Acc: 0.539585, Tokens per Sec:     5744, Lr: 0.000300
2026-05-09 03:46:32,871 - INFO - joeynmt.training - Epoch   8, Step:    29800, Batch Loss:     1.571683, Batch Acc: 0.536848, Tokens per Sec:     5684, Lr: 0.000300
2026-05-09 03:46:49,161 - INFO - joeynmt.training - Epoch   8, Step:    29900, Batch Loss:     1.801487, Batch Acc: 0.537248, Tokens per Sec:     5641, Lr: 0.000300
2026-05-09 03:47:05,319 - INFO - joeynmt.training - Epoch   8, Step:    30000, Batch Loss:     1.641506, Batch Acc: 0.537195, Tokens per Sec:     5737, Lr: 0.000300
2026-05-09 03:47:05,320 - INFO - joeynmt.prediction - Predicting 500 example(s)... (Greedy decoding with min_output_length=1, max_output_length=-1, return_prob='none', generate_unk=True, repetition_penalty=-1, no_repeat_ngram_size=-1)
2026-05-09 03:47:33,516 - INFO - joeynmt.prediction - Evaluation result (greedy) loss:   2.12, ppl:   8.35, acc:   0.46, generation: 28.1919[sec], evaluation: 0.0000[sec]
2026-05-09 03:47:33,604 - INFO - joeynmt.helpers - delete models/deen_transformer_regular/27500.ckpt
2026-05-09 03:47:33,606 - INFO - joeynmt.training - Example #0
2026-05-09 03:47:33,606 - DEBUG - joeynmt.training - 	Tokenized source:     ['die', 'Pre@@', 'mi@@', 'er@@', 'minist@@', 'er', 'Indi@@', 'ens', 'und', 'J@@', 'ap@@', 'ans', 'tra@@', 'fen', 'sich', 'in', 'T@@', 'ok@@', 'i@@', 'o', '.']
2026-05-09 03:47:33,606 - DEBUG - joeynmt.training - 	Tokenized reference:  ['Indi@@', 'a', 'and', 'J@@', 'ap@@', 'an', 'pri@@', 'me', 'minist@@', 'ers', 'me@@', 'et', 'in', 'T@@', 'ok@@', 'y@@', 'o']
2026-05-09 03:47:33,606 - DEBUG - joeynmt.training - 	Tokenized hypothesis: ['the', 'Pri@@', 'me', 'Minist@@', 'er', 'Indi@@', 'a', 'and', 'J@@', 'ap@@', 'an', ',', 'J@@', 'ap@@', 'an', 'and', 'J@@', 'ap@@', 'an', '.', '</s>']
2026-05-09 03:47:33,606 - INFO - joeynmt.training - 	Source:     die Premierminister Indiens und Japans trafen sich in Tokio .
2026-05-09 03:47:33,606 - INFO - joeynmt.training - 	Reference:  India and Japan prime ministers meet in Tokyo
2026-05-09 03:47:33,606 - INFO - joeynmt.training - 	Hypothesis: the Prime Minister India and Japan , Japan and Japan .
2026-05-09 03:47:33,606 - INFO - joeynmt.training - Example #1
2026-05-09 03:47:33,607 - DEBUG - joeynmt.training - 	Tokenized source:     ['Indi@@', 'ens', 'neu@@', 'er', 'Pre@@', 'mi@@', 'er@@', 'minist@@', 'er', 'N@@', 'ar@@', 'end@@', 'ra', 'Mo@@', 'd@@', 'i', 'tri@@', 'fft', 'bei', 's@@', 'einem', 'ersten', 'wichti@@', 'gen', 'Aus@@', 'land@@', 's@@', 'bes@@', 'u@@', 'ch', 'seit', 's@@', 'einem', 'W@@', 'ah@@', 'l@@', 'si@@', 'e@@', 'g', 'im', 'Ma@@', 'i', 'seinen', 'j@@', 'ap@@', 'an@@', 'ischen', 'Am@@', 'ts@@', 'k@@', 'olle@@', 'gen', 'S@@', 'hin@@', 'z@@', 'o', 'A@@', 'be', 'in', 'T@@', 'ok@@', 'o', ',', 'um', 'wirtschaf@@', 'tliche', 'und', 'sicher@@', 'heits@@', 'politische', 'Be@@', 'zieh@@', 'ungen', 'zu', 'bes@@', 'pre@@', 'chen', '.']
2026-05-09 03:47:33,607 - DEBUG - joeynmt.training - 	Tokenized reference:  ['Indi@@', 'a', '&apos;s', 'new', 'pri@@', 'me', 'minist@@', 'er', ',', 'N@@', 'ar@@', 'end@@', 'ra', 'Mo@@', 'd@@', 'i', ',', 'is', 'me@@', 'eting', 'his', 'J@@', 'ap@@', 'an@@', 'ese', 'coun@@', 'ter@@', 'part', ',', 'S@@', 'hin@@', 'z@@', 'o', 'A@@', 'be', ',', 'in', 'T@@', 'ok@@', 'y@@', 'o', 'to', 'disc@@', 'uss', 'economic', 'and', 'security', 'ties', ',', 'on', 'his', 'first', 'major', 'fore@@', 'ign', 'visi@@', 't', 'since', 'w@@', 'inn@@', 'ing', 'Ma@@', 'y', '&apos;s', 'elec@@', 'tion', '.']
2026-05-09 03:47:33,607 - DEBUG - joeynmt.training - 	Tokenized hypothesis: ['Indi@@', 'a', '&apos;s', 'lat@@', 'est', 'pri@@', 'me', 'minist@@', 'er', 'N@@', 'ar@@', 'end@@', 'ra', 'Mo@@', 'd@@', 'i', 'is', 'the', 'first', 'important', 'ex@@', 'tern@@', 'al', 'land@@', 's@@', 'ets', ',', 'since', 'his', 'first', 'important', 'ex@@', 'tern@@', 'al', 'ag@@', 'ents', 'in', 'Ma@@', 'y', 'of', 'his', 'elec@@', 'tion', ',', 'and', 'saf@@', 'ety', 'policy', 'rel@@', 'ations', 'with', 'regard', 'to', 'the', 'economic', 'and', 'saf@@', 'ety', 'rel@@', 'ations', '.', '</s>']
2026-05-09 03:47:33,607 - INFO - joeynmt.training - 	Source:     Indiens neuer Premierminister Narendra Modi trifft bei seinem ersten wichtigen Auslandsbesuch seit seinem Wahlsieg im Mai seinen japanischen Amtskollegen Shinzo Abe in Toko , um wirtschaftliche und sicherheitspolitische Beziehungen zu besprechen .
2026-05-09 03:47:33,607 - INFO - joeynmt.training - 	Reference:  India &apos;s new prime minister , Narendra Modi , is meeting his Japanese counterpart , Shinzo Abe , in Tokyo to discuss economic and security ties , on his first major foreign visit since winning May &apos;s election .
2026-05-09 03:47:33,607 - INFO - joeynmt.training - 	Hypothesis: India &apos;s latest prime minister Narendra Modi is the first important external landsets , since his first important external agents in May of his election , and safety policy relations with regard to the economic and safety relations .
2026-05-09 03:47:33,607 - INFO - joeynmt.training - Example #2
2026-05-09 03:47:33,607 - DEBUG - joeynmt.training - 	Tokenized source:     ['Herr', 'Mo@@', 'd@@', 'i', 'befindet', 'sich', 'auf', 'einer', 'fü@@', 'n@@', 'f@@', 'tä@@', 'gi@@', 'gen', 'Rei@@', 'se', 'nach', 'J@@', 'ap@@', 'an', ',', 'um', 'die', 'wirtschaf@@', 'tlichen', 'Be@@', 'zieh@@', 'ungen', 'mit', 'der', 'd@@', 'rit@@', 't@@', 'größ@@', 'ten', 'Wirtschafts@@', 'n@@', 'ation', 'der', 'Welt', 'zu', 'fes@@', 'tigen', '.']
2026-05-09 03:47:33,607 - DEBUG - joeynmt.training - 	Tokenized reference:  ['Mr', 'Mo@@', 'd@@', 'i', 'is', 'on', 'a', 'fi@@', 've', '@@@', '-@@', '@', 'day', 'tri@@', 'p', 'to', 'J@@', 'ap@@', 'an', 'to', 'streng@@', 'then', 'economic', 'ties', 'with', 'the', 'third', 'lar@@', 'ges@@', 't', 'econom@@', 'y', 'in', 'the', 'world', '.']
2026-05-09 03:47:33,607 - DEBUG - joeynmt.training - 	Tokenized hypothesis: ['Mr', 'Mo@@', 'd@@', 'i', 'is', 'located', 'on', 'a', 'fi@@', 'f@@', 'ty', 'tra@@', 'v@@', 'el', 'to', 'J@@', 'ap@@', 'an', 'to', 'the', 'economic', 'rel@@', 'ations', 'with', 'the', 'third', 'lar@@', 'ges@@', 't', 'economic', 'rel@@', 'ations', 'with', 'the', 'third', 'lar@@', 'ges@@', 't', 'economic', 'n@@', 'ation', 'of', 'the', 'world', '.', '</s>']
2026-05-09 03:47:33,607 - INFO - joeynmt.training - 	Source:     Herr Modi befindet sich auf einer fünftägigen Reise nach Japan , um die wirtschaftlichen Beziehungen mit der drittgrößten Wirtschaftsnation der Welt zu festigen .
2026-05-09 03:47:33,607 - INFO - joeynmt.training - 	Reference:  Mr Modi is on a five @-@ day trip to Japan to strengthen economic ties with the third largest economy in the world .
2026-05-09 03:47:33,607 - INFO - joeynmt.training - 	Hypothesis: Mr Modi is located on a fifty travel to Japan to the economic relations with the third largest economic relations with the third largest economic nation of the world .
2026-05-09 03:47:33,607 - INFO - joeynmt.training - Example #3
2026-05-09 03:47:33,607 - DEBUG - joeynmt.training - 	Tokenized source:     ['P@@', 'län@@', 'e', 'für', 'eine', 'stärk@@', 'ere', 'k@@', 'ern@@', 'techn@@', 'ische', 'Zusammenarbeit', 'stehen', 'ganz', 'ob@@', 'en', 'auf', 'der', 'Tag@@', 'es@@', 'ordnung', '.']
2026-05-09 03:47:33,607 - DEBUG - joeynmt.training - 	Tokenized reference:  ['high', 'on', 'the', 'agen@@', 'da', 'are', 'pl@@', 'ans', 'for', 'gre@@', 'ater', 'nu@@', 'clear', 'c@@', 'o', '@@@', '-@@', '@', 'operation', '.']
2026-05-09 03:47:33,607 - DEBUG - joeynmt.training - 	Tokenized hypothesis: ['pl@@', 'ans', 'for', 'gre@@', 'ater', 'techn@@', 'ical', 'cooperation', 'are', 'qu@@', 'ite', 'ob@@', 'ser@@', 'ving', 'on', 'the', 'agen@@', 'da', '.', '</s>']
2026-05-09 03:47:33,607 - INFO - joeynmt.training - 	Source:     Pläne für eine stärkere kerntechnische Zusammenarbeit stehen ganz oben auf der Tagesordnung .
2026-05-09 03:47:33,607 - INFO - joeynmt.training - 	Reference:  high on the agenda are plans for greater nuclear co @-@ operation .
2026-05-09 03:47:33,607 - INFO - joeynmt.training - 	Hypothesis: plans for greater technical cooperation are quite observing on the agenda .
2026-05-09 03:47:33,607 - INFO - joeynmt.training - Example #4
2026-05-09 03:47:33,607 - DEBUG - joeynmt.training - 	Tokenized source:     ['Berich@@', 'ten', 'zu@@', 'fol@@', 'ge', 'ho@@', 'fft', 'Indi@@', 'en', 'darüber', 'hinaus', 'auf', 'einen', 'Ver@@', 'trag', 'zur', 'Ver@@', 'tei@@', 'dig@@', 'ungs@@', 'zusammen@@', 'arbeit', 'zwischen', 'den', 'beiden', 'N@@', 'ationen', '.']
2026-05-09 03:47:33,607 - DEBUG - joeynmt.training - 	Tokenized reference:  ['Indi@@', 'a', 'is', 'also', 're@@', 'porte@@', 'dly', 'hop@@', 'ing', 'for', 'a', 'de@@', 'al', 'on', 'def@@', 'ence', 'c@@', 'oll@@', 'ab@@', 'or@@', 'ation', 'between', 'the', 'two', 'n@@', 'ations', '.']
2026-05-09 03:47:33,607 - DEBUG - joeynmt.training - 	Tokenized hypothesis: ['the', 'following', 're@@', 'ports', 'of', 'the', 'Indi@@', 'a', '&apos;s', 'con@@', 'tra@@', 'ct', 'on', 'a', 'con@@', 'tra@@', 'ct', 'on', 'the', 'def@@', 'ence', 'cooperation', 'between', 'the', 'two', 'n@@', 'ations', '.', '</s>']
2026-05-09 03:47:33,607 - INFO - joeynmt.training - 	Source:     Berichten zufolge hofft Indien darüber hinaus auf einen Vertrag zur Verteidigungszusammenarbeit zwischen den beiden Nationen .
2026-05-09 03:47:33,607 - INFO - joeynmt.training - 	Reference:  India is also reportedly hoping for a deal on defence collaboration between the two nations .
2026-05-09 03:47:33,607 - INFO - joeynmt.training - 	Hypothesis: the following reports of the India &apos;s contract on a contract on the defence cooperation between the two nations .
2026-05-09 03:47:49,785 - INFO - joeynmt.training - Epoch   8, Step:    30100, Batch Loss:     1.934628, Batch Acc: 0.537305, Tokens per Sec:     5710, Lr: 0.000300
2026-05-09 03:48:05,870 - INFO - joeynmt.training - Epoch   8, Step:    30200, Batch Loss:     1.733458, Batch Acc: 0.538057, Tokens per Sec:     5692, Lr: 0.000300
2026-05-09 03:48:22,194 - INFO - joeynmt.training - Epoch   8, Step:    30300, Batch Loss:     1.666914, Batch Acc: 0.534121, Tokens per Sec:     5602, Lr: 0.000300
2026-05-09 03:48:38,480 - INFO - joeynmt.training - Epoch   8, Step:    30400, Batch Loss:     1.741237, Batch Acc: 0.539566, Tokens per Sec:     5688, Lr: 0.000300
2026-05-09 03:48:54,759 - INFO - joeynmt.training - Epoch   8, Step:    30500, Batch Loss:     1.851171, Batch Acc: 0.533716, Tokens per Sec:     5710, Lr: 0.000300
2026-05-09 03:48:54,760 - INFO - joeynmt.prediction - Predicting 500 example(s)... (Greedy decoding with min_output_length=1, max_output_length=-1, return_prob='none', generate_unk=True, repetition_penalty=-1, no_repeat_ngram_size=-1)
2026-05-09 03:49:22,598 - INFO - joeynmt.prediction - Evaluation result (greedy) loss:   2.12, ppl:   8.31, acc:   0.46, generation: 27.8334[sec], evaluation: 0.0000[sec]
2026-05-09 03:49:22,599 - INFO - joeynmt.training - Hooray! New best validation result [ppl]!
2026-05-09 03:49:22,687 - INFO - joeynmt.helpers - delete models/deen_transformer_regular/28000.ckpt
2026-05-09 03:49:22,691 - INFO - joeynmt.training - Example #0
2026-05-09 03:49:22,691 - DEBUG - joeynmt.training - 	Tokenized source:     ['die', 'Pre@@', 'mi@@', 'er@@', 'minist@@', 'er', 'Indi@@', 'ens', 'und', 'J@@', 'ap@@', 'ans', 'tra@@', 'fen', 'sich', 'in', 'T@@', 'ok@@', 'i@@', 'o', '.']
2026-05-09 03:49:22,691 - DEBUG - joeynmt.training - 	Tokenized reference:  ['Indi@@', 'a', 'and', 'J@@', 'ap@@', 'an', 'pri@@', 'me', 'minist@@', 'ers', 'me@@', 'et', 'in', 'T@@', 'ok@@', 'y@@', 'o']
2026-05-09 03:49:22,691 - DEBUG - joeynmt.training - 	Tokenized hypothesis: ['the', 'Pri@@', 'me', 'Minist@@', 'er', 'Indi@@', 'a', 'and', 'J@@', 'ap@@', 'an', ',', 'T@@', 'ok@@', 'y@@', 'o', '.', '</s>']
2026-05-09 03:49:22,691 - INFO - joeynmt.training - 	Source:     die Premierminister Indiens und Japans trafen sich in Tokio .
2026-05-09 03:49:22,691 - INFO - joeynmt.training - 	Reference:  India and Japan prime ministers meet in Tokyo
2026-05-09 03:49:22,691 - INFO - joeynmt.training - 	Hypothesis: the Prime Minister India and Japan , Tokyo .
2026-05-09 03:49:22,691 - INFO - joeynmt.training - Example #1
2026-05-09 03:49:22,691 - DEBUG - joeynmt.training - 	Tokenized source:     ['Indi@@', 'ens', 'neu@@', 'er', 'Pre@@', 'mi@@', 'er@@', 'minist@@', 'er', 'N@@', 'ar@@', 'end@@', 'ra', 'Mo@@', 'd@@', 'i', 'tri@@', 'fft', 'bei', 's@@', 'einem', 'ersten', 'wichti@@', 'gen', 'Aus@@', 'land@@', 's@@', 'bes@@', 'u@@', 'ch', 'seit', 's@@', 'einem', 'W@@', 'ah@@', 'l@@', 'si@@', 'e@@', 'g', 'im', 'Ma@@', 'i', 'seinen', 'j@@', 'ap@@', 'an@@', 'ischen', 'Am@@', 'ts@@', 'k@@', 'olle@@', 'gen', 'S@@', 'hin@@', 'z@@', 'o', 'A@@', 'be', 'in', 'T@@', 'ok@@', 'o', ',', 'um', 'wirtschaf@@', 'tliche', 'und', 'sicher@@', 'heits@@', 'politische', 'Be@@', 'zieh@@', 'ungen', 'zu', 'bes@@', 'pre@@', 'chen', '.']
2026-05-09 03:49:22,691 - DEBUG - joeynmt.training - 	Tokenized reference:  ['Indi@@', 'a', '&apos;s', 'new', 'pri@@', 'me', 'minist@@', 'er', ',', 'N@@', 'ar@@', 'end@@', 'ra', 'Mo@@', 'd@@', 'i', ',', 'is', 'me@@', 'eting', 'his', 'J@@', 'ap@@', 'an@@', 'ese', 'coun@@', 'ter@@', 'part', ',', 'S@@', 'hin@@', 'z@@', 'o', 'A@@', 'be', ',', 'in', 'T@@', 'ok@@', 'y@@', 'o', 'to', 'disc@@', 'uss', 'economic', 'and', 'security', 'ties', ',', 'on', 'his', 'first', 'major', 'fore@@', 'ign', 'visi@@', 't', 'since', 'w@@', 'inn@@', 'ing', 'Ma@@', 'y', '&apos;s', 'elec@@', 'tion', '.']
2026-05-09 03:49:22,691 - DEBUG - joeynmt.training - 	Tokenized hypothesis: ['Indi@@', 'a', '&apos;s', 'new', 'pri@@', 'me', 'minist@@', 'er', 'N@@', 'ar@@', 'end@@', 'ra', 'Mo@@', 'd@@', 'i', 'is', 'a', 'first', 'important', 'ex@@', 'tern@@', 'al', 'land@@', 's@@', 'visi@@', 't', 'since', 'his', 'his', 'elec@@', 't@@', 'or@@', 'al', ',', 'since', 'his', 'he', 'was', 'his', 'work', 'in', 'Ma@@', 'y', ',', 'S@@', 'hin@@', 'z@@', 'o', 'A@@', 'be', 'in', 'T@@', 'ok@@', 'o', ',', 'to', 're@@', 'duce', 'economic', 'and', 'security', 'rel@@', 'ations', '.', '</s>']
2026-05-09 03:49:22,692 - INFO - joeynmt.training - 	Source:     Indiens neuer Premierminister Narendra Modi trifft bei seinem ersten wichtigen Auslandsbesuch seit seinem Wahlsieg im Mai seinen japanischen Amtskollegen Shinzo Abe in Toko , um wirtschaftliche und sicherheitspolitische Beziehungen zu besprechen .
2026-05-09 03:49:22,692 - INFO - joeynmt.training - 	Reference:  India &apos;s new prime minister , Narendra Modi , is meeting his Japanese counterpart , Shinzo Abe , in Tokyo to discuss economic and security ties , on his first major foreign visit since winning May &apos;s election .
2026-05-09 03:49:22,692 - INFO - joeynmt.training - 	Hypothesis: India &apos;s new prime minister Narendra Modi is a first important external landsvisit since his his electoral , since his he was his work in May , Shinzo Abe in Toko , to reduce economic and security relations .
2026-05-09 03:49:22,692 - INFO - joeynmt.training - Example #2
2026-05-09 03:49:22,692 - DEBUG - joeynmt.training - 	Tokenized source:     ['Herr', 'Mo@@', 'd@@', 'i', 'befindet', 'sich', 'auf', 'einer', 'fü@@', 'n@@', 'f@@', 'tä@@', 'gi@@', 'gen', 'Rei@@', 'se', 'nach', 'J@@', 'ap@@', 'an', ',', 'um', 'die', 'wirtschaf@@', 'tlichen', 'Be@@', 'zieh@@', 'ungen', 'mit', 'der', 'd@@', 'rit@@', 't@@', 'größ@@', 'ten', 'Wirtschafts@@', 'n@@', 'ation', 'der', 'Welt', 'zu', 'fes@@', 'tigen', '.']
2026-05-09 03:49:22,692 - DEBUG - joeynmt.training - 	Tokenized reference:  ['Mr', 'Mo@@', 'd@@', 'i', 'is', 'on', 'a', 'fi@@', 've', '@@@', '-@@', '@', 'day', 'tri@@', 'p', 'to', 'J@@', 'ap@@', 'an', 'to', 'streng@@', 'then', 'economic', 'ties', 'with', 'the', 'third', 'lar@@', 'ges@@', 't', 'econom@@', 'y', 'in', 'the', 'world', '.']
2026-05-09 03:49:22,692 - DEBUG - joeynmt.training - 	Tokenized hypothesis: ['Mr', 'Mo@@', 'd@@', 'i', 'is', 'located', 'on', 'a', 'fi@@', 'f@@', 'th', 'day', 'of', 'J@@', 'ap@@', 'an', 'to', 'J@@', 'ap@@', 'an', 'to', 'J@@', 'ap@@', 'an', 'to', 'the', 'economic', 'rel@@', 'ations', 'with', 'the', 'third', 'lar@@', 'ges@@', 't', 'econom@@', 'ies', 'with', 'the', 'world', '.', '</s>']
2026-05-09 03:49:22,692 - INFO - joeynmt.training - 	Source:     Herr Modi befindet sich auf einer fünftägigen Reise nach Japan , um die wirtschaftlichen Beziehungen mit der drittgrößten Wirtschaftsnation der Welt zu festigen .
2026-05-09 03:49:22,692 - INFO - joeynmt.training - 	Reference:  Mr Modi is on a five @-@ day trip to Japan to strengthen economic ties with the third largest economy in the world .
2026-05-09 03:49:22,692 - INFO - joeynmt.training - 	Hypothesis: Mr Modi is located on a fifth day of Japan to Japan to Japan to the economic relations with the third largest economies with the world .
2026-05-09 03:49:22,692 - INFO - joeynmt.training - Example #3
2026-05-09 03:49:22,692 - DEBUG - joeynmt.training - 	Tokenized source:     ['P@@', 'län@@', 'e', 'für', 'eine', 'stärk@@', 'ere', 'k@@', 'ern@@', 'techn@@', 'ische', 'Zusammenarbeit', 'stehen', 'ganz', 'ob@@', 'en', 'auf', 'der', 'Tag@@', 'es@@', 'ordnung', '.']
2026-05-09 03:49:22,692 - DEBUG - joeynmt.training - 	Tokenized reference:  ['high', 'on', 'the', 'agen@@', 'da', 'are', 'pl@@', 'ans', 'for', 'gre@@', 'ater', 'nu@@', 'clear', 'c@@', 'o', '@@@', '-@@', '@', 'operation', '.']
2026-05-09 03:49:22,692 - DEBUG - joeynmt.training - 	Tokenized hypothesis: ['pl@@', 'ans', 'for', 'more', 'more', 'clear', 'techn@@', 'ical', 'cooperation', 'are', 'in', 'the', 'agen@@', 'da', '.', '</s>']
2026-05-09 03:49:22,692 - INFO - joeynmt.training - 	Source:     Pläne für eine stärkere kerntechnische Zusammenarbeit stehen ganz oben auf der Tagesordnung .
2026-05-09 03:49:22,692 - INFO - joeynmt.training - 	Reference:  high on the agenda are plans for greater nuclear co @-@ operation .
2026-05-09 03:49:22,692 - INFO - joeynmt.training - 	Hypothesis: plans for more more clear technical cooperation are in the agenda .
2026-05-09 03:49:22,692 - INFO - joeynmt.training - Example #4
2026-05-09 03:49:22,692 - DEBUG - joeynmt.training - 	Tokenized source:     ['Berich@@', 'ten', 'zu@@', 'fol@@', 'ge', 'ho@@', 'fft', 'Indi@@', 'en', 'darüber', 'hinaus', 'auf', 'einen', 'Ver@@', 'trag', 'zur', 'Ver@@', 'tei@@', 'dig@@', 'ungs@@', 'zusammen@@', 'arbeit', 'zwischen', 'den', 'beiden', 'N@@', 'ationen', '.']
2026-05-09 03:49:22,692 - DEBUG - joeynmt.training - 	Tokenized reference:  ['Indi@@', 'a', 'is', 'also', 're@@', 'porte@@', 'dly', 'hop@@', 'ing', 'for', 'a', 'de@@', 'al', 'on', 'def@@', 'ence', 'c@@', 'oll@@', 'ab@@', 'or@@', 'ation', 'between', 'the', 'two', 'n@@', 'ations', '.']
2026-05-09 03:49:22,692 - DEBUG - joeynmt.training - 	Tokenized hypothesis: ['the', 're@@', 'ports', 'of', 'the', 'two', 'n@@', 'ations', 'of', 'the', 'same', 're@@', 'ports', 'on', 'a', 'tre@@', 'aty', 'on', 'the', 'part', 'of', 'the', 'two', 'n@@', 'ations', '.', '</s>']
2026-05-09 03:49:22,692 - INFO - joeynmt.training - 	Source:     Berichten zufolge hofft Indien darüber hinaus auf einen Vertrag zur Verteidigungszusammenarbeit zwischen den beiden Nationen .
2026-05-09 03:49:22,692 - INFO - joeynmt.training - 	Reference:  India is also reportedly hoping for a deal on defence collaboration between the two nations .
2026-05-09 03:49:22,692 - INFO - joeynmt.training - 	Hypothesis: the reports of the two nations of the same reports on a treaty on the part of the two nations .
2026-05-09 03:49:38,659 - INFO - joeynmt.training - Epoch   8, Step:    30600, Batch Loss:     1.550886, Batch Acc: 0.531624, Tokens per Sec:     5727, Lr: 0.000300
2026-05-09 03:49:54,721 - INFO - joeynmt.training - Epoch   8, Step:    30700, Batch Loss:     1.617757, Batch Acc: 0.525368, Tokens per Sec:     5736, Lr: 0.000300
2026-05-09 03:50:10,815 - INFO - joeynmt.training - Epoch   8, Step:    30800, Batch Loss:     1.742378, Batch Acc: 0.531639, Tokens per Sec:     5701, Lr: 0.000300
2026-05-09 03:50:27,014 - INFO - joeynmt.training - Epoch   8, Step:    30900, Batch Loss:     1.584522, Batch Acc: 0.533152, Tokens per Sec:     5637, Lr: 0.000300
2026-05-09 03:50:43,425 - INFO - joeynmt.training - Epoch   8, Step:    31000, Batch Loss:     1.610947, Batch Acc: 0.538025, Tokens per Sec:     5638, Lr: 0.000300
2026-05-09 03:50:43,426 - INFO - joeynmt.prediction - Predicting 500 example(s)... (Greedy decoding with min_output_length=1, max_output_length=-1, return_prob='none', generate_unk=True, repetition_penalty=-1, no_repeat_ngram_size=-1)
2026-05-09 03:51:14,710 - INFO - joeynmt.prediction - Evaluation result (greedy) loss:   2.11, ppl:   8.29, acc:   0.46, generation: 31.2799[sec], evaluation: 0.0000[sec]
2026-05-09 03:51:14,712 - INFO - joeynmt.training - Hooray! New best validation result [ppl]!
2026-05-09 03:51:14,797 - INFO - joeynmt.helpers - delete models/deen_transformer_regular/29500.ckpt
2026-05-09 03:51:14,801 - INFO - joeynmt.training - Example #0
2026-05-09 03:51:14,801 - DEBUG - joeynmt.training - 	Tokenized source:     ['die', 'Pre@@', 'mi@@', 'er@@', 'minist@@', 'er', 'Indi@@', 'ens', 'und', 'J@@', 'ap@@', 'ans', 'tra@@', 'fen', 'sich', 'in', 'T@@', 'ok@@', 'i@@', 'o', '.']
2026-05-09 03:51:14,801 - DEBUG - joeynmt.training - 	Tokenized reference:  ['Indi@@', 'a', 'and', 'J@@', 'ap@@', 'an', 'pri@@', 'me', 'minist@@', 'ers', 'me@@', 'et', 'in', 'T@@', 'ok@@', 'y@@', 'o']
2026-05-09 03:51:14,801 - DEBUG - joeynmt.training - 	Tokenized hypothesis: ['the', 'Pri@@', 'me', 'Minist@@', 'er', 'Indi@@', 'a', 'and', 'J@@', 'ap@@', 'an', ',', 'J@@', 'ap@@', 'an', '.', '</s>']
2026-05-09 03:51:14,801 - INFO - joeynmt.training - 	Source:     die Premierminister Indiens und Japans trafen sich in Tokio .
2026-05-09 03:51:14,801 - INFO - joeynmt.training - 	Reference:  India and Japan prime ministers meet in Tokyo
2026-05-09 03:51:14,801 - INFO - joeynmt.training - 	Hypothesis: the Prime Minister India and Japan , Japan .
2026-05-09 03:51:14,801 - INFO - joeynmt.training - Example #1
2026-05-09 03:51:14,801 - DEBUG - joeynmt.training - 	Tokenized source:     ['Indi@@', 'ens', 'neu@@', 'er', 'Pre@@', 'mi@@', 'er@@', 'minist@@', 'er', 'N@@', 'ar@@', 'end@@', 'ra', 'Mo@@', 'd@@', 'i', 'tri@@', 'fft', 'bei', 's@@', 'einem', 'ersten', 'wichti@@', 'gen', 'Aus@@', 'land@@', 's@@', 'bes@@', 'u@@', 'ch', 'seit', 's@@', 'einem', 'W@@', 'ah@@', 'l@@', 'si@@', 'e@@', 'g', 'im', 'Ma@@', 'i', 'seinen', 'j@@', 'ap@@', 'an@@', 'ischen', 'Am@@', 'ts@@', 'k@@', 'olle@@', 'gen', 'S@@', 'hin@@', 'z@@', 'o', 'A@@', 'be', 'in', 'T@@', 'ok@@', 'o', ',', 'um', 'wirtschaf@@', 'tliche', 'und', 'sicher@@', 'heits@@', 'politische', 'Be@@', 'zieh@@', 'ungen', 'zu', 'bes@@', 'pre@@', 'chen', '.']
2026-05-09 03:51:14,802 - DEBUG - joeynmt.training - 	Tokenized reference:  ['Indi@@', 'a', '&apos;s', 'new', 'pri@@', 'me', 'minist@@', 'er', ',', 'N@@', 'ar@@', 'end@@', 'ra', 'Mo@@', 'd@@', 'i', ',', 'is', 'me@@', 'eting', 'his', 'J@@', 'ap@@', 'an@@', 'ese', 'coun@@', 'ter@@', 'part', ',', 'S@@', 'hin@@', 'z@@', 'o', 'A@@', 'be', ',', 'in', 'T@@', 'ok@@', 'y@@', 'o', 'to', 'disc@@', 'uss', 'economic', 'and', 'security', 'ties', ',', 'on', 'his', 'first', 'major', 'fore@@', 'ign', 'visi@@', 't', 'since', 'w@@', 'inn@@', 'ing', 'Ma@@', 'y', '&apos;s', 'elec@@', 'tion', '.']
2026-05-09 03:51:14,802 - DEBUG - joeynmt.training - 	Tokenized hypothesis: ['Indi@@', 'a', '&apos;s', 'lat@@', 'est', 'minist@@', 'er', ',', 'in', 'the', 'M@@', 'ar@@', 'end@@', 'ra', 'Mo@@', 'd@@', 'i', '&apos;s', 'first', 'important', 'ex@@', 'tern@@', 'al', 'land@@', 's@@', 'ets', ',', 'since', 'his', 'first', 'important', 'ex@@', 'tern@@', 'al', 'land@@', 's@@', 'ets', ',', 'in', 'the', 'Ma@@', 'y', 'of', 'his', 'J@@', 'ap@@', 'an@@', 'ese', 'colle@@', 'ag@@', 'ue', 'S@@', 'hin@@', 'z@@', 'o', 'A@@', 'be', 'in', 'T@@', 'ok@@', 'o', ',', 'to', 'pre@@', 'v@@', 'ent', 'economic', 'and', 'saf@@', 'ety', 'policy', 'rel@@', 'ations', '.', '</s>']
2026-05-09 03:51:14,802 - INFO - joeynmt.training - 	Source:     Indiens neuer Premierminister Narendra Modi trifft bei seinem ersten wichtigen Auslandsbesuch seit seinem Wahlsieg im Mai seinen japanischen Amtskollegen Shinzo Abe in Toko , um wirtschaftliche und sicherheitspolitische Beziehungen zu besprechen .
2026-05-09 03:51:14,802 - INFO - joeynmt.training - 	Reference:  India &apos;s new prime minister , Narendra Modi , is meeting his Japanese counterpart , Shinzo Abe , in Tokyo to discuss economic and security ties , on his first major foreign visit since winning May &apos;s election .
2026-05-09 03:51:14,802 - INFO - joeynmt.training - 	Hypothesis: India &apos;s latest minister , in the Marendra Modi &apos;s first important external landsets , since his first important external landsets , in the May of his Japanese colleague Shinzo Abe in Toko , to prevent economic and safety policy relations .
2026-05-09 03:51:14,802 - INFO - joeynmt.training - Example #2
2026-05-09 03:51:14,802 - DEBUG - joeynmt.training - 	Tokenized source:     ['Herr', 'Mo@@', 'd@@', 'i', 'befindet', 'sich', 'auf', 'einer', 'fü@@', 'n@@', 'f@@', 'tä@@', 'gi@@', 'gen', 'Rei@@', 'se', 'nach', 'J@@', 'ap@@', 'an', ',', 'um', 'die', 'wirtschaf@@', 'tlichen', 'Be@@', 'zieh@@', 'ungen', 'mit', 'der', 'd@@', 'rit@@', 't@@', 'größ@@', 'ten', 'Wirtschafts@@', 'n@@', 'ation', 'der', 'Welt', 'zu', 'fes@@', 'tigen', '.']
2026-05-09 03:51:14,802 - DEBUG - joeynmt.training - 	Tokenized reference:  ['Mr', 'Mo@@', 'd@@', 'i', 'is', 'on', 'a', 'fi@@', 've', '@@@', '-@@', '@', 'day', 'tri@@', 'p', 'to', 'J@@', 'ap@@', 'an', 'to', 'streng@@', 'then', 'economic', 'ties', 'with', 'the', 'third', 'lar@@', 'ges@@', 't', 'econom@@', 'y', 'in', 'the', 'world', '.']
2026-05-09 03:51:14,802 - DEBUG - joeynmt.training - 	Tokenized hypothesis: ['Mr', 'Mo@@', 'd@@', 'i', 'is', 'located', 'on', 'a', 'fi@@', 've', 'day', 'of', 'J@@', 'ap@@', 'an', ',', 'to', 'the', 'economic', 'rel@@', 'ations', 'with', 'the', 'third', 'lar@@', 'ges@@', 't', 'economic', 'rel@@', 'ations', 'with', 'the', 'third', 'lar@@', 'ges@@', 't', 'economic', 'n@@', 'ation', 'of', 'the', 'world', '.', '</s>']
2026-05-09 03:51:14,802 - INFO - joeynmt.training - 	Source:     Herr Modi befindet sich auf einer fünftägigen Reise nach Japan , um die wirtschaftlichen Beziehungen mit der drittgrößten Wirtschaftsnation der Welt zu festigen .
2026-05-09 03:51:14,802 - INFO - joeynmt.training - 	Reference:  Mr Modi is on a five @-@ day trip to Japan to strengthen economic ties with the third largest economy in the world .
2026-05-09 03:51:14,802 - INFO - joeynmt.training - 	Hypothesis: Mr Modi is located on a five day of Japan , to the economic relations with the third largest economic relations with the third largest economic nation of the world .
2026-05-09 03:51:14,802 - INFO - joeynmt.training - Example #3
2026-05-09 03:51:14,802 - DEBUG - joeynmt.training - 	Tokenized source:     ['P@@', 'län@@', 'e', 'für', 'eine', 'stärk@@', 'ere', 'k@@', 'ern@@', 'techn@@', 'ische', 'Zusammenarbeit', 'stehen', 'ganz', 'ob@@', 'en', 'auf', 'der', 'Tag@@', 'es@@', 'ordnung', '.']
2026-05-09 03:51:14,802 - DEBUG - joeynmt.training - 	Tokenized reference:  ['high', 'on', 'the', 'agen@@', 'da', 'are', 'pl@@', 'ans', 'for', 'gre@@', 'ater', 'nu@@', 'clear', 'c@@', 'o', '@@@', '-@@', '@', 'operation', '.']
2026-05-09 03:51:14,802 - DEBUG - joeynmt.training - 	Tokenized hypothesis: ['pl@@', 'ans', 'for', 'a', 'str@@', 'on@@', 'ger', 'techn@@', 'ical', 'cooperation', 'are', 'very', 'close', 'to', 'the', 'agen@@', 'da', '.', '</s>']
2026-05-09 03:51:14,802 - INFO - joeynmt.training - 	Source:     Pläne für eine stärkere kerntechnische Zusammenarbeit stehen ganz oben auf der Tagesordnung .
2026-05-09 03:51:14,802 - INFO - joeynmt.training - 	Reference:  high on the agenda are plans for greater nuclear co @-@ operation .
2026-05-09 03:51:14,802 - INFO - joeynmt.training - 	Hypothesis: plans for a stronger technical cooperation are very close to the agenda .
2026-05-09 03:51:14,802 - INFO - joeynmt.training - Example #4
2026-05-09 03:51:14,802 - DEBUG - joeynmt.training - 	Tokenized source:     ['Berich@@', 'ten', 'zu@@', 'fol@@', 'ge', 'ho@@', 'fft', 'Indi@@', 'en', 'darüber', 'hinaus', 'auf', 'einen', 'Ver@@', 'trag', 'zur', 'Ver@@', 'tei@@', 'dig@@', 'ungs@@', 'zusammen@@', 'arbeit', 'zwischen', 'den', 'beiden', 'N@@', 'ationen', '.']
2026-05-09 03:51:14,802 - DEBUG - joeynmt.training - 	Tokenized reference:  ['Indi@@', 'a', 'is', 'also', 're@@', 'porte@@', 'dly', 'hop@@', 'ing', 'for', 'a', 'de@@', 'al', 'on', 'def@@', 'ence', 'c@@', 'oll@@', 'ab@@', 'or@@', 'ation', 'between', 'the', 'two', 'n@@', 'ations', '.']
2026-05-09 03:51:14,802 - DEBUG - joeynmt.training - 	Tokenized hypothesis: ['the', 're@@', 'ports', 'of', 'the', 'same', 're@@', 'ports', ',', 'Indi@@', 'a', '&apos;s', 'con@@', 'tra@@', 'ct', 'on', 'the', 'con@@', 'tra@@', 'ct', 'cooperation', 'between', 'the', 'two', 'n@@', 'ations', '.', '</s>']
2026-05-09 03:51:14,802 - INFO - joeynmt.training - 	Source:     Berichten zufolge hofft Indien darüber hinaus auf einen Vertrag zur Verteidigungszusammenarbeit zwischen den beiden Nationen .
2026-05-09 03:51:14,802 - INFO - joeynmt.training - 	Reference:  India is also reportedly hoping for a deal on defence collaboration between the two nations .
2026-05-09 03:51:14,802 - INFO - joeynmt.training - 	Hypothesis: the reports of the same reports , India &apos;s contract on the contract cooperation between the two nations .
2026-05-09 03:51:30,967 - INFO - joeynmt.training - Epoch   8, Step:    31100, Batch Loss:     1.732792, Batch Acc: 0.531901, Tokens per Sec:     5749, Lr: 0.000300
2026-05-09 03:51:47,051 - INFO - joeynmt.training - Epoch   8, Step:    31200, Batch Loss:     1.997996, Batch Acc: 0.534277, Tokens per Sec:     5682, Lr: 0.000300
2026-05-09 03:52:03,216 - INFO - joeynmt.training - Epoch   8, Step:    31300, Batch Loss:     1.927269, Batch Acc: 0.525566, Tokens per Sec:     5534, Lr: 0.000300
2026-05-09 03:52:19,349 - INFO - joeynmt.training - Epoch   8, Step:    31400, Batch Loss:     1.646408, Batch Acc: 0.534360, Tokens per Sec:     5679, Lr: 0.000300
2026-05-09 03:52:35,710 - INFO - joeynmt.training - Epoch   8, Step:    31500, Batch Loss:     1.832246, Batch Acc: 0.526868, Tokens per Sec:     5640, Lr: 0.000300
2026-05-09 03:52:35,711 - INFO - joeynmt.prediction - Predicting 500 example(s)... (Greedy decoding with min_output_length=1, max_output_length=-1, return_prob='none', generate_unk=True, repetition_penalty=-1, no_repeat_ngram_size=-1)
2026-05-09 03:52:58,291 - INFO - joeynmt.prediction - Evaluation result (greedy) loss:   2.12, ppl:   8.29, acc:   0.46, generation: 22.5756[sec], evaluation: 0.0000[sec]
2026-05-09 03:52:58,382 - INFO - joeynmt.helpers - delete models/deen_transformer_regular/29000.ckpt
2026-05-09 03:52:58,385 - INFO - joeynmt.training - Example #0
2026-05-09 03:52:58,385 - DEBUG - joeynmt.training - 	Tokenized source:     ['die', 'Pre@@', 'mi@@', 'er@@', 'minist@@', 'er', 'Indi@@', 'ens', 'und', 'J@@', 'ap@@', 'ans', 'tra@@', 'fen', 'sich', 'in', 'T@@', 'ok@@', 'i@@', 'o', '.']
2026-05-09 03:52:58,385 - DEBUG - joeynmt.training - 	Tokenized reference:  ['Indi@@', 'a', 'and', 'J@@', 'ap@@', 'an', 'pri@@', 'me', 'minist@@', 'ers', 'me@@', 'et', 'in', 'T@@', 'ok@@', 'y@@', 'o']
2026-05-09 03:52:58,385 - DEBUG - joeynmt.training - 	Tokenized hypothesis: ['the', 'Pri@@', 'me', 'Minist@@', 'er', 'Indi@@', 'a', 'and', 'J@@', 'ap@@', 'an', '.', '</s>']
2026-05-09 03:52:58,385 - INFO - joeynmt.training - 	Source:     die Premierminister Indiens und Japans trafen sich in Tokio .
2026-05-09 03:52:58,385 - INFO - joeynmt.training - 	Reference:  India and Japan prime ministers meet in Tokyo
2026-05-09 03:52:58,385 - INFO - joeynmt.training - 	Hypothesis: the Prime Minister India and Japan .
2026-05-09 03:52:58,385 - INFO - joeynmt.training - Example #1
2026-05-09 03:52:58,385 - DEBUG - joeynmt.training - 	Tokenized source:     ['Indi@@', 'ens', 'neu@@', 'er', 'Pre@@', 'mi@@', 'er@@', 'minist@@', 'er', 'N@@', 'ar@@', 'end@@', 'ra', 'Mo@@', 'd@@', 'i', 'tri@@', 'fft', 'bei', 's@@', 'einem', 'ersten', 'wichti@@', 'gen', 'Aus@@', 'land@@', 's@@', 'bes@@', 'u@@', 'ch', 'seit', 's@@', 'einem', 'W@@', 'ah@@', 'l@@', 'si@@', 'e@@', 'g', 'im', 'Ma@@', 'i', 'seinen', 'j@@', 'ap@@', 'an@@', 'ischen', 'Am@@', 'ts@@', 'k@@', 'olle@@', 'gen', 'S@@', 'hin@@', 'z@@', 'o', 'A@@', 'be', 'in', 'T@@', 'ok@@', 'o', ',', 'um', 'wirtschaf@@', 'tliche', 'und', 'sicher@@', 'heits@@', 'politische', 'Be@@', 'zieh@@', 'ungen', 'zu', 'bes@@', 'pre@@', 'chen', '.']
2026-05-09 03:52:58,385 - DEBUG - joeynmt.training - 	Tokenized reference:  ['Indi@@', 'a', '&apos;s', 'new', 'pri@@', 'me', 'minist@@', 'er', ',', 'N@@', 'ar@@', 'end@@', 'ra', 'Mo@@', 'd@@', 'i', ',', 'is', 'me@@', 'eting', 'his', 'J@@', 'ap@@', 'an@@', 'ese', 'coun@@', 'ter@@', 'part', ',', 'S@@', 'hin@@', 'z@@', 'o', 'A@@', 'be', ',', 'in', 'T@@', 'ok@@', 'y@@', 'o', 'to', 'disc@@', 'uss', 'economic', 'and', 'security', 'ties', ',', 'on', 'his', 'first', 'major', 'fore@@', 'ign', 'visi@@', 't', 'since', 'w@@', 'inn@@', 'ing', 'Ma@@', 'y', '&apos;s', 'elec@@', 'tion', '.']
2026-05-09 03:52:58,385 - DEBUG - joeynmt.training - 	Tokenized hypothesis: ['Indi@@', 'a', '&apos;s', 'lat@@', 'est', 'pri@@', 'me', 'minist@@', 'er', 'N@@', 'ar@@', 'end@@', 'ra', 'Mo@@', 'd@@', 'i', 'is', 'a', 'first', 'important', 'ch@@', 'allen@@', 'ge', 'for', 'his', 'first', 'important', 'ex@@', 'tern@@', 'al', 'land@@', 's@@', 'ets', 'for', 'his', 'first', 'year', 'in', 'Ma@@', 'y', ',', 'S@@', 'hin@@', 'z@@', 'o', 'A@@', 'be', 'in', 'T@@', 'ok@@', 'o', 'A@@', 'be', 'in', 'T@@', 'ok@@', 'o', ',', 'to', 'pre@@', 'v@@', 'ent', 'economic', 'and', 'saf@@', 'ety', 'rel@@', 'ations', '.', '</s>']
2026-05-09 03:52:58,386 - INFO - joeynmt.training - 	Source:     Indiens neuer Premierminister Narendra Modi trifft bei seinem ersten wichtigen Auslandsbesuch seit seinem Wahlsieg im Mai seinen japanischen Amtskollegen Shinzo Abe in Toko , um wirtschaftliche und sicherheitspolitische Beziehungen zu besprechen .
2026-05-09 03:52:58,386 - INFO - joeynmt.training - 	Reference:  India &apos;s new prime minister , Narendra Modi , is meeting his Japanese counterpart , Shinzo Abe , in Tokyo to discuss economic and security ties , on his first major foreign visit since winning May &apos;s election .
2026-05-09 03:52:58,386 - INFO - joeynmt.training - 	Hypothesis: India &apos;s latest prime minister Narendra Modi is a first important challenge for his first important external landsets for his first year in May , Shinzo Abe in Toko Abe in Toko , to prevent economic and safety relations .
2026-05-09 03:52:58,386 - INFO - joeynmt.training - Example #2
2026-05-09 03:52:58,386 - DEBUG - joeynmt.training - 	Tokenized source:     ['Herr', 'Mo@@', 'd@@', 'i', 'befindet', 'sich', 'auf', 'einer', 'fü@@', 'n@@', 'f@@', 'tä@@', 'gi@@', 'gen', 'Rei@@', 'se', 'nach', 'J@@', 'ap@@', 'an', ',', 'um', 'die', 'wirtschaf@@', 'tlichen', 'Be@@', 'zieh@@', 'ungen', 'mit', 'der', 'd@@', 'rit@@', 't@@', 'größ@@', 'ten', 'Wirtschafts@@', 'n@@', 'ation', 'der', 'Welt', 'zu', 'fes@@', 'tigen', '.']
2026-05-09 03:52:58,386 - DEBUG - joeynmt.training - 	Tokenized reference:  ['Mr', 'Mo@@', 'd@@', 'i', 'is', 'on', 'a', 'fi@@', 've', '@@@', '-@@', '@', 'day', 'tri@@', 'p', 'to', 'J@@', 'ap@@', 'an', 'to', 'streng@@', 'then', 'economic', 'ties', 'with', 'the', 'third', 'lar@@', 'ges@@', 't', 'econom@@', 'y', 'in', 'the', 'world', '.']
2026-05-09 03:52:58,386 - DEBUG - joeynmt.training - 	Tokenized hypothesis: ['Mr', 'Mo@@', 'd@@', 'i', 'is', 'located', 'on', 'a', 'fi@@', 'f@@', 'th', 'day', 'of', 'j@@', 'ap@@', 'an', ',', 'to', 'J@@', 'ap@@', 'an', ',', 'to', 'the', 'economic', 'rel@@', 'ations', 'with', 'the', 'third', 'lar@@', 'ges@@', 't', 'economic', 'n@@', 'ation', 'of', 'the', 'world', '.', '</s>']
2026-05-09 03:52:58,386 - INFO - joeynmt.training - 	Source:     Herr Modi befindet sich auf einer fünftägigen Reise nach Japan , um die wirtschaftlichen Beziehungen mit der drittgrößten Wirtschaftsnation der Welt zu festigen .
2026-05-09 03:52:58,386 - INFO - joeynmt.training - 	Reference:  Mr Modi is on a five @-@ day trip to Japan to strengthen economic ties with the third largest economy in the world .
2026-05-09 03:52:58,386 - INFO - joeynmt.training - 	Hypothesis: Mr Modi is located on a fifth day of japan , to Japan , to the economic relations with the third largest economic nation of the world .
2026-05-09 03:52:58,386 - INFO - joeynmt.training - Example #3
2026-05-09 03:52:58,386 - DEBUG - joeynmt.training - 	Tokenized source:     ['P@@', 'län@@', 'e', 'für', 'eine', 'stärk@@', 'ere', 'k@@', 'ern@@', 'techn@@', 'ische', 'Zusammenarbeit', 'stehen', 'ganz', 'ob@@', 'en', 'auf', 'der', 'Tag@@', 'es@@', 'ordnung', '.']
2026-05-09 03:52:58,386 - DEBUG - joeynmt.training - 	Tokenized reference:  ['high', 'on', 'the', 'agen@@', 'da', 'are', 'pl@@', 'ans', 'for', 'gre@@', 'ater', 'nu@@', 'clear', 'c@@', 'o', '@@@', '-@@', '@', 'operation', '.']
2026-05-09 03:52:58,386 - DEBUG - joeynmt.training - 	Tokenized hypothesis: ['pl@@', 'ans', 'for', 'more', 'c@@', 'are', 'are', 'in', 'a', 'very', 'close', 'to', 'the', 'agen@@', 'da', '.', '</s>']
2026-05-09 03:52:58,386 - INFO - joeynmt.training - 	Source:     Pläne für eine stärkere kerntechnische Zusammenarbeit stehen ganz oben auf der Tagesordnung .
2026-05-09 03:52:58,386 - INFO - joeynmt.training - 	Reference:  high on the agenda are plans for greater nuclear co @-@ operation .
2026-05-09 03:52:58,386 - INFO - joeynmt.training - 	Hypothesis: plans for more care are in a very close to the agenda .
2026-05-09 03:52:58,386 - INFO - joeynmt.training - Example #4
2026-05-09 03:52:58,386 - DEBUG - joeynmt.training - 	Tokenized source:     ['Berich@@', 'ten', 'zu@@', 'fol@@', 'ge', 'ho@@', 'fft', 'Indi@@', 'en', 'darüber', 'hinaus', 'auf', 'einen', 'Ver@@', 'trag', 'zur', 'Ver@@', 'tei@@', 'dig@@', 'ungs@@', 'zusammen@@', 'arbeit', 'zwischen', 'den', 'beiden', 'N@@', 'ationen', '.']
2026-05-09 03:52:58,386 - DEBUG - joeynmt.training - 	Tokenized reference:  ['Indi@@', 'a', 'is', 'also', 're@@', 'porte@@', 'dly', 'hop@@', 'ing', 'for', 'a', 'de@@', 'al', 'on', 'def@@', 'ence', 'c@@', 'oll@@', 'ab@@', 'or@@', 'ation', 'between', 'the', 'two', 'n@@', 'ations', '.']
2026-05-09 03:52:58,386 - DEBUG - joeynmt.training - 	Tokenized hypothesis: ['the', 're@@', 'ports', 'of', 'the', 'same', 're@@', 'ports', 'on', 'the', 'def@@', 'ence', 'of', 'the', 'Tre@@', 'aty', 'on', 'to', 'def@@', 'ence', 'cooperation', 'between', 'the', 'two', 'n@@', 'ations', '.', '</s>']
2026-05-09 03:52:58,386 - INFO - joeynmt.training - 	Source:     Berichten zufolge hofft Indien darüber hinaus auf einen Vertrag zur Verteidigungszusammenarbeit zwischen den beiden Nationen .
2026-05-09 03:52:58,386 - INFO - joeynmt.training - 	Reference:  India is also reportedly hoping for a deal on defence collaboration between the two nations .
2026-05-09 03:52:58,386 - INFO - joeynmt.training - 	Hypothesis: the reports of the same reports on the defence of the Treaty on to defence cooperation between the two nations .
2026-05-09 03:53:14,660 - INFO - joeynmt.training - Epoch   8, Step:    31600, Batch Loss:     1.880936, Batch Acc: 0.530538, Tokens per Sec:     5670, Lr: 0.000300
2026-05-09 03:53:30,857 - INFO - joeynmt.training - Epoch   8, Step:    31700, Batch Loss:     1.877307, Batch Acc: 0.532933, Tokens per Sec:     5590, Lr: 0.000300
2026-05-09 03:53:47,147 - INFO - joeynmt.training - Epoch   8, Step:    31800, Batch Loss:     1.653234, Batch Acc: 0.526826, Tokens per Sec:     5708, Lr: 0.000300
2026-05-09 03:54:03,315 - INFO - joeynmt.training - Epoch   8, Step:    31900, Batch Loss:     1.782075, Batch Acc: 0.530144, Tokens per Sec:     5752, Lr: 0.000300
2026-05-09 03:54:19,488 - INFO - joeynmt.training - Epoch   8, Step:    32000, Batch Loss:     1.859222, Batch Acc: 0.531075, Tokens per Sec:     5668, Lr: 0.000300
2026-05-09 03:54:19,489 - INFO - joeynmt.prediction - Predicting 500 example(s)... (Greedy decoding with min_output_length=1, max_output_length=-1, return_prob='none', generate_unk=True, repetition_penalty=-1, no_repeat_ngram_size=-1)
2026-05-09 03:54:42,724 - INFO - joeynmt.prediction - Evaluation result (greedy) loss:   2.10, ppl:   8.18, acc:   0.46, generation: 23.2312[sec], evaluation: 0.0000[sec]
2026-05-09 03:54:42,726 - INFO - joeynmt.training - Hooray! New best validation result [ppl]!
2026-05-09 03:54:42,816 - INFO - joeynmt.helpers - delete models/deen_transformer_regular/30000.ckpt
2026-05-09 03:54:42,819 - INFO - joeynmt.training - Example #0
2026-05-09 03:54:42,819 - DEBUG - joeynmt.training - 	Tokenized source:     ['die', 'Pre@@', 'mi@@', 'er@@', 'minist@@', 'er', 'Indi@@', 'ens', 'und', 'J@@', 'ap@@', 'ans', 'tra@@', 'fen', 'sich', 'in', 'T@@', 'ok@@', 'i@@', 'o', '.']
2026-05-09 03:54:42,819 - DEBUG - joeynmt.training - 	Tokenized reference:  ['Indi@@', 'a', 'and', 'J@@', 'ap@@', 'an', 'pri@@', 'me', 'minist@@', 'ers', 'me@@', 'et', 'in', 'T@@', 'ok@@', 'y@@', 'o']
2026-05-09 03:54:42,819 - DEBUG - joeynmt.training - 	Tokenized hypothesis: ['the', 'Pri@@', 'me', 'Minist@@', 'er', 'Indi@@', 'a', 'and', 'J@@', 'ap@@', 'an', ',', 'A@@', 'mer@@', 'ic@@', 'a', '&apos;s', 'price', 'of', 'the', 'A@@', 'gre@@', 'ement', '.', '</s>']
2026-05-09 03:54:42,819 - INFO - joeynmt.training - 	Source:     die Premierminister Indiens und Japans trafen sich in Tokio .
2026-05-09 03:54:42,819 - INFO - joeynmt.training - 	Reference:  India and Japan prime ministers meet in Tokyo
2026-05-09 03:54:42,819 - INFO - joeynmt.training - 	Hypothesis: the Prime Minister India and Japan , America &apos;s price of the Agreement .
2026-05-09 03:54:42,819 - INFO - joeynmt.training - Example #1
2026-05-09 03:54:42,819 - DEBUG - joeynmt.training - 	Tokenized source:     ['Indi@@', 'ens', 'neu@@', 'er', 'Pre@@', 'mi@@', 'er@@', 'minist@@', 'er', 'N@@', 'ar@@', 'end@@', 'ra', 'Mo@@', 'd@@', 'i', 'tri@@', 'fft', 'bei', 's@@', 'einem', 'ersten', 'wichti@@', 'gen', 'Aus@@', 'land@@', 's@@', 'bes@@', 'u@@', 'ch', 'seit', 's@@', 'einem', 'W@@', 'ah@@', 'l@@', 'si@@', 'e@@', 'g', 'im', 'Ma@@', 'i', 'seinen', 'j@@', 'ap@@', 'an@@', 'ischen', 'Am@@', 'ts@@', 'k@@', 'olle@@', 'gen', 'S@@', 'hin@@', 'z@@', 'o', 'A@@', 'be', 'in', 'T@@', 'ok@@', 'o', ',', 'um', 'wirtschaf@@', 'tliche', 'und', 'sicher@@', 'heits@@', 'politische', 'Be@@', 'zieh@@', 'ungen', 'zu', 'bes@@', 'pre@@', 'chen', '.']
2026-05-09 03:54:42,819 - DEBUG - joeynmt.training - 	Tokenized reference:  ['Indi@@', 'a', '&apos;s', 'new', 'pri@@', 'me', 'minist@@', 'er', ',', 'N@@', 'ar@@', 'end@@', 'ra', 'Mo@@', 'd@@', 'i', ',', 'is', 'me@@', 'eting', 'his', 'J@@', 'ap@@', 'an@@', 'ese', 'coun@@', 'ter@@', 'part', ',', 'S@@', 'hin@@', 'z@@', 'o', 'A@@', 'be', ',', 'in', 'T@@', 'ok@@', 'y@@', 'o', 'to', 'disc@@', 'uss', 'economic', 'and', 'security', 'ties', ',', 'on', 'his', 'first', 'major', 'fore@@', 'ign', 'visi@@', 't', 'since', 'w@@', 'inn@@', 'ing', 'Ma@@', 'y', '&apos;s', 'elec@@', 'tion', '.']
2026-05-09 03:54:42,819 - DEBUG - joeynmt.training - 	Tokenized hypothesis: ['Indi@@', 'a', '&apos;s', 'Pre@@', 'mi@@', 'er', 'N@@', 'ar@@', 'end@@', 'ra', 'Mo@@', 'd@@', 'i', 'is', 'tru@@', 'e', 'in', 'his', 'first', 'important', 'ex@@', 'tern@@', 'al', 'land@@', 's@@', 'li@@', 'gh@@', 'ting', 'in', 'the', 'Ma@@', 'y', 'S@@', 'hin@@', 'z@@', 'o', 'A@@', 'be', 'in', 'T@@', 'ok@@', 'o', ',', 'to', 'the', 'A@@', 'be', 'in', 'T@@', 'ok@@', 'o', 'A@@', 'be', 'in', 'T@@', 'ok@@', 'o', ',', 'to', 'pre@@', 'v@@', 'ent', 'economic', 'and', 'saf@@', 'ety', 'rel@@', 'ations', '.', '</s>']
2026-05-09 03:54:42,819 - INFO - joeynmt.training - 	Source:     Indiens neuer Premierminister Narendra Modi trifft bei seinem ersten wichtigen Auslandsbesuch seit seinem Wahlsieg im Mai seinen japanischen Amtskollegen Shinzo Abe in Toko , um wirtschaftliche und sicherheitspolitische Beziehungen zu besprechen .
2026-05-09 03:54:42,819 - INFO - joeynmt.training - 	Reference:  India &apos;s new prime minister , Narendra Modi , is meeting his Japanese counterpart , Shinzo Abe , in Tokyo to discuss economic and security ties , on his first major foreign visit since winning May &apos;s election .
2026-05-09 03:54:42,819 - INFO - joeynmt.training - 	Hypothesis: India &apos;s Premier Narendra Modi is true in his first important external landslighting in the May Shinzo Abe in Toko , to the Abe in Toko Abe in Toko , to prevent economic and safety relations .
2026-05-09 03:54:42,819 - INFO - joeynmt.training - Example #2
2026-05-09 03:54:42,819 - DEBUG - joeynmt.training - 	Tokenized source:     ['Herr', 'Mo@@', 'd@@', 'i', 'befindet', 'sich', 'auf', 'einer', 'fü@@', 'n@@', 'f@@', 'tä@@', 'gi@@', 'gen', 'Rei@@', 'se', 'nach', 'J@@', 'ap@@', 'an', ',', 'um', 'die', 'wirtschaf@@', 'tlichen', 'Be@@', 'zieh@@', 'ungen', 'mit', 'der', 'd@@', 'rit@@', 't@@', 'größ@@', 'ten', 'Wirtschafts@@', 'n@@', 'ation', 'der', 'Welt', 'zu', 'fes@@', 'tigen', '.']
2026-05-09 03:54:42,819 - DEBUG - joeynmt.training - 	Tokenized reference:  ['Mr', 'Mo@@', 'd@@', 'i', 'is', 'on', 'a', 'fi@@', 've', '@@@', '-@@', '@', 'day', 'tri@@', 'p', 'to', 'J@@', 'ap@@', 'an', 'to', 'streng@@', 'then', 'economic', 'ties', 'with', 'the', 'third', 'lar@@', 'ges@@', 't', 'econom@@', 'y', 'in', 'the', 'world', '.']
2026-05-09 03:54:42,819 - DEBUG - joeynmt.training - 	Tokenized hypothesis: ['Mr', 'Mo@@', 'd@@', 'i', 'is', 'a', 'part', 'of', 'a', 'fi@@', 'f@@', 'th', 'to', 'J@@', 'ap@@', 'an', 'to', 'J@@', 'ap@@', 'an', 'to', 'take', 'a', 'fi@@', 'f@@', 'te@@', 'en', 'economic', 'rel@@', 'ations', 'with', 'the', 'third', 'lar@@', 'ges@@', 't', 'economic', 'n@@', 'ation', 'of', 'the', 'world', '.', '</s>']
2026-05-09 03:54:42,820 - INFO - joeynmt.training - 	Source:     Herr Modi befindet sich auf einer fünftägigen Reise nach Japan , um die wirtschaftlichen Beziehungen mit der drittgrößten Wirtschaftsnation der Welt zu festigen .
2026-05-09 03:54:42,820 - INFO - joeynmt.training - 	Reference:  Mr Modi is on a five @-@ day trip to Japan to strengthen economic ties with the third largest economy in the world .
2026-05-09 03:54:42,820 - INFO - joeynmt.training - 	Hypothesis: Mr Modi is a part of a fifth to Japan to Japan to take a fifteen economic relations with the third largest economic nation of the world .
2026-05-09 03:54:42,820 - INFO - joeynmt.training - Example #3
2026-05-09 03:54:42,820 - DEBUG - joeynmt.training - 	Tokenized source:     ['P@@', 'län@@', 'e', 'für', 'eine', 'stärk@@', 'ere', 'k@@', 'ern@@', 'techn@@', 'ische', 'Zusammenarbeit', 'stehen', 'ganz', 'ob@@', 'en', 'auf', 'der', 'Tag@@', 'es@@', 'ordnung', '.']
2026-05-09 03:54:42,820 - DEBUG - joeynmt.training - 	Tokenized reference:  ['high', 'on', 'the', 'agen@@', 'da', 'are', 'pl@@', 'ans', 'for', 'gre@@', 'ater', 'nu@@', 'clear', 'c@@', 'o', '@@@', '-@@', '@', 'operation', '.']
2026-05-09 03:54:42,820 - DEBUG - joeynmt.training - 	Tokenized hypothesis: ['pl@@', 'ans', 'for', 'a', 'str@@', 'on@@', 'ger', 'techn@@', 'ical', 'cooperation', 'are', 'very', 'close', 'to', 'the', 'agen@@', 'da', '.', '</s>']
2026-05-09 03:54:42,820 - INFO - joeynmt.training - 	Source:     Pläne für eine stärkere kerntechnische Zusammenarbeit stehen ganz oben auf der Tagesordnung .
2026-05-09 03:54:42,820 - INFO - joeynmt.training - 	Reference:  high on the agenda are plans for greater nuclear co @-@ operation .
2026-05-09 03:54:42,820 - INFO - joeynmt.training - 	Hypothesis: plans for a stronger technical cooperation are very close to the agenda .
2026-05-09 03:54:42,820 - INFO - joeynmt.training - Example #4
2026-05-09 03:54:42,820 - DEBUG - joeynmt.training - 	Tokenized source:     ['Berich@@', 'ten', 'zu@@', 'fol@@', 'ge', 'ho@@', 'fft', 'Indi@@', 'en', 'darüber', 'hinaus', 'auf', 'einen', 'Ver@@', 'trag', 'zur', 'Ver@@', 'tei@@', 'dig@@', 'ungs@@', 'zusammen@@', 'arbeit', 'zwischen', 'den', 'beiden', 'N@@', 'ationen', '.']
2026-05-09 03:54:42,820 - DEBUG - joeynmt.training - 	Tokenized reference:  ['Indi@@', 'a', 'is', 'also', 're@@', 'porte@@', 'dly', 'hop@@', 'ing', 'for', 'a', 'de@@', 'al', 'on', 'def@@', 'ence', 'c@@', 'oll@@', 'ab@@', 'or@@', 'ation', 'between', 'the', 'two', 'n@@', 'ations', '.']
2026-05-09 03:54:42,820 - DEBUG - joeynmt.training - 	Tokenized hypothesis: ['re@@', 'ports', 'are', 'also', 'a', 'result', 'of', 'the', 'con@@', 'tra@@', 'ct', 'to', 'def@@', 'ence', 'cooperation', 'between', 'the', 'two', 'n@@', 'ations', '.', '</s>']
2026-05-09 03:54:42,820 - INFO - joeynmt.training - 	Source:     Berichten zufolge hofft Indien darüber hinaus auf einen Vertrag zur Verteidigungszusammenarbeit zwischen den beiden Nationen .
2026-05-09 03:54:42,820 - INFO - joeynmt.training - 	Reference:  India is also reportedly hoping for a deal on defence collaboration between the two nations .
2026-05-09 03:54:42,820 - INFO - joeynmt.training - 	Hypothesis: reports are also a result of the contract to defence cooperation between the two nations .
2026-05-09 03:54:58,879 - INFO - joeynmt.training - Epoch   8, Step:    32100, Batch Loss:     1.621378, Batch Acc: 0.538993, Tokens per Sec:     5665, Lr: 0.000300
2026-05-09 03:55:15,015 - INFO - joeynmt.training - Epoch   8, Step:    32200, Batch Loss:     1.844949, Batch Acc: 0.532427, Tokens per Sec:     5692, Lr: 0.000300
2026-05-09 03:55:31,180 - INFO - joeynmt.training - Epoch   8, Step:    32300, Batch Loss:     1.480617, Batch Acc: 0.531892, Tokens per Sec:     5691, Lr: 0.000300
2026-05-09 03:55:47,376 - INFO - joeynmt.training - Epoch   8, Step:    32400, Batch Loss:     1.626204, Batch Acc: 0.533557, Tokens per Sec:     5551, Lr: 0.000300
2026-05-09 03:56:03,648 - INFO - joeynmt.training - Epoch   8, Step:    32500, Batch Loss:     1.637324, Batch Acc: 0.539884, Tokens per Sec:     5522, Lr: 0.000300
2026-05-09 03:56:03,648 - INFO - joeynmt.prediction - Predicting 500 example(s)... (Greedy decoding with min_output_length=1, max_output_length=-1, return_prob='none', generate_unk=True, repetition_penalty=-1, no_repeat_ngram_size=-1)
2026-05-09 03:56:32,090 - INFO - joeynmt.prediction - Evaluation result (greedy) loss:   2.11, ppl:   8.24, acc:   0.46, generation: 28.4374[sec], evaluation: 0.0000[sec]
2026-05-09 03:56:32,178 - INFO - joeynmt.helpers - delete models/deen_transformer_regular/28500.ckpt
2026-05-09 03:56:32,180 - INFO - joeynmt.training - Example #0
2026-05-09 03:56:32,180 - DEBUG - joeynmt.training - 	Tokenized source:     ['die', 'Pre@@', 'mi@@', 'er@@', 'minist@@', 'er', 'Indi@@', 'ens', 'und', 'J@@', 'ap@@', 'ans', 'tra@@', 'fen', 'sich', 'in', 'T@@', 'ok@@', 'i@@', 'o', '.']
2026-05-09 03:56:32,180 - DEBUG - joeynmt.training - 	Tokenized reference:  ['Indi@@', 'a', 'and', 'J@@', 'ap@@', 'an', 'pri@@', 'me', 'minist@@', 'ers', 'me@@', 'et', 'in', 'T@@', 'ok@@', 'y@@', 'o']
2026-05-09 03:56:32,180 - DEBUG - joeynmt.training - 	Tokenized hypothesis: ['the', 'Pri@@', 'me', 'Minist@@', 'er', 'Indi@@', 'a', 'and', 'J@@', 'ap@@', 'an', '.', '</s>']
2026-05-09 03:56:32,180 - INFO - joeynmt.training - 	Source:     die Premierminister Indiens und Japans trafen sich in Tokio .
2026-05-09 03:56:32,180 - INFO - joeynmt.training - 	Reference:  India and Japan prime ministers meet in Tokyo
2026-05-09 03:56:32,180 - INFO - joeynmt.training - 	Hypothesis: the Prime Minister India and Japan .
2026-05-09 03:56:32,180 - INFO - joeynmt.training - Example #1
2026-05-09 03:56:32,180 - DEBUG - joeynmt.training - 	Tokenized source:     ['Indi@@', 'ens', 'neu@@', 'er', 'Pre@@', 'mi@@', 'er@@', 'minist@@', 'er', 'N@@', 'ar@@', 'end@@', 'ra', 'Mo@@', 'd@@', 'i', 'tri@@', 'fft', 'bei', 's@@', 'einem', 'ersten', 'wichti@@', 'gen', 'Aus@@', 'land@@', 's@@', 'bes@@', 'u@@', 'ch', 'seit', 's@@', 'einem', 'W@@', 'ah@@', 'l@@', 'si@@', 'e@@', 'g', 'im', 'Ma@@', 'i', 'seinen', 'j@@', 'ap@@', 'an@@', 'ischen', 'Am@@', 'ts@@', 'k@@', 'olle@@', 'gen', 'S@@', 'hin@@', 'z@@', 'o', 'A@@', 'be', 'in', 'T@@', 'ok@@', 'o', ',', 'um', 'wirtschaf@@', 'tliche', 'und', 'sicher@@', 'heits@@', 'politische', 'Be@@', 'zieh@@', 'ungen', 'zu', 'bes@@', 'pre@@', 'chen', '.']
2026-05-09 03:56:32,180 - DEBUG - joeynmt.training - 	Tokenized reference:  ['Indi@@', 'a', '&apos;s', 'new', 'pri@@', 'me', 'minist@@', 'er', ',', 'N@@', 'ar@@', 'end@@', 'ra', 'Mo@@', 'd@@', 'i', ',', 'is', 'me@@', 'eting', 'his', 'J@@', 'ap@@', 'an@@', 'ese', 'coun@@', 'ter@@', 'part', ',', 'S@@', 'hin@@', 'z@@', 'o', 'A@@', 'be', ',', 'in', 'T@@', 'ok@@', 'y@@', 'o', 'to', 'disc@@', 'uss', 'economic', 'and', 'security', 'ties', ',', 'on', 'his', 'first', 'major', 'fore@@', 'ign', 'visi@@', 't', 'since', 'w@@', 'inn@@', 'ing', 'Ma@@', 'y', '&apos;s', 'elec@@', 'tion', '.']
2026-05-09 03:56:32,180 - DEBUG - joeynmt.training - 	Tokenized hypothesis: ['Indi@@', 'a', '&apos;s', 'lat@@', 'er', 'Pri@@', 'me', 'Minist@@', 'er', 'N@@', 'ar@@', 'end@@', 'ra', 'Mo@@', 'd@@', 'i', 'tri@@', 'g@@', 'ger@@', 'ed', 'by', 'his', 'first', 'important', 'ex@@', 'tern@@', 'al', 'land@@', 's@@', 'visi@@', 't', 'S@@', 'hin@@', 'z@@', 'o', 'A@@', 'be', 'in', 'T@@', 'ok@@', 'o', ',', 'in', 'the', 'Ma@@', 'y', 'of', 'his', 'elec@@', 't@@', 'or@@', 'al', 'c@@', 'ar', 'S@@', 'hin@@', 'z@@', 'o', 'A@@', 'be', 'in', 'T@@', 'ok@@', 'o', ',', 'in', 'order', 'to', 'pre@@', 'v@@', 'ent', 'economic', 'and', 'saf@@', 'ety', '.', '</s>']
2026-05-09 03:56:32,180 - INFO - joeynmt.training - 	Source:     Indiens neuer Premierminister Narendra Modi trifft bei seinem ersten wichtigen Auslandsbesuch seit seinem Wahlsieg im Mai seinen japanischen Amtskollegen Shinzo Abe in Toko , um wirtschaftliche und sicherheitspolitische Beziehungen zu besprechen .
2026-05-09 03:56:32,180 - INFO - joeynmt.training - 	Reference:  India &apos;s new prime minister , Narendra Modi , is meeting his Japanese counterpart , Shinzo Abe , in Tokyo to discuss economic and security ties , on his first major foreign visit since winning May &apos;s election .
2026-05-09 03:56:32,180 - INFO - joeynmt.training - 	Hypothesis: India &apos;s later Prime Minister Narendra Modi triggered by his first important external landsvisit Shinzo Abe in Toko , in the May of his electoral car Shinzo Abe in Toko , in order to prevent economic and safety .
2026-05-09 03:56:32,181 - INFO - joeynmt.training - Example #2
2026-05-09 03:56:32,181 - DEBUG - joeynmt.training - 	Tokenized source:     ['Herr', 'Mo@@', 'd@@', 'i', 'befindet', 'sich', 'auf', 'einer', 'fü@@', 'n@@', 'f@@', 'tä@@', 'gi@@', 'gen', 'Rei@@', 'se', 'nach', 'J@@', 'ap@@', 'an', ',', 'um', 'die', 'wirtschaf@@', 'tlichen', 'Be@@', 'zieh@@', 'ungen', 'mit', 'der', 'd@@', 'rit@@', 't@@', 'größ@@', 'ten', 'Wirtschafts@@', 'n@@', 'ation', 'der', 'Welt', 'zu', 'fes@@', 'tigen', '.']
2026-05-09 03:56:32,181 - DEBUG - joeynmt.training - 	Tokenized reference:  ['Mr', 'Mo@@', 'd@@', 'i', 'is', 'on', 'a', 'fi@@', 've', '@@@', '-@@', '@', 'day', 'tri@@', 'p', 'to', 'J@@', 'ap@@', 'an', 'to', 'streng@@', 'then', 'economic', 'ties', 'with', 'the', 'third', 'lar@@', 'ges@@', 't', 'econom@@', 'y', 'in', 'the', 'world', '.']
2026-05-09 03:56:32,181 - DEBUG - joeynmt.training - 	Tokenized hypothesis: ['Mr', 'Mo@@', 'd@@', 'i', 'is', 'based', 'on', 'a', 'fi@@', 'f@@', 'te@@', 'en', 'tra@@', 'v@@', 'el', 'to', 'J@@', 'ap@@', 'an', 'to', 'the', 'economic', 'rel@@', 'ations', 'with', 'the', 'third', 'lar@@', 'ges@@', 't', 'economic', 'rel@@', 'ations', 'with', 'the', 'the', 'the', 'world', '.', '</s>']
2026-05-09 03:56:32,181 - INFO - joeynmt.training - 	Source:     Herr Modi befindet sich auf einer fünftägigen Reise nach Japan , um die wirtschaftlichen Beziehungen mit der drittgrößten Wirtschaftsnation der Welt zu festigen .
2026-05-09 03:56:32,181 - INFO - joeynmt.training - 	Reference:  Mr Modi is on a five @-@ day trip to Japan to strengthen economic ties with the third largest economy in the world .
2026-05-09 03:56:32,181 - INFO - joeynmt.training - 	Hypothesis: Mr Modi is based on a fifteen travel to Japan to the economic relations with the third largest economic relations with the the the world .
2026-05-09 03:56:32,181 - INFO - joeynmt.training - Example #3
2026-05-09 03:56:32,181 - DEBUG - joeynmt.training - 	Tokenized source:     ['P@@', 'län@@', 'e', 'für', 'eine', 'stärk@@', 'ere', 'k@@', 'ern@@', 'techn@@', 'ische', 'Zusammenarbeit', 'stehen', 'ganz', 'ob@@', 'en', 'auf', 'der', 'Tag@@', 'es@@', 'ordnung', '.']
2026-05-09 03:56:32,181 - DEBUG - joeynmt.training - 	Tokenized reference:  ['high', 'on', 'the', 'agen@@', 'da', 'are', 'pl@@', 'ans', 'for', 'gre@@', 'ater', 'nu@@', 'clear', 'c@@', 'o', '@@@', '-@@', '@', 'operation', '.']
2026-05-09 03:56:32,181 - DEBUG - joeynmt.training - 	Tokenized hypothesis: ['pl@@', 'ans', 'for', 'gre@@', 'ater', 'techn@@', 'ical', 'cooperation', 'are', 'very', 'close', 'to', 'the', 'agen@@', 'da', '.', '</s>']
2026-05-09 03:56:32,181 - INFO - joeynmt.training - 	Source:     Pläne für eine stärkere kerntechnische Zusammenarbeit stehen ganz oben auf der Tagesordnung .
2026-05-09 03:56:32,181 - INFO - joeynmt.training - 	Reference:  high on the agenda are plans for greater nuclear co @-@ operation .
2026-05-09 03:56:32,181 - INFO - joeynmt.training - 	Hypothesis: plans for greater technical cooperation are very close to the agenda .
2026-05-09 03:56:32,181 - INFO - joeynmt.training - Example #4
2026-05-09 03:56:32,181 - DEBUG - joeynmt.training - 	Tokenized source:     ['Berich@@', 'ten', 'zu@@', 'fol@@', 'ge', 'ho@@', 'fft', 'Indi@@', 'en', 'darüber', 'hinaus', 'auf', 'einen', 'Ver@@', 'trag', 'zur', 'Ver@@', 'tei@@', 'dig@@', 'ungs@@', 'zusammen@@', 'arbeit', 'zwischen', 'den', 'beiden', 'N@@', 'ationen', '.']
2026-05-09 03:56:32,181 - DEBUG - joeynmt.training - 	Tokenized reference:  ['Indi@@', 'a', 'is', 'also', 're@@', 'porte@@', 'dly', 'hop@@', 'ing', 'for', 'a', 'de@@', 'al', 'on', 'def@@', 'ence', 'c@@', 'oll@@', 'ab@@', 'or@@', 'ation', 'between', 'the', 'two', 'n@@', 'ations', '.']
2026-05-09 03:56:32,181 - DEBUG - joeynmt.training - 	Tokenized hypothesis: ['fur@@', 'ther@@', 'more', ',', 'the', 'Indi@@', 'a', 'is', 'also', 'able', 'to', 'def@@', 'ence', 'cooperation', 'between', 'the', 'two', 'n@@', 'ations', '.', '</s>']
2026-05-09 03:56:32,181 - INFO - joeynmt.training - 	Source:     Berichten zufolge hofft Indien darüber hinaus auf einen Vertrag zur Verteidigungszusammenarbeit zwischen den beiden Nationen .
2026-05-09 03:56:32,181 - INFO - joeynmt.training - 	Reference:  India is also reportedly hoping for a deal on defence collaboration between the two nations .
2026-05-09 03:56:32,181 - INFO - joeynmt.training - 	Hypothesis: furthermore , the India is also able to defence cooperation between the two nations .
2026-05-09 03:56:36,342 - INFO - joeynmt.training - Epoch   8: total training loss 6927.60
2026-05-09 03:56:36,342 - INFO - joeynmt.training - EPOCH 9
2026-05-09 03:56:48,469 - INFO - joeynmt.training - Epoch   9, Step:    32600, Batch Loss:     1.739892, Batch Acc: 0.553257, Tokens per Sec:     5533, Lr: 0.000300
2026-05-09 03:57:04,843 - INFO - joeynmt.training - Epoch   9, Step:    32700, Batch Loss:     1.744648, Batch Acc: 0.552404, Tokens per Sec:     5652, Lr: 0.000300
2026-05-09 03:57:21,442 - INFO - joeynmt.training - Epoch   9, Step:    32800, Batch Loss:     1.610404, Batch Acc: 0.542422, Tokens per Sec:     5574, Lr: 0.000300
2026-05-09 03:57:37,801 - INFO - joeynmt.training - Epoch   9, Step:    32900, Batch Loss:     1.600968, Batch Acc: 0.548246, Tokens per Sec:     5636, Lr: 0.000300
2026-05-09 03:57:54,194 - INFO - joeynmt.training - Epoch   9, Step:    33000, Batch Loss:     1.572256, Batch Acc: 0.552398, Tokens per Sec:     5633, Lr: 0.000300
2026-05-09 03:57:54,195 - INFO - joeynmt.prediction - Predicting 500 example(s)... (Greedy decoding with min_output_length=1, max_output_length=-1, return_prob='none', generate_unk=True, repetition_penalty=-1, no_repeat_ngram_size=-1)
2026-05-09 03:58:23,375 - INFO - joeynmt.prediction - Evaluation result (greedy) loss:   2.11, ppl:   8.25, acc:   0.46, generation: 29.1749[sec], evaluation: 0.0000[sec]
2026-05-09 03:58:23,465 - INFO - joeynmt.helpers - delete models/deen_transformer_regular/30500.ckpt
2026-05-09 03:58:23,469 - INFO - joeynmt.training - Example #0
2026-05-09 03:58:23,469 - DEBUG - joeynmt.training - 	Tokenized source:     ['die', 'Pre@@', 'mi@@', 'er@@', 'minist@@', 'er', 'Indi@@', 'ens', 'und', 'J@@', 'ap@@', 'ans', 'tra@@', 'fen', 'sich', 'in', 'T@@', 'ok@@', 'i@@', 'o', '.']
2026-05-09 03:58:23,469 - DEBUG - joeynmt.training - 	Tokenized reference:  ['Indi@@', 'a', 'and', 'J@@', 'ap@@', 'an', 'pri@@', 'me', 'minist@@', 'ers', 'me@@', 'et', 'in', 'T@@', 'ok@@', 'y@@', 'o']
2026-05-09 03:58:23,469 - DEBUG - joeynmt.training - 	Tokenized hypothesis: ['the', 'Pri@@', 'me', 'Minist@@', 'er', 'of', 'Indi@@', 'a', 'and', 'J@@', 'ap@@', 'an', '&apos;s', 'pri@@', 'me', 'minist@@', 'er', 'of', 'Indi@@', 'a', 'and', 'J@@', 'ap@@', 'an', '.', '</s>']
2026-05-09 03:58:23,469 - INFO - joeynmt.training - 	Source:     die Premierminister Indiens und Japans trafen sich in Tokio .
2026-05-09 03:58:23,469 - INFO - joeynmt.training - 	Reference:  India and Japan prime ministers meet in Tokyo
2026-05-09 03:58:23,469 - INFO - joeynmt.training - 	Hypothesis: the Prime Minister of India and Japan &apos;s prime minister of India and Japan .
2026-05-09 03:58:23,469 - INFO - joeynmt.training - Example #1
2026-05-09 03:58:23,469 - DEBUG - joeynmt.training - 	Tokenized source:     ['Indi@@', 'ens', 'neu@@', 'er', 'Pre@@', 'mi@@', 'er@@', 'minist@@', 'er', 'N@@', 'ar@@', 'end@@', 'ra', 'Mo@@', 'd@@', 'i', 'tri@@', 'fft', 'bei', 's@@', 'einem', 'ersten', 'wichti@@', 'gen', 'Aus@@', 'land@@', 's@@', 'bes@@', 'u@@', 'ch', 'seit', 's@@', 'einem', 'W@@', 'ah@@', 'l@@', 'si@@', 'e@@', 'g', 'im', 'Ma@@', 'i', 'seinen', 'j@@', 'ap@@', 'an@@', 'ischen', 'Am@@', 'ts@@', 'k@@', 'olle@@', 'gen', 'S@@', 'hin@@', 'z@@', 'o', 'A@@', 'be', 'in', 'T@@', 'ok@@', 'o', ',', 'um', 'wirtschaf@@', 'tliche', 'und', 'sicher@@', 'heits@@', 'politische', 'Be@@', 'zieh@@', 'ungen', 'zu', 'bes@@', 'pre@@', 'chen', '.']
2026-05-09 03:58:23,469 - DEBUG - joeynmt.training - 	Tokenized reference:  ['Indi@@', 'a', '&apos;s', 'new', 'pri@@', 'me', 'minist@@', 'er', ',', 'N@@', 'ar@@', 'end@@', 'ra', 'Mo@@', 'd@@', 'i', ',', 'is', 'me@@', 'eting', 'his', 'J@@', 'ap@@', 'an@@', 'ese', 'coun@@', 'ter@@', 'part', ',', 'S@@', 'hin@@', 'z@@', 'o', 'A@@', 'be', ',', 'in', 'T@@', 'ok@@', 'y@@', 'o', 'to', 'disc@@', 'uss', 'economic', 'and', 'security', 'ties', ',', 'on', 'his', 'first', 'major', 'fore@@', 'ign', 'visi@@', 't', 'since', 'w@@', 'inn@@', 'ing', 'Ma@@', 'y', '&apos;s', 'elec@@', 'tion', '.']
2026-05-09 03:58:23,469 - DEBUG - joeynmt.training - 	Tokenized hypothesis: ['Indi@@', 'a', '&apos;s', 'Pre@@', 'mi@@', 'er', 'N@@', 'ar@@', 'end@@', 'ra', 'Mo@@', 'd@@', 'i', 'is', 'in', 'his', 'first', 'important', 'ex@@', 'tern@@', 'al', 'ag@@', 'ri@@', 'cultural', 'and', 'its', 'first', 'important', 'ex@@', 'tern@@', 'al', 'land@@', 's@@', 'ets', ',', 'since', 'his', 'elec@@', 't@@', 'or@@', 'al', 'c@@', 'la@@', 'im', 'of', 'S@@', 'hin@@', 'z@@', 'o', 'A@@', 'be', 'in', 'T@@', 'ok@@', 'o', ',', 'to', 'pre@@', 'v@@', 'ent', 'economic', 'and', 'saf@@', 'ety', 'political', 'rel@@', 'ations', '.', '</s>']
2026-05-09 03:58:23,469 - INFO - joeynmt.training - 	Source:     Indiens neuer Premierminister Narendra Modi trifft bei seinem ersten wichtigen Auslandsbesuch seit seinem Wahlsieg im Mai seinen japanischen Amtskollegen Shinzo Abe in Toko , um wirtschaftliche und sicherheitspolitische Beziehungen zu besprechen .
2026-05-09 03:58:23,469 - INFO - joeynmt.training - 	Reference:  India &apos;s new prime minister , Narendra Modi , is meeting his Japanese counterpart , Shinzo Abe , in Tokyo to discuss economic and security ties , on his first major foreign visit since winning May &apos;s election .
2026-05-09 03:58:23,469 - INFO - joeynmt.training - 	Hypothesis: India &apos;s Premier Narendra Modi is in his first important external agricultural and its first important external landsets , since his electoral claim of Shinzo Abe in Toko , to prevent economic and safety political relations .
2026-05-09 03:58:23,469 - INFO - joeynmt.training - Example #2
2026-05-09 03:58:23,470 - DEBUG - joeynmt.training - 	Tokenized source:     ['Herr', 'Mo@@', 'd@@', 'i', 'befindet', 'sich', 'auf', 'einer', 'fü@@', 'n@@', 'f@@', 'tä@@', 'gi@@', 'gen', 'Rei@@', 'se', 'nach', 'J@@', 'ap@@', 'an', ',', 'um', 'die', 'wirtschaf@@', 'tlichen', 'Be@@', 'zieh@@', 'ungen', 'mit', 'der', 'd@@', 'rit@@', 't@@', 'größ@@', 'ten', 'Wirtschafts@@', 'n@@', 'ation', 'der', 'Welt', 'zu', 'fes@@', 'tigen', '.']
2026-05-09 03:58:23,470 - DEBUG - joeynmt.training - 	Tokenized reference:  ['Mr', 'Mo@@', 'd@@', 'i', 'is', 'on', 'a', 'fi@@', 've', '@@@', '-@@', '@', 'day', 'tri@@', 'p', 'to', 'J@@', 'ap@@', 'an', 'to', 'streng@@', 'then', 'economic', 'ties', 'with', 'the', 'third', 'lar@@', 'ges@@', 't', 'econom@@', 'y', 'in', 'the', 'world', '.']
2026-05-09 03:58:23,470 - DEBUG - joeynmt.training - 	Tokenized hypothesis: ['Mr', 'Mo@@', 'd@@', 'i', 'is', 'based', 'on', 'one', 'fi@@', 'f@@', 'f@@', 'ty', 'tra@@', 'v@@', 'el', 'to', 'J@@', 'ap@@', 'an', ',', 'to', 'the', 'economic', 'rel@@', 'ations', 'with', 'the', 'third', 'lar@@', 'ges@@', 't', 'economic', 'n@@', 'ation', 'of', 'the', 'world', '.', '</s>']
2026-05-09 03:58:23,470 - INFO - joeynmt.training - 	Source:     Herr Modi befindet sich auf einer fünftägigen Reise nach Japan , um die wirtschaftlichen Beziehungen mit der drittgrößten Wirtschaftsnation der Welt zu festigen .
2026-05-09 03:58:23,470 - INFO - joeynmt.training - 	Reference:  Mr Modi is on a five @-@ day trip to Japan to strengthen economic ties with the third largest economy in the world .
2026-05-09 03:58:23,470 - INFO - joeynmt.training - 	Hypothesis: Mr Modi is based on one fiffty travel to Japan , to the economic relations with the third largest economic nation of the world .
2026-05-09 03:58:23,470 - INFO - joeynmt.training - Example #3
2026-05-09 03:58:23,470 - DEBUG - joeynmt.training - 	Tokenized source:     ['P@@', 'län@@', 'e', 'für', 'eine', 'stärk@@', 'ere', 'k@@', 'ern@@', 'techn@@', 'ische', 'Zusammenarbeit', 'stehen', 'ganz', 'ob@@', 'en', 'auf', 'der', 'Tag@@', 'es@@', 'ordnung', '.']
2026-05-09 03:58:23,470 - DEBUG - joeynmt.training - 	Tokenized reference:  ['high', 'on', 'the', 'agen@@', 'da', 'are', 'pl@@', 'ans', 'for', 'gre@@', 'ater', 'nu@@', 'clear', 'c@@', 'o', '@@@', '-@@', '@', 'operation', '.']
2026-05-09 03:58:23,470 - DEBUG - joeynmt.training - 	Tokenized hypothesis: ['pl@@', 'ans', 'for', 'more', 'more', 'c@@', 'ru@@', 'cial', 'techn@@', 'ical', 'cooperation', 'are', 'at', 'the', 'agen@@', 'da', '.', '</s>']
2026-05-09 03:58:23,470 - INFO - joeynmt.training - 	Source:     Pläne für eine stärkere kerntechnische Zusammenarbeit stehen ganz oben auf der Tagesordnung .
2026-05-09 03:58:23,470 - INFO - joeynmt.training - 	Reference:  high on the agenda are plans for greater nuclear co @-@ operation .
2026-05-09 03:58:23,470 - INFO - joeynmt.training - 	Hypothesis: plans for more more crucial technical cooperation are at the agenda .
2026-05-09 03:58:23,470 - INFO - joeynmt.training - Example #4
2026-05-09 03:58:23,470 - DEBUG - joeynmt.training - 	Tokenized source:     ['Berich@@', 'ten', 'zu@@', 'fol@@', 'ge', 'ho@@', 'fft', 'Indi@@', 'en', 'darüber', 'hinaus', 'auf', 'einen', 'Ver@@', 'trag', 'zur', 'Ver@@', 'tei@@', 'dig@@', 'ungs@@', 'zusammen@@', 'arbeit', 'zwischen', 'den', 'beiden', 'N@@', 'ationen', '.']
2026-05-09 03:58:23,470 - DEBUG - joeynmt.training - 	Tokenized reference:  ['Indi@@', 'a', 'is', 'also', 're@@', 'porte@@', 'dly', 'hop@@', 'ing', 'for', 'a', 'de@@', 'al', 'on', 'def@@', 'ence', 'c@@', 'oll@@', 'ab@@', 'or@@', 'ation', 'between', 'the', 'two', 'n@@', 'ations', '.']
2026-05-09 03:58:23,470 - DEBUG - joeynmt.training - 	Tokenized hypothesis: ['the', 'ad@@', 'di@@', 'tional', 're@@', 'ports', 'of', 'Indi@@', 'a', ',', 'the', 'Tre@@', 'aty', 'on', 'def@@', 'ence', 'between', 'the', 'two', 'n@@', 'ations', '.', '</s>']
2026-05-09 03:58:23,470 - INFO - joeynmt.training - 	Source:     Berichten zufolge hofft Indien darüber hinaus auf einen Vertrag zur Verteidigungszusammenarbeit zwischen den beiden Nationen .
2026-05-09 03:58:23,470 - INFO - joeynmt.training - 	Reference:  India is also reportedly hoping for a deal on defence collaboration between the two nations .
2026-05-09 03:58:23,470 - INFO - joeynmt.training - 	Hypothesis: the additional reports of India , the Treaty on defence between the two nations .
2026-05-09 03:58:39,666 - INFO - joeynmt.training - Epoch   9, Step:    33100, Batch Loss:     1.756622, Batch Acc: 0.547858, Tokens per Sec:     5711, Lr: 0.000300
2026-05-09 03:58:55,844 - INFO - joeynmt.training - Epoch   9, Step:    33200, Batch Loss:     1.563426, Batch Acc: 0.551318, Tokens per Sec:     5575, Lr: 0.000300
2026-05-09 03:59:12,134 - INFO - joeynmt.training - Epoch   9, Step:    33300, Batch Loss:     1.656151, Batch Acc: 0.548235, Tokens per Sec:     5703, Lr: 0.000300
2026-05-09 03:59:28,585 - INFO - joeynmt.training - Epoch   9, Step:    33400, Batch Loss:     1.671113, Batch Acc: 0.547938, Tokens per Sec:     5594, Lr: 0.000300
2026-05-09 03:59:44,946 - INFO - joeynmt.training - Epoch   9, Step:    33500, Batch Loss:     1.496676, Batch Acc: 0.548650, Tokens per Sec:     5694, Lr: 0.000300
2026-05-09 03:59:44,947 - INFO - joeynmt.prediction - Predicting 500 example(s)... (Greedy decoding with min_output_length=1, max_output_length=-1, return_prob='none', generate_unk=True, repetition_penalty=-1, no_repeat_ngram_size=-1)
2026-05-09 04:00:19,412 - INFO - joeynmt.prediction - Evaluation result (greedy) loss:   2.11, ppl:   8.24, acc:   0.46, generation: 34.4604[sec], evaluation: 0.0000[sec]
2026-05-09 04:00:19,504 - INFO - joeynmt.helpers - delete models/deen_transformer_regular/31500.ckpt
2026-05-09 04:00:19,508 - INFO - joeynmt.training - Example #0
2026-05-09 04:00:19,508 - DEBUG - joeynmt.training - 	Tokenized source:     ['die', 'Pre@@', 'mi@@', 'er@@', 'minist@@', 'er', 'Indi@@', 'ens', 'und', 'J@@', 'ap@@', 'ans', 'tra@@', 'fen', 'sich', 'in', 'T@@', 'ok@@', 'i@@', 'o', '.']
2026-05-09 04:00:19,508 - DEBUG - joeynmt.training - 	Tokenized reference:  ['Indi@@', 'a', 'and', 'J@@', 'ap@@', 'an', 'pri@@', 'me', 'minist@@', 'ers', 'me@@', 'et', 'in', 'T@@', 'ok@@', 'y@@', 'o']
2026-05-09 04:00:19,508 - DEBUG - joeynmt.training - 	Tokenized hypothesis: ['the', 'Pri@@', 'me', 'Minist@@', 'er', 'Indi@@', 'a', 'and', 'J@@', 'ap@@', 'an', ',', 'T@@', 'ok@@', 'y@@', 'o', '.', '</s>']
2026-05-09 04:00:19,508 - INFO - joeynmt.training - 	Source:     die Premierminister Indiens und Japans trafen sich in Tokio .
2026-05-09 04:00:19,508 - INFO - joeynmt.training - 	Reference:  India and Japan prime ministers meet in Tokyo
2026-05-09 04:00:19,508 - INFO - joeynmt.training - 	Hypothesis: the Prime Minister India and Japan , Tokyo .
2026-05-09 04:00:19,508 - INFO - joeynmt.training - Example #1
2026-05-09 04:00:19,509 - DEBUG - joeynmt.training - 	Tokenized source:     ['Indi@@', 'ens', 'neu@@', 'er', 'Pre@@', 'mi@@', 'er@@', 'minist@@', 'er', 'N@@', 'ar@@', 'end@@', 'ra', 'Mo@@', 'd@@', 'i', 'tri@@', 'fft', 'bei', 's@@', 'einem', 'ersten', 'wichti@@', 'gen', 'Aus@@', 'land@@', 's@@', 'bes@@', 'u@@', 'ch', 'seit', 's@@', 'einem', 'W@@', 'ah@@', 'l@@', 'si@@', 'e@@', 'g', 'im', 'Ma@@', 'i', 'seinen', 'j@@', 'ap@@', 'an@@', 'ischen', 'Am@@', 'ts@@', 'k@@', 'olle@@', 'gen', 'S@@', 'hin@@', 'z@@', 'o', 'A@@', 'be', 'in', 'T@@', 'ok@@', 'o', ',', 'um', 'wirtschaf@@', 'tliche', 'und', 'sicher@@', 'heits@@', 'politische', 'Be@@', 'zieh@@', 'ungen', 'zu', 'bes@@', 'pre@@', 'chen', '.']
2026-05-09 04:00:19,509 - DEBUG - joeynmt.training - 	Tokenized reference:  ['Indi@@', 'a', '&apos;s', 'new', 'pri@@', 'me', 'minist@@', 'er', ',', 'N@@', 'ar@@', 'end@@', 'ra', 'Mo@@', 'd@@', 'i', ',', 'is', 'me@@', 'eting', 'his', 'J@@', 'ap@@', 'an@@', 'ese', 'coun@@', 'ter@@', 'part', ',', 'S@@', 'hin@@', 'z@@', 'o', 'A@@', 'be', ',', 'in', 'T@@', 'ok@@', 'y@@', 'o', 'to', 'disc@@', 'uss', 'economic', 'and', 'security', 'ties', ',', 'on', 'his', 'first', 'major', 'fore@@', 'ign', 'visi@@', 't', 'since', 'w@@', 'inn@@', 'ing', 'Ma@@', 'y', '&apos;s', 'elec@@', 'tion', '.']
2026-05-09 04:00:19,509 - DEBUG - joeynmt.training - 	Tokenized hypothesis: ['Indi@@', 'a', '&apos;s', 'lat@@', 'est', 'pri@@', 'me', 'minist@@', 'er', 'N@@', 'ar@@', 'end@@', 'ra', 'Mo@@', 'd@@', 'i', 'is', 'the', 'first', 'important', 'ex@@', 'tern@@', 'al', 'land@@', 's@@', 'ets', ',', 'in', 'the', 'Ma@@', 'y', 'of', 'his', 'elec@@', 't@@', 'or@@', 'al', 'in', 'Ma@@', 'y', 'of', 'S@@', 'hin@@', 'z@@', 'o', 'A@@', 'be', 'in', 'T@@', 'ok@@', 'o', ',', 'to', 'pre@@', 'v@@', 'ent', 'economic', 'and', 'saf@@', 'ety', 'rel@@', 'ations', '.', '</s>']
2026-05-09 04:00:19,509 - INFO - joeynmt.training - 	Source:     Indiens neuer Premierminister Narendra Modi trifft bei seinem ersten wichtigen Auslandsbesuch seit seinem Wahlsieg im Mai seinen japanischen Amtskollegen Shinzo Abe in Toko , um wirtschaftliche und sicherheitspolitische Beziehungen zu besprechen .
2026-05-09 04:00:19,509 - INFO - joeynmt.training - 	Reference:  India &apos;s new prime minister , Narendra Modi , is meeting his Japanese counterpart , Shinzo Abe , in Tokyo to discuss economic and security ties , on his first major foreign visit since winning May &apos;s election .
2026-05-09 04:00:19,509 - INFO - joeynmt.training - 	Hypothesis: India &apos;s latest prime minister Narendra Modi is the first important external landsets , in the May of his electoral in May of Shinzo Abe in Toko , to prevent economic and safety relations .
2026-05-09 04:00:19,509 - INFO - joeynmt.training - Example #2
2026-05-09 04:00:19,509 - DEBUG - joeynmt.training - 	Tokenized source:     ['Herr', 'Mo@@', 'd@@', 'i', 'befindet', 'sich', 'auf', 'einer', 'fü@@', 'n@@', 'f@@', 'tä@@', 'gi@@', 'gen', 'Rei@@', 'se', 'nach', 'J@@', 'ap@@', 'an', ',', 'um', 'die', 'wirtschaf@@', 'tlichen', 'Be@@', 'zieh@@', 'ungen', 'mit', 'der', 'd@@', 'rit@@', 't@@', 'größ@@', 'ten', 'Wirtschafts@@', 'n@@', 'ation', 'der', 'Welt', 'zu', 'fes@@', 'tigen', '.']
2026-05-09 04:00:19,509 - DEBUG - joeynmt.training - 	Tokenized reference:  ['Mr', 'Mo@@', 'd@@', 'i', 'is', 'on', 'a', 'fi@@', 've', '@@@', '-@@', '@', 'day', 'tri@@', 'p', 'to', 'J@@', 'ap@@', 'an', 'to', 'streng@@', 'then', 'economic', 'ties', 'with', 'the', 'third', 'lar@@', 'ges@@', 't', 'econom@@', 'y', 'in', 'the', 'world', '.']
2026-05-09 04:00:19,509 - DEBUG - joeynmt.training - 	Tokenized hypothesis: ['Mr', 'Mo@@', 'd@@', 'i', 'is', 'on', 'a', 'fi@@', 'f@@', 'ty', 'tra@@', 'v@@', 'el', 'to', 'J@@', 'ap@@', 'an', 'to', 'J@@', 'ap@@', 'an', 'to', 'the', 'economic', 'rel@@', 'ations', 'with', 'the', 'third', 'lar@@', 'ges@@', 't', 'economic', 'rel@@', 'ations', 'with', 'the', 'third', 'lar@@', 'ges@@', 't', 'economic', 'rel@@', 'ations', 'with', 'the', 'third', 'lar@@', 'ges@@', 't', 'economic', 'rel@@', 'ations', 'with', 'the', 'third', 'lar@@', 'ges@@', 't', 'economic', 'rel@@', 'ations', '.', '</s>']
2026-05-09 04:00:19,509 - INFO - joeynmt.training - 	Source:     Herr Modi befindet sich auf einer fünftägigen Reise nach Japan , um die wirtschaftlichen Beziehungen mit der drittgrößten Wirtschaftsnation der Welt zu festigen .
2026-05-09 04:00:19,509 - INFO - joeynmt.training - 	Reference:  Mr Modi is on a five @-@ day trip to Japan to strengthen economic ties with the third largest economy in the world .
2026-05-09 04:00:19,509 - INFO - joeynmt.training - 	Hypothesis: Mr Modi is on a fifty travel to Japan to Japan to the economic relations with the third largest economic relations with the third largest economic relations with the third largest economic relations with the third largest economic relations .
2026-05-09 04:00:19,509 - INFO - joeynmt.training - Example #3
2026-05-09 04:00:19,509 - DEBUG - joeynmt.training - 	Tokenized source:     ['P@@', 'län@@', 'e', 'für', 'eine', 'stärk@@', 'ere', 'k@@', 'ern@@', 'techn@@', 'ische', 'Zusammenarbeit', 'stehen', 'ganz', 'ob@@', 'en', 'auf', 'der', 'Tag@@', 'es@@', 'ordnung', '.']
2026-05-09 04:00:19,509 - DEBUG - joeynmt.training - 	Tokenized reference:  ['high', 'on', 'the', 'agen@@', 'da', 'are', 'pl@@', 'ans', 'for', 'gre@@', 'ater', 'nu@@', 'clear', 'c@@', 'o', '@@@', '-@@', '@', 'operation', '.']
2026-05-09 04:00:19,509 - DEBUG - joeynmt.training - 	Tokenized hypothesis: ['pl@@', 'ans', 'for', 'gre@@', 'ater', 'techn@@', 'ical', 'cooperation', 'are', 'very', 'ob@@', 'ser@@', 'ved', 'on', 'the', 'agen@@', 'da', '.', '</s>']
2026-05-09 04:00:19,509 - INFO - joeynmt.training - 	Source:     Pläne für eine stärkere kerntechnische Zusammenarbeit stehen ganz oben auf der Tagesordnung .
2026-05-09 04:00:19,509 - INFO - joeynmt.training - 	Reference:  high on the agenda are plans for greater nuclear co @-@ operation .
2026-05-09 04:00:19,509 - INFO - joeynmt.training - 	Hypothesis: plans for greater technical cooperation are very observed on the agenda .
2026-05-09 04:00:19,509 - INFO - joeynmt.training - Example #4
2026-05-09 04:00:19,509 - DEBUG - joeynmt.training - 	Tokenized source:     ['Berich@@', 'ten', 'zu@@', 'fol@@', 'ge', 'ho@@', 'fft', 'Indi@@', 'en', 'darüber', 'hinaus', 'auf', 'einen', 'Ver@@', 'trag', 'zur', 'Ver@@', 'tei@@', 'dig@@', 'ungs@@', 'zusammen@@', 'arbeit', 'zwischen', 'den', 'beiden', 'N@@', 'ationen', '.']
2026-05-09 04:00:19,509 - DEBUG - joeynmt.training - 	Tokenized reference:  ['Indi@@', 'a', 'is', 'also', 're@@', 'porte@@', 'dly', 'hop@@', 'ing', 'for', 'a', 'de@@', 'al', 'on', 'def@@', 'ence', 'c@@', 'oll@@', 'ab@@', 'or@@', 'ation', 'between', 'the', 'two', 'n@@', 'ations', '.']
2026-05-09 04:00:19,509 - DEBUG - joeynmt.training - 	Tokenized hypothesis: ['the', 're@@', 'ports', 'also', 'hope', 'that', 'the', 'same', 'way', ',', 'in', 'which', 'the', 'def@@', 'ence', 'cooperation', 'between', 'the', 'two', 'n@@', 'ations', '.', '</s>']
2026-05-09 04:00:19,509 - INFO - joeynmt.training - 	Source:     Berichten zufolge hofft Indien darüber hinaus auf einen Vertrag zur Verteidigungszusammenarbeit zwischen den beiden Nationen .
2026-05-09 04:00:19,509 - INFO - joeynmt.training - 	Reference:  India is also reportedly hoping for a deal on defence collaboration between the two nations .
2026-05-09 04:00:19,510 - INFO - joeynmt.training - 	Hypothesis: the reports also hope that the same way , in which the defence cooperation between the two nations .
2026-05-09 04:00:35,597 - INFO - joeynmt.training - Epoch   9, Step:    33600, Batch Loss:     1.537074, Batch Acc: 0.548372, Tokens per Sec:     5617, Lr: 0.000300
2026-05-09 04:00:51,799 - INFO - joeynmt.training - Epoch   9, Step:    33700, Batch Loss:     1.581496, Batch Acc: 0.544044, Tokens per Sec:     5668, Lr: 0.000300
2026-05-09 04:01:08,040 - INFO - joeynmt.training - Epoch   9, Step:    33800, Batch Loss:     1.681746, Batch Acc: 0.543629, Tokens per Sec:     5540, Lr: 0.000300
2026-05-09 04:01:24,283 - INFO - joeynmt.training - Epoch   9, Step:    33900, Batch Loss:     1.524141, Batch Acc: 0.547819, Tokens per Sec:     5674, Lr: 0.000300
2026-05-09 04:01:40,616 - INFO - joeynmt.training - Epoch   9, Step:    34000, Batch Loss:     1.709357, Batch Acc: 0.538939, Tokens per Sec:     5639, Lr: 0.000300
2026-05-09 04:01:40,616 - INFO - joeynmt.prediction - Predicting 500 example(s)... (Greedy decoding with min_output_length=1, max_output_length=-1, return_prob='none', generate_unk=True, repetition_penalty=-1, no_repeat_ngram_size=-1)
2026-05-09 04:02:13,306 - INFO - joeynmt.prediction - Evaluation result (greedy) loss:   2.11, ppl:   8.23, acc:   0.46, generation: 32.6859[sec], evaluation: 0.0000[sec]
2026-05-09 04:02:13,396 - INFO - joeynmt.helpers - delete models/deen_transformer_regular/31000.ckpt
2026-05-09 04:02:13,399 - INFO - joeynmt.training - Example #0
2026-05-09 04:02:13,399 - DEBUG - joeynmt.training - 	Tokenized source:     ['die', 'Pre@@', 'mi@@', 'er@@', 'minist@@', 'er', 'Indi@@', 'ens', 'und', 'J@@', 'ap@@', 'ans', 'tra@@', 'fen', 'sich', 'in', 'T@@', 'ok@@', 'i@@', 'o', '.']
2026-05-09 04:02:13,399 - DEBUG - joeynmt.training - 	Tokenized reference:  ['Indi@@', 'a', 'and', 'J@@', 'ap@@', 'an', 'pri@@', 'me', 'minist@@', 'ers', 'me@@', 'et', 'in', 'T@@', 'ok@@', 'y@@', 'o']
2026-05-09 04:02:13,399 - DEBUG - joeynmt.training - 	Tokenized hypothesis: ['the', 'Pri@@', 'me', 'Minist@@', 'er', 'Indi@@', 'a', 'and', 'J@@', 'ap@@', 'an', ',', 'the', 'Pri@@', 'me', 'Minist@@', 'er', 'of', 'Indi@@', 'a', 'and', 'J@@', 'ap@@', 'an', '.', '</s>']
2026-05-09 04:02:13,399 - INFO - joeynmt.training - 	Source:     die Premierminister Indiens und Japans trafen sich in Tokio .
2026-05-09 04:02:13,399 - INFO - joeynmt.training - 	Reference:  India and Japan prime ministers meet in Tokyo
2026-05-09 04:02:13,399 - INFO - joeynmt.training - 	Hypothesis: the Prime Minister India and Japan , the Prime Minister of India and Japan .
2026-05-09 04:02:13,399 - INFO - joeynmt.training - Example #1
2026-05-09 04:02:13,399 - DEBUG - joeynmt.training - 	Tokenized source:     ['Indi@@', 'ens', 'neu@@', 'er', 'Pre@@', 'mi@@', 'er@@', 'minist@@', 'er', 'N@@', 'ar@@', 'end@@', 'ra', 'Mo@@', 'd@@', 'i', 'tri@@', 'fft', 'bei', 's@@', 'einem', 'ersten', 'wichti@@', 'gen', 'Aus@@', 'land@@', 's@@', 'bes@@', 'u@@', 'ch', 'seit', 's@@', 'einem', 'W@@', 'ah@@', 'l@@', 'si@@', 'e@@', 'g', 'im', 'Ma@@', 'i', 'seinen', 'j@@', 'ap@@', 'an@@', 'ischen', 'Am@@', 'ts@@', 'k@@', 'olle@@', 'gen', 'S@@', 'hin@@', 'z@@', 'o', 'A@@', 'be', 'in', 'T@@', 'ok@@', 'o', ',', 'um', 'wirtschaf@@', 'tliche', 'und', 'sicher@@', 'heits@@', 'politische', 'Be@@', 'zieh@@', 'ungen', 'zu', 'bes@@', 'pre@@', 'chen', '.']
2026-05-09 04:02:13,399 - DEBUG - joeynmt.training - 	Tokenized reference:  ['Indi@@', 'a', '&apos;s', 'new', 'pri@@', 'me', 'minist@@', 'er', ',', 'N@@', 'ar@@', 'end@@', 'ra', 'Mo@@', 'd@@', 'i', ',', 'is', 'me@@', 'eting', 'his', 'J@@', 'ap@@', 'an@@', 'ese', 'coun@@', 'ter@@', 'part', ',', 'S@@', 'hin@@', 'z@@', 'o', 'A@@', 'be', ',', 'in', 'T@@', 'ok@@', 'y@@', 'o', 'to', 'disc@@', 'uss', 'economic', 'and', 'security', 'ties', ',', 'on', 'his', 'first', 'major', 'fore@@', 'ign', 'visi@@', 't', 'since', 'w@@', 'inn@@', 'ing', 'Ma@@', 'y', '&apos;s', 'elec@@', 'tion', '.']
2026-05-09 04:02:13,399 - DEBUG - joeynmt.training - 	Tokenized hypothesis: ['Indi@@', 'a', '&apos;s', 'lat@@', 'est', 'minist@@', 'er', 'N@@', 'ar@@', 'end@@', 'ra', 'Mo@@', 'd@@', 'i', 'is', 'a', 'm@@', 'om@@', 'ent', 'in', 'his', 'first', 'important', 'ex@@', 'tern@@', 'al', 'land@@', 's@@', 'visi@@', 't', 'since', 'his', 'elec@@', 't@@', 'or@@', 'al', 'c@@', 'amp@@', 'a@@', 'ig@@', 'ns', 'in', 'Ma@@', 'y', 'S@@', 'hin@@', 'z@@', 'o', 'A@@', 'be', 'in', 'T@@', 'ok@@', 'o', ',', 'to', 'pre@@', 'v@@', 'ent', 'economic', 'and', 'saf@@', 'ety', '.', '</s>']
2026-05-09 04:02:13,399 - INFO - joeynmt.training - 	Source:     Indiens neuer Premierminister Narendra Modi trifft bei seinem ersten wichtigen Auslandsbesuch seit seinem Wahlsieg im Mai seinen japanischen Amtskollegen Shinzo Abe in Toko , um wirtschaftliche und sicherheitspolitische Beziehungen zu besprechen .
2026-05-09 04:02:13,399 - INFO - joeynmt.training - 	Reference:  India &apos;s new prime minister , Narendra Modi , is meeting his Japanese counterpart , Shinzo Abe , in Tokyo to discuss economic and security ties , on his first major foreign visit since winning May &apos;s election .
2026-05-09 04:02:13,399 - INFO - joeynmt.training - 	Hypothesis: India &apos;s latest minister Narendra Modi is a moment in his first important external landsvisit since his electoral campaigns in May Shinzo Abe in Toko , to prevent economic and safety .
2026-05-09 04:02:13,399 - INFO - joeynmt.training - Example #2
2026-05-09 04:02:13,399 - DEBUG - joeynmt.training - 	Tokenized source:     ['Herr', 'Mo@@', 'd@@', 'i', 'befindet', 'sich', 'auf', 'einer', 'fü@@', 'n@@', 'f@@', 'tä@@', 'gi@@', 'gen', 'Rei@@', 'se', 'nach', 'J@@', 'ap@@', 'an', ',', 'um', 'die', 'wirtschaf@@', 'tlichen', 'Be@@', 'zieh@@', 'ungen', 'mit', 'der', 'd@@', 'rit@@', 't@@', 'größ@@', 'ten', 'Wirtschafts@@', 'n@@', 'ation', 'der', 'Welt', 'zu', 'fes@@', 'tigen', '.']
2026-05-09 04:02:13,399 - DEBUG - joeynmt.training - 	Tokenized reference:  ['Mr', 'Mo@@', 'd@@', 'i', 'is', 'on', 'a', 'fi@@', 've', '@@@', '-@@', '@', 'day', 'tri@@', 'p', 'to', 'J@@', 'ap@@', 'an', 'to', 'streng@@', 'then', 'economic', 'ties', 'with', 'the', 'third', 'lar@@', 'ges@@', 't', 'econom@@', 'y', 'in', 'the', 'world', '.']
2026-05-09 04:02:13,399 - DEBUG - joeynmt.training - 	Tokenized hypothesis: ['Mr', 'Mo@@', 'd@@', 'i', 'is', 'based', 'on', 'a', 'fi@@', 'f@@', 'ty', 'tra@@', 'v@@', 'el', 'to', 'J@@', 'ap@@', 'an', 'to', 'the', 'economic', 'rel@@', 'ations', 'with', 'the', 'third', 'lar@@', 'ges@@', 't', 'economic', 'rel@@', 'ations', 'with', 'the', 'third', 'lar@@', 'ges@@', 't', 'economic', 'rel@@', 'ations', '.', '</s>']
2026-05-09 04:02:13,399 - INFO - joeynmt.training - 	Source:     Herr Modi befindet sich auf einer fünftägigen Reise nach Japan , um die wirtschaftlichen Beziehungen mit der drittgrößten Wirtschaftsnation der Welt zu festigen .
2026-05-09 04:02:13,399 - INFO - joeynmt.training - 	Reference:  Mr Modi is on a five @-@ day trip to Japan to strengthen economic ties with the third largest economy in the world .
2026-05-09 04:02:13,399 - INFO - joeynmt.training - 	Hypothesis: Mr Modi is based on a fifty travel to Japan to the economic relations with the third largest economic relations with the third largest economic relations .
2026-05-09 04:02:13,399 - INFO - joeynmt.training - Example #3
2026-05-09 04:02:13,400 - DEBUG - joeynmt.training - 	Tokenized source:     ['P@@', 'län@@', 'e', 'für', 'eine', 'stärk@@', 'ere', 'k@@', 'ern@@', 'techn@@', 'ische', 'Zusammenarbeit', 'stehen', 'ganz', 'ob@@', 'en', 'auf', 'der', 'Tag@@', 'es@@', 'ordnung', '.']
2026-05-09 04:02:13,400 - DEBUG - joeynmt.training - 	Tokenized reference:  ['high', 'on', 'the', 'agen@@', 'da', 'are', 'pl@@', 'ans', 'for', 'gre@@', 'ater', 'nu@@', 'clear', 'c@@', 'o', '@@@', '-@@', '@', 'operation', '.']
2026-05-09 04:02:13,400 - DEBUG - joeynmt.training - 	Tokenized hypothesis: ['pl@@', 'ans', 'for', 'a', 'gre@@', 'ater', 'techn@@', 'ical', 'cooperation', 'are', 'very', 'close', 'to', 'the', 'agen@@', 'da', '.', '</s>']
2026-05-09 04:02:13,400 - INFO - joeynmt.training - 	Source:     Pläne für eine stärkere kerntechnische Zusammenarbeit stehen ganz oben auf der Tagesordnung .
2026-05-09 04:02:13,400 - INFO - joeynmt.training - 	Reference:  high on the agenda are plans for greater nuclear co @-@ operation .
2026-05-09 04:02:13,400 - INFO - joeynmt.training - 	Hypothesis: plans for a greater technical cooperation are very close to the agenda .
2026-05-09 04:02:13,400 - INFO - joeynmt.training - Example #4
2026-05-09 04:02:13,400 - DEBUG - joeynmt.training - 	Tokenized source:     ['Berich@@', 'ten', 'zu@@', 'fol@@', 'ge', 'ho@@', 'fft', 'Indi@@', 'en', 'darüber', 'hinaus', 'auf', 'einen', 'Ver@@', 'trag', 'zur', 'Ver@@', 'tei@@', 'dig@@', 'ungs@@', 'zusammen@@', 'arbeit', 'zwischen', 'den', 'beiden', 'N@@', 'ationen', '.']
2026-05-09 04:02:13,400 - DEBUG - joeynmt.training - 	Tokenized reference:  ['Indi@@', 'a', 'is', 'also', 're@@', 'porte@@', 'dly', 'hop@@', 'ing', 'for', 'a', 'de@@', 'al', 'on', 'def@@', 'ence', 'c@@', 'oll@@', 'ab@@', 'or@@', 'ation', 'between', 'the', 'two', 'n@@', 'ations', '.']
2026-05-09 04:02:13,400 - DEBUG - joeynmt.training - 	Tokenized hypothesis: ['in', 'ad@@', 'dition', ',', 'it', 'is', 'also', 'a', 'con@@', 'tra@@', 'ct', 'on', 'the', 'def@@', 'ence', 'of', 'the', 'con@@', 'tra@@', 'ct', 'cooperation', 'between', 'the', 'two', 'n@@', 'ations', '.', '</s>']
2026-05-09 04:02:13,400 - INFO - joeynmt.training - 	Source:     Berichten zufolge hofft Indien darüber hinaus auf einen Vertrag zur Verteidigungszusammenarbeit zwischen den beiden Nationen .
2026-05-09 04:02:13,400 - INFO - joeynmt.training - 	Reference:  India is also reportedly hoping for a deal on defence collaboration between the two nations .
2026-05-09 04:02:13,400 - INFO - joeynmt.training - 	Hypothesis: in addition , it is also a contract on the defence of the contract cooperation between the two nations .
2026-05-09 04:02:29,779 - INFO - joeynmt.training - Epoch   9, Step:    34100, Batch Loss:     1.893511, Batch Acc: 0.542202, Tokens per Sec:     5584, Lr: 0.000300
2026-05-09 04:02:46,274 - INFO - joeynmt.training - Epoch   9, Step:    34200, Batch Loss:     1.718023, Batch Acc: 0.537762, Tokens per Sec:     5597, Lr: 0.000300
2026-05-09 04:03:02,464 - INFO - joeynmt.training - Epoch   9, Step:    34300, Batch Loss:     1.730185, Batch Acc: 0.540348, Tokens per Sec:     5674, Lr: 0.000300
2026-05-09 04:03:18,920 - INFO - joeynmt.training - Epoch   9, Step:    34400, Batch Loss:     1.777271, Batch Acc: 0.537184, Tokens per Sec:     5657, Lr: 0.000300
2026-05-09 04:03:35,151 - INFO - joeynmt.training - Epoch   9, Step:    34500, Batch Loss:     1.647390, Batch Acc: 0.545700, Tokens per Sec:     5726, Lr: 0.000300
2026-05-09 04:03:35,152 - INFO - joeynmt.prediction - Predicting 500 example(s)... (Greedy decoding with min_output_length=1, max_output_length=-1, return_prob='none', generate_unk=True, repetition_penalty=-1, no_repeat_ngram_size=-1)
2026-05-09 04:04:04,113 - INFO - joeynmt.prediction - Evaluation result (greedy) loss:   2.10, ppl:   8.20, acc:   0.46, generation: 28.9564[sec], evaluation: 0.0000[sec]
2026-05-09 04:04:04,200 - INFO - joeynmt.helpers - delete models/deen_transformer_regular/33000.ckpt
2026-05-09 04:04:04,203 - INFO - joeynmt.training - Example #0
2026-05-09 04:04:04,203 - DEBUG - joeynmt.training - 	Tokenized source:     ['die', 'Pre@@', 'mi@@', 'er@@', 'minist@@', 'er', 'Indi@@', 'ens', 'und', 'J@@', 'ap@@', 'ans', 'tra@@', 'fen', 'sich', 'in', 'T@@', 'ok@@', 'i@@', 'o', '.']
2026-05-09 04:04:04,203 - DEBUG - joeynmt.training - 	Tokenized reference:  ['Indi@@', 'a', 'and', 'J@@', 'ap@@', 'an', 'pri@@', 'me', 'minist@@', 'ers', 'me@@', 'et', 'in', 'T@@', 'ok@@', 'y@@', 'o']
2026-05-09 04:04:04,203 - DEBUG - joeynmt.training - 	Tokenized hypothesis: ['the', 'Pri@@', 'me', 'Minist@@', 'er', 'of', 'Indi@@', 'a', 'and', 'J@@', 'ap@@', 'an', ',', 'and', 'J@@', 'ap@@', 'an', '.', '</s>']
2026-05-09 04:04:04,203 - INFO - joeynmt.training - 	Source:     die Premierminister Indiens und Japans trafen sich in Tokio .
2026-05-09 04:04:04,203 - INFO - joeynmt.training - 	Reference:  India and Japan prime ministers meet in Tokyo
2026-05-09 04:04:04,203 - INFO - joeynmt.training - 	Hypothesis: the Prime Minister of India and Japan , and Japan .
2026-05-09 04:04:04,203 - INFO - joeynmt.training - Example #1
2026-05-09 04:04:04,203 - DEBUG - joeynmt.training - 	Tokenized source:     ['Indi@@', 'ens', 'neu@@', 'er', 'Pre@@', 'mi@@', 'er@@', 'minist@@', 'er', 'N@@', 'ar@@', 'end@@', 'ra', 'Mo@@', 'd@@', 'i', 'tri@@', 'fft', 'bei', 's@@', 'einem', 'ersten', 'wichti@@', 'gen', 'Aus@@', 'land@@', 's@@', 'bes@@', 'u@@', 'ch', 'seit', 's@@', 'einem', 'W@@', 'ah@@', 'l@@', 'si@@', 'e@@', 'g', 'im', 'Ma@@', 'i', 'seinen', 'j@@', 'ap@@', 'an@@', 'ischen', 'Am@@', 'ts@@', 'k@@', 'olle@@', 'gen', 'S@@', 'hin@@', 'z@@', 'o', 'A@@', 'be', 'in', 'T@@', 'ok@@', 'o', ',', 'um', 'wirtschaf@@', 'tliche', 'und', 'sicher@@', 'heits@@', 'politische', 'Be@@', 'zieh@@', 'ungen', 'zu', 'bes@@', 'pre@@', 'chen', '.']
2026-05-09 04:04:04,203 - DEBUG - joeynmt.training - 	Tokenized reference:  ['Indi@@', 'a', '&apos;s', 'new', 'pri@@', 'me', 'minist@@', 'er', ',', 'N@@', 'ar@@', 'end@@', 'ra', 'Mo@@', 'd@@', 'i', ',', 'is', 'me@@', 'eting', 'his', 'J@@', 'ap@@', 'an@@', 'ese', 'coun@@', 'ter@@', 'part', ',', 'S@@', 'hin@@', 'z@@', 'o', 'A@@', 'be', ',', 'in', 'T@@', 'ok@@', 'y@@', 'o', 'to', 'disc@@', 'uss', 'economic', 'and', 'security', 'ties', ',', 'on', 'his', 'first', 'major', 'fore@@', 'ign', 'visi@@', 't', 'since', 'w@@', 'inn@@', 'ing', 'Ma@@', 'y', '&apos;s', 'elec@@', 'tion', '.']
2026-05-09 04:04:04,203 - DEBUG - joeynmt.training - 	Tokenized hypothesis: ['Indi@@', 'a', '&apos;s', 'lat@@', 'est', 'Pri@@', 'me', 'Minist@@', 'er', 'N@@', 'ar@@', 'end@@', 'ra', 'Mo@@', 'd@@', 'i', ',', 'in', 'his', 'first', 'important', 'Ch@@', 'ar@@', 'end@@', 'ra', ',', 'since', 'his', 'his', 'elec@@', 'tion', ',', 'since', 'his', 'S@@', 'h@@', 'o', ',', 'the', 'M@@', 'or@@', 'an@@', 'o', 'A@@', 'be', 'in', 'T@@', 'ok@@', 'o', ',', 'to', 're@@', 'p@@', 'air', 'economic', 'and', 'security', 'policy', 'rel@@', 'ations', '.', '</s>']
2026-05-09 04:04:04,203 - INFO - joeynmt.training - 	Source:     Indiens neuer Premierminister Narendra Modi trifft bei seinem ersten wichtigen Auslandsbesuch seit seinem Wahlsieg im Mai seinen japanischen Amtskollegen Shinzo Abe in Toko , um wirtschaftliche und sicherheitspolitische Beziehungen zu besprechen .
2026-05-09 04:04:04,203 - INFO - joeynmt.training - 	Reference:  India &apos;s new prime minister , Narendra Modi , is meeting his Japanese counterpart , Shinzo Abe , in Tokyo to discuss economic and security ties , on his first major foreign visit since winning May &apos;s election .
2026-05-09 04:04:04,203 - INFO - joeynmt.training - 	Hypothesis: India &apos;s latest Prime Minister Narendra Modi , in his first important Charendra , since his his election , since his Sho , the Morano Abe in Toko , to repair economic and security policy relations .
2026-05-09 04:04:04,203 - INFO - joeynmt.training - Example #2
2026-05-09 04:04:04,203 - DEBUG - joeynmt.training - 	Tokenized source:     ['Herr', 'Mo@@', 'd@@', 'i', 'befindet', 'sich', 'auf', 'einer', 'fü@@', 'n@@', 'f@@', 'tä@@', 'gi@@', 'gen', 'Rei@@', 'se', 'nach', 'J@@', 'ap@@', 'an', ',', 'um', 'die', 'wirtschaf@@', 'tlichen', 'Be@@', 'zieh@@', 'ungen', 'mit', 'der', 'd@@', 'rit@@', 't@@', 'größ@@', 'ten', 'Wirtschafts@@', 'n@@', 'ation', 'der', 'Welt', 'zu', 'fes@@', 'tigen', '.']
2026-05-09 04:04:04,203 - DEBUG - joeynmt.training - 	Tokenized reference:  ['Mr', 'Mo@@', 'd@@', 'i', 'is', 'on', 'a', 'fi@@', 've', '@@@', '-@@', '@', 'day', 'tri@@', 'p', 'to', 'J@@', 'ap@@', 'an', 'to', 'streng@@', 'then', 'economic', 'ties', 'with', 'the', 'third', 'lar@@', 'ges@@', 't', 'econom@@', 'y', 'in', 'the', 'world', '.']
2026-05-09 04:04:04,203 - DEBUG - joeynmt.training - 	Tokenized hypothesis: ['Mr', 'Mo@@', 'd@@', 'i', 'is', 'based', 'on', 'a', 'fi@@', 'f@@', 'th', 'b@@', 'ig@@', 'ges@@', 't', 'tra@@', 'v@@', 'el', 'to', 'J@@', 'ap@@', 'an', 'to', 'J@@', 'ap@@', 'an', 'to', 'the', 'economic', 'rel@@', 'ations', 'with', 'the', 'world', '&apos;s', 'third', 'lar@@', 'ges@@', 't', 'economic', 'rel@@', 'ations', '.', '</s>']
2026-05-09 04:04:04,203 - INFO - joeynmt.training - 	Source:     Herr Modi befindet sich auf einer fünftägigen Reise nach Japan , um die wirtschaftlichen Beziehungen mit der drittgrößten Wirtschaftsnation der Welt zu festigen .
2026-05-09 04:04:04,203 - INFO - joeynmt.training - 	Reference:  Mr Modi is on a five @-@ day trip to Japan to strengthen economic ties with the third largest economy in the world .
2026-05-09 04:04:04,203 - INFO - joeynmt.training - 	Hypothesis: Mr Modi is based on a fifth biggest travel to Japan to Japan to the economic relations with the world &apos;s third largest economic relations .
2026-05-09 04:04:04,203 - INFO - joeynmt.training - Example #3
2026-05-09 04:04:04,204 - DEBUG - joeynmt.training - 	Tokenized source:     ['P@@', 'län@@', 'e', 'für', 'eine', 'stärk@@', 'ere', 'k@@', 'ern@@', 'techn@@', 'ische', 'Zusammenarbeit', 'stehen', 'ganz', 'ob@@', 'en', 'auf', 'der', 'Tag@@', 'es@@', 'ordnung', '.']
2026-05-09 04:04:04,204 - DEBUG - joeynmt.training - 	Tokenized reference:  ['high', 'on', 'the', 'agen@@', 'da', 'are', 'pl@@', 'ans', 'for', 'gre@@', 'ater', 'nu@@', 'clear', 'c@@', 'o', '@@@', '-@@', '@', 'operation', '.']
2026-05-09 04:04:04,204 - DEBUG - joeynmt.training - 	Tokenized hypothesis: ['pl@@', 'ans', 'for', 'a', 'str@@', 'on@@', 'ger', 'techn@@', 'ical', 'cooperation', 'are', 'very', 'close', 'to', 'the', 'agen@@', 'da', '.', '</s>']
2026-05-09 04:04:04,204 - INFO - joeynmt.training - 	Source:     Pläne für eine stärkere kerntechnische Zusammenarbeit stehen ganz oben auf der Tagesordnung .
2026-05-09 04:04:04,204 - INFO - joeynmt.training - 	Reference:  high on the agenda are plans for greater nuclear co @-@ operation .
2026-05-09 04:04:04,204 - INFO - joeynmt.training - 	Hypothesis: plans for a stronger technical cooperation are very close to the agenda .
2026-05-09 04:04:04,204 - INFO - joeynmt.training - Example #4
2026-05-09 04:04:04,204 - DEBUG - joeynmt.training - 	Tokenized source:     ['Berich@@', 'ten', 'zu@@', 'fol@@', 'ge', 'ho@@', 'fft', 'Indi@@', 'en', 'darüber', 'hinaus', 'auf', 'einen', 'Ver@@', 'trag', 'zur', 'Ver@@', 'tei@@', 'dig@@', 'ungs@@', 'zusammen@@', 'arbeit', 'zwischen', 'den', 'beiden', 'N@@', 'ationen', '.']
2026-05-09 04:04:04,204 - DEBUG - joeynmt.training - 	Tokenized reference:  ['Indi@@', 'a', 'is', 'also', 're@@', 'porte@@', 'dly', 'hop@@', 'ing', 'for', 'a', 'de@@', 'al', 'on', 'def@@', 'ence', 'c@@', 'oll@@', 'ab@@', 'or@@', 'ation', 'between', 'the', 'two', 'n@@', 'ations', '.']
2026-05-09 04:04:04,204 - DEBUG - joeynmt.training - 	Tokenized hypothesis: ['the', 're@@', 'ports', 'of', 'the', 'two', 'n@@', 'ations', 'of', 'the', 'same', 'as', 'the', 'two', 'n@@', 'ations', '.', '</s>']
2026-05-09 04:04:04,204 - INFO - joeynmt.training - 	Source:     Berichten zufolge hofft Indien darüber hinaus auf einen Vertrag zur Verteidigungszusammenarbeit zwischen den beiden Nationen .
2026-05-09 04:04:04,204 - INFO - joeynmt.training - 	Reference:  India is also reportedly hoping for a deal on defence collaboration between the two nations .
2026-05-09 04:04:04,204 - INFO - joeynmt.training - 	Hypothesis: the reports of the two nations of the same as the two nations .
2026-05-09 04:04:20,438 - INFO - joeynmt.training - Epoch   9, Step:    34600, Batch Loss:     1.544690, Batch Acc: 0.547382, Tokens per Sec:     5550, Lr: 0.000300
2026-05-09 04:04:36,732 - INFO - joeynmt.training - Epoch   9, Step:    34700, Batch Loss:     1.537110, Batch Acc: 0.543367, Tokens per Sec:     5595, Lr: 0.000300
2026-05-09 04:04:53,094 - INFO - joeynmt.training - Epoch   9, Step:    34800, Batch Loss:     1.626758, Batch Acc: 0.538048, Tokens per Sec:     5669, Lr: 0.000300
2026-05-09 04:05:09,202 - INFO - joeynmt.training - Epoch   9, Step:    34900, Batch Loss:     1.906630, Batch Acc: 0.539044, Tokens per Sec:     5737, Lr: 0.000300
2026-05-09 04:05:25,449 - INFO - joeynmt.training - Epoch   9, Step:    35000, Batch Loss:     1.625301, Batch Acc: 0.540042, Tokens per Sec:     5684, Lr: 0.000300
2026-05-09 04:05:25,449 - INFO - joeynmt.prediction - Predicting 500 example(s)... (Greedy decoding with min_output_length=1, max_output_length=-1, return_prob='none', generate_unk=True, repetition_penalty=-1, no_repeat_ngram_size=-1)
2026-05-09 04:05:58,423 - INFO - joeynmt.prediction - Evaluation result (greedy) loss:   2.09, ppl:   8.11, acc:   0.46, generation: 32.9686[sec], evaluation: 0.0000[sec]
2026-05-09 04:05:58,424 - INFO - joeynmt.training - Hooray! New best validation result [ppl]!
2026-05-09 04:05:58,510 - INFO - joeynmt.helpers - delete models/deen_transformer_regular/33500.ckpt
2026-05-09 04:05:58,513 - INFO - joeynmt.training - Example #0
2026-05-09 04:05:58,513 - DEBUG - joeynmt.training - 	Tokenized source:     ['die', 'Pre@@', 'mi@@', 'er@@', 'minist@@', 'er', 'Indi@@', 'ens', 'und', 'J@@', 'ap@@', 'ans', 'tra@@', 'fen', 'sich', 'in', 'T@@', 'ok@@', 'i@@', 'o', '.']
2026-05-09 04:05:58,513 - DEBUG - joeynmt.training - 	Tokenized reference:  ['Indi@@', 'a', 'and', 'J@@', 'ap@@', 'an', 'pri@@', 'me', 'minist@@', 'ers', 'me@@', 'et', 'in', 'T@@', 'ok@@', 'y@@', 'o']
2026-05-09 04:05:58,513 - DEBUG - joeynmt.training - 	Tokenized hypothesis: ['the', 'Pri@@', 'me', 'Minist@@', 'er', 'Indi@@', 'a', 'and', 'J@@', 'ap@@', 'an', '.', '</s>']
2026-05-09 04:05:58,513 - INFO - joeynmt.training - 	Source:     die Premierminister Indiens und Japans trafen sich in Tokio .
2026-05-09 04:05:58,513 - INFO - joeynmt.training - 	Reference:  India and Japan prime ministers meet in Tokyo
2026-05-09 04:05:58,513 - INFO - joeynmt.training - 	Hypothesis: the Prime Minister India and Japan .
2026-05-09 04:05:58,513 - INFO - joeynmt.training - Example #1
2026-05-09 04:05:58,513 - DEBUG - joeynmt.training - 	Tokenized source:     ['Indi@@', 'ens', 'neu@@', 'er', 'Pre@@', 'mi@@', 'er@@', 'minist@@', 'er', 'N@@', 'ar@@', 'end@@', 'ra', 'Mo@@', 'd@@', 'i', 'tri@@', 'fft', 'bei', 's@@', 'einem', 'ersten', 'wichti@@', 'gen', 'Aus@@', 'land@@', 's@@', 'bes@@', 'u@@', 'ch', 'seit', 's@@', 'einem', 'W@@', 'ah@@', 'l@@', 'si@@', 'e@@', 'g', 'im', 'Ma@@', 'i', 'seinen', 'j@@', 'ap@@', 'an@@', 'ischen', 'Am@@', 'ts@@', 'k@@', 'olle@@', 'gen', 'S@@', 'hin@@', 'z@@', 'o', 'A@@', 'be', 'in', 'T@@', 'ok@@', 'o', ',', 'um', 'wirtschaf@@', 'tliche', 'und', 'sicher@@', 'heits@@', 'politische', 'Be@@', 'zieh@@', 'ungen', 'zu', 'bes@@', 'pre@@', 'chen', '.']
2026-05-09 04:05:58,513 - DEBUG - joeynmt.training - 	Tokenized reference:  ['Indi@@', 'a', '&apos;s', 'new', 'pri@@', 'me', 'minist@@', 'er', ',', 'N@@', 'ar@@', 'end@@', 'ra', 'Mo@@', 'd@@', 'i', ',', 'is', 'me@@', 'eting', 'his', 'J@@', 'ap@@', 'an@@', 'ese', 'coun@@', 'ter@@', 'part', ',', 'S@@', 'hin@@', 'z@@', 'o', 'A@@', 'be', ',', 'in', 'T@@', 'ok@@', 'y@@', 'o', 'to', 'disc@@', 'uss', 'economic', 'and', 'security', 'ties', ',', 'on', 'his', 'first', 'major', 'fore@@', 'ign', 'visi@@', 't', 'since', 'w@@', 'inn@@', 'ing', 'Ma@@', 'y', '&apos;s', 'elec@@', 'tion', '.']
2026-05-09 04:05:58,513 - DEBUG - joeynmt.training - 	Tokenized hypothesis: ['Indi@@', 'a', '&apos;s', 'lat@@', 'est', 'Pri@@', 'me', 'Minist@@', 'er', 'N@@', 'ar@@', 'end@@', 'ra', 'Mo@@', 'd@@', 'i', 'T@@', 'ok@@', 'o', ',', 'in', 'his', 'first', 'important', 'important', 'ex@@', 'tern@@', 'al', 'land@@', 's@@', 'ets', 'for', 'his', 'elec@@', 't@@', 'or@@', 'al', 'A@@', 'be', 'in', 'T@@', 'ok@@', 'o', ',', 'to', 'his', 'J@@', 'ap@@', 'an@@', 'ese', 'colle@@', 'ag@@', 'ue', 'S@@', 'hin@@', 'z@@', 'o', 'A@@', 'be', 'in', 'T@@', 'ok@@', 'o', ',', 'to', 're@@', 'duce', 'economic', 'and', 'saf@@', 'ety', '.', '</s>']
2026-05-09 04:05:58,513 - INFO - joeynmt.training - 	Source:     Indiens neuer Premierminister Narendra Modi trifft bei seinem ersten wichtigen Auslandsbesuch seit seinem Wahlsieg im Mai seinen japanischen Amtskollegen Shinzo Abe in Toko , um wirtschaftliche und sicherheitspolitische Beziehungen zu besprechen .
2026-05-09 04:05:58,513 - INFO - joeynmt.training - 	Reference:  India &apos;s new prime minister , Narendra Modi , is meeting his Japanese counterpart , Shinzo Abe , in Tokyo to discuss economic and security ties , on his first major foreign visit since winning May &apos;s election .
2026-05-09 04:05:58,513 - INFO - joeynmt.training - 	Hypothesis: India &apos;s latest Prime Minister Narendra Modi Toko , in his first important important external landsets for his electoral Abe in Toko , to his Japanese colleague Shinzo Abe in Toko , to reduce economic and safety .
2026-05-09 04:05:58,513 - INFO - joeynmt.training - Example #2
2026-05-09 04:05:58,513 - DEBUG - joeynmt.training - 	Tokenized source:     ['Herr', 'Mo@@', 'd@@', 'i', 'befindet', 'sich', 'auf', 'einer', 'fü@@', 'n@@', 'f@@', 'tä@@', 'gi@@', 'gen', 'Rei@@', 'se', 'nach', 'J@@', 'ap@@', 'an', ',', 'um', 'die', 'wirtschaf@@', 'tlichen', 'Be@@', 'zieh@@', 'ungen', 'mit', 'der', 'd@@', 'rit@@', 't@@', 'größ@@', 'ten', 'Wirtschafts@@', 'n@@', 'ation', 'der', 'Welt', 'zu', 'fes@@', 'tigen', '.']
2026-05-09 04:05:58,513 - DEBUG - joeynmt.training - 	Tokenized reference:  ['Mr', 'Mo@@', 'd@@', 'i', 'is', 'on', 'a', 'fi@@', 've', '@@@', '-@@', '@', 'day', 'tri@@', 'p', 'to', 'J@@', 'ap@@', 'an', 'to', 'streng@@', 'then', 'economic', 'ties', 'with', 'the', 'third', 'lar@@', 'ges@@', 't', 'econom@@', 'y', 'in', 'the', 'world', '.']
2026-05-09 04:05:58,513 - DEBUG - joeynmt.training - 	Tokenized hypothesis: ['Mr', 'Mo@@', 'd@@', 'i', 'is', 'based', 'on', 'a', 'fi@@', 'f@@', 'th', 'to', 'J@@', 'ap@@', 'an', 'to', 'J@@', 'ap@@', 'an', 'to', 'the', 'economic', 'rel@@', 'ations', 'with', 'the', 'third', 'lar@@', 'ges@@', 't', 'economic', 'rel@@', 'ations', 'with', 'the', 'third', 'lar@@', 'ges@@', 't', 'economic', 'n@@', 'ation', 'of', 'the', 'world', '.', '</s>']
2026-05-09 04:05:58,513 - INFO - joeynmt.training - 	Source:     Herr Modi befindet sich auf einer fünftägigen Reise nach Japan , um die wirtschaftlichen Beziehungen mit der drittgrößten Wirtschaftsnation der Welt zu festigen .
2026-05-09 04:05:58,514 - INFO - joeynmt.training - 	Reference:  Mr Modi is on a five @-@ day trip to Japan to strengthen economic ties with the third largest economy in the world .
2026-05-09 04:05:58,514 - INFO - joeynmt.training - 	Hypothesis: Mr Modi is based on a fifth to Japan to Japan to the economic relations with the third largest economic relations with the third largest economic nation of the world .
2026-05-09 04:05:58,514 - INFO - joeynmt.training - Example #3
2026-05-09 04:05:58,514 - DEBUG - joeynmt.training - 	Tokenized source:     ['P@@', 'län@@', 'e', 'für', 'eine', 'stärk@@', 'ere', 'k@@', 'ern@@', 'techn@@', 'ische', 'Zusammenarbeit', 'stehen', 'ganz', 'ob@@', 'en', 'auf', 'der', 'Tag@@', 'es@@', 'ordnung', '.']
2026-05-09 04:05:58,514 - DEBUG - joeynmt.training - 	Tokenized reference:  ['high', 'on', 'the', 'agen@@', 'da', 'are', 'pl@@', 'ans', 'for', 'gre@@', 'ater', 'nu@@', 'clear', 'c@@', 'o', '@@@', '-@@', '@', 'operation', '.']
2026-05-09 04:05:58,514 - DEBUG - joeynmt.training - 	Tokenized hypothesis: ['pl@@', 'ans', 'for', 'gre@@', 'ater', 'techn@@', 'ical', 'cooperation', 'are', 'very', 'ob@@', 'ser@@', 'ved', 'on', 'the', 'agen@@', 'da', '.', '</s>']
2026-05-09 04:05:58,514 - INFO - joeynmt.training - 	Source:     Pläne für eine stärkere kerntechnische Zusammenarbeit stehen ganz oben auf der Tagesordnung .
2026-05-09 04:05:58,514 - INFO - joeynmt.training - 	Reference:  high on the agenda are plans for greater nuclear co @-@ operation .
2026-05-09 04:05:58,514 - INFO - joeynmt.training - 	Hypothesis: plans for greater technical cooperation are very observed on the agenda .
2026-05-09 04:05:58,514 - INFO - joeynmt.training - Example #4
2026-05-09 04:05:58,514 - DEBUG - joeynmt.training - 	Tokenized source:     ['Berich@@', 'ten', 'zu@@', 'fol@@', 'ge', 'ho@@', 'fft', 'Indi@@', 'en', 'darüber', 'hinaus', 'auf', 'einen', 'Ver@@', 'trag', 'zur', 'Ver@@', 'tei@@', 'dig@@', 'ungs@@', 'zusammen@@', 'arbeit', 'zwischen', 'den', 'beiden', 'N@@', 'ationen', '.']
2026-05-09 04:05:58,514 - DEBUG - joeynmt.training - 	Tokenized reference:  ['Indi@@', 'a', 'is', 'also', 're@@', 'porte@@', 'dly', 'hop@@', 'ing', 'for', 'a', 'de@@', 'al', 'on', 'def@@', 'ence', 'c@@', 'oll@@', 'ab@@', 'or@@', 'ation', 'between', 'the', 'two', 'n@@', 'ations', '.']
2026-05-09 04:05:58,514 - DEBUG - joeynmt.training - 	Tokenized hypothesis: ['mo@@', 're@@', 'over', ',', 'Indi@@', 'a', 'is', 'also', 'hop@@', 'e@@', 'fully', 'to', 'a', 'con@@', 'tra@@', 'ct', 'cooperation', 'between', 'the', 'two', 'n@@', 'ations', '.', '</s>']
2026-05-09 04:05:58,514 - INFO - joeynmt.training - 	Source:     Berichten zufolge hofft Indien darüber hinaus auf einen Vertrag zur Verteidigungszusammenarbeit zwischen den beiden Nationen .
2026-05-09 04:05:58,514 - INFO - joeynmt.training - 	Reference:  India is also reportedly hoping for a deal on defence collaboration between the two nations .
2026-05-09 04:05:58,514 - INFO - joeynmt.training - 	Hypothesis: moreover , India is also hopefully to a contract cooperation between the two nations .
2026-05-09 04:06:14,726 - INFO - joeynmt.training - Epoch   9, Step:    35100, Batch Loss:     1.709853, Batch Acc: 0.542616, Tokens per Sec:     5601, Lr: 0.000300
2026-05-09 04:06:30,997 - INFO - joeynmt.training - Epoch   9, Step:    35200, Batch Loss:     1.620137, Batch Acc: 0.543341, Tokens per Sec:     5594, Lr: 0.000300
2026-05-09 04:06:47,262 - INFO - joeynmt.training - Epoch   9, Step:    35300, Batch Loss:     1.712002, Batch Acc: 0.535439, Tokens per Sec:     5590, Lr: 0.000300
2026-05-09 04:07:03,631 - INFO - joeynmt.training - Epoch   9, Step:    35400, Batch Loss:     1.636729, Batch Acc: 0.543686, Tokens per Sec:     5621, Lr: 0.000300
2026-05-09 04:07:20,114 - INFO - joeynmt.training - Epoch   9, Step:    35500, Batch Loss:     1.881322, Batch Acc: 0.542022, Tokens per Sec:     5554, Lr: 0.000300
2026-05-09 04:07:20,114 - INFO - joeynmt.prediction - Predicting 500 example(s)... (Greedy decoding with min_output_length=1, max_output_length=-1, return_prob='none', generate_unk=True, repetition_penalty=-1, no_repeat_ngram_size=-1)
2026-05-09 04:07:48,504 - INFO - joeynmt.prediction - Evaluation result (greedy) loss:   2.09, ppl:   8.12, acc:   0.46, generation: 28.3861[sec], evaluation: 0.0000[sec]
2026-05-09 04:07:48,594 - INFO - joeynmt.helpers - delete models/deen_transformer_regular/32500.ckpt
2026-05-09 04:07:48,598 - INFO - joeynmt.training - Example #0
2026-05-09 04:07:48,598 - DEBUG - joeynmt.training - 	Tokenized source:     ['die', 'Pre@@', 'mi@@', 'er@@', 'minist@@', 'er', 'Indi@@', 'ens', 'und', 'J@@', 'ap@@', 'ans', 'tra@@', 'fen', 'sich', 'in', 'T@@', 'ok@@', 'i@@', 'o', '.']
2026-05-09 04:07:48,599 - DEBUG - joeynmt.training - 	Tokenized reference:  ['Indi@@', 'a', 'and', 'J@@', 'ap@@', 'an', 'pri@@', 'me', 'minist@@', 'ers', 'me@@', 'et', 'in', 'T@@', 'ok@@', 'y@@', 'o']
2026-05-09 04:07:48,599 - DEBUG - joeynmt.training - 	Tokenized hypothesis: ['the', 'Pri@@', 'me', 'Minist@@', 'er', 'Indi@@', 'a', 'and', 'J@@', 'ap@@', 'an', '.', '</s>']
2026-05-09 04:07:48,599 - INFO - joeynmt.training - 	Source:     die Premierminister Indiens und Japans trafen sich in Tokio .
2026-05-09 04:07:48,599 - INFO - joeynmt.training - 	Reference:  India and Japan prime ministers meet in Tokyo
2026-05-09 04:07:48,599 - INFO - joeynmt.training - 	Hypothesis: the Prime Minister India and Japan .
2026-05-09 04:07:48,599 - INFO - joeynmt.training - Example #1
2026-05-09 04:07:48,599 - DEBUG - joeynmt.training - 	Tokenized source:     ['Indi@@', 'ens', 'neu@@', 'er', 'Pre@@', 'mi@@', 'er@@', 'minist@@', 'er', 'N@@', 'ar@@', 'end@@', 'ra', 'Mo@@', 'd@@', 'i', 'tri@@', 'fft', 'bei', 's@@', 'einem', 'ersten', 'wichti@@', 'gen', 'Aus@@', 'land@@', 's@@', 'bes@@', 'u@@', 'ch', 'seit', 's@@', 'einem', 'W@@', 'ah@@', 'l@@', 'si@@', 'e@@', 'g', 'im', 'Ma@@', 'i', 'seinen', 'j@@', 'ap@@', 'an@@', 'ischen', 'Am@@', 'ts@@', 'k@@', 'olle@@', 'gen', 'S@@', 'hin@@', 'z@@', 'o', 'A@@', 'be', 'in', 'T@@', 'ok@@', 'o', ',', 'um', 'wirtschaf@@', 'tliche', 'und', 'sicher@@', 'heits@@', 'politische', 'Be@@', 'zieh@@', 'ungen', 'zu', 'bes@@', 'pre@@', 'chen', '.']
2026-05-09 04:07:48,599 - DEBUG - joeynmt.training - 	Tokenized reference:  ['Indi@@', 'a', '&apos;s', 'new', 'pri@@', 'me', 'minist@@', 'er', ',', 'N@@', 'ar@@', 'end@@', 'ra', 'Mo@@', 'd@@', 'i', ',', 'is', 'me@@', 'eting', 'his', 'J@@', 'ap@@', 'an@@', 'ese', 'coun@@', 'ter@@', 'part', ',', 'S@@', 'hin@@', 'z@@', 'o', 'A@@', 'be', ',', 'in', 'T@@', 'ok@@', 'y@@', 'o', 'to', 'disc@@', 'uss', 'economic', 'and', 'security', 'ties', ',', 'on', 'his', 'first', 'major', 'fore@@', 'ign', 'visi@@', 't', 'since', 'w@@', 'inn@@', 'ing', 'Ma@@', 'y', '&apos;s', 'elec@@', 'tion', '.']
2026-05-09 04:07:48,599 - DEBUG - joeynmt.training - 	Tokenized hypothesis: ['Indi@@', 'a', '&apos;s', 'lat@@', 'er', 'Pri@@', 'me', 'Minist@@', 'er', 'N@@', 'ar@@', 'end@@', 'ra', 'Mo@@', 'd@@', 'i', ',', 'in', 'his', 'first', 'important', 'ex@@', 'tern@@', 'al', 'land@@', 's@@', 'po@@', 't', 'since', 'his', 'his', 'elec@@', 'tion', ',', 'the', 'J@@', 'ap@@', 'an@@', 'ese', ',', 'S@@', 'hin@@', 'z@@', 'o', 'A@@', 'be', 'in', 'T@@', 'ok@@', 'o', ',', 'to', 'the', 'A@@', 'be', 'in', 'T@@', 'ok@@', 'o', ',', 'to', 're@@', 'present', 'the', 'economic', 'and', 'saf@@', 'ety', 'policy', 'rel@@', 'ations', 'with', 'pre@@', 'ser@@', 'ving', '.', '</s>']
2026-05-09 04:07:48,599 - INFO - joeynmt.training - 	Source:     Indiens neuer Premierminister Narendra Modi trifft bei seinem ersten wichtigen Auslandsbesuch seit seinem Wahlsieg im Mai seinen japanischen Amtskollegen Shinzo Abe in Toko , um wirtschaftliche und sicherheitspolitische Beziehungen zu besprechen .
2026-05-09 04:07:48,599 - INFO - joeynmt.training - 	Reference:  India &apos;s new prime minister , Narendra Modi , is meeting his Japanese counterpart , Shinzo Abe , in Tokyo to discuss economic and security ties , on his first major foreign visit since winning May &apos;s election .
2026-05-09 04:07:48,599 - INFO - joeynmt.training - 	Hypothesis: India &apos;s later Prime Minister Narendra Modi , in his first important external landspot since his his election , the Japanese , Shinzo Abe in Toko , to the Abe in Toko , to represent the economic and safety policy relations with preserving .
2026-05-09 04:07:48,599 - INFO - joeynmt.training - Example #2
2026-05-09 04:07:48,599 - DEBUG - joeynmt.training - 	Tokenized source:     ['Herr', 'Mo@@', 'd@@', 'i', 'befindet', 'sich', 'auf', 'einer', 'fü@@', 'n@@', 'f@@', 'tä@@', 'gi@@', 'gen', 'Rei@@', 'se', 'nach', 'J@@', 'ap@@', 'an', ',', 'um', 'die', 'wirtschaf@@', 'tlichen', 'Be@@', 'zieh@@', 'ungen', 'mit', 'der', 'd@@', 'rit@@', 't@@', 'größ@@', 'ten', 'Wirtschafts@@', 'n@@', 'ation', 'der', 'Welt', 'zu', 'fes@@', 'tigen', '.']
2026-05-09 04:07:48,599 - DEBUG - joeynmt.training - 	Tokenized reference:  ['Mr', 'Mo@@', 'd@@', 'i', 'is', 'on', 'a', 'fi@@', 've', '@@@', '-@@', '@', 'day', 'tri@@', 'p', 'to', 'J@@', 'ap@@', 'an', 'to', 'streng@@', 'then', 'economic', 'ties', 'with', 'the', 'third', 'lar@@', 'ges@@', 't', 'econom@@', 'y', 'in', 'the', 'world', '.']
2026-05-09 04:07:48,599 - DEBUG - joeynmt.training - 	Tokenized hypothesis: ['Mr', 'Mo@@', 'd@@', 'i', 'is', 'a', 'part', 'of', 'a', 'fi@@', 'f@@', 'th', 'of', 'j@@', 'ap@@', 'an', ',', 'to', 'J@@', 'ap@@', 'an', ',', 'to', 'the', 'economic', 'rel@@', 'ations', 'with', 'the', 'third', 'lar@@', 'ges@@', 't', 'econom@@', 'ies', 'with', 'the', 'third', 'lar@@', 'ges@@', 't', 'econom@@', 'ies', '.', '</s>']
2026-05-09 04:07:48,599 - INFO - joeynmt.training - 	Source:     Herr Modi befindet sich auf einer fünftägigen Reise nach Japan , um die wirtschaftlichen Beziehungen mit der drittgrößten Wirtschaftsnation der Welt zu festigen .
2026-05-09 04:07:48,599 - INFO - joeynmt.training - 	Reference:  Mr Modi is on a five @-@ day trip to Japan to strengthen economic ties with the third largest economy in the world .
2026-05-09 04:07:48,599 - INFO - joeynmt.training - 	Hypothesis: Mr Modi is a part of a fifth of japan , to Japan , to the economic relations with the third largest economies with the third largest economies .
2026-05-09 04:07:48,599 - INFO - joeynmt.training - Example #3
2026-05-09 04:07:48,599 - DEBUG - joeynmt.training - 	Tokenized source:     ['P@@', 'län@@', 'e', 'für', 'eine', 'stärk@@', 'ere', 'k@@', 'ern@@', 'techn@@', 'ische', 'Zusammenarbeit', 'stehen', 'ganz', 'ob@@', 'en', 'auf', 'der', 'Tag@@', 'es@@', 'ordnung', '.']
2026-05-09 04:07:48,599 - DEBUG - joeynmt.training - 	Tokenized reference:  ['high', 'on', 'the', 'agen@@', 'da', 'are', 'pl@@', 'ans', 'for', 'gre@@', 'ater', 'nu@@', 'clear', 'c@@', 'o', '@@@', '-@@', '@', 'operation', '.']
2026-05-09 04:07:48,599 - DEBUG - joeynmt.training - 	Tokenized hypothesis: ['pl@@', 'ans', 'for', 'gre@@', 'ater', 'techn@@', 'ical', 'cooperation', 'are', 'very', 'ob@@', 'ser@@', 'ved', 'on', 'the', 'agen@@', 'da', '.', '</s>']
2026-05-09 04:07:48,599 - INFO - joeynmt.training - 	Source:     Pläne für eine stärkere kerntechnische Zusammenarbeit stehen ganz oben auf der Tagesordnung .
2026-05-09 04:07:48,600 - INFO - joeynmt.training - 	Reference:  high on the agenda are plans for greater nuclear co @-@ operation .
2026-05-09 04:07:48,600 - INFO - joeynmt.training - 	Hypothesis: plans for greater technical cooperation are very observed on the agenda .
2026-05-09 04:07:48,600 - INFO - joeynmt.training - Example #4
2026-05-09 04:07:48,600 - DEBUG - joeynmt.training - 	Tokenized source:     ['Berich@@', 'ten', 'zu@@', 'fol@@', 'ge', 'ho@@', 'fft', 'Indi@@', 'en', 'darüber', 'hinaus', 'auf', 'einen', 'Ver@@', 'trag', 'zur', 'Ver@@', 'tei@@', 'dig@@', 'ungs@@', 'zusammen@@', 'arbeit', 'zwischen', 'den', 'beiden', 'N@@', 'ationen', '.']
2026-05-09 04:07:48,600 - DEBUG - joeynmt.training - 	Tokenized reference:  ['Indi@@', 'a', 'is', 'also', 're@@', 'porte@@', 'dly', 'hop@@', 'ing', 'for', 'a', 'de@@', 'al', 'on', 'def@@', 'ence', 'c@@', 'oll@@', 'ab@@', 'or@@', 'ation', 'between', 'the', 'two', 'n@@', 'ations', '.']
2026-05-09 04:07:48,600 - DEBUG - joeynmt.training - 	Tokenized hypothesis: ['re@@', 'ports', 'also', 'of', 'the', 'fact', 'that', 'Indi@@', 'a', '&apos;s', 'def@@', 'ence', 'between', 'the', 'two', 'n@@', 'ations', '.', '</s>']
2026-05-09 04:07:48,600 - INFO - joeynmt.training - 	Source:     Berichten zufolge hofft Indien darüber hinaus auf einen Vertrag zur Verteidigungszusammenarbeit zwischen den beiden Nationen .
2026-05-09 04:07:48,600 - INFO - joeynmt.training - 	Reference:  India is also reportedly hoping for a deal on defence collaboration between the two nations .
2026-05-09 04:07:48,600 - INFO - joeynmt.training - 	Hypothesis: reports also of the fact that India &apos;s defence between the two nations .
2026-05-09 04:08:04,922 - INFO - joeynmt.training - Epoch   9, Step:    35600, Batch Loss:     1.629583, Batch Acc: 0.550595, Tokens per Sec:     5664, Lr: 0.000300
2026-05-09 04:08:21,256 - INFO - joeynmt.training - Epoch   9, Step:    35700, Batch Loss:     1.564499, Batch Acc: 0.543646, Tokens per Sec:     5678, Lr: 0.000300
2026-05-09 04:08:37,546 - INFO - joeynmt.training - Epoch   9, Step:    35800, Batch Loss:     1.910874, Batch Acc: 0.538283, Tokens per Sec:     5562, Lr: 0.000300
2026-05-09 04:08:53,713 - INFO - joeynmt.training - Epoch   9, Step:    35900, Batch Loss:     1.664969, Batch Acc: 0.537196, Tokens per Sec:     5623, Lr: 0.000300
2026-05-09 04:09:10,185 - INFO - joeynmt.training - Epoch   9, Step:    36000, Batch Loss:     1.969219, Batch Acc: 0.538301, Tokens per Sec:     5510, Lr: 0.000300
2026-05-09 04:09:10,185 - INFO - joeynmt.prediction - Predicting 500 example(s)... (Greedy decoding with min_output_length=1, max_output_length=-1, return_prob='none', generate_unk=True, repetition_penalty=-1, no_repeat_ngram_size=-1)
2026-05-09 04:09:39,003 - INFO - joeynmt.prediction - Evaluation result (greedy) loss:   2.10, ppl:   8.18, acc:   0.46, generation: 28.8136[sec], evaluation: 0.0000[sec]
2026-05-09 04:09:39,092 - INFO - joeynmt.helpers - delete models/deen_transformer_regular/34000.ckpt
2026-05-09 04:09:39,093 - INFO - joeynmt.training - Example #0
2026-05-09 04:09:39,093 - DEBUG - joeynmt.training - 	Tokenized source:     ['die', 'Pre@@', 'mi@@', 'er@@', 'minist@@', 'er', 'Indi@@', 'ens', 'und', 'J@@', 'ap@@', 'ans', 'tra@@', 'fen', 'sich', 'in', 'T@@', 'ok@@', 'i@@', 'o', '.']
2026-05-09 04:09:39,093 - DEBUG - joeynmt.training - 	Tokenized reference:  ['Indi@@', 'a', 'and', 'J@@', 'ap@@', 'an', 'pri@@', 'me', 'minist@@', 'ers', 'me@@', 'et', 'in', 'T@@', 'ok@@', 'y@@', 'o']
2026-05-09 04:09:39,093 - DEBUG - joeynmt.training - 	Tokenized hypothesis: ['the', 'Pri@@', 'me', 'Minist@@', 'er', 'Indi@@', 'a', 'and', 'J@@', 'ap@@', 'an', '.', '</s>']
2026-05-09 04:09:39,094 - INFO - joeynmt.training - 	Source:     die Premierminister Indiens und Japans trafen sich in Tokio .
2026-05-09 04:09:39,094 - INFO - joeynmt.training - 	Reference:  India and Japan prime ministers meet in Tokyo
2026-05-09 04:09:39,094 - INFO - joeynmt.training - 	Hypothesis: the Prime Minister India and Japan .
2026-05-09 04:09:39,094 - INFO - joeynmt.training - Example #1
2026-05-09 04:09:39,094 - DEBUG - joeynmt.training - 	Tokenized source:     ['Indi@@', 'ens', 'neu@@', 'er', 'Pre@@', 'mi@@', 'er@@', 'minist@@', 'er', 'N@@', 'ar@@', 'end@@', 'ra', 'Mo@@', 'd@@', 'i', 'tri@@', 'fft', 'bei', 's@@', 'einem', 'ersten', 'wichti@@', 'gen', 'Aus@@', 'land@@', 's@@', 'bes@@', 'u@@', 'ch', 'seit', 's@@', 'einem', 'W@@', 'ah@@', 'l@@', 'si@@', 'e@@', 'g', 'im', 'Ma@@', 'i', 'seinen', 'j@@', 'ap@@', 'an@@', 'ischen', 'Am@@', 'ts@@', 'k@@', 'olle@@', 'gen', 'S@@', 'hin@@', 'z@@', 'o', 'A@@', 'be', 'in', 'T@@', 'ok@@', 'o', ',', 'um', 'wirtschaf@@', 'tliche', 'und', 'sicher@@', 'heits@@', 'politische', 'Be@@', 'zieh@@', 'ungen', 'zu', 'bes@@', 'pre@@', 'chen', '.']
2026-05-09 04:09:39,094 - DEBUG - joeynmt.training - 	Tokenized reference:  ['Indi@@', 'a', '&apos;s', 'new', 'pri@@', 'me', 'minist@@', 'er', ',', 'N@@', 'ar@@', 'end@@', 'ra', 'Mo@@', 'd@@', 'i', ',', 'is', 'me@@', 'eting', 'his', 'J@@', 'ap@@', 'an@@', 'ese', 'coun@@', 'ter@@', 'part', ',', 'S@@', 'hin@@', 'z@@', 'o', 'A@@', 'be', ',', 'in', 'T@@', 'ok@@', 'y@@', 'o', 'to', 'disc@@', 'uss', 'economic', 'and', 'security', 'ties', ',', 'on', 'his', 'first', 'major', 'fore@@', 'ign', 'visi@@', 't', 'since', 'w@@', 'inn@@', 'ing', 'Ma@@', 'y', '&apos;s', 'elec@@', 'tion', '.']
2026-05-09 04:09:39,094 - DEBUG - joeynmt.training - 	Tokenized hypothesis: ['Indi@@', 'a', '&apos;s', 'lat@@', 'est', 'Pri@@', 'me', 'Minist@@', 'er', 'N@@', 'ar@@', 'end@@', 'ra', 'Mo@@', 'd@@', 'i', 'is', 'a', 'c@@', 'ru@@', 'cial', 'important', 'ex@@', 'tern@@', 'al', 'land@@', 's@@', 'visi@@', 't', 'since', 'his', 'his', 'elec@@', 't@@', 'or@@', 'al', 'c@@', 'at@@', 'ch', 'in', 'Ma@@', 'y', ',', 'to', 'his', 'J@@', 'ap@@', 'an@@', 'ese', 'colle@@', 'ag@@', 'ue', 'S@@', 'hin@@', 'z@@', 'o', 'A@@', 'be', 'in', 'T@@', 'ok@@', 'o', ',', 'to', 'pre@@', 'v@@', 'ent@@', 'ed', 'economic', 'and', 'saf@@', 'ety', '.', '</s>']
2026-05-09 04:09:39,094 - INFO - joeynmt.training - 	Source:     Indiens neuer Premierminister Narendra Modi trifft bei seinem ersten wichtigen Auslandsbesuch seit seinem Wahlsieg im Mai seinen japanischen Amtskollegen Shinzo Abe in Toko , um wirtschaftliche und sicherheitspolitische Beziehungen zu besprechen .
2026-05-09 04:09:39,094 - INFO - joeynmt.training - 	Reference:  India &apos;s new prime minister , Narendra Modi , is meeting his Japanese counterpart , Shinzo Abe , in Tokyo to discuss economic and security ties , on his first major foreign visit since winning May &apos;s election .
2026-05-09 04:09:39,094 - INFO - joeynmt.training - 	Hypothesis: India &apos;s latest Prime Minister Narendra Modi is a crucial important external landsvisit since his his electoral catch in May , to his Japanese colleague Shinzo Abe in Toko , to prevented economic and safety .
2026-05-09 04:09:39,094 - INFO - joeynmt.training - Example #2
2026-05-09 04:09:39,094 - DEBUG - joeynmt.training - 	Tokenized source:     ['Herr', 'Mo@@', 'd@@', 'i', 'befindet', 'sich', 'auf', 'einer', 'fü@@', 'n@@', 'f@@', 'tä@@', 'gi@@', 'gen', 'Rei@@', 'se', 'nach', 'J@@', 'ap@@', 'an', ',', 'um', 'die', 'wirtschaf@@', 'tlichen', 'Be@@', 'zieh@@', 'ungen', 'mit', 'der', 'd@@', 'rit@@', 't@@', 'größ@@', 'ten', 'Wirtschafts@@', 'n@@', 'ation', 'der', 'Welt', 'zu', 'fes@@', 'tigen', '.']
2026-05-09 04:09:39,094 - DEBUG - joeynmt.training - 	Tokenized reference:  ['Mr', 'Mo@@', 'd@@', 'i', 'is', 'on', 'a', 'fi@@', 've', '@@@', '-@@', '@', 'day', 'tri@@', 'p', 'to', 'J@@', 'ap@@', 'an', 'to', 'streng@@', 'then', 'economic', 'ties', 'with', 'the', 'third', 'lar@@', 'ges@@', 't', 'econom@@', 'y', 'in', 'the', 'world', '.']
2026-05-09 04:09:39,094 - DEBUG - joeynmt.training - 	Tokenized hypothesis: ['Mr', 'Mo@@', 'd@@', 'i', 'is', 'located', 'on', 'a', 'fi@@', 'f@@', 'th', 'of', 'J@@', 'ap@@', 'an', 'to', 'J@@', 'ap@@', 'an', 'to', 'the', 'economic', 'rel@@', 'ations', 'with', 'the', 'third', 'lar@@', 'ges@@', 't', 'economic', 'rel@@', 'ations', 'with', 'the', 'third', 'lar@@', 'ges@@', 't', 'economic', 'n@@', 'ation', 'of', 'the', 'world', '.', '</s>']
2026-05-09 04:09:39,094 - INFO - joeynmt.training - 	Source:     Herr Modi befindet sich auf einer fünftägigen Reise nach Japan , um die wirtschaftlichen Beziehungen mit der drittgrößten Wirtschaftsnation der Welt zu festigen .
2026-05-09 04:09:39,094 - INFO - joeynmt.training - 	Reference:  Mr Modi is on a five @-@ day trip to Japan to strengthen economic ties with the third largest economy in the world .
2026-05-09 04:09:39,094 - INFO - joeynmt.training - 	Hypothesis: Mr Modi is located on a fifth of Japan to Japan to the economic relations with the third largest economic relations with the third largest economic nation of the world .
2026-05-09 04:09:39,094 - INFO - joeynmt.training - Example #3
2026-05-09 04:09:39,094 - DEBUG - joeynmt.training - 	Tokenized source:     ['P@@', 'län@@', 'e', 'für', 'eine', 'stärk@@', 'ere', 'k@@', 'ern@@', 'techn@@', 'ische', 'Zusammenarbeit', 'stehen', 'ganz', 'ob@@', 'en', 'auf', 'der', 'Tag@@', 'es@@', 'ordnung', '.']
2026-05-09 04:09:39,094 - DEBUG - joeynmt.training - 	Tokenized reference:  ['high', 'on', 'the', 'agen@@', 'da', 'are', 'pl@@', 'ans', 'for', 'gre@@', 'ater', 'nu@@', 'clear', 'c@@', 'o', '@@@', '-@@', '@', 'operation', '.']
2026-05-09 04:09:39,094 - DEBUG - joeynmt.training - 	Tokenized hypothesis: ['pl@@', 'ans', 'for', 'a', 'str@@', 'on@@', 'ger', 'techn@@', 'ical', 'cooperation', 'are', 'very', 'close', 'to', 'the', 'agen@@', 'da', '.', '</s>']
2026-05-09 04:09:39,094 - INFO - joeynmt.training - 	Source:     Pläne für eine stärkere kerntechnische Zusammenarbeit stehen ganz oben auf der Tagesordnung .
2026-05-09 04:09:39,094 - INFO - joeynmt.training - 	Reference:  high on the agenda are plans for greater nuclear co @-@ operation .
2026-05-09 04:09:39,094 - INFO - joeynmt.training - 	Hypothesis: plans for a stronger technical cooperation are very close to the agenda .
2026-05-09 04:09:39,094 - INFO - joeynmt.training - Example #4
2026-05-09 04:09:39,094 - DEBUG - joeynmt.training - 	Tokenized source:     ['Berich@@', 'ten', 'zu@@', 'fol@@', 'ge', 'ho@@', 'fft', 'Indi@@', 'en', 'darüber', 'hinaus', 'auf', 'einen', 'Ver@@', 'trag', 'zur', 'Ver@@', 'tei@@', 'dig@@', 'ungs@@', 'zusammen@@', 'arbeit', 'zwischen', 'den', 'beiden', 'N@@', 'ationen', '.']
2026-05-09 04:09:39,094 - DEBUG - joeynmt.training - 	Tokenized reference:  ['Indi@@', 'a', 'is', 'also', 're@@', 'porte@@', 'dly', 'hop@@', 'ing', 'for', 'a', 'de@@', 'al', 'on', 'def@@', 'ence', 'c@@', 'oll@@', 'ab@@', 'or@@', 'ation', 'between', 'the', 'two', 'n@@', 'ations', '.']
2026-05-09 04:09:39,094 - DEBUG - joeynmt.training - 	Tokenized hypothesis: ['re@@', 'ports', 'are', 'the', 'following', 're@@', 'ports', 'on', 'a', 'Tre@@', 'aty', 'on', 'def@@', 'ence', 'between', 'the', 'two', 'n@@', 'ations', '.', '</s>']
2026-05-09 04:09:39,095 - INFO - joeynmt.training - 	Source:     Berichten zufolge hofft Indien darüber hinaus auf einen Vertrag zur Verteidigungszusammenarbeit zwischen den beiden Nationen .
2026-05-09 04:09:39,095 - INFO - joeynmt.training - 	Reference:  India is also reportedly hoping for a deal on defence collaboration between the two nations .
2026-05-09 04:09:39,095 - INFO - joeynmt.training - 	Hypothesis: reports are the following reports on a Treaty on defence between the two nations .
2026-05-09 04:09:55,243 - INFO - joeynmt.training - Epoch   9, Step:    36100, Batch Loss:     1.609905, Batch Acc: 0.542331, Tokens per Sec:     5565, Lr: 0.000300
2026-05-09 04:10:11,462 - INFO - joeynmt.training - Epoch   9, Step:    36200, Batch Loss:     1.410120, Batch Acc: 0.541326, Tokens per Sec:     5709, Lr: 0.000300
2026-05-09 04:10:27,696 - INFO - joeynmt.training - Epoch   9, Step:    36300, Batch Loss:     1.664456, Batch Acc: 0.532662, Tokens per Sec:     5603, Lr: 0.000300
2026-05-09 04:10:43,957 - INFO - joeynmt.training - Epoch   9, Step:    36400, Batch Loss:     1.881212, Batch Acc: 0.538077, Tokens per Sec:     5627, Lr: 0.000300
2026-05-09 04:11:00,204 - INFO - joeynmt.training - Epoch   9, Step:    36500, Batch Loss:     1.523715, Batch Acc: 0.539940, Tokens per Sec:     5606, Lr: 0.000300
2026-05-09 04:11:00,204 - INFO - joeynmt.prediction - Predicting 500 example(s)... (Greedy decoding with min_output_length=1, max_output_length=-1, return_prob='none', generate_unk=True, repetition_penalty=-1, no_repeat_ngram_size=-1)
2026-05-09 04:11:27,901 - INFO - joeynmt.prediction - Evaluation result (greedy) loss:   2.09, ppl:   8.08, acc:   0.46, generation: 27.6930[sec], evaluation: 0.0000[sec]
2026-05-09 04:11:27,902 - INFO - joeynmt.training - Hooray! New best validation result [ppl]!
2026-05-09 04:11:27,989 - INFO - joeynmt.helpers - delete models/deen_transformer_regular/34500.ckpt
2026-05-09 04:11:27,990 - INFO - joeynmt.training - Example #0
2026-05-09 04:11:27,990 - DEBUG - joeynmt.training - 	Tokenized source:     ['die', 'Pre@@', 'mi@@', 'er@@', 'minist@@', 'er', 'Indi@@', 'ens', 'und', 'J@@', 'ap@@', 'ans', 'tra@@', 'fen', 'sich', 'in', 'T@@', 'ok@@', 'i@@', 'o', '.']
2026-05-09 04:11:27,990 - DEBUG - joeynmt.training - 	Tokenized reference:  ['Indi@@', 'a', 'and', 'J@@', 'ap@@', 'an', 'pri@@', 'me', 'minist@@', 'ers', 'me@@', 'et', 'in', 'T@@', 'ok@@', 'y@@', 'o']
2026-05-09 04:11:27,990 - DEBUG - joeynmt.training - 	Tokenized hypothesis: ['the', 'Pri@@', 'me', 'Minist@@', 'er', 'of', 'Indi@@', 'a', 'and', 'J@@', 'ap@@', 'tra@@', 'fen', ',', 'T@@', 'ok@@', 'i@@', 'o', '.', '</s>']
2026-05-09 04:11:27,990 - INFO - joeynmt.training - 	Source:     die Premierminister Indiens und Japans trafen sich in Tokio .
2026-05-09 04:11:27,990 - INFO - joeynmt.training - 	Reference:  India and Japan prime ministers meet in Tokyo
2026-05-09 04:11:27,990 - INFO - joeynmt.training - 	Hypothesis: the Prime Minister of India and Japtrafen , Tokio .
2026-05-09 04:11:27,990 - INFO - joeynmt.training - Example #1
2026-05-09 04:11:27,990 - DEBUG - joeynmt.training - 	Tokenized source:     ['Indi@@', 'ens', 'neu@@', 'er', 'Pre@@', 'mi@@', 'er@@', 'minist@@', 'er', 'N@@', 'ar@@', 'end@@', 'ra', 'Mo@@', 'd@@', 'i', 'tri@@', 'fft', 'bei', 's@@', 'einem', 'ersten', 'wichti@@', 'gen', 'Aus@@', 'land@@', 's@@', 'bes@@', 'u@@', 'ch', 'seit', 's@@', 'einem', 'W@@', 'ah@@', 'l@@', 'si@@', 'e@@', 'g', 'im', 'Ma@@', 'i', 'seinen', 'j@@', 'ap@@', 'an@@', 'ischen', 'Am@@', 'ts@@', 'k@@', 'olle@@', 'gen', 'S@@', 'hin@@', 'z@@', 'o', 'A@@', 'be', 'in', 'T@@', 'ok@@', 'o', ',', 'um', 'wirtschaf@@', 'tliche', 'und', 'sicher@@', 'heits@@', 'politische', 'Be@@', 'zieh@@', 'ungen', 'zu', 'bes@@', 'pre@@', 'chen', '.']
2026-05-09 04:11:27,990 - DEBUG - joeynmt.training - 	Tokenized reference:  ['Indi@@', 'a', '&apos;s', 'new', 'pri@@', 'me', 'minist@@', 'er', ',', 'N@@', 'ar@@', 'end@@', 'ra', 'Mo@@', 'd@@', 'i', ',', 'is', 'me@@', 'eting', 'his', 'J@@', 'ap@@', 'an@@', 'ese', 'coun@@', 'ter@@', 'part', ',', 'S@@', 'hin@@', 'z@@', 'o', 'A@@', 'be', ',', 'in', 'T@@', 'ok@@', 'y@@', 'o', 'to', 'disc@@', 'uss', 'economic', 'and', 'security', 'ties', ',', 'on', 'his', 'first', 'major', 'fore@@', 'ign', 'visi@@', 't', 'since', 'w@@', 'inn@@', 'ing', 'Ma@@', 'y', '&apos;s', 'elec@@', 'tion', '.']
2026-05-09 04:11:27,990 - DEBUG - joeynmt.training - 	Tokenized hypothesis: ['Indi@@', 'a', '&apos;s', 'N@@', 'ar@@', 'end@@', 'ra', 'N@@', 'ar@@', 'end@@', 'ra', 'Mo@@', 'd@@', 'i', 'is', 'in', 'his', 'first', 'important', 'ex@@', 'tern@@', 'al', 'ag@@', 'ri@@', 'cultural', 'ag@@', 'ri@@', 'cultural', 'and', 'security', 'policy', '.', '</s>']
2026-05-09 04:11:27,991 - INFO - joeynmt.training - 	Source:     Indiens neuer Premierminister Narendra Modi trifft bei seinem ersten wichtigen Auslandsbesuch seit seinem Wahlsieg im Mai seinen japanischen Amtskollegen Shinzo Abe in Toko , um wirtschaftliche und sicherheitspolitische Beziehungen zu besprechen .
2026-05-09 04:11:27,991 - INFO - joeynmt.training - 	Reference:  India &apos;s new prime minister , Narendra Modi , is meeting his Japanese counterpart , Shinzo Abe , in Tokyo to discuss economic and security ties , on his first major foreign visit since winning May &apos;s election .
2026-05-09 04:11:27,991 - INFO - joeynmt.training - 	Hypothesis: India &apos;s Narendra Narendra Modi is in his first important external agricultural agricultural and security policy .
2026-05-09 04:11:27,991 - INFO - joeynmt.training - Example #2
2026-05-09 04:11:27,991 - DEBUG - joeynmt.training - 	Tokenized source:     ['Herr', 'Mo@@', 'd@@', 'i', 'befindet', 'sich', 'auf', 'einer', 'fü@@', 'n@@', 'f@@', 'tä@@', 'gi@@', 'gen', 'Rei@@', 'se', 'nach', 'J@@', 'ap@@', 'an', ',', 'um', 'die', 'wirtschaf@@', 'tlichen', 'Be@@', 'zieh@@', 'ungen', 'mit', 'der', 'd@@', 'rit@@', 't@@', 'größ@@', 'ten', 'Wirtschafts@@', 'n@@', 'ation', 'der', 'Welt', 'zu', 'fes@@', 'tigen', '.']
2026-05-09 04:11:27,991 - DEBUG - joeynmt.training - 	Tokenized reference:  ['Mr', 'Mo@@', 'd@@', 'i', 'is', 'on', 'a', 'fi@@', 've', '@@@', '-@@', '@', 'day', 'tri@@', 'p', 'to', 'J@@', 'ap@@', 'an', 'to', 'streng@@', 'then', 'economic', 'ties', 'with', 'the', 'third', 'lar@@', 'ges@@', 't', 'econom@@', 'y', 'in', 'the', 'world', '.']
2026-05-09 04:11:27,991 - DEBUG - joeynmt.training - 	Tokenized hypothesis: ['Mr', 'Mo@@', 'd@@', 'i', 'is', 'located', 'on', 'a', 'fi@@', 'f@@', 'th', 'to', 'J@@', 'ap@@', 'an', 'to', 'J@@', 'ap@@', 'an', 'to', 'be', 'able', 'to', 'take', 'the', 'economic', 'rel@@', 'ations', 'with', 'the', 'third', 'lar@@', 'ges@@', 't', 'economic', 'n@@', 'ation', 'of', 'the', 'world', '.', '</s>']
2026-05-09 04:11:27,991 - INFO - joeynmt.training - 	Source:     Herr Modi befindet sich auf einer fünftägigen Reise nach Japan , um die wirtschaftlichen Beziehungen mit der drittgrößten Wirtschaftsnation der Welt zu festigen .
2026-05-09 04:11:27,991 - INFO - joeynmt.training - 	Reference:  Mr Modi is on a five @-@ day trip to Japan to strengthen economic ties with the third largest economy in the world .
2026-05-09 04:11:27,991 - INFO - joeynmt.training - 	Hypothesis: Mr Modi is located on a fifth to Japan to Japan to be able to take the economic relations with the third largest economic nation of the world .
2026-05-09 04:11:27,991 - INFO - joeynmt.training - Example #3
2026-05-09 04:11:27,991 - DEBUG - joeynmt.training - 	Tokenized source:     ['P@@', 'län@@', 'e', 'für', 'eine', 'stärk@@', 'ere', 'k@@', 'ern@@', 'techn@@', 'ische', 'Zusammenarbeit', 'stehen', 'ganz', 'ob@@', 'en', 'auf', 'der', 'Tag@@', 'es@@', 'ordnung', '.']
2026-05-09 04:11:27,991 - DEBUG - joeynmt.training - 	Tokenized reference:  ['high', 'on', 'the', 'agen@@', 'da', 'are', 'pl@@', 'ans', 'for', 'gre@@', 'ater', 'nu@@', 'clear', 'c@@', 'o', '@@@', '-@@', '@', 'operation', '.']
2026-05-09 04:11:27,991 - DEBUG - joeynmt.training - 	Tokenized hypothesis: ['pl@@', 'ans', 'for', 'more', 'important', 'techn@@', 'ical', 'cooperation', 'are', 'at', 'the', 'agen@@', 'da', '.', '</s>']
2026-05-09 04:11:27,991 - INFO - joeynmt.training - 	Source:     Pläne für eine stärkere kerntechnische Zusammenarbeit stehen ganz oben auf der Tagesordnung .
2026-05-09 04:11:27,991 - INFO - joeynmt.training - 	Reference:  high on the agenda are plans for greater nuclear co @-@ operation .
2026-05-09 04:11:27,991 - INFO - joeynmt.training - 	Hypothesis: plans for more important technical cooperation are at the agenda .
2026-05-09 04:11:27,991 - INFO - joeynmt.training - Example #4
2026-05-09 04:11:27,991 - DEBUG - joeynmt.training - 	Tokenized source:     ['Berich@@', 'ten', 'zu@@', 'fol@@', 'ge', 'ho@@', 'fft', 'Indi@@', 'en', 'darüber', 'hinaus', 'auf', 'einen', 'Ver@@', 'trag', 'zur', 'Ver@@', 'tei@@', 'dig@@', 'ungs@@', 'zusammen@@', 'arbeit', 'zwischen', 'den', 'beiden', 'N@@', 'ationen', '.']
2026-05-09 04:11:27,991 - DEBUG - joeynmt.training - 	Tokenized reference:  ['Indi@@', 'a', 'is', 'also', 're@@', 'porte@@', 'dly', 'hop@@', 'ing', 'for', 'a', 'de@@', 'al', 'on', 'def@@', 'ence', 'c@@', 'oll@@', 'ab@@', 'or@@', 'ation', 'between', 'the', 'two', 'n@@', 'ations', '.']
2026-05-09 04:11:27,991 - DEBUG - joeynmt.training - 	Tokenized hypothesis: ['the', 're@@', 'ports', 'of', 'the', 'same', 're@@', 'ports', 'is', 'that', 'Indi@@', 'a', 'to', 'def@@', 'ence', 'cooperation', 'between', 'the', 'two', 'n@@', 'ations', '.', '</s>']
2026-05-09 04:11:27,991 - INFO - joeynmt.training - 	Source:     Berichten zufolge hofft Indien darüber hinaus auf einen Vertrag zur Verteidigungszusammenarbeit zwischen den beiden Nationen .
2026-05-09 04:11:27,991 - INFO - joeynmt.training - 	Reference:  India is also reportedly hoping for a deal on defence collaboration between the two nations .
2026-05-09 04:11:27,991 - INFO - joeynmt.training - 	Hypothesis: the reports of the same reports is that India to defence cooperation between the two nations .
2026-05-09 04:11:43,531 - INFO - joeynmt.training - Epoch   9: total training loss 6791.83
2026-05-09 04:11:43,531 - INFO - joeynmt.training - EPOCH 10
2026-05-09 04:11:44,210 - INFO - joeynmt.training - Epoch  10, Step:    36600, Batch Loss:     1.583792, Batch Acc: 0.559819, Tokens per Sec:     4878, Lr: 0.000300
2026-05-09 04:12:00,597 - INFO - joeynmt.training - Epoch  10, Step:    36700, Batch Loss:     1.722686, Batch Acc: 0.562959, Tokens per Sec:     5529, Lr: 0.000300
2026-05-09 04:12:16,950 - INFO - joeynmt.training - Epoch  10, Step:    36800, Batch Loss:     1.660512, Batch Acc: 0.562455, Tokens per Sec:     5602, Lr: 0.000300
2026-05-09 04:12:33,233 - INFO - joeynmt.training - Epoch  10, Step:    36900, Batch Loss:     1.582642, Batch Acc: 0.553453, Tokens per Sec:     5711, Lr: 0.000300
2026-05-09 04:12:49,444 - INFO - joeynmt.training - Epoch  10, Step:    37000, Batch Loss:     1.586857, Batch Acc: 0.556747, Tokens per Sec:     5593, Lr: 0.000300
2026-05-09 04:12:49,444 - INFO - joeynmt.prediction - Predicting 500 example(s)... (Greedy decoding with min_output_length=1, max_output_length=-1, return_prob='none', generate_unk=True, repetition_penalty=-1, no_repeat_ngram_size=-1)
2026-05-09 04:13:21,058 - INFO - joeynmt.prediction - Evaluation result (greedy) loss:   2.10, ppl:   8.20, acc:   0.46, generation: 31.6089[sec], evaluation: 0.0000[sec]
2026-05-09 04:13:21,060 - INFO - joeynmt.training - Example #0
2026-05-09 04:13:21,060 - DEBUG - joeynmt.training - 	Tokenized source:     ['die', 'Pre@@', 'mi@@', 'er@@', 'minist@@', 'er', 'Indi@@', 'ens', 'und', 'J@@', 'ap@@', 'ans', 'tra@@', 'fen', 'sich', 'in', 'T@@', 'ok@@', 'i@@', 'o', '.']
2026-05-09 04:13:21,060 - DEBUG - joeynmt.training - 	Tokenized reference:  ['Indi@@', 'a', 'and', 'J@@', 'ap@@', 'an', 'pri@@', 'me', 'minist@@', 'ers', 'me@@', 'et', 'in', 'T@@', 'ok@@', 'y@@', 'o']
2026-05-09 04:13:21,060 - DEBUG - joeynmt.training - 	Tokenized hypothesis: ['the', 'Pri@@', 'me', 'Minist@@', 'er', 'Indi@@', 'a', 'and', 'J@@', 'ap@@', 'tra@@', 'fen', '&apos;s', 'Pri@@', 'me', 'Minist@@', 'er', 'Indi@@', 'a', 'and', 'J@@', 'ap@@', 'tra@@', 'fen', '.', '</s>']
2026-05-09 04:13:21,060 - INFO - joeynmt.training - 	Source:     die Premierminister Indiens und Japans trafen sich in Tokio .
2026-05-09 04:13:21,060 - INFO - joeynmt.training - 	Reference:  India and Japan prime ministers meet in Tokyo
2026-05-09 04:13:21,060 - INFO - joeynmt.training - 	Hypothesis: the Prime Minister India and Japtrafen &apos;s Prime Minister India and Japtrafen .
2026-05-09 04:13:21,060 - INFO - joeynmt.training - Example #1
2026-05-09 04:13:21,060 - DEBUG - joeynmt.training - 	Tokenized source:     ['Indi@@', 'ens', 'neu@@', 'er', 'Pre@@', 'mi@@', 'er@@', 'minist@@', 'er', 'N@@', 'ar@@', 'end@@', 'ra', 'Mo@@', 'd@@', 'i', 'tri@@', 'fft', 'bei', 's@@', 'einem', 'ersten', 'wichti@@', 'gen', 'Aus@@', 'land@@', 's@@', 'bes@@', 'u@@', 'ch', 'seit', 's@@', 'einem', 'W@@', 'ah@@', 'l@@', 'si@@', 'e@@', 'g', 'im', 'Ma@@', 'i', 'seinen', 'j@@', 'ap@@', 'an@@', 'ischen', 'Am@@', 'ts@@', 'k@@', 'olle@@', 'gen', 'S@@', 'hin@@', 'z@@', 'o', 'A@@', 'be', 'in', 'T@@', 'ok@@', 'o', ',', 'um', 'wirtschaf@@', 'tliche', 'und', 'sicher@@', 'heits@@', 'politische', 'Be@@', 'zieh@@', 'ungen', 'zu', 'bes@@', 'pre@@', 'chen', '.']
2026-05-09 04:13:21,060 - DEBUG - joeynmt.training - 	Tokenized reference:  ['Indi@@', 'a', '&apos;s', 'new', 'pri@@', 'me', 'minist@@', 'er', ',', 'N@@', 'ar@@', 'end@@', 'ra', 'Mo@@', 'd@@', 'i', ',', 'is', 'me@@', 'eting', 'his', 'J@@', 'ap@@', 'an@@', 'ese', 'coun@@', 'ter@@', 'part', ',', 'S@@', 'hin@@', 'z@@', 'o', 'A@@', 'be', ',', 'in', 'T@@', 'ok@@', 'y@@', 'o', 'to', 'disc@@', 'uss', 'economic', 'and', 'security', 'ties', ',', 'on', 'his', 'first', 'major', 'fore@@', 'ign', 'visi@@', 't', 'since', 'w@@', 'inn@@', 'ing', 'Ma@@', 'y', '&apos;s', 'elec@@', 'tion', '.']
2026-05-09 04:13:21,060 - DEBUG - joeynmt.training - 	Tokenized hypothesis: ['Indi@@', 'a', '&apos;s', 'lat@@', 'est', 'Pri@@', 'me', 'Minist@@', 'er', 'N@@', 'ar@@', 'end@@', 'ra', 'Mo@@', 'd@@', 'i', ',', 'in', 'his', 'first', 'important', 'ex@@', 'tern@@', 'al', 'land@@', 's@@', 'anc@@', 'tions', 'since', 'his', 'his', 'elec@@', 't@@', 'or@@', 'al', 'c@@', 'are', ',', 'in', 'the', 'Ma@@', 'y', 'of', 'J@@', 'ap@@', 'an@@', 'ese', 'colle@@', 'ag@@', 'ue', 'S@@', 'hin@@', 'z@@', 'o', 'A@@', 'be', 'in', 'T@@', 'ok@@', 'o', ',', 'in', 'the', 'pre@@', 'mi@@', 'um', 'and', 'saf@@', 'ety', 'political', 'rel@@', 'ations', '.', '</s>']
2026-05-09 04:13:21,061 - INFO - joeynmt.training - 	Source:     Indiens neuer Premierminister Narendra Modi trifft bei seinem ersten wichtigen Auslandsbesuch seit seinem Wahlsieg im Mai seinen japanischen Amtskollegen Shinzo Abe in Toko , um wirtschaftliche und sicherheitspolitische Beziehungen zu besprechen .
2026-05-09 04:13:21,061 - INFO - joeynmt.training - 	Reference:  India &apos;s new prime minister , Narendra Modi , is meeting his Japanese counterpart , Shinzo Abe , in Tokyo to discuss economic and security ties , on his first major foreign visit since winning May &apos;s election .
2026-05-09 04:13:21,061 - INFO - joeynmt.training - 	Hypothesis: India &apos;s latest Prime Minister Narendra Modi , in his first important external landsanctions since his his electoral care , in the May of Japanese colleague Shinzo Abe in Toko , in the premium and safety political relations .
2026-05-09 04:13:21,061 - INFO - joeynmt.training - Example #2
2026-05-09 04:13:21,061 - DEBUG - joeynmt.training - 	Tokenized source:     ['Herr', 'Mo@@', 'd@@', 'i', 'befindet', 'sich', 'auf', 'einer', 'fü@@', 'n@@', 'f@@', 'tä@@', 'gi@@', 'gen', 'Rei@@', 'se', 'nach', 'J@@', 'ap@@', 'an', ',', 'um', 'die', 'wirtschaf@@', 'tlichen', 'Be@@', 'zieh@@', 'ungen', 'mit', 'der', 'd@@', 'rit@@', 't@@', 'größ@@', 'ten', 'Wirtschafts@@', 'n@@', 'ation', 'der', 'Welt', 'zu', 'fes@@', 'tigen', '.']
2026-05-09 04:13:21,061 - DEBUG - joeynmt.training - 	Tokenized reference:  ['Mr', 'Mo@@', 'd@@', 'i', 'is', 'on', 'a', 'fi@@', 've', '@@@', '-@@', '@', 'day', 'tri@@', 'p', 'to', 'J@@', 'ap@@', 'an', 'to', 'streng@@', 'then', 'economic', 'ties', 'with', 'the', 'third', 'lar@@', 'ges@@', 't', 'econom@@', 'y', 'in', 'the', 'world', '.']
2026-05-09 04:13:21,061 - DEBUG - joeynmt.training - 	Tokenized hypothesis: ['Mr', 'Mo@@', 'd@@', 'i', 'is', 'located', 'on', 'a', 'fi@@', 'f@@', 'ty', 'tra@@', 'v@@', 'el', 'to', 'J@@', 'ap@@', 'an', ',', 'to', 'the', 'economic', 'rel@@', 'ations', 'with', 'the', 'third', 'lar@@', 'ges@@', 't', 'economic', 'n@@', 'ation', 'of', 'the', 'world', '.', '</s>']
2026-05-09 04:13:21,061 - INFO - joeynmt.training - 	Source:     Herr Modi befindet sich auf einer fünftägigen Reise nach Japan , um die wirtschaftlichen Beziehungen mit der drittgrößten Wirtschaftsnation der Welt zu festigen .
2026-05-09 04:13:21,061 - INFO - joeynmt.training - 	Reference:  Mr Modi is on a five @-@ day trip to Japan to strengthen economic ties with the third largest economy in the world .
2026-05-09 04:13:21,061 - INFO - joeynmt.training - 	Hypothesis: Mr Modi is located on a fifty travel to Japan , to the economic relations with the third largest economic nation of the world .
2026-05-09 04:13:21,061 - INFO - joeynmt.training - Example #3
2026-05-09 04:13:21,061 - DEBUG - joeynmt.training - 	Tokenized source:     ['P@@', 'län@@', 'e', 'für', 'eine', 'stärk@@', 'ere', 'k@@', 'ern@@', 'techn@@', 'ische', 'Zusammenarbeit', 'stehen', 'ganz', 'ob@@', 'en', 'auf', 'der', 'Tag@@', 'es@@', 'ordnung', '.']
2026-05-09 04:13:21,061 - DEBUG - joeynmt.training - 	Tokenized reference:  ['high', 'on', 'the', 'agen@@', 'da', 'are', 'pl@@', 'ans', 'for', 'gre@@', 'ater', 'nu@@', 'clear', 'c@@', 'o', '@@@', '-@@', '@', 'operation', '.']
2026-05-09 04:13:21,061 - DEBUG - joeynmt.training - 	Tokenized hypothesis: ['pl@@', 'ans', 'for', 'more', 'seri@@', 'ous', 'techn@@', 'ical', 'cooperation', 'are', 'at', 'the', 'agen@@', 'da', '.', '</s>']
2026-05-09 04:13:21,061 - INFO - joeynmt.training - 	Source:     Pläne für eine stärkere kerntechnische Zusammenarbeit stehen ganz oben auf der Tagesordnung .
2026-05-09 04:13:21,061 - INFO - joeynmt.training - 	Reference:  high on the agenda are plans for greater nuclear co @-@ operation .
2026-05-09 04:13:21,061 - INFO - joeynmt.training - 	Hypothesis: plans for more serious technical cooperation are at the agenda .
2026-05-09 04:13:21,061 - INFO - joeynmt.training - Example #4
2026-05-09 04:13:21,061 - DEBUG - joeynmt.training - 	Tokenized source:     ['Berich@@', 'ten', 'zu@@', 'fol@@', 'ge', 'ho@@', 'fft', 'Indi@@', 'en', 'darüber', 'hinaus', 'auf', 'einen', 'Ver@@', 'trag', 'zur', 'Ver@@', 'tei@@', 'dig@@', 'ungs@@', 'zusammen@@', 'arbeit', 'zwischen', 'den', 'beiden', 'N@@', 'ationen', '.']
2026-05-09 04:13:21,061 - DEBUG - joeynmt.training - 	Tokenized reference:  ['Indi@@', 'a', 'is', 'also', 're@@', 'porte@@', 'dly', 'hop@@', 'ing', 'for', 'a', 'de@@', 'al', 'on', 'def@@', 'ence', 'c@@', 'oll@@', 'ab@@', 'or@@', 'ation', 'between', 'the', 'two', 'n@@', 'ations', '.']
2026-05-09 04:13:21,061 - DEBUG - joeynmt.training - 	Tokenized hypothesis: ['the', 're@@', 'ports', 'of', 'the', 'two', 'n@@', 'ations', ',', 'in', 'ad@@', 'dition', 'to', 'a', 'tre@@', 'aty', 'on', 'def@@', 'ence', 'cooperation', 'between', 'the', 'two', 'n@@', 'ations', '.', '</s>']
2026-05-09 04:13:21,061 - INFO - joeynmt.training - 	Source:     Berichten zufolge hofft Indien darüber hinaus auf einen Vertrag zur Verteidigungszusammenarbeit zwischen den beiden Nationen .
2026-05-09 04:13:21,061 - INFO - joeynmt.training - 	Reference:  India is also reportedly hoping for a deal on defence collaboration between the two nations .
2026-05-09 04:13:21,061 - INFO - joeynmt.training - 	Hypothesis: the reports of the two nations , in addition to a treaty on defence cooperation between the two nations .
2026-05-09 04:13:37,230 - INFO - joeynmt.training - Epoch  10, Step:    37100, Batch Loss:     1.496786, Batch Acc: 0.555558, Tokens per Sec:     5618, Lr: 0.000300
2026-05-09 04:13:53,386 - INFO - joeynmt.training - Epoch  10, Step:    37200, Batch Loss:     1.493975, Batch Acc: 0.551091, Tokens per Sec:     5698, Lr: 0.000300
2026-05-09 04:14:09,484 - INFO - joeynmt.training - Epoch  10, Step:    37300, Batch Loss:     1.481776, Batch Acc: 0.551531, Tokens per Sec:     5714, Lr: 0.000300
2026-05-09 04:14:25,658 - INFO - joeynmt.training - Epoch  10, Step:    37400, Batch Loss:     1.611740, Batch Acc: 0.545997, Tokens per Sec:     5720, Lr: 0.000300
2026-05-09 04:14:41,841 - INFO - joeynmt.training - Epoch  10, Step:    37500, Batch Loss:     1.573786, Batch Acc: 0.554327, Tokens per Sec:     5621, Lr: 0.000300
2026-05-09 04:14:41,841 - INFO - joeynmt.prediction - Predicting 500 example(s)... (Greedy decoding with min_output_length=1, max_output_length=-1, return_prob='none', generate_unk=True, repetition_penalty=-1, no_repeat_ngram_size=-1)
2026-05-09 04:15:17,840 - INFO - joeynmt.prediction - Evaluation result (greedy) loss:   2.10, ppl:   8.15, acc:   0.46, generation: 35.9947[sec], evaluation: 0.0000[sec]
2026-05-09 04:15:17,928 - INFO - joeynmt.helpers - delete models/deen_transformer_regular/32000.ckpt
2026-05-09 04:15:17,930 - INFO - joeynmt.training - Example #0
2026-05-09 04:15:17,931 - DEBUG - joeynmt.training - 	Tokenized source:     ['die', 'Pre@@', 'mi@@', 'er@@', 'minist@@', 'er', 'Indi@@', 'ens', 'und', 'J@@', 'ap@@', 'ans', 'tra@@', 'fen', 'sich', 'in', 'T@@', 'ok@@', 'i@@', 'o', '.']
2026-05-09 04:15:17,931 - DEBUG - joeynmt.training - 	Tokenized reference:  ['Indi@@', 'a', 'and', 'J@@', 'ap@@', 'an', 'pri@@', 'me', 'minist@@', 'ers', 'me@@', 'et', 'in', 'T@@', 'ok@@', 'y@@', 'o']
2026-05-09 04:15:17,931 - DEBUG - joeynmt.training - 	Tokenized hypothesis: ['the', 'Pri@@', 'me', 'Minist@@', 'er', 'of', 'Indi@@', 'a', 'and', 'J@@', 'ap@@', 'an@@', 'ese', 'tra@@', 'ins', 'in', 'T@@', 'ok@@', 'y@@', 'o', '.', '</s>']
2026-05-09 04:15:17,931 - INFO - joeynmt.training - 	Source:     die Premierminister Indiens und Japans trafen sich in Tokio .
2026-05-09 04:15:17,931 - INFO - joeynmt.training - 	Reference:  India and Japan prime ministers meet in Tokyo
2026-05-09 04:15:17,931 - INFO - joeynmt.training - 	Hypothesis: the Prime Minister of India and Japanese trains in Tokyo .
2026-05-09 04:15:17,931 - INFO - joeynmt.training - Example #1
2026-05-09 04:15:17,931 - DEBUG - joeynmt.training - 	Tokenized source:     ['Indi@@', 'ens', 'neu@@', 'er', 'Pre@@', 'mi@@', 'er@@', 'minist@@', 'er', 'N@@', 'ar@@', 'end@@', 'ra', 'Mo@@', 'd@@', 'i', 'tri@@', 'fft', 'bei', 's@@', 'einem', 'ersten', 'wichti@@', 'gen', 'Aus@@', 'land@@', 's@@', 'bes@@', 'u@@', 'ch', 'seit', 's@@', 'einem', 'W@@', 'ah@@', 'l@@', 'si@@', 'e@@', 'g', 'im', 'Ma@@', 'i', 'seinen', 'j@@', 'ap@@', 'an@@', 'ischen', 'Am@@', 'ts@@', 'k@@', 'olle@@', 'gen', 'S@@', 'hin@@', 'z@@', 'o', 'A@@', 'be', 'in', 'T@@', 'ok@@', 'o', ',', 'um', 'wirtschaf@@', 'tliche', 'und', 'sicher@@', 'heits@@', 'politische', 'Be@@', 'zieh@@', 'ungen', 'zu', 'bes@@', 'pre@@', 'chen', '.']
2026-05-09 04:15:17,931 - DEBUG - joeynmt.training - 	Tokenized reference:  ['Indi@@', 'a', '&apos;s', 'new', 'pri@@', 'me', 'minist@@', 'er', ',', 'N@@', 'ar@@', 'end@@', 'ra', 'Mo@@', 'd@@', 'i', ',', 'is', 'me@@', 'eting', 'his', 'J@@', 'ap@@', 'an@@', 'ese', 'coun@@', 'ter@@', 'part', ',', 'S@@', 'hin@@', 'z@@', 'o', 'A@@', 'be', ',', 'in', 'T@@', 'ok@@', 'y@@', 'o', 'to', 'disc@@', 'uss', 'economic', 'and', 'security', 'ties', ',', 'on', 'his', 'first', 'major', 'fore@@', 'ign', 'visi@@', 't', 'since', 'w@@', 'inn@@', 'ing', 'Ma@@', 'y', '&apos;s', 'elec@@', 'tion', '.']
2026-05-09 04:15:17,931 - DEBUG - joeynmt.training - 	Tokenized hypothesis: ['Indi@@', 'a', '&apos;s', 'lat@@', 'est', 'pri@@', 'me', 'minist@@', 'er', 'N@@', 'ar@@', 'end@@', 'ra', 'Mo@@', 'd@@', 'i', 'tri@@', 'p', 'in', 'the', 'first', 'important', 'fore@@', 'ign', 'ex@@', 'tern@@', 'al', 'ag@@', 'ri@@', 'cultural', 'and', 'security', ',', 'since', 'his', 'first', 'important', 'elec@@', 'tion', ',', 'in', 'Ma@@', 'y', 'S@@', 'hin@@', 'z@@', 'o', 'A@@', 'be', 'in', 'T@@', 'ok@@', 'o', ',', 'to', 'pre@@', 'v@@', 'ent', 'economic', 'and', 'security', 'policy', 'rel@@', 'ations', '.', '</s>']
2026-05-09 04:15:17,931 - INFO - joeynmt.training - 	Source:     Indiens neuer Premierminister Narendra Modi trifft bei seinem ersten wichtigen Auslandsbesuch seit seinem Wahlsieg im Mai seinen japanischen Amtskollegen Shinzo Abe in Toko , um wirtschaftliche und sicherheitspolitische Beziehungen zu besprechen .
2026-05-09 04:15:17,931 - INFO - joeynmt.training - 	Reference:  India &apos;s new prime minister , Narendra Modi , is meeting his Japanese counterpart , Shinzo Abe , in Tokyo to discuss economic and security ties , on his first major foreign visit since winning May &apos;s election .
2026-05-09 04:15:17,931 - INFO - joeynmt.training - 	Hypothesis: India &apos;s latest prime minister Narendra Modi trip in the first important foreign external agricultural and security , since his first important election , in May Shinzo Abe in Toko , to prevent economic and security policy relations .
2026-05-09 04:15:17,931 - INFO - joeynmt.training - Example #2
2026-05-09 04:15:17,931 - DEBUG - joeynmt.training - 	Tokenized source:     ['Herr', 'Mo@@', 'd@@', 'i', 'befindet', 'sich', 'auf', 'einer', 'fü@@', 'n@@', 'f@@', 'tä@@', 'gi@@', 'gen', 'Rei@@', 'se', 'nach', 'J@@', 'ap@@', 'an', ',', 'um', 'die', 'wirtschaf@@', 'tlichen', 'Be@@', 'zieh@@', 'ungen', 'mit', 'der', 'd@@', 'rit@@', 't@@', 'größ@@', 'ten', 'Wirtschafts@@', 'n@@', 'ation', 'der', 'Welt', 'zu', 'fes@@', 'tigen', '.']
2026-05-09 04:15:17,931 - DEBUG - joeynmt.training - 	Tokenized reference:  ['Mr', 'Mo@@', 'd@@', 'i', 'is', 'on', 'a', 'fi@@', 've', '@@@', '-@@', '@', 'day', 'tri@@', 'p', 'to', 'J@@', 'ap@@', 'an', 'to', 'streng@@', 'then', 'economic', 'ties', 'with', 'the', 'third', 'lar@@', 'ges@@', 't', 'econom@@', 'y', 'in', 'the', 'world', '.']
2026-05-09 04:15:17,931 - DEBUG - joeynmt.training - 	Tokenized hypothesis: ['Mr', 'Mo@@', 'd@@', 'i', 'is', 'a', 'fi@@', 've', 'tra@@', 'v@@', 'ell@@', 'ing', 'for', 'J@@', 'ap@@', 'an', 'to', 'J@@', 'ap@@', 'an', ',', 'to', 'the', 'economic', 'rel@@', 'ations', 'with', 'the', 'third', 'lar@@', 'ges@@', 't', 'economic', 'rel@@', 'ations', 'with', 'the', 'third', 'lar@@', 'ges@@', 't', 'economic', 'n@@', 'ation', 'of', 'the', 'world', '.', '</s>']
2026-05-09 04:15:17,931 - INFO - joeynmt.training - 	Source:     Herr Modi befindet sich auf einer fünftägigen Reise nach Japan , um die wirtschaftlichen Beziehungen mit der drittgrößten Wirtschaftsnation der Welt zu festigen .
2026-05-09 04:15:17,931 - INFO - joeynmt.training - 	Reference:  Mr Modi is on a five @-@ day trip to Japan to strengthen economic ties with the third largest economy in the world .
2026-05-09 04:15:17,931 - INFO - joeynmt.training - 	Hypothesis: Mr Modi is a five travelling for Japan to Japan , to the economic relations with the third largest economic relations with the third largest economic nation of the world .
2026-05-09 04:15:17,931 - INFO - joeynmt.training - Example #3
2026-05-09 04:15:17,931 - DEBUG - joeynmt.training - 	Tokenized source:     ['P@@', 'län@@', 'e', 'für', 'eine', 'stärk@@', 'ere', 'k@@', 'ern@@', 'techn@@', 'ische', 'Zusammenarbeit', 'stehen', 'ganz', 'ob@@', 'en', 'auf', 'der', 'Tag@@', 'es@@', 'ordnung', '.']
2026-05-09 04:15:17,931 - DEBUG - joeynmt.training - 	Tokenized reference:  ['high', 'on', 'the', 'agen@@', 'da', 'are', 'pl@@', 'ans', 'for', 'gre@@', 'ater', 'nu@@', 'clear', 'c@@', 'o', '@@@', '-@@', '@', 'operation', '.']
2026-05-09 04:15:17,931 - DEBUG - joeynmt.training - 	Tokenized hypothesis: ['pl@@', 'ans', 'for', 'a', 'str@@', 'on@@', 'ger', 'techn@@', 'ical', 'cooperation', 'are', 'very', 'close', 'to', 'the', 'agen@@', 'da', '.', '</s>']
2026-05-09 04:15:17,932 - INFO - joeynmt.training - 	Source:     Pläne für eine stärkere kerntechnische Zusammenarbeit stehen ganz oben auf der Tagesordnung .
2026-05-09 04:15:17,932 - INFO - joeynmt.training - 	Reference:  high on the agenda are plans for greater nuclear co @-@ operation .
2026-05-09 04:15:17,932 - INFO - joeynmt.training - 	Hypothesis: plans for a stronger technical cooperation are very close to the agenda .
2026-05-09 04:15:17,932 - INFO - joeynmt.training - Example #4
2026-05-09 04:15:17,932 - DEBUG - joeynmt.training - 	Tokenized source:     ['Berich@@', 'ten', 'zu@@', 'fol@@', 'ge', 'ho@@', 'fft', 'Indi@@', 'en', 'darüber', 'hinaus', 'auf', 'einen', 'Ver@@', 'trag', 'zur', 'Ver@@', 'tei@@', 'dig@@', 'ungs@@', 'zusammen@@', 'arbeit', 'zwischen', 'den', 'beiden', 'N@@', 'ationen', '.']
2026-05-09 04:15:17,932 - DEBUG - joeynmt.training - 	Tokenized reference:  ['Indi@@', 'a', 'is', 'also', 're@@', 'porte@@', 'dly', 'hop@@', 'ing', 'for', 'a', 'de@@', 'al', 'on', 'def@@', 'ence', 'c@@', 'oll@@', 'ab@@', 'or@@', 'ation', 'between', 'the', 'two', 'n@@', 'ations', '.']
2026-05-09 04:15:17,932 - DEBUG - joeynmt.training - 	Tokenized hypothesis: ['the', 'following', 're@@', 'ports', 'of', 'Indi@@', 'a', ',', 'is', 'also', 'hop@@', 'es', 'to', 'have', 'a', 'con@@', 'tra@@', 'ct', 'cooperation', 'between', 'the', 'two', 'n@@', 'ations', '.', '</s>']
2026-05-09 04:15:17,932 - INFO - joeynmt.training - 	Source:     Berichten zufolge hofft Indien darüber hinaus auf einen Vertrag zur Verteidigungszusammenarbeit zwischen den beiden Nationen .
2026-05-09 04:15:17,932 - INFO - joeynmt.training - 	Reference:  India is also reportedly hoping for a deal on defence collaboration between the two nations .
2026-05-09 04:15:17,932 - INFO - joeynmt.training - 	Hypothesis: the following reports of India , is also hopes to have a contract cooperation between the two nations .
2026-05-09 04:15:34,518 - INFO - joeynmt.training - Epoch  10, Step:    37600, Batch Loss:     1.614303, Batch Acc: 0.552812, Tokens per Sec:     5479, Lr: 0.000300
2026-05-09 04:15:51,027 - INFO - joeynmt.training - Epoch  10, Step:    37700, Batch Loss:     1.938867, Batch Acc: 0.551923, Tokens per Sec:     5565, Lr: 0.000300
2026-05-09 04:16:07,322 - INFO - joeynmt.training - Epoch  10, Step:    37800, Batch Loss:     1.730157, Batch Acc: 0.546179, Tokens per Sec:     5654, Lr: 0.000300
2026-05-09 04:16:23,750 - INFO - joeynmt.training - Epoch  10, Step:    37900, Batch Loss:     1.371642, Batch Acc: 0.555765, Tokens per Sec:     5644, Lr: 0.000300
2026-05-09 04:16:40,114 - INFO - joeynmt.training - Epoch  10, Step:    38000, Batch Loss:     1.532992, Batch Acc: 0.558612, Tokens per Sec:     5521, Lr: 0.000300
2026-05-09 04:16:40,115 - INFO - joeynmt.prediction - Predicting 500 example(s)... (Greedy decoding with min_output_length=1, max_output_length=-1, return_prob='none', generate_unk=True, repetition_penalty=-1, no_repeat_ngram_size=-1)
2026-05-09 04:17:14,960 - INFO - joeynmt.prediction - Evaluation result (greedy) loss:   2.09, ppl:   8.11, acc:   0.46, generation: 34.8406[sec], evaluation: 0.0000[sec]
2026-05-09 04:17:15,048 - INFO - joeynmt.helpers - delete models/deen_transformer_regular/36000.ckpt
2026-05-09 04:17:15,049 - INFO - joeynmt.training - Example #0
2026-05-09 04:17:15,049 - DEBUG - joeynmt.training - 	Tokenized source:     ['die', 'Pre@@', 'mi@@', 'er@@', 'minist@@', 'er', 'Indi@@', 'ens', 'und', 'J@@', 'ap@@', 'ans', 'tra@@', 'fen', 'sich', 'in', 'T@@', 'ok@@', 'i@@', 'o', '.']
2026-05-09 04:17:15,049 - DEBUG - joeynmt.training - 	Tokenized reference:  ['Indi@@', 'a', 'and', 'J@@', 'ap@@', 'an', 'pri@@', 'me', 'minist@@', 'ers', 'me@@', 'et', 'in', 'T@@', 'ok@@', 'y@@', 'o']
2026-05-09 04:17:15,049 - DEBUG - joeynmt.training - 	Tokenized hypothesis: ['the', 'Pri@@', 'me', 'Minist@@', 'er', 'Indi@@', 'a', 'and', 'J@@', 'ap@@', 'an', ',', 'in', 'T@@', 'ok@@', 'y@@', 'o', '.', '</s>']
2026-05-09 04:17:15,049 - INFO - joeynmt.training - 	Source:     die Premierminister Indiens und Japans trafen sich in Tokio .
2026-05-09 04:17:15,049 - INFO - joeynmt.training - 	Reference:  India and Japan prime ministers meet in Tokyo
2026-05-09 04:17:15,049 - INFO - joeynmt.training - 	Hypothesis: the Prime Minister India and Japan , in Tokyo .
2026-05-09 04:17:15,049 - INFO - joeynmt.training - Example #1
2026-05-09 04:17:15,050 - DEBUG - joeynmt.training - 	Tokenized source:     ['Indi@@', 'ens', 'neu@@', 'er', 'Pre@@', 'mi@@', 'er@@', 'minist@@', 'er', 'N@@', 'ar@@', 'end@@', 'ra', 'Mo@@', 'd@@', 'i', 'tri@@', 'fft', 'bei', 's@@', 'einem', 'ersten', 'wichti@@', 'gen', 'Aus@@', 'land@@', 's@@', 'bes@@', 'u@@', 'ch', 'seit', 's@@', 'einem', 'W@@', 'ah@@', 'l@@', 'si@@', 'e@@', 'g', 'im', 'Ma@@', 'i', 'seinen', 'j@@', 'ap@@', 'an@@', 'ischen', 'Am@@', 'ts@@', 'k@@', 'olle@@', 'gen', 'S@@', 'hin@@', 'z@@', 'o', 'A@@', 'be', 'in', 'T@@', 'ok@@', 'o', ',', 'um', 'wirtschaf@@', 'tliche', 'und', 'sicher@@', 'heits@@', 'politische', 'Be@@', 'zieh@@', 'ungen', 'zu', 'bes@@', 'pre@@', 'chen', '.']
2026-05-09 04:17:15,050 - DEBUG - joeynmt.training - 	Tokenized reference:  ['Indi@@', 'a', '&apos;s', 'new', 'pri@@', 'me', 'minist@@', 'er', ',', 'N@@', 'ar@@', 'end@@', 'ra', 'Mo@@', 'd@@', 'i', ',', 'is', 'me@@', 'eting', 'his', 'J@@', 'ap@@', 'an@@', 'ese', 'coun@@', 'ter@@', 'part', ',', 'S@@', 'hin@@', 'z@@', 'o', 'A@@', 'be', ',', 'in', 'T@@', 'ok@@', 'y@@', 'o', 'to', 'disc@@', 'uss', 'economic', 'and', 'security', 'ties', ',', 'on', 'his', 'first', 'major', 'fore@@', 'ign', 'visi@@', 't', 'since', 'w@@', 'inn@@', 'ing', 'Ma@@', 'y', '&apos;s', 'elec@@', 'tion', '.']
2026-05-09 04:17:15,050 - DEBUG - joeynmt.training - 	Tokenized hypothesis: ['Indi@@', 'a', '&apos;s', 'new', 'Pre@@', 'mi@@', 'er', 'N@@', 'ar@@', 'end@@', 'ra', 'Mo@@', 'd@@', 'i', 'tri@@', 'b@@', 'es', 'in', 'his', 'first', 'important', 'ex@@', 'tern@@', 'al', 'land@@', 's@@', 'visi@@', 't', 'since', 'his', 'elec@@', 't@@', 'or@@', 'al', 'A@@', 'ff@@', 'air@@', 's', ',', 'in', 'Ma@@', 'i', ',', 'S@@', 'hin@@', 'z@@', 'o', 'A@@', 'be', 'in', 'T@@', 'ok@@', 'o', ',', 'to', 'pre@@', 'v@@', 'ent', 'economic', 'and', 'security', 'rel@@', 'ations', '.', '</s>']
2026-05-09 04:17:15,050 - INFO - joeynmt.training - 	Source:     Indiens neuer Premierminister Narendra Modi trifft bei seinem ersten wichtigen Auslandsbesuch seit seinem Wahlsieg im Mai seinen japanischen Amtskollegen Shinzo Abe in Toko , um wirtschaftliche und sicherheitspolitische Beziehungen zu besprechen .
2026-05-09 04:17:15,050 - INFO - joeynmt.training - 	Reference:  India &apos;s new prime minister , Narendra Modi , is meeting his Japanese counterpart , Shinzo Abe , in Tokyo to discuss economic and security ties , on his first major foreign visit since winning May &apos;s election .
2026-05-09 04:17:15,050 - INFO - joeynmt.training - 	Hypothesis: India &apos;s new Premier Narendra Modi tribes in his first important external landsvisit since his electoral Affairs , in Mai , Shinzo Abe in Toko , to prevent economic and security relations .
2026-05-09 04:17:15,050 - INFO - joeynmt.training - Example #2
2026-05-09 04:17:15,050 - DEBUG - joeynmt.training - 	Tokenized source:     ['Herr', 'Mo@@', 'd@@', 'i', 'befindet', 'sich', 'auf', 'einer', 'fü@@', 'n@@', 'f@@', 'tä@@', 'gi@@', 'gen', 'Rei@@', 'se', 'nach', 'J@@', 'ap@@', 'an', ',', 'um', 'die', 'wirtschaf@@', 'tlichen', 'Be@@', 'zieh@@', 'ungen', 'mit', 'der', 'd@@', 'rit@@', 't@@', 'größ@@', 'ten', 'Wirtschafts@@', 'n@@', 'ation', 'der', 'Welt', 'zu', 'fes@@', 'tigen', '.']
2026-05-09 04:17:15,050 - DEBUG - joeynmt.training - 	Tokenized reference:  ['Mr', 'Mo@@', 'd@@', 'i', 'is', 'on', 'a', 'fi@@', 've', '@@@', '-@@', '@', 'day', 'tri@@', 'p', 'to', 'J@@', 'ap@@', 'an', 'to', 'streng@@', 'then', 'economic', 'ties', 'with', 'the', 'third', 'lar@@', 'ges@@', 't', 'econom@@', 'y', 'in', 'the', 'world', '.']
2026-05-09 04:17:15,050 - DEBUG - joeynmt.training - 	Tokenized hypothesis: ['Mr', 'Mo@@', 'd@@', 'i', 'is', 'located', 'on', 'a', 'fi@@', 'f@@', 'ty', 'tra@@', 'v@@', 'el', 'to', 'J@@', 'ap@@', 'an', 'to', 'j@@', 'ap@@', 'an', 'to', 'j@@', 'ap@@', 'an', 'to', 'the', 'economic', 'rel@@', 'ations', 'with', 'the', 'world', '&apos;s', 'third', 'lar@@', 'ges@@', 't', 'economic', 'rel@@', 'ations', '.', '</s>']
2026-05-09 04:17:15,050 - INFO - joeynmt.training - 	Source:     Herr Modi befindet sich auf einer fünftägigen Reise nach Japan , um die wirtschaftlichen Beziehungen mit der drittgrößten Wirtschaftsnation der Welt zu festigen .
2026-05-09 04:17:15,050 - INFO - joeynmt.training - 	Reference:  Mr Modi is on a five @-@ day trip to Japan to strengthen economic ties with the third largest economy in the world .
2026-05-09 04:17:15,050 - INFO - joeynmt.training - 	Hypothesis: Mr Modi is located on a fifty travel to Japan to japan to japan to the economic relations with the world &apos;s third largest economic relations .
2026-05-09 04:17:15,050 - INFO - joeynmt.training - Example #3
2026-05-09 04:17:15,050 - DEBUG - joeynmt.training - 	Tokenized source:     ['P@@', 'län@@', 'e', 'für', 'eine', 'stärk@@', 'ere', 'k@@', 'ern@@', 'techn@@', 'ische', 'Zusammenarbeit', 'stehen', 'ganz', 'ob@@', 'en', 'auf', 'der', 'Tag@@', 'es@@', 'ordnung', '.']
2026-05-09 04:17:15,050 - DEBUG - joeynmt.training - 	Tokenized reference:  ['high', 'on', 'the', 'agen@@', 'da', 'are', 'pl@@', 'ans', 'for', 'gre@@', 'ater', 'nu@@', 'clear', 'c@@', 'o', '@@@', '-@@', '@', 'operation', '.']
2026-05-09 04:17:15,050 - DEBUG - joeynmt.training - 	Tokenized hypothesis: ['pl@@', 'ans', 'for', 'a', 'str@@', 'on@@', 'ger', 'techn@@', 'ical', 'cooperation', 'are', 'very', 'close', 'to', 'the', 'agen@@', 'da', '.', '</s>']
2026-05-09 04:17:15,050 - INFO - joeynmt.training - 	Source:     Pläne für eine stärkere kerntechnische Zusammenarbeit stehen ganz oben auf der Tagesordnung .
2026-05-09 04:17:15,050 - INFO - joeynmt.training - 	Reference:  high on the agenda are plans for greater nuclear co @-@ operation .
2026-05-09 04:17:15,050 - INFO - joeynmt.training - 	Hypothesis: plans for a stronger technical cooperation are very close to the agenda .
2026-05-09 04:17:15,050 - INFO - joeynmt.training - Example #4
2026-05-09 04:17:15,050 - DEBUG - joeynmt.training - 	Tokenized source:     ['Berich@@', 'ten', 'zu@@', 'fol@@', 'ge', 'ho@@', 'fft', 'Indi@@', 'en', 'darüber', 'hinaus', 'auf', 'einen', 'Ver@@', 'trag', 'zur', 'Ver@@', 'tei@@', 'dig@@', 'ungs@@', 'zusammen@@', 'arbeit', 'zwischen', 'den', 'beiden', 'N@@', 'ationen', '.']
2026-05-09 04:17:15,050 - DEBUG - joeynmt.training - 	Tokenized reference:  ['Indi@@', 'a', 'is', 'also', 're@@', 'porte@@', 'dly', 'hop@@', 'ing', 'for', 'a', 'de@@', 'al', 'on', 'def@@', 'ence', 'c@@', 'oll@@', 'ab@@', 'or@@', 'ation', 'between', 'the', 'two', 'n@@', 'ations', '.']
2026-05-09 04:17:15,050 - DEBUG - joeynmt.training - 	Tokenized hypothesis: ['re@@', 'ports', 'also', 'hope', 'Indi@@', 'a', '&apos;s', 're@@', 'ports', 'on', 'a', 'con@@', 'tra@@', 'ct', 'of', 'def@@', 'ence', 'cooperation', 'between', 'the', 'two', 'n@@', 'ations', '.', '</s>']
2026-05-09 04:17:15,051 - INFO - joeynmt.training - 	Source:     Berichten zufolge hofft Indien darüber hinaus auf einen Vertrag zur Verteidigungszusammenarbeit zwischen den beiden Nationen .
2026-05-09 04:17:15,051 - INFO - joeynmt.training - 	Reference:  India is also reportedly hoping for a deal on defence collaboration between the two nations .
2026-05-09 04:17:15,051 - INFO - joeynmt.training - 	Hypothesis: reports also hope India &apos;s reports on a contract of defence cooperation between the two nations .
2026-05-09 04:17:31,319 - INFO - joeynmt.training - Epoch  10, Step:    38100, Batch Loss:     1.614355, Batch Acc: 0.552262, Tokens per Sec:     5634, Lr: 0.000300
2026-05-09 04:17:47,449 - INFO - joeynmt.training - Epoch  10, Step:    38200, Batch Loss:     1.519891, Batch Acc: 0.549388, Tokens per Sec:     5694, Lr: 0.000300
2026-05-09 04:18:03,755 - INFO - joeynmt.training - Epoch  10, Step:    38300, Batch Loss:     1.497331, Batch Acc: 0.549802, Tokens per Sec:     5719, Lr: 0.000300
2026-05-09 04:18:19,961 - INFO - joeynmt.training - Epoch  10, Step:    38400, Batch Loss:     1.644552, Batch Acc: 0.550047, Tokens per Sec:     5747, Lr: 0.000300
2026-05-09 04:18:36,170 - INFO - joeynmt.training - Epoch  10, Step:    38500, Batch Loss:     1.397999, Batch Acc: 0.551048, Tokens per Sec:     5661, Lr: 0.000300
2026-05-09 04:18:36,170 - INFO - joeynmt.prediction - Predicting 500 example(s)... (Greedy decoding with min_output_length=1, max_output_length=-1, return_prob='none', generate_unk=True, repetition_penalty=-1, no_repeat_ngram_size=-1)
2026-05-09 04:19:03,343 - INFO - joeynmt.prediction - Evaluation result (greedy) loss:   2.09, ppl:   8.07, acc:   0.47, generation: 27.1686[sec], evaluation: 0.0000[sec]
2026-05-09 04:19:03,345 - INFO - joeynmt.training - Hooray! New best validation result [ppl]!
2026-05-09 04:19:03,432 - INFO - joeynmt.helpers - delete models/deen_transformer_regular/37500.ckpt
2026-05-09 04:19:03,433 - INFO - joeynmt.training - Example #0
2026-05-09 04:19:03,433 - DEBUG - joeynmt.training - 	Tokenized source:     ['die', 'Pre@@', 'mi@@', 'er@@', 'minist@@', 'er', 'Indi@@', 'ens', 'und', 'J@@', 'ap@@', 'ans', 'tra@@', 'fen', 'sich', 'in', 'T@@', 'ok@@', 'i@@', 'o', '.']
2026-05-09 04:19:03,433 - DEBUG - joeynmt.training - 	Tokenized reference:  ['Indi@@', 'a', 'and', 'J@@', 'ap@@', 'an', 'pri@@', 'me', 'minist@@', 'ers', 'me@@', 'et', 'in', 'T@@', 'ok@@', 'y@@', 'o']
2026-05-09 04:19:03,433 - DEBUG - joeynmt.training - 	Tokenized hypothesis: ['the', 'pri@@', 'me', 'minist@@', 'er', 'Indi@@', 'a', 'and', 'J@@', 'ap@@', 'an', '.', '</s>']
2026-05-09 04:19:03,433 - INFO - joeynmt.training - 	Source:     die Premierminister Indiens und Japans trafen sich in Tokio .
2026-05-09 04:19:03,433 - INFO - joeynmt.training - 	Reference:  India and Japan prime ministers meet in Tokyo
2026-05-09 04:19:03,433 - INFO - joeynmt.training - 	Hypothesis: the prime minister India and Japan .
2026-05-09 04:19:03,433 - INFO - joeynmt.training - Example #1
2026-05-09 04:19:03,433 - DEBUG - joeynmt.training - 	Tokenized source:     ['Indi@@', 'ens', 'neu@@', 'er', 'Pre@@', 'mi@@', 'er@@', 'minist@@', 'er', 'N@@', 'ar@@', 'end@@', 'ra', 'Mo@@', 'd@@', 'i', 'tri@@', 'fft', 'bei', 's@@', 'einem', 'ersten', 'wichti@@', 'gen', 'Aus@@', 'land@@', 's@@', 'bes@@', 'u@@', 'ch', 'seit', 's@@', 'einem', 'W@@', 'ah@@', 'l@@', 'si@@', 'e@@', 'g', 'im', 'Ma@@', 'i', 'seinen', 'j@@', 'ap@@', 'an@@', 'ischen', 'Am@@', 'ts@@', 'k@@', 'olle@@', 'gen', 'S@@', 'hin@@', 'z@@', 'o', 'A@@', 'be', 'in', 'T@@', 'ok@@', 'o', ',', 'um', 'wirtschaf@@', 'tliche', 'und', 'sicher@@', 'heits@@', 'politische', 'Be@@', 'zieh@@', 'ungen', 'zu', 'bes@@', 'pre@@', 'chen', '.']
2026-05-09 04:19:03,433 - DEBUG - joeynmt.training - 	Tokenized reference:  ['Indi@@', 'a', '&apos;s', 'new', 'pri@@', 'me', 'minist@@', 'er', ',', 'N@@', 'ar@@', 'end@@', 'ra', 'Mo@@', 'd@@', 'i', ',', 'is', 'me@@', 'eting', 'his', 'J@@', 'ap@@', 'an@@', 'ese', 'coun@@', 'ter@@', 'part', ',', 'S@@', 'hin@@', 'z@@', 'o', 'A@@', 'be', ',', 'in', 'T@@', 'ok@@', 'y@@', 'o', 'to', 'disc@@', 'uss', 'economic', 'and', 'security', 'ties', ',', 'on', 'his', 'first', 'major', 'fore@@', 'ign', 'visi@@', 't', 'since', 'w@@', 'inn@@', 'ing', 'Ma@@', 'y', '&apos;s', 'elec@@', 'tion', '.']
2026-05-09 04:19:03,433 - DEBUG - joeynmt.training - 	Tokenized hypothesis: ['Indi@@', 'te@@', 'st@@', '-@@', 'ren@@', 'e@@', 'w@@', 'able', 'pri@@', 'me', 'minist@@', 'er', 'N@@', 'ar@@', 'end@@', 'ra', 'Mo@@', 'd@@', 'i', 'tri@@', 'g@@', 'ger@@', 'ed', 'to', 'its', 'first', 'important', 'ex@@', 'tern@@', 'al', 'ag@@', 'ri@@', 'cultural', 'and', 'security', 'policy', 'rel@@', 'ations', 'with', 'the', 'A@@', 'be', 'in', 'T@@', 'ok@@', 'o', ',', 'to', 'the', 'A@@', 'be', 'in', 'T@@', 'ok@@', 'o', ',', 'to', 'pre@@', 'v@@', 'ent', 'economic', 'and', 'security', 'rel@@', 'ations', '.', '</s>']
2026-05-09 04:19:03,433 - INFO - joeynmt.training - 	Source:     Indiens neuer Premierminister Narendra Modi trifft bei seinem ersten wichtigen Auslandsbesuch seit seinem Wahlsieg im Mai seinen japanischen Amtskollegen Shinzo Abe in Toko , um wirtschaftliche und sicherheitspolitische Beziehungen zu besprechen .
2026-05-09 04:19:03,433 - INFO - joeynmt.training - 	Reference:  India &apos;s new prime minister , Narendra Modi , is meeting his Japanese counterpart , Shinzo Abe , in Tokyo to discuss economic and security ties , on his first major foreign visit since winning May &apos;s election .
2026-05-09 04:19:03,433 - INFO - joeynmt.training - 	Hypothesis: Inditest-renewable prime minister Narendra Modi triggered to its first important external agricultural and security policy relations with the Abe in Toko , to the Abe in Toko , to prevent economic and security relations .
2026-05-09 04:19:03,433 - INFO - joeynmt.training - Example #2
2026-05-09 04:19:03,433 - DEBUG - joeynmt.training - 	Tokenized source:     ['Herr', 'Mo@@', 'd@@', 'i', 'befindet', 'sich', 'auf', 'einer', 'fü@@', 'n@@', 'f@@', 'tä@@', 'gi@@', 'gen', 'Rei@@', 'se', 'nach', 'J@@', 'ap@@', 'an', ',', 'um', 'die', 'wirtschaf@@', 'tlichen', 'Be@@', 'zieh@@', 'ungen', 'mit', 'der', 'd@@', 'rit@@', 't@@', 'größ@@', 'ten', 'Wirtschafts@@', 'n@@', 'ation', 'der', 'Welt', 'zu', 'fes@@', 'tigen', '.']
2026-05-09 04:19:03,433 - DEBUG - joeynmt.training - 	Tokenized reference:  ['Mr', 'Mo@@', 'd@@', 'i', 'is', 'on', 'a', 'fi@@', 've', '@@@', '-@@', '@', 'day', 'tri@@', 'p', 'to', 'J@@', 'ap@@', 'an', 'to', 'streng@@', 'then', 'economic', 'ties', 'with', 'the', 'third', 'lar@@', 'ges@@', 't', 'econom@@', 'y', 'in', 'the', 'world', '.']
2026-05-09 04:19:03,433 - DEBUG - joeynmt.training - 	Tokenized hypothesis: ['Mr', 'Mo@@', 'd@@', 'i', 'is', 'located', 'on', 'a', 'fi@@', 'f@@', 'th', 'day', 'for', 'J@@', 'ap@@', 'an', 'to', 'J@@', 'ap@@', 'an', 'to', 'con@@', 'fir@@', 'm', 'the', 'world', '&apos;s', 'economic', 'rel@@', 'ations', 'with', 'the', 'third', 'lar@@', 'ges@@', 't', 'economic', 'rel@@', 'ations', 'with', 'the', 'world', '.', '</s>']
2026-05-09 04:19:03,434 - INFO - joeynmt.training - 	Source:     Herr Modi befindet sich auf einer fünftägigen Reise nach Japan , um die wirtschaftlichen Beziehungen mit der drittgrößten Wirtschaftsnation der Welt zu festigen .
2026-05-09 04:19:03,434 - INFO - joeynmt.training - 	Reference:  Mr Modi is on a five @-@ day trip to Japan to strengthen economic ties with the third largest economy in the world .
2026-05-09 04:19:03,434 - INFO - joeynmt.training - 	Hypothesis: Mr Modi is located on a fifth day for Japan to Japan to confirm the world &apos;s economic relations with the third largest economic relations with the world .
2026-05-09 04:19:03,434 - INFO - joeynmt.training - Example #3
2026-05-09 04:19:03,434 - DEBUG - joeynmt.training - 	Tokenized source:     ['P@@', 'län@@', 'e', 'für', 'eine', 'stärk@@', 'ere', 'k@@', 'ern@@', 'techn@@', 'ische', 'Zusammenarbeit', 'stehen', 'ganz', 'ob@@', 'en', 'auf', 'der', 'Tag@@', 'es@@', 'ordnung', '.']
2026-05-09 04:19:03,434 - DEBUG - joeynmt.training - 	Tokenized reference:  ['high', 'on', 'the', 'agen@@', 'da', 'are', 'pl@@', 'ans', 'for', 'gre@@', 'ater', 'nu@@', 'clear', 'c@@', 'o', '@@@', '-@@', '@', 'operation', '.']
2026-05-09 04:19:03,434 - DEBUG - joeynmt.training - 	Tokenized hypothesis: ['pl@@', 'ans', 'for', 'more', 'more', 'seri@@', 'ous', 'techn@@', 'ical', 'cooperation', 'is', 'very', 'close', 'to', 'the', 'agen@@', 'da', '.', '</s>']
2026-05-09 04:19:03,434 - INFO - joeynmt.training - 	Source:     Pläne für eine stärkere kerntechnische Zusammenarbeit stehen ganz oben auf der Tagesordnung .
2026-05-09 04:19:03,434 - INFO - joeynmt.training - 	Reference:  high on the agenda are plans for greater nuclear co @-@ operation .
2026-05-09 04:19:03,434 - INFO - joeynmt.training - 	Hypothesis: plans for more more serious technical cooperation is very close to the agenda .
2026-05-09 04:19:03,434 - INFO - joeynmt.training - Example #4
2026-05-09 04:19:03,434 - DEBUG - joeynmt.training - 	Tokenized source:     ['Berich@@', 'ten', 'zu@@', 'fol@@', 'ge', 'ho@@', 'fft', 'Indi@@', 'en', 'darüber', 'hinaus', 'auf', 'einen', 'Ver@@', 'trag', 'zur', 'Ver@@', 'tei@@', 'dig@@', 'ungs@@', 'zusammen@@', 'arbeit', 'zwischen', 'den', 'beiden', 'N@@', 'ationen', '.']
2026-05-09 04:19:03,434 - DEBUG - joeynmt.training - 	Tokenized reference:  ['Indi@@', 'a', 'is', 'also', 're@@', 'porte@@', 'dly', 'hop@@', 'ing', 'for', 'a', 'de@@', 'al', 'on', 'def@@', 'ence', 'c@@', 'oll@@', 'ab@@', 'or@@', 'ation', 'between', 'the', 'two', 'n@@', 'ations', '.']
2026-05-09 04:19:03,434 - DEBUG - joeynmt.training - 	Tokenized hypothesis: ['the', 're@@', 'ports', 'of', 'Indi@@', 'a', 'is', 'also', 'hop@@', 'ing', 'Indi@@', 'a', 'to', 'def@@', 'ence', 'cooperation', 'between', 'the', 'two', 'n@@', 'ations', '.', '</s>']
2026-05-09 04:19:03,434 - INFO - joeynmt.training - 	Source:     Berichten zufolge hofft Indien darüber hinaus auf einen Vertrag zur Verteidigungszusammenarbeit zwischen den beiden Nationen .
2026-05-09 04:19:03,434 - INFO - joeynmt.training - 	Reference:  India is also reportedly hoping for a deal on defence collaboration between the two nations .
2026-05-09 04:19:03,434 - INFO - joeynmt.training - 	Hypothesis: the reports of India is also hoping India to defence cooperation between the two nations .
2026-05-09 04:19:19,746 - INFO - joeynmt.training - Epoch  10, Step:    38600, Batch Loss:     1.542222, Batch Acc: 0.550200, Tokens per Sec:     5534, Lr: 0.000300
2026-05-09 04:19:35,952 - INFO - joeynmt.training - Epoch  10, Step:    38700, Batch Loss:     1.731583, Batch Acc: 0.546605, Tokens per Sec:     5684, Lr: 0.000300
2026-05-09 04:19:52,153 - INFO - joeynmt.training - Epoch  10, Step:    38800, Batch Loss:     1.630692, Batch Acc: 0.548873, Tokens per Sec:     5665, Lr: 0.000300
2026-05-09 04:20:08,415 - INFO - joeynmt.training - Epoch  10, Step:    38900, Batch Loss:     1.874442, Batch Acc: 0.547508, Tokens per Sec:     5643, Lr: 0.000300
2026-05-09 04:20:24,534 - INFO - joeynmt.training - Epoch  10, Step:    39000, Batch Loss:     1.355687, Batch Acc: 0.549920, Tokens per Sec:     5622, Lr: 0.000300
2026-05-09 04:20:24,535 - INFO - joeynmt.prediction - Predicting 500 example(s)... (Greedy decoding with min_output_length=1, max_output_length=-1, return_prob='none', generate_unk=True, repetition_penalty=-1, no_repeat_ngram_size=-1)
2026-05-09 04:20:50,906 - INFO - joeynmt.prediction - Evaluation result (greedy) loss:   2.09, ppl:   8.08, acc:   0.47, generation: 26.3675[sec], evaluation: 0.0000[sec]
2026-05-09 04:20:50,994 - INFO - joeynmt.helpers - delete models/deen_transformer_regular/35500.ckpt
2026-05-09 04:20:50,996 - INFO - joeynmt.training - Example #0
2026-05-09 04:20:50,996 - DEBUG - joeynmt.training - 	Tokenized source:     ['die', 'Pre@@', 'mi@@', 'er@@', 'minist@@', 'er', 'Indi@@', 'ens', 'und', 'J@@', 'ap@@', 'ans', 'tra@@', 'fen', 'sich', 'in', 'T@@', 'ok@@', 'i@@', 'o', '.']
2026-05-09 04:20:50,996 - DEBUG - joeynmt.training - 	Tokenized reference:  ['Indi@@', 'a', 'and', 'J@@', 'ap@@', 'an', 'pri@@', 'me', 'minist@@', 'ers', 'me@@', 'et', 'in', 'T@@', 'ok@@', 'y@@', 'o']
2026-05-09 04:20:50,996 - DEBUG - joeynmt.training - 	Tokenized hypothesis: ['the', 'Pre@@', 'mi@@', 'er@@', '-@@', 'Minist@@', 'er', 'Indi@@', 'a', 'and', 'J@@', 'ap@@', 'an', '.', '</s>']
2026-05-09 04:20:50,996 - INFO - joeynmt.training - 	Source:     die Premierminister Indiens und Japans trafen sich in Tokio .
2026-05-09 04:20:50,996 - INFO - joeynmt.training - 	Reference:  India and Japan prime ministers meet in Tokyo
2026-05-09 04:20:50,996 - INFO - joeynmt.training - 	Hypothesis: the Premier-Minister India and Japan .
2026-05-09 04:20:50,996 - INFO - joeynmt.training - Example #1
2026-05-09 04:20:50,996 - DEBUG - joeynmt.training - 	Tokenized source:     ['Indi@@', 'ens', 'neu@@', 'er', 'Pre@@', 'mi@@', 'er@@', 'minist@@', 'er', 'N@@', 'ar@@', 'end@@', 'ra', 'Mo@@', 'd@@', 'i', 'tri@@', 'fft', 'bei', 's@@', 'einem', 'ersten', 'wichti@@', 'gen', 'Aus@@', 'land@@', 's@@', 'bes@@', 'u@@', 'ch', 'seit', 's@@', 'einem', 'W@@', 'ah@@', 'l@@', 'si@@', 'e@@', 'g', 'im', 'Ma@@', 'i', 'seinen', 'j@@', 'ap@@', 'an@@', 'ischen', 'Am@@', 'ts@@', 'k@@', 'olle@@', 'gen', 'S@@', 'hin@@', 'z@@', 'o', 'A@@', 'be', 'in', 'T@@', 'ok@@', 'o', ',', 'um', 'wirtschaf@@', 'tliche', 'und', 'sicher@@', 'heits@@', 'politische', 'Be@@', 'zieh@@', 'ungen', 'zu', 'bes@@', 'pre@@', 'chen', '.']
2026-05-09 04:20:50,996 - DEBUG - joeynmt.training - 	Tokenized reference:  ['Indi@@', 'a', '&apos;s', 'new', 'pri@@', 'me', 'minist@@', 'er', ',', 'N@@', 'ar@@', 'end@@', 'ra', 'Mo@@', 'd@@', 'i', ',', 'is', 'me@@', 'eting', 'his', 'J@@', 'ap@@', 'an@@', 'ese', 'coun@@', 'ter@@', 'part', ',', 'S@@', 'hin@@', 'z@@', 'o', 'A@@', 'be', ',', 'in', 'T@@', 'ok@@', 'y@@', 'o', 'to', 'disc@@', 'uss', 'economic', 'and', 'security', 'ties', ',', 'on', 'his', 'first', 'major', 'fore@@', 'ign', 'visi@@', 't', 'since', 'w@@', 'inn@@', 'ing', 'Ma@@', 'y', '&apos;s', 'elec@@', 'tion', '.']
2026-05-09 04:20:50,996 - DEBUG - joeynmt.training - 	Tokenized hypothesis: ['Indi@@', 'a', '&apos;s', 'Pre@@', 'mi@@', 'er@@', '-@@', 'Off@@', 'ice', 'N@@', 'ar@@', 'end@@', 'ra', 'Mo@@', 'd@@', 'i', 'is', 'a', 'm@@', 'om@@', 'ent', 'for', 'his', 'first', 'important', 'ex@@', 'tern@@', 'al', 'land@@', 's@@', 'ession', 'since', 'his', 'his', 'elec@@', 't@@', 'or@@', 'al', ',', 'since', 'his', 'first', 'first', ',', 'since', 'his', 'his', 'elec@@', 't@@', 'or@@', 'al', ',', 'S@@', 'hin@@', 'z@@', 'o', 'A@@', 'be', 'in', 'T@@', 'ok@@', 'o', ',', 'to', 'pre@@', 'v@@', 'ent', 'economic', 'and', 'saf@@', 'ety', 'rel@@', 'ations', '.', '</s>']
2026-05-09 04:20:50,996 - INFO - joeynmt.training - 	Source:     Indiens neuer Premierminister Narendra Modi trifft bei seinem ersten wichtigen Auslandsbesuch seit seinem Wahlsieg im Mai seinen japanischen Amtskollegen Shinzo Abe in Toko , um wirtschaftliche und sicherheitspolitische Beziehungen zu besprechen .
2026-05-09 04:20:50,996 - INFO - joeynmt.training - 	Reference:  India &apos;s new prime minister , Narendra Modi , is meeting his Japanese counterpart , Shinzo Abe , in Tokyo to discuss economic and security ties , on his first major foreign visit since winning May &apos;s election .
2026-05-09 04:20:50,996 - INFO - joeynmt.training - 	Hypothesis: India &apos;s Premier-Office Narendra Modi is a moment for his first important external landsession since his his electoral , since his first first , since his his electoral , Shinzo Abe in Toko , to prevent economic and safety relations .
2026-05-09 04:20:50,996 - INFO - joeynmt.training - Example #2
2026-05-09 04:20:50,996 - DEBUG - joeynmt.training - 	Tokenized source:     ['Herr', 'Mo@@', 'd@@', 'i', 'befindet', 'sich', 'auf', 'einer', 'fü@@', 'n@@', 'f@@', 'tä@@', 'gi@@', 'gen', 'Rei@@', 'se', 'nach', 'J@@', 'ap@@', 'an', ',', 'um', 'die', 'wirtschaf@@', 'tlichen', 'Be@@', 'zieh@@', 'ungen', 'mit', 'der', 'd@@', 'rit@@', 't@@', 'größ@@', 'ten', 'Wirtschafts@@', 'n@@', 'ation', 'der', 'Welt', 'zu', 'fes@@', 'tigen', '.']
2026-05-09 04:20:50,996 - DEBUG - joeynmt.training - 	Tokenized reference:  ['Mr', 'Mo@@', 'd@@', 'i', 'is', 'on', 'a', 'fi@@', 've', '@@@', '-@@', '@', 'day', 'tri@@', 'p', 'to', 'J@@', 'ap@@', 'an', 'to', 'streng@@', 'then', 'economic', 'ties', 'with', 'the', 'third', 'lar@@', 'ges@@', 't', 'econom@@', 'y', 'in', 'the', 'world', '.']
2026-05-09 04:20:50,996 - DEBUG - joeynmt.training - 	Tokenized hypothesis: ['Mr', 'Mo@@', 'd@@', 'i', 'is', 'located', 'on', 'a', 'fi@@', 'f@@', 'ty', 'tra@@', 'v@@', 'el', 'to', 'J@@', 'ap@@', 'an', 'to', 'j@@', 'ap@@', 'an', 'to', 'J@@', 'ap@@', 'an', 'to', 'take', 'the', 'economic', 'rel@@', 'ations', 'with', 'the', 'third', 'econom@@', 'ies', 'of', 'the', 'world', '.', '</s>']
2026-05-09 04:20:50,997 - INFO - joeynmt.training - 	Source:     Herr Modi befindet sich auf einer fünftägigen Reise nach Japan , um die wirtschaftlichen Beziehungen mit der drittgrößten Wirtschaftsnation der Welt zu festigen .
2026-05-09 04:20:50,997 - INFO - joeynmt.training - 	Reference:  Mr Modi is on a five @-@ day trip to Japan to strengthen economic ties with the third largest economy in the world .
2026-05-09 04:20:50,997 - INFO - joeynmt.training - 	Hypothesis: Mr Modi is located on a fifty travel to Japan to japan to Japan to take the economic relations with the third economies of the world .
2026-05-09 04:20:50,997 - INFO - joeynmt.training - Example #3
2026-05-09 04:20:50,997 - DEBUG - joeynmt.training - 	Tokenized source:     ['P@@', 'län@@', 'e', 'für', 'eine', 'stärk@@', 'ere', 'k@@', 'ern@@', 'techn@@', 'ische', 'Zusammenarbeit', 'stehen', 'ganz', 'ob@@', 'en', 'auf', 'der', 'Tag@@', 'es@@', 'ordnung', '.']
2026-05-09 04:20:50,997 - DEBUG - joeynmt.training - 	Tokenized reference:  ['high', 'on', 'the', 'agen@@', 'da', 'are', 'pl@@', 'ans', 'for', 'gre@@', 'ater', 'nu@@', 'clear', 'c@@', 'o', '@@@', '-@@', '@', 'operation', '.']
2026-05-09 04:20:50,997 - DEBUG - joeynmt.training - 	Tokenized hypothesis: ['pl@@', 'ans', 'for', 'more', 'more', 'more', 'c@@', 'ru@@', 'cial', 'cooperation', 'are', 'very', 'close', 'to', 'the', 'agen@@', 'da', '.', '</s>']
2026-05-09 04:20:50,997 - INFO - joeynmt.training - 	Source:     Pläne für eine stärkere kerntechnische Zusammenarbeit stehen ganz oben auf der Tagesordnung .
2026-05-09 04:20:50,997 - INFO - joeynmt.training - 	Reference:  high on the agenda are plans for greater nuclear co @-@ operation .
2026-05-09 04:20:50,997 - INFO - joeynmt.training - 	Hypothesis: plans for more more more crucial cooperation are very close to the agenda .
2026-05-09 04:20:50,997 - INFO - joeynmt.training - Example #4
2026-05-09 04:20:50,997 - DEBUG - joeynmt.training - 	Tokenized source:     ['Berich@@', 'ten', 'zu@@', 'fol@@', 'ge', 'ho@@', 'fft', 'Indi@@', 'en', 'darüber', 'hinaus', 'auf', 'einen', 'Ver@@', 'trag', 'zur', 'Ver@@', 'tei@@', 'dig@@', 'ungs@@', 'zusammen@@', 'arbeit', 'zwischen', 'den', 'beiden', 'N@@', 'ationen', '.']
2026-05-09 04:20:50,997 - DEBUG - joeynmt.training - 	Tokenized reference:  ['Indi@@', 'a', 'is', 'also', 're@@', 'porte@@', 'dly', 'hop@@', 'ing', 'for', 'a', 'de@@', 'al', 'on', 'def@@', 'ence', 'c@@', 'oll@@', 'ab@@', 'or@@', 'ation', 'between', 'the', 'two', 'n@@', 'ations', '.']
2026-05-09 04:20:50,997 - DEBUG - joeynmt.training - 	Tokenized hypothesis: ['the', 're@@', 'ports', 'of', 'Indi@@', 'a', 'is', 'also', 'hop@@', 'e@@', 'fully', 'that', ',', 'in', 'order', 'to', 'def@@', 'ence', 'cooperation', 'between', 'the', 'two', 'N@@', 'ations', '.', '</s>']
2026-05-09 04:20:50,997 - INFO - joeynmt.training - 	Source:     Berichten zufolge hofft Indien darüber hinaus auf einen Vertrag zur Verteidigungszusammenarbeit zwischen den beiden Nationen .
2026-05-09 04:20:50,997 - INFO - joeynmt.training - 	Reference:  India is also reportedly hoping for a deal on defence collaboration between the two nations .
2026-05-09 04:20:50,997 - INFO - joeynmt.training - 	Hypothesis: the reports of India is also hopefully that , in order to defence cooperation between the two Nations .
2026-05-09 04:21:07,154 - INFO - joeynmt.training - Epoch  10, Step:    39100, Batch Loss:     1.612143, Batch Acc: 0.550670, Tokens per Sec:     5564, Lr: 0.000300
2026-05-09 04:21:23,404 - INFO - joeynmt.training - Epoch  10, Step:    39200, Batch Loss:     1.508639, Batch Acc: 0.546302, Tokens per Sec:     5645, Lr: 0.000300
2026-05-09 04:21:39,629 - INFO - joeynmt.training - Epoch  10, Step:    39300, Batch Loss:     1.703171, Batch Acc: 0.547109, Tokens per Sec:     5595, Lr: 0.000300
2026-05-09 04:21:56,067 - INFO - joeynmt.training - Epoch  10, Step:    39400, Batch Loss:     1.654526, Batch Acc: 0.546728, Tokens per Sec:     5563, Lr: 0.000300
2026-05-09 04:22:12,332 - INFO - joeynmt.training - Epoch  10, Step:    39500, Batch Loss:     1.678828, Batch Acc: 0.554926, Tokens per Sec:     5657, Lr: 0.000300
2026-05-09 04:22:12,332 - INFO - joeynmt.prediction - Predicting 500 example(s)... (Greedy decoding with min_output_length=1, max_output_length=-1, return_prob='none', generate_unk=True, repetition_penalty=-1, no_repeat_ngram_size=-1)
2026-05-09 04:22:44,693 - INFO - joeynmt.prediction - Evaluation result (greedy) loss:   2.09, ppl:   8.05, acc:   0.47, generation: 32.3561[sec], evaluation: 0.0000[sec]
2026-05-09 04:22:44,694 - INFO - joeynmt.training - Hooray! New best validation result [ppl]!
2026-05-09 04:22:44,778 - INFO - joeynmt.helpers - delete models/deen_transformer_regular/38000.ckpt
2026-05-09 04:22:44,778 - INFO - joeynmt.training - Example #0
2026-05-09 04:22:44,779 - DEBUG - joeynmt.training - 	Tokenized source:     ['die', 'Pre@@', 'mi@@', 'er@@', 'minist@@', 'er', 'Indi@@', 'ens', 'und', 'J@@', 'ap@@', 'ans', 'tra@@', 'fen', 'sich', 'in', 'T@@', 'ok@@', 'i@@', 'o', '.']
2026-05-09 04:22:44,779 - DEBUG - joeynmt.training - 	Tokenized reference:  ['Indi@@', 'a', 'and', 'J@@', 'ap@@', 'an', 'pri@@', 'me', 'minist@@', 'ers', 'me@@', 'et', 'in', 'T@@', 'ok@@', 'y@@', 'o']
2026-05-09 04:22:44,779 - DEBUG - joeynmt.training - 	Tokenized hypothesis: ['the', 'Pri@@', 'me', 'Minist@@', 'er', 'Indi@@', 'a', 'and', 'J@@', 'ap@@', 'an', '.', '</s>']
2026-05-09 04:22:44,779 - INFO - joeynmt.training - 	Source:     die Premierminister Indiens und Japans trafen sich in Tokio .
2026-05-09 04:22:44,779 - INFO - joeynmt.training - 	Reference:  India and Japan prime ministers meet in Tokyo
2026-05-09 04:22:44,779 - INFO - joeynmt.training - 	Hypothesis: the Prime Minister India and Japan .
2026-05-09 04:22:44,779 - INFO - joeynmt.training - Example #1
2026-05-09 04:22:44,779 - DEBUG - joeynmt.training - 	Tokenized source:     ['Indi@@', 'ens', 'neu@@', 'er', 'Pre@@', 'mi@@', 'er@@', 'minist@@', 'er', 'N@@', 'ar@@', 'end@@', 'ra', 'Mo@@', 'd@@', 'i', 'tri@@', 'fft', 'bei', 's@@', 'einem', 'ersten', 'wichti@@', 'gen', 'Aus@@', 'land@@', 's@@', 'bes@@', 'u@@', 'ch', 'seit', 's@@', 'einem', 'W@@', 'ah@@', 'l@@', 'si@@', 'e@@', 'g', 'im', 'Ma@@', 'i', 'seinen', 'j@@', 'ap@@', 'an@@', 'ischen', 'Am@@', 'ts@@', 'k@@', 'olle@@', 'gen', 'S@@', 'hin@@', 'z@@', 'o', 'A@@', 'be', 'in', 'T@@', 'ok@@', 'o', ',', 'um', 'wirtschaf@@', 'tliche', 'und', 'sicher@@', 'heits@@', 'politische', 'Be@@', 'zieh@@', 'ungen', 'zu', 'bes@@', 'pre@@', 'chen', '.']
2026-05-09 04:22:44,779 - DEBUG - joeynmt.training - 	Tokenized reference:  ['Indi@@', 'a', '&apos;s', 'new', 'pri@@', 'me', 'minist@@', 'er', ',', 'N@@', 'ar@@', 'end@@', 'ra', 'Mo@@', 'd@@', 'i', ',', 'is', 'me@@', 'eting', 'his', 'J@@', 'ap@@', 'an@@', 'ese', 'coun@@', 'ter@@', 'part', ',', 'S@@', 'hin@@', 'z@@', 'o', 'A@@', 'be', ',', 'in', 'T@@', 'ok@@', 'y@@', 'o', 'to', 'disc@@', 'uss', 'economic', 'and', 'security', 'ties', ',', 'on', 'his', 'first', 'major', 'fore@@', 'ign', 'visi@@', 't', 'since', 'w@@', 'inn@@', 'ing', 'Ma@@', 'y', '&apos;s', 'elec@@', 'tion', '.']
2026-05-09 04:22:44,779 - DEBUG - joeynmt.training - 	Tokenized hypothesis: ['Indi@@', 'a', '&apos;s', 'Pre@@', 'mi@@', 'er', 'M@@', 'ar@@', 'end@@', 'ra', 'Mo@@', 'd@@', 'i', 'tri@@', 'b@@', 'ut@@', 'ed', 'by', 'his', 'first', 'important', 'ex@@', 'tern@@', 'al', 'land@@', 's@@', 'anc@@', 'tu@@', 'ary', ',', 'since', 'his', 'elec@@', 't@@', 'or@@', 'al', 'A@@', 'be', 'in', 'T@@', 'ok@@', 'o', ',', 'in', 'T@@', 'ok@@', 'o', ',', 'to', 'the', 'economic', 'and', 'saf@@', 'ety', '.', '</s>']
2026-05-09 04:22:44,779 - INFO - joeynmt.training - 	Source:     Indiens neuer Premierminister Narendra Modi trifft bei seinem ersten wichtigen Auslandsbesuch seit seinem Wahlsieg im Mai seinen japanischen Amtskollegen Shinzo Abe in Toko , um wirtschaftliche und sicherheitspolitische Beziehungen zu besprechen .
2026-05-09 04:22:44,779 - INFO - joeynmt.training - 	Reference:  India &apos;s new prime minister , Narendra Modi , is meeting his Japanese counterpart , Shinzo Abe , in Tokyo to discuss economic and security ties , on his first major foreign visit since winning May &apos;s election .
2026-05-09 04:22:44,779 - INFO - joeynmt.training - 	Hypothesis: India &apos;s Premier Marendra Modi tributed by his first important external landsanctuary , since his electoral Abe in Toko , in Toko , to the economic and safety .
2026-05-09 04:22:44,779 - INFO - joeynmt.training - Example #2
2026-05-09 04:22:44,779 - DEBUG - joeynmt.training - 	Tokenized source:     ['Herr', 'Mo@@', 'd@@', 'i', 'befindet', 'sich', 'auf', 'einer', 'fü@@', 'n@@', 'f@@', 'tä@@', 'gi@@', 'gen', 'Rei@@', 'se', 'nach', 'J@@', 'ap@@', 'an', ',', 'um', 'die', 'wirtschaf@@', 'tlichen', 'Be@@', 'zieh@@', 'ungen', 'mit', 'der', 'd@@', 'rit@@', 't@@', 'größ@@', 'ten', 'Wirtschafts@@', 'n@@', 'ation', 'der', 'Welt', 'zu', 'fes@@', 'tigen', '.']
2026-05-09 04:22:44,779 - DEBUG - joeynmt.training - 	Tokenized reference:  ['Mr', 'Mo@@', 'd@@', 'i', 'is', 'on', 'a', 'fi@@', 've', '@@@', '-@@', '@', 'day', 'tri@@', 'p', 'to', 'J@@', 'ap@@', 'an', 'to', 'streng@@', 'then', 'economic', 'ties', 'with', 'the', 'third', 'lar@@', 'ges@@', 't', 'econom@@', 'y', 'in', 'the', 'world', '.']
2026-05-09 04:22:44,779 - DEBUG - joeynmt.training - 	Tokenized hypothesis: ['Mr', 'Mo@@', 'd@@', 'i', 'is', 'based', 'on', 'a', 'fi@@', 'f@@', 'th', 'of', 'the', 'world', '&apos;s', 'economic', 'rel@@', 'ations', 'with', 'the', 'third', 'lar@@', 'ges@@', 't', 'economic', 'rel@@', 'ations', 'with', 'the', 'third', 'lar@@', 'ges@@', 't', 'economic', 'n@@', 'ation', 'of', 'the', 'world', '.', '</s>']
2026-05-09 04:22:44,779 - INFO - joeynmt.training - 	Source:     Herr Modi befindet sich auf einer fünftägigen Reise nach Japan , um die wirtschaftlichen Beziehungen mit der drittgrößten Wirtschaftsnation der Welt zu festigen .
2026-05-09 04:22:44,779 - INFO - joeynmt.training - 	Reference:  Mr Modi is on a five @-@ day trip to Japan to strengthen economic ties with the third largest economy in the world .
2026-05-09 04:22:44,779 - INFO - joeynmt.training - 	Hypothesis: Mr Modi is based on a fifth of the world &apos;s economic relations with the third largest economic relations with the third largest economic nation of the world .
2026-05-09 04:22:44,779 - INFO - joeynmt.training - Example #3
2026-05-09 04:22:44,780 - DEBUG - joeynmt.training - 	Tokenized source:     ['P@@', 'län@@', 'e', 'für', 'eine', 'stärk@@', 'ere', 'k@@', 'ern@@', 'techn@@', 'ische', 'Zusammenarbeit', 'stehen', 'ganz', 'ob@@', 'en', 'auf', 'der', 'Tag@@', 'es@@', 'ordnung', '.']
2026-05-09 04:22:44,780 - DEBUG - joeynmt.training - 	Tokenized reference:  ['high', 'on', 'the', 'agen@@', 'da', 'are', 'pl@@', 'ans', 'for', 'gre@@', 'ater', 'nu@@', 'clear', 'c@@', 'o', '@@@', '-@@', '@', 'operation', '.']
2026-05-09 04:22:44,780 - DEBUG - joeynmt.training - 	Tokenized hypothesis: ['pl@@', 'ans', 'for', 'more', 'more', 'str@@', 'on@@', 'ger', 'techn@@', 'ical', 'cooperation', 'are', 'on', 'the', 'agen@@', 'da', '.', '</s>']
2026-05-09 04:22:44,780 - INFO - joeynmt.training - 	Source:     Pläne für eine stärkere kerntechnische Zusammenarbeit stehen ganz oben auf der Tagesordnung .
2026-05-09 04:22:44,780 - INFO - joeynmt.training - 	Reference:  high on the agenda are plans for greater nuclear co @-@ operation .
2026-05-09 04:22:44,780 - INFO - joeynmt.training - 	Hypothesis: plans for more more stronger technical cooperation are on the agenda .
2026-05-09 04:22:44,780 - INFO - joeynmt.training - Example #4
2026-05-09 04:22:44,780 - DEBUG - joeynmt.training - 	Tokenized source:     ['Berich@@', 'ten', 'zu@@', 'fol@@', 'ge', 'ho@@', 'fft', 'Indi@@', 'en', 'darüber', 'hinaus', 'auf', 'einen', 'Ver@@', 'trag', 'zur', 'Ver@@', 'tei@@', 'dig@@', 'ungs@@', 'zusammen@@', 'arbeit', 'zwischen', 'den', 'beiden', 'N@@', 'ationen', '.']
2026-05-09 04:22:44,780 - DEBUG - joeynmt.training - 	Tokenized reference:  ['Indi@@', 'a', 'is', 'also', 're@@', 'porte@@', 'dly', 'hop@@', 'ing', 'for', 'a', 'de@@', 'al', 'on', 'def@@', 'ence', 'c@@', 'oll@@', 'ab@@', 'or@@', 'ation', 'between', 'the', 'two', 'n@@', 'ations', '.']
2026-05-09 04:22:44,780 - DEBUG - joeynmt.training - 	Tokenized hypothesis: ['the', 're@@', 'ports', 'of', 'the', 're@@', 'ports', 'of', 'the', 'con@@', 'tra@@', 'ct', 'of', 'def@@', 'ence', 'cooperation', 'between', 'the', 'two', 'n@@', 'ations', '.', '</s>']
2026-05-09 04:22:44,780 - INFO - joeynmt.training - 	Source:     Berichten zufolge hofft Indien darüber hinaus auf einen Vertrag zur Verteidigungszusammenarbeit zwischen den beiden Nationen .
2026-05-09 04:22:44,780 - INFO - joeynmt.training - 	Reference:  India is also reportedly hoping for a deal on defence collaboration between the two nations .
2026-05-09 04:22:44,780 - INFO - joeynmt.training - 	Hypothesis: the reports of the reports of the contract of defence cooperation between the two nations .
2026-05-09 04:23:01,120 - INFO - joeynmt.training - Epoch  10, Step:    39600, Batch Loss:     1.695549, Batch Acc: 0.549500, Tokens per Sec:     5587, Lr: 0.000300
2026-05-09 04:23:17,639 - INFO - joeynmt.training - Epoch  10, Step:    39700, Batch Loss:     1.695632, Batch Acc: 0.544027, Tokens per Sec:     5562, Lr: 0.000300
2026-05-09 04:23:33,947 - INFO - joeynmt.training - Epoch  10, Step:    39800, Batch Loss:     1.715341, Batch Acc: 0.549028, Tokens per Sec:     5638, Lr: 0.000300
2026-05-09 04:23:50,326 - INFO - joeynmt.training - Epoch  10, Step:    39900, Batch Loss:     1.834950, Batch Acc: 0.545384, Tokens per Sec:     5658, Lr: 0.000300
2026-05-09 04:24:06,900 - INFO - joeynmt.training - Epoch  10, Step:    40000, Batch Loss:     1.674485, Batch Acc: 0.552217, Tokens per Sec:     5587, Lr: 0.000300
2026-05-09 04:24:06,900 - INFO - joeynmt.prediction - Predicting 500 example(s)... (Greedy decoding with min_output_length=1, max_output_length=-1, return_prob='none', generate_unk=True, repetition_penalty=-1, no_repeat_ngram_size=-1)
2026-05-09 04:24:32,673 - INFO - joeynmt.prediction - Evaluation result (greedy) loss:   2.08, ppl:   8.03, acc:   0.46, generation: 25.7677[sec], evaluation: 0.0000[sec]
2026-05-09 04:24:32,675 - INFO - joeynmt.training - Hooray! New best validation result [ppl]!
2026-05-09 04:24:32,759 - INFO - joeynmt.helpers - delete models/deen_transformer_regular/35000.ckpt
2026-05-09 04:24:32,760 - INFO - joeynmt.training - Example #0
2026-05-09 04:24:32,760 - DEBUG - joeynmt.training - 	Tokenized source:     ['die', 'Pre@@', 'mi@@', 'er@@', 'minist@@', 'er', 'Indi@@', 'ens', 'und', 'J@@', 'ap@@', 'ans', 'tra@@', 'fen', 'sich', 'in', 'T@@', 'ok@@', 'i@@', 'o', '.']
2026-05-09 04:24:32,760 - DEBUG - joeynmt.training - 	Tokenized reference:  ['Indi@@', 'a', 'and', 'J@@', 'ap@@', 'an', 'pri@@', 'me', 'minist@@', 'ers', 'me@@', 'et', 'in', 'T@@', 'ok@@', 'y@@', 'o']
2026-05-09 04:24:32,760 - DEBUG - joeynmt.training - 	Tokenized hypothesis: ['Pri@@', 'me', 'Minist@@', 'er', 'Indi@@', 'a', 'and', 'J@@', 'ap@@', 'tra@@', 'fen', ',', 'T@@', 'ok@@', 'y@@', 'o', '.', '</s>']
2026-05-09 04:24:32,760 - INFO - joeynmt.training - 	Source:     die Premierminister Indiens und Japans trafen sich in Tokio .
2026-05-09 04:24:32,760 - INFO - joeynmt.training - 	Reference:  India and Japan prime ministers meet in Tokyo
2026-05-09 04:24:32,760 - INFO - joeynmt.training - 	Hypothesis: Prime Minister India and Japtrafen , Tokyo .
2026-05-09 04:24:32,760 - INFO - joeynmt.training - Example #1
2026-05-09 04:24:32,760 - DEBUG - joeynmt.training - 	Tokenized source:     ['Indi@@', 'ens', 'neu@@', 'er', 'Pre@@', 'mi@@', 'er@@', 'minist@@', 'er', 'N@@', 'ar@@', 'end@@', 'ra', 'Mo@@', 'd@@', 'i', 'tri@@', 'fft', 'bei', 's@@', 'einem', 'ersten', 'wichti@@', 'gen', 'Aus@@', 'land@@', 's@@', 'bes@@', 'u@@', 'ch', 'seit', 's@@', 'einem', 'W@@', 'ah@@', 'l@@', 'si@@', 'e@@', 'g', 'im', 'Ma@@', 'i', 'seinen', 'j@@', 'ap@@', 'an@@', 'ischen', 'Am@@', 'ts@@', 'k@@', 'olle@@', 'gen', 'S@@', 'hin@@', 'z@@', 'o', 'A@@', 'be', 'in', 'T@@', 'ok@@', 'o', ',', 'um', 'wirtschaf@@', 'tliche', 'und', 'sicher@@', 'heits@@', 'politische', 'Be@@', 'zieh@@', 'ungen', 'zu', 'bes@@', 'pre@@', 'chen', '.']
2026-05-09 04:24:32,760 - DEBUG - joeynmt.training - 	Tokenized reference:  ['Indi@@', 'a', '&apos;s', 'new', 'pri@@', 'me', 'minist@@', 'er', ',', 'N@@', 'ar@@', 'end@@', 'ra', 'Mo@@', 'd@@', 'i', ',', 'is', 'me@@', 'eting', 'his', 'J@@', 'ap@@', 'an@@', 'ese', 'coun@@', 'ter@@', 'part', ',', 'S@@', 'hin@@', 'z@@', 'o', 'A@@', 'be', ',', 'in', 'T@@', 'ok@@', 'y@@', 'o', 'to', 'disc@@', 'uss', 'economic', 'and', 'security', 'ties', ',', 'on', 'his', 'first', 'major', 'fore@@', 'ign', 'visi@@', 't', 'since', 'w@@', 'inn@@', 'ing', 'Ma@@', 'y', '&apos;s', 'elec@@', 'tion', '.']
2026-05-09 04:24:32,760 - DEBUG - joeynmt.training - 	Tokenized hypothesis: ['Indi@@', 'a', '&apos;s', 'Pre@@', 'mi@@', 'er', 'N@@', 'ar@@', 'end@@', 'ra', 'Mo@@', 'd@@', 'i', 'was', 'a', 'first', 'important', 'ex@@', 'tern@@', 'al', 'land@@', 's@@', 'anc@@', 'tu@@', 'ary', ',', 'since', 'his', 'first', 'important', 'ex@@', 'tern@@', 'al', 'land@@', 's@@', 'ession', ',', 'which', 'has', 'been', 're@@', 'ach@@', 'ed', 'by', 'his', 'J@@', 'ap@@', 'an@@', 'ese', ',', 'S@@', 'hin@@', 'z@@', 'o', ',', 'to', 'de@@', 'al', 'with', 'the', 'A@@', 'be', 'in', 'T@@', 'ok@@', 'o', ',', 'to', 'pre@@', 'v@@', 'ent', 'economic', 'and', 'saf@@', 'ety', '.', '</s>']
2026-05-09 04:24:32,760 - INFO - joeynmt.training - 	Source:     Indiens neuer Premierminister Narendra Modi trifft bei seinem ersten wichtigen Auslandsbesuch seit seinem Wahlsieg im Mai seinen japanischen Amtskollegen Shinzo Abe in Toko , um wirtschaftliche und sicherheitspolitische Beziehungen zu besprechen .
2026-05-09 04:24:32,760 - INFO - joeynmt.training - 	Reference:  India &apos;s new prime minister , Narendra Modi , is meeting his Japanese counterpart , Shinzo Abe , in Tokyo to discuss economic and security ties , on his first major foreign visit since winning May &apos;s election .
2026-05-09 04:24:32,760 - INFO - joeynmt.training - 	Hypothesis: India &apos;s Premier Narendra Modi was a first important external landsanctuary , since his first important external landsession , which has been reached by his Japanese , Shinzo , to deal with the Abe in Toko , to prevent economic and safety .
2026-05-09 04:24:32,760 - INFO - joeynmt.training - Example #2
2026-05-09 04:24:32,760 - DEBUG - joeynmt.training - 	Tokenized source:     ['Herr', 'Mo@@', 'd@@', 'i', 'befindet', 'sich', 'auf', 'einer', 'fü@@', 'n@@', 'f@@', 'tä@@', 'gi@@', 'gen', 'Rei@@', 'se', 'nach', 'J@@', 'ap@@', 'an', ',', 'um', 'die', 'wirtschaf@@', 'tlichen', 'Be@@', 'zieh@@', 'ungen', 'mit', 'der', 'd@@', 'rit@@', 't@@', 'größ@@', 'ten', 'Wirtschafts@@', 'n@@', 'ation', 'der', 'Welt', 'zu', 'fes@@', 'tigen', '.']
2026-05-09 04:24:32,760 - DEBUG - joeynmt.training - 	Tokenized reference:  ['Mr', 'Mo@@', 'd@@', 'i', 'is', 'on', 'a', 'fi@@', 've', '@@@', '-@@', '@', 'day', 'tri@@', 'p', 'to', 'J@@', 'ap@@', 'an', 'to', 'streng@@', 'then', 'economic', 'ties', 'with', 'the', 'third', 'lar@@', 'ges@@', 't', 'econom@@', 'y', 'in', 'the', 'world', '.']
2026-05-09 04:24:32,761 - DEBUG - joeynmt.training - 	Tokenized hypothesis: ['Mr', 'Mo@@', 'd@@', 'i', 'is', 'based', 'on', 'a', 'fi@@', 'f@@', 'th', 'ri@@', 'ch', 'in', 'J@@', 'ap@@', 'an', ',', 'to', 'J@@', 'ap@@', 'an', ',', 'to', 'take', 'the', 'economic', 'rel@@', 'ations', 'with', 'the', 'third', 'lar@@', 'ges@@', 't', 'economic', 'n@@', 'ation', 'of', 'the', 'world', '.', '</s>']
2026-05-09 04:24:32,761 - INFO - joeynmt.training - 	Source:     Herr Modi befindet sich auf einer fünftägigen Reise nach Japan , um die wirtschaftlichen Beziehungen mit der drittgrößten Wirtschaftsnation der Welt zu festigen .
2026-05-09 04:24:32,761 - INFO - joeynmt.training - 	Reference:  Mr Modi is on a five @-@ day trip to Japan to strengthen economic ties with the third largest economy in the world .
2026-05-09 04:24:32,761 - INFO - joeynmt.training - 	Hypothesis: Mr Modi is based on a fifth rich in Japan , to Japan , to take the economic relations with the third largest economic nation of the world .
2026-05-09 04:24:32,761 - INFO - joeynmt.training - Example #3
2026-05-09 04:24:32,761 - DEBUG - joeynmt.training - 	Tokenized source:     ['P@@', 'län@@', 'e', 'für', 'eine', 'stärk@@', 'ere', 'k@@', 'ern@@', 'techn@@', 'ische', 'Zusammenarbeit', 'stehen', 'ganz', 'ob@@', 'en', 'auf', 'der', 'Tag@@', 'es@@', 'ordnung', '.']
2026-05-09 04:24:32,761 - DEBUG - joeynmt.training - 	Tokenized reference:  ['high', 'on', 'the', 'agen@@', 'da', 'are', 'pl@@', 'ans', 'for', 'gre@@', 'ater', 'nu@@', 'clear', 'c@@', 'o', '@@@', '-@@', '@', 'operation', '.']
2026-05-09 04:24:32,761 - DEBUG - joeynmt.training - 	Tokenized hypothesis: ['pl@@', 'ans', 'for', 'a', 'more', 'c@@', 'ru@@', 'cial', 'techn@@', 'ical', 'cooperation', 'are', 'very', 'close', 'to', 'the', 'day', '.', '</s>']
2026-05-09 04:24:32,761 - INFO - joeynmt.training - 	Source:     Pläne für eine stärkere kerntechnische Zusammenarbeit stehen ganz oben auf der Tagesordnung .
2026-05-09 04:24:32,761 - INFO - joeynmt.training - 	Reference:  high on the agenda are plans for greater nuclear co @-@ operation .
2026-05-09 04:24:32,761 - INFO - joeynmt.training - 	Hypothesis: plans for a more crucial technical cooperation are very close to the day .
2026-05-09 04:24:32,761 - INFO - joeynmt.training - Example #4
2026-05-09 04:24:32,761 - DEBUG - joeynmt.training - 	Tokenized source:     ['Berich@@', 'ten', 'zu@@', 'fol@@', 'ge', 'ho@@', 'fft', 'Indi@@', 'en', 'darüber', 'hinaus', 'auf', 'einen', 'Ver@@', 'trag', 'zur', 'Ver@@', 'tei@@', 'dig@@', 'ungs@@', 'zusammen@@', 'arbeit', 'zwischen', 'den', 'beiden', 'N@@', 'ationen', '.']
2026-05-09 04:24:32,761 - DEBUG - joeynmt.training - 	Tokenized reference:  ['Indi@@', 'a', 'is', 'also', 're@@', 'porte@@', 'dly', 'hop@@', 'ing', 'for', 'a', 'de@@', 'al', 'on', 'def@@', 'ence', 'c@@', 'oll@@', 'ab@@', 'or@@', 'ation', 'between', 'the', 'two', 'n@@', 'ations', '.']
2026-05-09 04:24:32,761 - DEBUG - joeynmt.training - 	Tokenized hypothesis: ['re@@', 'ports', 'are', 'also', 'hop@@', 'ed', 'for', 'Indi@@', 'a', '&apos;s', 'def@@', 'ence', 'cooperation', 'between', 'the', 'two', 'n@@', 'ations', '.', '</s>']
2026-05-09 04:24:32,761 - INFO - joeynmt.training - 	Source:     Berichten zufolge hofft Indien darüber hinaus auf einen Vertrag zur Verteidigungszusammenarbeit zwischen den beiden Nationen .
2026-05-09 04:24:32,761 - INFO - joeynmt.training - 	Reference:  India is also reportedly hoping for a deal on defence collaboration between the two nations .
2026-05-09 04:24:32,761 - INFO - joeynmt.training - 	Hypothesis: reports are also hoped for India &apos;s defence cooperation between the two nations .
2026-05-09 04:24:48,906 - INFO - joeynmt.training - Epoch  10, Step:    40100, Batch Loss:     1.728992, Batch Acc: 0.542689, Tokens per Sec:     5626, Lr: 0.000300
2026-05-09 04:25:05,087 - INFO - joeynmt.training - Epoch  10, Step:    40200, Batch Loss:     1.736236, Batch Acc: 0.540435, Tokens per Sec:     5657, Lr: 0.000300
2026-05-09 04:25:21,065 - INFO - joeynmt.training - Epoch  10, Step:    40300, Batch Loss:     1.525055, Batch Acc: 0.547111, Tokens per Sec:     5741, Lr: 0.000300
2026-05-09 04:25:36,968 - INFO - joeynmt.training - Epoch  10, Step:    40400, Batch Loss:     1.687178, Batch Acc: 0.552523, Tokens per Sec:     5798, Lr: 0.000300
2026-05-09 04:25:52,914 - INFO - joeynmt.training - Epoch  10, Step:    40500, Batch Loss:     1.605409, Batch Acc: 0.542852, Tokens per Sec:     5840, Lr: 0.000300
2026-05-09 04:25:52,914 - INFO - joeynmt.prediction - Predicting 500 example(s)... (Greedy decoding with min_output_length=1, max_output_length=-1, return_prob='none', generate_unk=True, repetition_penalty=-1, no_repeat_ngram_size=-1)
2026-05-09 04:26:19,008 - INFO - joeynmt.prediction - Evaluation result (greedy) loss:   2.08, ppl:   8.02, acc:   0.47, generation: 26.0889[sec], evaluation: 0.0000[sec]
2026-05-09 04:26:19,009 - INFO - joeynmt.training - Hooray! New best validation result [ppl]!
2026-05-09 04:26:19,095 - INFO - joeynmt.helpers - delete models/deen_transformer_regular/36500.ckpt
2026-05-09 04:26:19,096 - INFO - joeynmt.training - Example #0
2026-05-09 04:26:19,096 - DEBUG - joeynmt.training - 	Tokenized source:     ['die', 'Pre@@', 'mi@@', 'er@@', 'minist@@', 'er', 'Indi@@', 'ens', 'und', 'J@@', 'ap@@', 'ans', 'tra@@', 'fen', 'sich', 'in', 'T@@', 'ok@@', 'i@@', 'o', '.']
2026-05-09 04:26:19,096 - DEBUG - joeynmt.training - 	Tokenized reference:  ['Indi@@', 'a', 'and', 'J@@', 'ap@@', 'an', 'pri@@', 'me', 'minist@@', 'ers', 'me@@', 'et', 'in', 'T@@', 'ok@@', 'y@@', 'o']
2026-05-09 04:26:19,096 - DEBUG - joeynmt.training - 	Tokenized hypothesis: ['the', 'Pri@@', 'me', 'Minist@@', 'er', 'Indi@@', 'a', 'and', 'J@@', 'ap@@', 'an', '&apos;s', 'Pri@@', 'me', 'Minist@@', 'er', 'of', 'Indi@@', 'a', 'and', 'J@@', 'ap@@', 'an', '.', '</s>']
2026-05-09 04:26:19,096 - INFO - joeynmt.training - 	Source:     die Premierminister Indiens und Japans trafen sich in Tokio .
2026-05-09 04:26:19,096 - INFO - joeynmt.training - 	Reference:  India and Japan prime ministers meet in Tokyo
2026-05-09 04:26:19,096 - INFO - joeynmt.training - 	Hypothesis: the Prime Minister India and Japan &apos;s Prime Minister of India and Japan .
2026-05-09 04:26:19,096 - INFO - joeynmt.training - Example #1
2026-05-09 04:26:19,096 - DEBUG - joeynmt.training - 	Tokenized source:     ['Indi@@', 'ens', 'neu@@', 'er', 'Pre@@', 'mi@@', 'er@@', 'minist@@', 'er', 'N@@', 'ar@@', 'end@@', 'ra', 'Mo@@', 'd@@', 'i', 'tri@@', 'fft', 'bei', 's@@', 'einem', 'ersten', 'wichti@@', 'gen', 'Aus@@', 'land@@', 's@@', 'bes@@', 'u@@', 'ch', 'seit', 's@@', 'einem', 'W@@', 'ah@@', 'l@@', 'si@@', 'e@@', 'g', 'im', 'Ma@@', 'i', 'seinen', 'j@@', 'ap@@', 'an@@', 'ischen', 'Am@@', 'ts@@', 'k@@', 'olle@@', 'gen', 'S@@', 'hin@@', 'z@@', 'o', 'A@@', 'be', 'in', 'T@@', 'ok@@', 'o', ',', 'um', 'wirtschaf@@', 'tliche', 'und', 'sicher@@', 'heits@@', 'politische', 'Be@@', 'zieh@@', 'ungen', 'zu', 'bes@@', 'pre@@', 'chen', '.']
2026-05-09 04:26:19,096 - DEBUG - joeynmt.training - 	Tokenized reference:  ['Indi@@', 'a', '&apos;s', 'new', 'pri@@', 'me', 'minist@@', 'er', ',', 'N@@', 'ar@@', 'end@@', 'ra', 'Mo@@', 'd@@', 'i', ',', 'is', 'me@@', 'eting', 'his', 'J@@', 'ap@@', 'an@@', 'ese', 'coun@@', 'ter@@', 'part', ',', 'S@@', 'hin@@', 'z@@', 'o', 'A@@', 'be', ',', 'in', 'T@@', 'ok@@', 'y@@', 'o', 'to', 'disc@@', 'uss', 'economic', 'and', 'security', 'ties', ',', 'on', 'his', 'first', 'major', 'fore@@', 'ign', 'visi@@', 't', 'since', 'w@@', 'inn@@', 'ing', 'Ma@@', 'y', '&apos;s', 'elec@@', 'tion', '.']
2026-05-09 04:26:19,096 - DEBUG - joeynmt.training - 	Tokenized hypothesis: ['Indi@@', 'a', '&apos;s', 'lat@@', 'est', 'Pri@@', 'me', 'Minist@@', 'er', 'N@@', 'ar@@', 'end@@', 'ra', 'Mo@@', 'd@@', 'i', ',', 'in', 'its', 'first', 'important', 'ex@@', 'tern@@', 'al', 'land@@', 's@@', 'visi@@', 't', 'since', 'his', 'elec@@', 'tion', ',', 'since', 's@@', 'ent', ',', 'the', 'M@@', 'or@@', 'i', 'colle@@', 'ag@@', 'ue', 'of', 'S@@', 'hin@@', 'z@@', 'o', 'A@@', 'be', 'in', 'T@@', 'ok@@', 'o', 'A@@', 'be', 'in', 'T@@', 'ok@@', 'o', ',', 'to', 're@@', 'ach', 'economic', 'and', 'saf@@', 'ety', 'rel@@', 'ations', '.', '</s>']
2026-05-09 04:26:19,096 - INFO - joeynmt.training - 	Source:     Indiens neuer Premierminister Narendra Modi trifft bei seinem ersten wichtigen Auslandsbesuch seit seinem Wahlsieg im Mai seinen japanischen Amtskollegen Shinzo Abe in Toko , um wirtschaftliche und sicherheitspolitische Beziehungen zu besprechen .
2026-05-09 04:26:19,096 - INFO - joeynmt.training - 	Reference:  India &apos;s new prime minister , Narendra Modi , is meeting his Japanese counterpart , Shinzo Abe , in Tokyo to discuss economic and security ties , on his first major foreign visit since winning May &apos;s election .
2026-05-09 04:26:19,096 - INFO - joeynmt.training - 	Hypothesis: India &apos;s latest Prime Minister Narendra Modi , in its first important external landsvisit since his election , since sent , the Mori colleague of Shinzo Abe in Toko Abe in Toko , to reach economic and safety relations .
2026-05-09 04:26:19,096 - INFO - joeynmt.training - Example #2
2026-05-09 04:26:19,096 - DEBUG - joeynmt.training - 	Tokenized source:     ['Herr', 'Mo@@', 'd@@', 'i', 'befindet', 'sich', 'auf', 'einer', 'fü@@', 'n@@', 'f@@', 'tä@@', 'gi@@', 'gen', 'Rei@@', 'se', 'nach', 'J@@', 'ap@@', 'an', ',', 'um', 'die', 'wirtschaf@@', 'tlichen', 'Be@@', 'zieh@@', 'ungen', 'mit', 'der', 'd@@', 'rit@@', 't@@', 'größ@@', 'ten', 'Wirtschafts@@', 'n@@', 'ation', 'der', 'Welt', 'zu', 'fes@@', 'tigen', '.']
2026-05-09 04:26:19,096 - DEBUG - joeynmt.training - 	Tokenized reference:  ['Mr', 'Mo@@', 'd@@', 'i', 'is', 'on', 'a', 'fi@@', 've', '@@@', '-@@', '@', 'day', 'tri@@', 'p', 'to', 'J@@', 'ap@@', 'an', 'to', 'streng@@', 'then', 'economic', 'ties', 'with', 'the', 'third', 'lar@@', 'ges@@', 't', 'econom@@', 'y', 'in', 'the', 'world', '.']
2026-05-09 04:26:19,096 - DEBUG - joeynmt.training - 	Tokenized hypothesis: ['Mr', 'Mo@@', 'd@@', 'i', 'is', 'located', 'on', 'a', 'fi@@', 've', 'day', 'of', 'a', 'fi@@', 've', 'day', 'of', 'J@@', 'ap@@', 'an', ',', 'to', 'con@@', 'tain', 'the', 'economic', 'rel@@', 'ations', 'with', 'the', 'third', 'lar@@', 'ges@@', 't', 'economic', 'rel@@', 'ations', 'with', 'the', 'world', '&apos;s', 'third', 'lar@@', 'ges@@', 't', 'economic', 'rel@@', 'ations', 'with', 'the', 'world', '.', '</s>']
2026-05-09 04:26:19,096 - INFO - joeynmt.training - 	Source:     Herr Modi befindet sich auf einer fünftägigen Reise nach Japan , um die wirtschaftlichen Beziehungen mit der drittgrößten Wirtschaftsnation der Welt zu festigen .
2026-05-09 04:26:19,097 - INFO - joeynmt.training - 	Reference:  Mr Modi is on a five @-@ day trip to Japan to strengthen economic ties with the third largest economy in the world .
2026-05-09 04:26:19,097 - INFO - joeynmt.training - 	Hypothesis: Mr Modi is located on a five day of a five day of Japan , to contain the economic relations with the third largest economic relations with the world &apos;s third largest economic relations with the world .
2026-05-09 04:26:19,097 - INFO - joeynmt.training - Example #3
2026-05-09 04:26:19,097 - DEBUG - joeynmt.training - 	Tokenized source:     ['P@@', 'län@@', 'e', 'für', 'eine', 'stärk@@', 'ere', 'k@@', 'ern@@', 'techn@@', 'ische', 'Zusammenarbeit', 'stehen', 'ganz', 'ob@@', 'en', 'auf', 'der', 'Tag@@', 'es@@', 'ordnung', '.']
2026-05-09 04:26:19,097 - DEBUG - joeynmt.training - 	Tokenized reference:  ['high', 'on', 'the', 'agen@@', 'da', 'are', 'pl@@', 'ans', 'for', 'gre@@', 'ater', 'nu@@', 'clear', 'c@@', 'o', '@@@', '-@@', '@', 'operation', '.']
2026-05-09 04:26:19,097 - DEBUG - joeynmt.training - 	Tokenized hypothesis: ['pl@@', 'ans', 'for', 'more', 'more', 'seri@@', 'ous', 'techn@@', 'ical', 'cooperation', 'are', 'very', 'close', 'to', 'the', 'agen@@', 'da', '.', '</s>']
2026-05-09 04:26:19,097 - INFO - joeynmt.training - 	Source:     Pläne für eine stärkere kerntechnische Zusammenarbeit stehen ganz oben auf der Tagesordnung .
2026-05-09 04:26:19,097 - INFO - joeynmt.training - 	Reference:  high on the agenda are plans for greater nuclear co @-@ operation .
2026-05-09 04:26:19,097 - INFO - joeynmt.training - 	Hypothesis: plans for more more serious technical cooperation are very close to the agenda .
2026-05-09 04:26:19,097 - INFO - joeynmt.training - Example #4
2026-05-09 04:26:19,097 - DEBUG - joeynmt.training - 	Tokenized source:     ['Berich@@', 'ten', 'zu@@', 'fol@@', 'ge', 'ho@@', 'fft', 'Indi@@', 'en', 'darüber', 'hinaus', 'auf', 'einen', 'Ver@@', 'trag', 'zur', 'Ver@@', 'tei@@', 'dig@@', 'ungs@@', 'zusammen@@', 'arbeit', 'zwischen', 'den', 'beiden', 'N@@', 'ationen', '.']
2026-05-09 04:26:19,097 - DEBUG - joeynmt.training - 	Tokenized reference:  ['Indi@@', 'a', 'is', 'also', 're@@', 'porte@@', 'dly', 'hop@@', 'ing', 'for', 'a', 'de@@', 'al', 'on', 'def@@', 'ence', 'c@@', 'oll@@', 'ab@@', 'or@@', 'ation', 'between', 'the', 'two', 'n@@', 'ations', '.']
2026-05-09 04:26:19,097 - DEBUG - joeynmt.training - 	Tokenized hypothesis: ['the', 're@@', 'ports', 'of', 'the', 'Indi@@', 'a', 'also', 'hop@@', 'e@@', 'fully', 'to', 'a', 'Tre@@', 'aty', 'on', 'def@@', 'ence', 'between', 'the', 'two', 'n@@', 'ations', '.', '</s>']
2026-05-09 04:26:19,097 - INFO - joeynmt.training - 	Source:     Berichten zufolge hofft Indien darüber hinaus auf einen Vertrag zur Verteidigungszusammenarbeit zwischen den beiden Nationen .
2026-05-09 04:26:19,097 - INFO - joeynmt.training - 	Reference:  India is also reportedly hoping for a deal on defence collaboration between the two nations .
2026-05-09 04:26:19,097 - INFO - joeynmt.training - 	Hypothesis: the reports of the India also hopefully to a Treaty on defence between the two nations .
2026-05-09 04:26:35,027 - INFO - joeynmt.training - Epoch  10, Step:    40600, Batch Loss:     1.481523, Batch Acc: 0.552958, Tokens per Sec:     5725, Lr: 0.000300
2026-05-09 04:26:45,896 - INFO - joeynmt.training - Epoch  10: total training loss 6677.66
2026-05-09 04:26:45,896 - INFO - joeynmt.training - Training ended after  10 epochs.
2026-05-09 04:26:45,896 - INFO - joeynmt.training - Best validation result (greedy) at step    40500:   8.02 ppl.
2026-05-09 04:26:45,905 - INFO - joeynmt.model - Building an encoder-decoder model...
2026-05-09 04:26:45,937 - INFO - joeynmt.model - Enc-dec model built.
2026-05-09 04:26:45,974 - INFO - joeynmt.helpers - Load model from /Users/sunyicong/Downloads/2nd semester/Machine Translation/assignment/mt-exercise-03/models/deen_transformer_regular/40500.ckpt.
2026-05-09 04:26:45,979 - INFO - joeynmt.prediction - Model(
	encoder=TransformerEncoder(num_layers=4, num_heads=2, alpha=1.0, layer_norm="pre", activation=ReLU()),
	decoder=TransformerDecoder(num_layers=1, num_heads=2, alpha=1.0, layer_norm="post", activation=ReLU()),
	src_embed=Embeddings(embedding_dim=256, vocab_size=4117),
	trg_embed=Embeddings(embedding_dim=256, vocab_size=4117),
	loss_function=None)
2026-05-09 04:26:45,982 - INFO - joeynmt.prediction - Decoding on dev set...
2026-05-09 04:26:45,982 - INFO - joeynmt.prediction - Predicting 500 example(s)... (Beam search with beam_size=5, beam_alpha=1.0, n_best=1, min_output_length=1, max_output_length=-1, return_prob='none', generate_unk=True, repetition_penalty=-1, no_repeat_ngram_size=-1)
2026-05-09 04:27:19,664 - INFO - joeynmt.prediction - Evaluation result (beam search) , generation: 33.6778[sec], evaluation: 0.0000[sec]
2026-05-09 04:27:19,665 - INFO - joeynmt.prediction - Translations saved to: /Users/sunyicong/Downloads/2nd semester/Machine Translation/assignment/mt-exercise-03/models/deen_transformer_regular/00040500.hyps.dev.
2026-05-09 04:27:19,665 - INFO - joeynmt.prediction - Decoding on test set...
2026-05-09 04:27:19,666 - INFO - joeynmt.prediction - Predicting 2999 example(s)... (Beam search with beam_size=5, beam_alpha=1.0, n_best=1, min_output_length=1, max_output_length=-1, return_prob='none', generate_unk=True, repetition_penalty=-1, no_repeat_ngram_size=-1)
2026-05-09 04:30:51,023 - INFO - joeynmt.prediction - Evaluation result (beam search) , generation: 211.3346[sec], evaluation: 0.0000[sec]
2026-05-09 04:30:51,028 - INFO - joeynmt.prediction - Translations saved to: /Users/sunyicong/Downloads/2nd semester/Machine Translation/assignment/mt-exercise-03/models/deen_transformer_regular/00040500.hyps.test.
