2026-05-09 10:11:54,199 - INFO - root - Hello! This is Joey-NMT (version 2.2.0).
2026-05-09 10:11:54,199 - INFO - joeynmt.helpers -                           cfg.name : deen_transformer_post
2026-05-09 10:11:54,199 - INFO - joeynmt.helpers -                cfg.joeynmt_version : 2.0.0
2026-05-09 10:11:54,199 - INFO - joeynmt.helpers -                     cfg.data.train : data/train
2026-05-09 10:11:54,199 - INFO - joeynmt.helpers -                       cfg.data.dev : data/dev
2026-05-09 10:11:54,199 - INFO - joeynmt.helpers -                      cfg.data.test : data/test
2026-05-09 10:11:54,199 - INFO - joeynmt.helpers -              cfg.data.dataset_type : plain
2026-05-09 10:11:54,199 - INFO - joeynmt.helpers -                  cfg.data.src.lang : de
2026-05-09 10:11:54,199 - INFO - joeynmt.helpers -             cfg.data.src.lowercase : False
2026-05-09 10:11:54,199 - INFO - joeynmt.helpers -                 cfg.data.src.level : bpe
2026-05-09 10:11:54,199 - INFO - joeynmt.helpers -             cfg.data.src.voc_limit : 32000
2026-05-09 10:11:54,199 - INFO - joeynmt.helpers -          cfg.data.src.voc_min_freq : 1
2026-05-09 10:11:54,199 - INFO - joeynmt.helpers -            cfg.data.src.max_length : 100
2026-05-09 10:11:54,199 - INFO - joeynmt.helpers -              cfg.data.src.voc_file : shared_models/joint-vocab.txt
2026-05-09 10:11:54,199 - INFO - joeynmt.helpers -        cfg.data.src.tokenizer_type : subword-nmt
2026-05-09 10:11:54,199 - INFO - joeynmt.helpers - cfg.data.src.tokenizer_cfg.pretokenizer : none
2026-05-09 10:11:54,199 - INFO - joeynmt.helpers - cfg.data.src.tokenizer_cfg.num_merges : 3200
2026-05-09 10:11:54,199 - INFO - joeynmt.helpers -   cfg.data.src.tokenizer_cfg.codes : data/codes3200.bpe
2026-05-09 10:11:54,199 - INFO - joeynmt.helpers -                  cfg.data.trg.lang : en
2026-05-09 10:11:54,199 - INFO - joeynmt.helpers -             cfg.data.trg.lowercase : False
2026-05-09 10:11:54,199 - INFO - joeynmt.helpers -                 cfg.data.trg.level : bpe
2026-05-09 10:11:54,199 - INFO - joeynmt.helpers -             cfg.data.trg.voc_limit : 32000
2026-05-09 10:11:54,199 - INFO - joeynmt.helpers -          cfg.data.trg.voc_min_freq : 1
2026-05-09 10:11:54,199 - INFO - joeynmt.helpers -            cfg.data.trg.max_length : 100
2026-05-09 10:11:54,199 - INFO - joeynmt.helpers -              cfg.data.trg.voc_file : shared_models/joint-vocab.txt
2026-05-09 10:11:54,199 - INFO - joeynmt.helpers -        cfg.data.trg.tokenizer_type : subword-nmt
2026-05-09 10:11:54,199 - INFO - joeynmt.helpers - cfg.data.trg.tokenizer_cfg.pretokenizer : none
2026-05-09 10:11:54,199 - INFO - joeynmt.helpers - cfg.data.trg.tokenizer_cfg.num_merges : 3200
2026-05-09 10:11:54,199 - INFO - joeynmt.helpers -   cfg.data.trg.tokenizer_cfg.codes : data/codes3200.bpe
2026-05-09 10:11:54,199 - INFO - joeynmt.helpers -              cfg.testing.beam_size : 5
2026-05-09 10:11:54,199 - INFO - joeynmt.helpers -             cfg.testing.beam_alpha : 1.0
2026-05-09 10:11:54,199 - INFO - joeynmt.helpers -           cfg.training.random_seed : 42
2026-05-09 10:11:54,199 - INFO - joeynmt.helpers -             cfg.training.optimizer : adam
2026-05-09 10:11:54,199 - INFO - joeynmt.helpers -         cfg.training.normalization : tokens
2026-05-09 10:11:54,199 - INFO - joeynmt.helpers -         cfg.training.learning_rate : 0.0003
2026-05-09 10:11:54,199 - INFO - joeynmt.helpers -            cfg.training.batch_size : 2048
2026-05-09 10:11:54,199 - INFO - joeynmt.helpers -            cfg.training.batch_type : token
2026-05-09 10:11:54,199 - INFO - joeynmt.helpers -       cfg.training.eval_batch_size : 1024
2026-05-09 10:11:54,199 - INFO - joeynmt.helpers -       cfg.training.eval_batch_type : token
2026-05-09 10:11:54,199 - INFO - joeynmt.helpers -            cfg.training.scheduling : plateau
2026-05-09 10:11:54,199 - INFO - joeynmt.helpers -              cfg.training.patience : 8
2026-05-09 10:11:54,199 - INFO - joeynmt.helpers -          cfg.training.weight_decay : 0.0
2026-05-09 10:11:54,200 - INFO - joeynmt.helpers -       cfg.training.decrease_factor : 0.7
2026-05-09 10:11:54,200 - INFO - joeynmt.helpers - cfg.training.early_stopping_metric : ppl
2026-05-09 10:11:54,200 - INFO - joeynmt.helpers -                cfg.training.epochs : 10
2026-05-09 10:11:54,200 - INFO - joeynmt.helpers -       cfg.training.validation_freq : 500
2026-05-09 10:11:54,200 - INFO - joeynmt.helpers -          cfg.training.logging_freq : 100
2026-05-09 10:11:54,200 - INFO - joeynmt.helpers -           cfg.training.eval_metric : ['bleu']
2026-05-09 10:11:54,200 - INFO - joeynmt.helpers -             cfg.training.model_dir : models/deen_transformer_post
2026-05-09 10:11:54,200 - INFO - joeynmt.helpers -             cfg.training.overwrite : False
2026-05-09 10:11:54,200 - INFO - joeynmt.helpers -               cfg.training.shuffle : True
2026-05-09 10:11:54,200 - INFO - joeynmt.helpers -              cfg.training.use_cuda : False
2026-05-09 10:11:54,200 - INFO - joeynmt.helpers -     cfg.training.max_output_length : 100
2026-05-09 10:11:54,200 - INFO - joeynmt.helpers -     cfg.training.print_valid_sents : [0, 1, 2, 3, 4]
2026-05-09 10:11:54,200 - INFO - joeynmt.helpers -       cfg.training.label_smoothing : 0.3
2026-05-09 10:11:54,200 - INFO - joeynmt.helpers -              cfg.model.initializer : xavier_uniform
2026-05-09 10:11:54,200 - INFO - joeynmt.helpers -         cfg.model.bias_initializer : zeros
2026-05-09 10:11:54,200 - INFO - joeynmt.helpers -                cfg.model.init_gain : 1.0
2026-05-09 10:11:54,200 - INFO - joeynmt.helpers -        cfg.model.embed_initializer : xavier_uniform
2026-05-09 10:11:54,200 - INFO - joeynmt.helpers -          cfg.model.embed_init_gain : 1.0
2026-05-09 10:11:54,200 - INFO - joeynmt.helpers -          cfg.model.tied_embeddings : True
2026-05-09 10:11:54,200 - INFO - joeynmt.helpers -             cfg.model.tied_softmax : True
2026-05-09 10:11:54,200 - INFO - joeynmt.helpers -             cfg.model.encoder.type : transformer
2026-05-09 10:11:54,200 - INFO - joeynmt.helpers -       cfg.model.encoder.layer_norm : post
2026-05-09 10:11:54,200 - INFO - joeynmt.helpers -       cfg.model.encoder.num_layers : 4
2026-05-09 10:11:54,200 - INFO - joeynmt.helpers -        cfg.model.encoder.num_heads : 2
2026-05-09 10:11:54,200 - INFO - joeynmt.helpers - cfg.model.encoder.embeddings.embedding_dim : 256
2026-05-09 10:11:54,200 - INFO - joeynmt.helpers - cfg.model.encoder.embeddings.scale : True
2026-05-09 10:11:54,200 - INFO - joeynmt.helpers - cfg.model.encoder.embeddings.dropout : 0
2026-05-09 10:11:54,200 - INFO - joeynmt.helpers -      cfg.model.encoder.hidden_size : 256
2026-05-09 10:11:54,200 - INFO - joeynmt.helpers -          cfg.model.encoder.ff_size : 512
2026-05-09 10:11:54,200 - INFO - joeynmt.helpers -          cfg.model.encoder.dropout : 0
2026-05-09 10:11:54,200 - INFO - joeynmt.helpers -             cfg.model.decoder.type : transformer
2026-05-09 10:11:54,200 - INFO - joeynmt.helpers -       cfg.model.decoder.layer_norm : post
2026-05-09 10:11:54,200 - INFO - joeynmt.helpers -       cfg.model.decoder.num_layers : 1
2026-05-09 10:11:54,200 - INFO - joeynmt.helpers -        cfg.model.decoder.num_heads : 2
2026-05-09 10:11:54,200 - INFO - joeynmt.helpers - cfg.model.decoder.embeddings.embedding_dim : 256
2026-05-09 10:11:54,200 - INFO - joeynmt.helpers - cfg.model.decoder.embeddings.scale : True
2026-05-09 10:11:54,200 - INFO - joeynmt.helpers - cfg.model.decoder.embeddings.dropout : 0
2026-05-09 10:11:54,200 - INFO - joeynmt.helpers -      cfg.model.decoder.hidden_size : 256
2026-05-09 10:11:54,200 - INFO - joeynmt.helpers -          cfg.model.decoder.ff_size : 512
2026-05-09 10:11:54,200 - INFO - joeynmt.helpers -          cfg.model.decoder.dropout : 0
2026-05-09 10:11:54,263 - INFO - joeynmt.data - Building tokenizer...
2026-05-09 10:11:54,267 - INFO - joeynmt.tokenizers - de tokenizer: SubwordNMTTokenizer(level=bpe, lowercase=False, normalize=False, filter_by_length=(-1, 100), pretokenizer=none, tokenizer=BPE, separator=@@, dropout=0.0)
2026-05-09 10:11:54,267 - INFO - joeynmt.tokenizers - en tokenizer: SubwordNMTTokenizer(level=bpe, lowercase=False, normalize=False, filter_by_length=(-1, 100), pretokenizer=none, tokenizer=BPE, separator=@@, dropout=0.0)
2026-05-09 10:11:54,267 - INFO - joeynmt.data - Loading train set...
2026-05-09 10:11:54,416 - INFO - joeynmt.data - Building vocabulary...
2026-05-09 10:11:54,493 - INFO - joeynmt.data - Loading dev set...
2026-05-09 10:11:54,494 - INFO - joeynmt.data - Loading test set...
2026-05-09 10:11:54,497 - INFO - joeynmt.data - Data loaded.
2026-05-09 10:11:54,497 - INFO - joeynmt.data - Train dataset: PlaintextDataset(split=train, len=100000, src_lang=de, trg_lang=en, has_trg=True, random_subset=-1)
2026-05-09 10:11:54,497 - INFO - joeynmt.data - Valid dataset: PlaintextDataset(split=dev, len=500, src_lang=de, trg_lang=en, has_trg=True, random_subset=-1)
2026-05-09 10:11:54,497 - INFO - joeynmt.data -  Test dataset: PlaintextDataset(split=test, len=2999, src_lang=de, trg_lang=en, has_trg=True, random_subset=-1)
2026-05-09 10:11:54,498 - INFO - joeynmt.data - First training example:
	[SRC] gem@@ ä@@ ß der vom Europäischen Parlament und von der gesam@@ ten Europäischen Union n@@ un@@ mehr ständi@@ g ver@@ tre@@ ten@@ en Lin@@ ie möchte ich Sie jedoch bit@@ ten , den gan@@ zen Ein@@ f@@ lu@@ ß Ih@@ res Am@@ tes und der Institu@@ tion , die Sie ver@@ treten , bei dem Prä@@ sident@@ schaf@@ ts@@ kan@@ di@@ d@@ aten und G@@ ou@@ ver@@ ne@@ ur von Tex@@ as , Ge@@ or@@ ge W@@ . B@@ us@@ h , der zur Aus@@ setzung der V@@ oll@@ stre@@ ck@@ ung des To@@ des@@ ur@@ teil@@ s und zur Be@@ gn@@ a@@ di@@ gung des Ver@@ ur@@ teil@@ ten be@@ fu@@ gt ist , gel@@ ten@@ d zu machen .
	[TRG] however , I would ask you , in acc@@ ord@@ ance with the line which is now con@@ st@@ ant@@ ly fol@@ low@@ ed by the European Parliament and by the whole of the European Community , to make represent@@ ations , using the wei@@ ght of your pres@@ ti@@ gi@@ ous off@@ ice and the institu@@ tion you re@@ present , to the President and to the Go@@ vern@@ or of Tex@@ as , Mr B@@ us@@ h , who has the power to order a stay of ex@@ ec@@ ution and to re@@ pri@@ e@@ ve the con@@ dem@@ ned per@@ son .
2026-05-09 10:11:54,498 - INFO - joeynmt.data - First 10 Src tokens: (0) <unk> (1) <pad> (2) <s> (3) </s> (4) , (5) . (6) the (7) in (8) die (9) der
2026-05-09 10:11:54,498 - INFO - joeynmt.data - First 10 Trg tokens: (0) <unk> (1) <pad> (2) <s> (3) </s> (4) , (5) . (6) the (7) in (8) die (9) der
2026-05-09 10:11:54,498 - INFO - joeynmt.data - Number of unique Src tokens (vocab_size): 4117
2026-05-09 10:11:54,498 - INFO - joeynmt.data - Number of unique Trg tokens (vocab_size): 4117
2026-05-09 10:11:54,499 - INFO - joeynmt.model - Building an encoder-decoder model...
2026-05-09 10:11:54,545 - INFO - joeynmt.model - Enc-dec model built.
2026-05-09 10:11:54,546 - INFO - joeynmt.model - Total params: 3953152
2026-05-09 10:11:54,546 - DEBUG - joeynmt.model - Trainable parameters: ['decoder.layers.0.dec_layer_norm.bias', 'decoder.layers.0.dec_layer_norm.weight', 'decoder.layers.0.feed_forward.layer_norm.bias', 'decoder.layers.0.feed_forward.layer_norm.weight', 'decoder.layers.0.feed_forward.pwff_layer.0.bias', 'decoder.layers.0.feed_forward.pwff_layer.0.weight', 'decoder.layers.0.feed_forward.pwff_layer.3.bias', 'decoder.layers.0.feed_forward.pwff_layer.3.weight', 'decoder.layers.0.src_trg_att.k_layer.bias', 'decoder.layers.0.src_trg_att.k_layer.weight', 'decoder.layers.0.src_trg_att.output_layer.bias', 'decoder.layers.0.src_trg_att.output_layer.weight', 'decoder.layers.0.src_trg_att.q_layer.bias', 'decoder.layers.0.src_trg_att.q_layer.weight', 'decoder.layers.0.src_trg_att.v_layer.bias', 'decoder.layers.0.src_trg_att.v_layer.weight', 'decoder.layers.0.trg_trg_att.k_layer.bias', 'decoder.layers.0.trg_trg_att.k_layer.weight', 'decoder.layers.0.trg_trg_att.output_layer.bias', 'decoder.layers.0.trg_trg_att.output_layer.weight', 'decoder.layers.0.trg_trg_att.q_layer.bias', 'decoder.layers.0.trg_trg_att.q_layer.weight', 'decoder.layers.0.trg_trg_att.v_layer.bias', 'decoder.layers.0.trg_trg_att.v_layer.weight', 'decoder.layers.0.x_layer_norm.bias', 'decoder.layers.0.x_layer_norm.weight', 'encoder.layers.0.feed_forward.layer_norm.bias', 'encoder.layers.0.feed_forward.layer_norm.weight', 'encoder.layers.0.feed_forward.pwff_layer.0.bias', 'encoder.layers.0.feed_forward.pwff_layer.0.weight', 'encoder.layers.0.feed_forward.pwff_layer.3.bias', 'encoder.layers.0.feed_forward.pwff_layer.3.weight', 'encoder.layers.0.layer_norm.bias', 'encoder.layers.0.layer_norm.weight', 'encoder.layers.0.src_src_att.k_layer.bias', 'encoder.layers.0.src_src_att.k_layer.weight', 'encoder.layers.0.src_src_att.output_layer.bias', 'encoder.layers.0.src_src_att.output_layer.weight', 'encoder.layers.0.src_src_att.q_layer.bias', 'encoder.layers.0.src_src_att.q_layer.weight', 'encoder.layers.0.src_src_att.v_layer.bias', 'encoder.layers.0.src_src_att.v_layer.weight', 'encoder.layers.1.feed_forward.layer_norm.bias', 'encoder.layers.1.feed_forward.layer_norm.weight', 'encoder.layers.1.feed_forward.pwff_layer.0.bias', 'encoder.layers.1.feed_forward.pwff_layer.0.weight', 'encoder.layers.1.feed_forward.pwff_layer.3.bias', 'encoder.layers.1.feed_forward.pwff_layer.3.weight', 'encoder.layers.1.layer_norm.bias', 'encoder.layers.1.layer_norm.weight', 'encoder.layers.1.src_src_att.k_layer.bias', 'encoder.layers.1.src_src_att.k_layer.weight', 'encoder.layers.1.src_src_att.output_layer.bias', 'encoder.layers.1.src_src_att.output_layer.weight', 'encoder.layers.1.src_src_att.q_layer.bias', 'encoder.layers.1.src_src_att.q_layer.weight', 'encoder.layers.1.src_src_att.v_layer.bias', 'encoder.layers.1.src_src_att.v_layer.weight', 'encoder.layers.2.feed_forward.layer_norm.bias', 'encoder.layers.2.feed_forward.layer_norm.weight', 'encoder.layers.2.feed_forward.pwff_layer.0.bias', 'encoder.layers.2.feed_forward.pwff_layer.0.weight', 'encoder.layers.2.feed_forward.pwff_layer.3.bias', 'encoder.layers.2.feed_forward.pwff_layer.3.weight', 'encoder.layers.2.layer_norm.bias', 'encoder.layers.2.layer_norm.weight', 'encoder.layers.2.src_src_att.k_layer.bias', 'encoder.layers.2.src_src_att.k_layer.weight', 'encoder.layers.2.src_src_att.output_layer.bias', 'encoder.layers.2.src_src_att.output_layer.weight', 'encoder.layers.2.src_src_att.q_layer.bias', 'encoder.layers.2.src_src_att.q_layer.weight', 'encoder.layers.2.src_src_att.v_layer.bias', 'encoder.layers.2.src_src_att.v_layer.weight', 'encoder.layers.3.feed_forward.layer_norm.bias', 'encoder.layers.3.feed_forward.layer_norm.weight', 'encoder.layers.3.feed_forward.pwff_layer.0.bias', 'encoder.layers.3.feed_forward.pwff_layer.0.weight', 'encoder.layers.3.feed_forward.pwff_layer.3.bias', 'encoder.layers.3.feed_forward.pwff_layer.3.weight', 'encoder.layers.3.layer_norm.bias', 'encoder.layers.3.layer_norm.weight', 'encoder.layers.3.src_src_att.k_layer.bias', 'encoder.layers.3.src_src_att.k_layer.weight', 'encoder.layers.3.src_src_att.output_layer.bias', 'encoder.layers.3.src_src_att.output_layer.weight', 'encoder.layers.3.src_src_att.q_layer.bias', 'encoder.layers.3.src_src_att.q_layer.weight', 'encoder.layers.3.src_src_att.v_layer.bias', 'encoder.layers.3.src_src_att.v_layer.weight', 'src_embed.lut.weight']
2026-05-09 10:11:54,546 - INFO - joeynmt.training - Model(
	encoder=TransformerEncoder(num_layers=4, num_heads=2, alpha=1.0, layer_norm="post", activation=ReLU()),
	decoder=TransformerDecoder(num_layers=1, num_heads=2, alpha=1.0, layer_norm="post", activation=ReLU()),
	src_embed=Embeddings(embedding_dim=256, vocab_size=4117),
	trg_embed=Embeddings(embedding_dim=256, vocab_size=4117),
	loss_function=XentLoss(criterion=KLDivLoss(), smoothing=0.3))
2026-05-09 10:11:55,090 - INFO - joeynmt.builders - Adam(lr=0.0003, weight_decay=0.0, betas=(0.9, 0.999))
2026-05-09 10:11:55,090 - INFO - joeynmt.builders - ReduceLROnPlateau(mode=min, threshold_mode=abs, eps=0.0, factor=0.7, patience=8)
2026-05-09 10:11:55,090 - INFO - joeynmt.training - Train stats:
	device: cpu
	n_gpu: 0
	16-bits training: False
	gradient accumulation: 1
	batch size per device: 2048
	effective batch size (w. parallel & accumulation): 2048
2026-05-09 10:11:55,090 - INFO - joeynmt.training - EPOCH 1
2026-05-09 10:12:07,308 - INFO - joeynmt.training - Epoch   1, Step:      100, Batch Loss:     4.232732, Batch Acc: 0.055878, Tokens per Sec:     7534, Lr: 0.000300
2026-05-09 10:12:19,135 - INFO - joeynmt.training - Epoch   1, Step:      200, Batch Loss:     4.031903, Batch Acc: 0.090192, Tokens per Sec:     7798, Lr: 0.000300
2026-05-09 10:12:32,136 - INFO - joeynmt.training - Epoch   1, Step:      300, Batch Loss:     3.760170, Batch Acc: 0.104747, Tokens per Sec:     7119, Lr: 0.000300
2026-05-09 10:12:45,289 - INFO - joeynmt.training - Epoch   1, Step:      400, Batch Loss:     3.682390, Batch Acc: 0.118142, Tokens per Sec:     6971, Lr: 0.000300
2026-05-09 10:12:58,514 - INFO - joeynmt.training - Epoch   1, Step:      500, Batch Loss:     3.511093, Batch Acc: 0.142752, Tokens per Sec:     7019, Lr: 0.000300
2026-05-09 10:12:58,515 - INFO - joeynmt.prediction - Predicting 500 example(s)... (Greedy decoding with min_output_length=1, max_output_length=-1, return_prob='none', generate_unk=True, repetition_penalty=-1, no_repeat_ngram_size=-1)
2026-05-09 10:13:09,754 - INFO - joeynmt.prediction - Evaluation result (greedy) loss:   3.73, ppl:  41.50, acc:   0.12, generation: 11.2370[sec], evaluation: 0.0000[sec]
2026-05-09 10:13:09,756 - INFO - joeynmt.training - Hooray! New best validation result [ppl]!
2026-05-09 10:13:09,824 - INFO - joeynmt.training - Example #0
2026-05-09 10:13:09,824 - DEBUG - joeynmt.training - 	Tokenized source:     ['die', 'Pre@@', 'mi@@', 'er@@', 'minist@@', 'er', 'Indi@@', 'ens', 'und', 'J@@', 'ap@@', 'ans', 'tra@@', 'fen', 'sich', 'in', 'T@@', 'ok@@', 'i@@', 'o', '.']
2026-05-09 10:13:09,824 - DEBUG - joeynmt.training - 	Tokenized reference:  ['Indi@@', 'a', 'and', 'J@@', 'ap@@', 'an', 'pri@@', 'me', 'minist@@', 'ers', 'me@@', 'et', 'in', 'T@@', 'ok@@', 'y@@', 'o']
2026-05-09 10:13:09,824 - DEBUG - joeynmt.training - 	Tokenized hypothesis: ['the', 'Commission', 'is', 'a', ',', 'the', 'Commission', 'is', 'a', 'a', 'a', 'a', '.', '</s>']
2026-05-09 10:13:09,824 - INFO - joeynmt.training - 	Source:     die Premierminister Indiens und Japans trafen sich in Tokio .
2026-05-09 10:13:09,824 - INFO - joeynmt.training - 	Reference:  India and Japan prime ministers meet in Tokyo
2026-05-09 10:13:09,824 - INFO - joeynmt.training - 	Hypothesis: the Commission is a , the Commission is a a a a .
2026-05-09 10:13:09,824 - INFO - joeynmt.training - Example #1
2026-05-09 10:13:09,824 - DEBUG - joeynmt.training - 	Tokenized source:     ['Indi@@', 'ens', 'neu@@', 'er', 'Pre@@', 'mi@@', 'er@@', 'minist@@', 'er', 'N@@', 'ar@@', 'end@@', 'ra', 'Mo@@', 'd@@', 'i', 'tri@@', 'fft', 'bei', 's@@', 'einem', 'ersten', 'wichti@@', 'gen', 'Aus@@', 'land@@', 's@@', 'bes@@', 'u@@', 'ch', 'seit', 's@@', 'einem', 'W@@', 'ah@@', 'l@@', 'si@@', 'e@@', 'g', 'im', 'Ma@@', 'i', 'seinen', 'j@@', 'ap@@', 'an@@', 'ischen', 'Am@@', 'ts@@', 'k@@', 'olle@@', 'gen', 'S@@', 'hin@@', 'z@@', 'o', 'A@@', 'be', 'in', 'T@@', 'ok@@', 'o', ',', 'um', 'wirtschaf@@', 'tliche', 'und', 'sicher@@', 'heits@@', 'politische', 'Be@@', 'zieh@@', 'ungen', 'zu', 'bes@@', 'pre@@', 'chen', '.']
2026-05-09 10:13:09,824 - DEBUG - joeynmt.training - 	Tokenized reference:  ['Indi@@', 'a', '&apos;s', 'new', 'pri@@', 'me', 'minist@@', 'er', ',', 'N@@', 'ar@@', 'end@@', 'ra', 'Mo@@', 'd@@', 'i', ',', 'is', 'me@@', 'eting', 'his', 'J@@', 'ap@@', 'an@@', 'ese', 'coun@@', 'ter@@', 'part', ',', 'S@@', 'hin@@', 'z@@', 'o', 'A@@', 'be', ',', 'in', 'T@@', 'ok@@', 'y@@', 'o', 'to', 'disc@@', 'uss', 'economic', 'and', 'security', 'ties', ',', 'on', 'his', 'first', 'major', 'fore@@', 'ign', 'visi@@', 't', 'since', 'w@@', 'inn@@', 'ing', 'Ma@@', 'y', '&apos;s', 'elec@@', 'tion', '.']
2026-05-09 10:13:09,824 - DEBUG - joeynmt.training - 	Tokenized hypothesis: ['the', 'Commission', 'is', 'a', ',', 'the', 'Commission', 'is', 'a', 'a', 'a', 'a', 'a', 'a', 'a', 'a', 'a', 'a', 'a', 'a', 'a', 'a', 'a', 'a', 'a', 'a', 'a', 'a', 'a', 'a', 'a', 'a', 'a', 'a', 'a', 'a', ',', 'and', 'the', 'Commission', 'of', 'the', 'Commission', 'of', 'the', 'Commission', 'of', 'the', 'Commission', 'of', 'the', 'Commission', 'of', 'the', 'Commission', 'of', 'the', 'European', 'Union', '.', '</s>']
2026-05-09 10:13:09,824 - INFO - joeynmt.training - 	Source:     Indiens neuer Premierminister Narendra Modi trifft bei seinem ersten wichtigen Auslandsbesuch seit seinem Wahlsieg im Mai seinen japanischen Amtskollegen Shinzo Abe in Toko , um wirtschaftliche und sicherheitspolitische Beziehungen zu besprechen .
2026-05-09 10:13:09,824 - INFO - joeynmt.training - 	Reference:  India &apos;s new prime minister , Narendra Modi , is meeting his Japanese counterpart , Shinzo Abe , in Tokyo to discuss economic and security ties , on his first major foreign visit since winning May &apos;s election .
2026-05-09 10:13:09,824 - INFO - joeynmt.training - 	Hypothesis: the Commission is a , the Commission is a a a a a a a a a a a a a a a a a a a a a a a a a a a a , and the Commission of the Commission of the Commission of the Commission of the Commission of the Commission of the European Union .
2026-05-09 10:13:09,824 - INFO - joeynmt.training - Example #2
2026-05-09 10:13:09,825 - DEBUG - joeynmt.training - 	Tokenized source:     ['Herr', 'Mo@@', 'd@@', 'i', 'befindet', 'sich', 'auf', 'einer', 'fü@@', 'n@@', 'f@@', 'tä@@', 'gi@@', 'gen', 'Rei@@', 'se', 'nach', 'J@@', 'ap@@', 'an', ',', 'um', 'die', 'wirtschaf@@', 'tlichen', 'Be@@', 'zieh@@', 'ungen', 'mit', 'der', 'd@@', 'rit@@', 't@@', 'größ@@', 'ten', 'Wirtschafts@@', 'n@@', 'ation', 'der', 'Welt', 'zu', 'fes@@', 'tigen', '.']
2026-05-09 10:13:09,825 - DEBUG - joeynmt.training - 	Tokenized reference:  ['Mr', 'Mo@@', 'd@@', 'i', 'is', 'on', 'a', 'fi@@', 've', '@@@', '-@@', '@', 'day', 'tri@@', 'p', 'to', 'J@@', 'ap@@', 'an', 'to', 'streng@@', 'then', 'economic', 'ties', 'with', 'the', 'third', 'lar@@', 'ges@@', 't', 'econom@@', 'y', 'in', 'the', 'world', '.']
2026-05-09 10:13:09,825 - DEBUG - joeynmt.training - 	Tokenized hypothesis: ['the', 'Commission', 'is', 'a', ',', 'the', 'Commission', 'is', 'a', 'a', 'a', 'a', 'a', 'a', 'a', 'a', 'a', 'a', 'a', 'a', 'a', 'a', 'a', 'a', 'a', 'a', '.', '</s>']
2026-05-09 10:13:09,825 - INFO - joeynmt.training - 	Source:     Herr Modi befindet sich auf einer fünftägigen Reise nach Japan , um die wirtschaftlichen Beziehungen mit der drittgrößten Wirtschaftsnation der Welt zu festigen .
2026-05-09 10:13:09,825 - INFO - joeynmt.training - 	Reference:  Mr Modi is on a five @-@ day trip to Japan to strengthen economic ties with the third largest economy in the world .
2026-05-09 10:13:09,825 - INFO - joeynmt.training - 	Hypothesis: the Commission is a , the Commission is a a a a a a a a a a a a a a a a a a .
2026-05-09 10:13:09,825 - INFO - joeynmt.training - Example #3
2026-05-09 10:13:09,825 - DEBUG - joeynmt.training - 	Tokenized source:     ['P@@', 'län@@', 'e', 'für', 'eine', 'stärk@@', 'ere', 'k@@', 'ern@@', 'techn@@', 'ische', 'Zusammenarbeit', 'stehen', 'ganz', 'ob@@', 'en', 'auf', 'der', 'Tag@@', 'es@@', 'ordnung', '.']
2026-05-09 10:13:09,825 - DEBUG - joeynmt.training - 	Tokenized reference:  ['high', 'on', 'the', 'agen@@', 'da', 'are', 'pl@@', 'ans', 'for', 'gre@@', 'ater', 'nu@@', 'clear', 'c@@', 'o', '@@@', '-@@', '@', 'operation', '.']
2026-05-09 10:13:09,825 - DEBUG - joeynmt.training - 	Tokenized hypothesis: ['the', 'Commission', 'is', 'a', ',', 'the', 'Commission', 'is', 'a', 'a', 'a', 'a', '.', '</s>']
2026-05-09 10:13:09,825 - INFO - joeynmt.training - 	Source:     Pläne für eine stärkere kerntechnische Zusammenarbeit stehen ganz oben auf der Tagesordnung .
2026-05-09 10:13:09,825 - INFO - joeynmt.training - 	Reference:  high on the agenda are plans for greater nuclear co @-@ operation .
2026-05-09 10:13:09,825 - INFO - joeynmt.training - 	Hypothesis: the Commission is a , the Commission is a a a a .
2026-05-09 10:13:09,825 - INFO - joeynmt.training - Example #4
2026-05-09 10:13:09,825 - DEBUG - joeynmt.training - 	Tokenized source:     ['Berich@@', 'ten', 'zu@@', 'fol@@', 'ge', 'ho@@', 'fft', 'Indi@@', 'en', 'darüber', 'hinaus', 'auf', 'einen', 'Ver@@', 'trag', 'zur', 'Ver@@', 'tei@@', 'dig@@', 'ungs@@', 'zusammen@@', 'arbeit', 'zwischen', 'den', 'beiden', 'N@@', 'ationen', '.']
2026-05-09 10:13:09,825 - DEBUG - joeynmt.training - 	Tokenized reference:  ['Indi@@', 'a', 'is', 'also', 're@@', 'porte@@', 'dly', 'hop@@', 'ing', 'for', 'a', 'de@@', 'al', 'on', 'def@@', 'ence', 'c@@', 'oll@@', 'ab@@', 'or@@', 'ation', 'between', 'the', 'two', 'n@@', 'ations', '.']
2026-05-09 10:13:09,825 - DEBUG - joeynmt.training - 	Tokenized hypothesis: ['the', 'Commission', 'is', 'a', ',', 'the', 'Commission', 'is', 'a', 'a', 'a', 'a', 'a', 'a', 'a', 'a', '.', '</s>']
2026-05-09 10:13:09,825 - INFO - joeynmt.training - 	Source:     Berichten zufolge hofft Indien darüber hinaus auf einen Vertrag zur Verteidigungszusammenarbeit zwischen den beiden Nationen .
2026-05-09 10:13:09,825 - INFO - joeynmt.training - 	Reference:  India is also reportedly hoping for a deal on defence collaboration between the two nations .
2026-05-09 10:13:09,825 - INFO - joeynmt.training - 	Hypothesis: the Commission is a , the Commission is a a a a a a a a .
2026-05-09 10:13:21,929 - INFO - joeynmt.training - Epoch   1, Step:      600, Batch Loss:     3.445870, Batch Acc: 0.161598, Tokens per Sec:     7707, Lr: 0.000300
2026-05-09 10:13:34,071 - INFO - joeynmt.training - Epoch   1, Step:      700, Batch Loss:     3.227297, Batch Acc: 0.173166, Tokens per Sec:     7621, Lr: 0.000300
2026-05-09 10:13:46,039 - INFO - joeynmt.training - Epoch   1, Step:      800, Batch Loss:     3.246158, Batch Acc: 0.180752, Tokens per Sec:     7653, Lr: 0.000300
2026-05-09 10:13:58,170 - INFO - joeynmt.training - Epoch   1, Step:      900, Batch Loss:     3.030678, Batch Acc: 0.193041, Tokens per Sec:     7491, Lr: 0.000300
2026-05-09 10:14:10,400 - INFO - joeynmt.training - Epoch   1, Step:     1000, Batch Loss:     3.054640, Batch Acc: 0.193430, Tokens per Sec:     7684, Lr: 0.000300
2026-05-09 10:14:10,400 - INFO - joeynmt.prediction - Predicting 500 example(s)... (Greedy decoding with min_output_length=1, max_output_length=-1, return_prob='none', generate_unk=True, repetition_penalty=-1, no_repeat_ngram_size=-1)
2026-05-09 10:14:50,271 - INFO - joeynmt.prediction - Evaluation result (greedy) loss:   3.41, ppl:  30.18, acc:   0.16, generation: 39.8663[sec], evaluation: 0.0000[sec]
2026-05-09 10:14:50,273 - INFO - joeynmt.training - Hooray! New best validation result [ppl]!
2026-05-09 10:14:50,342 - INFO - joeynmt.training - Example #0
2026-05-09 10:14:50,342 - DEBUG - joeynmt.training - 	Tokenized source:     ['die', 'Pre@@', 'mi@@', 'er@@', 'minist@@', 'er', 'Indi@@', 'ens', 'und', 'J@@', 'ap@@', 'ans', 'tra@@', 'fen', 'sich', 'in', 'T@@', 'ok@@', 'i@@', 'o', '.']
2026-05-09 10:14:50,342 - DEBUG - joeynmt.training - 	Tokenized reference:  ['Indi@@', 'a', 'and', 'J@@', 'ap@@', 'an', 'pri@@', 'me', 'minist@@', 'ers', 'me@@', 'et', 'in', 'T@@', 'ok@@', 'y@@', 'o']
2026-05-09 10:14:50,342 - DEBUG - joeynmt.training - 	Tokenized hypothesis: ['the', 'S@@', 'S@@', 'S@@', 'S@@', 'S@@', 'S@@', 'S@@', 'S@@', 'S@@', 'S@@', 'S@@', 'S@@', 'S@@', 'S@@', 'S@@', 'S@@', 'S@@', 'S@@', 'S@@', 'S@@', 'S@@', 'S@@', 'S@@', 'S@@', 'S@@', 'S@@', 'S@@', 'S@@', 'S@@', 'S@@', 'S@@', 'S@@', 'S@@', 'S@@', 'S@@', 'S@@', 'S@@', 'S@@', 'S@@', 'S@@', 'S@@', 'S@@', 'S@@', 'S@@', 'S@@', 'S@@', 'S@@', 'S@@', 'S@@', 'S@@', 'S@@', 'S@@', 'S@@', 'S@@', 'S@@', 'S@@', 'S@@', 'S@@', 'S@@', 'S@@', 'S@@', 'S@@', 'S@@', 'S@@', 'S@@', 'S@@', 'S@@', 'S@@', 'S@@', 'S@@', 'S@@', 'S@@', 'S@@', 'S@@', 'S@@', 'S@@', 'S@@', 'S@@', 'S@@', 'S@@', 'S@@', 'S@@', 'S@@', 'S@@', 'S@@', 'S@@', 'S@@', 'S@@', 'S@@', 'S@@', 'S@@', 'S@@', 'S@@', 'S@@', 'S@@', 'S@@', 'S@@', 'S@@', 'S@@', 'S@@', 'S@@', 'S@@', 'S@@', 'S@@', 'S@@', 'S@@', 'S@@', 'S@@', 'S@@', 'S@@', 'S@@', 'S@@', 'S@@', '.', '</s>']
2026-05-09 10:14:50,342 - INFO - joeynmt.training - 	Source:     die Premierminister Indiens und Japans trafen sich in Tokio .
2026-05-09 10:14:50,342 - INFO - joeynmt.training - 	Reference:  India and Japan prime ministers meet in Tokyo
2026-05-09 10:14:50,342 - INFO - joeynmt.training - 	Hypothesis: the SSSSSSSSSSSSSSSSSSSSSSSSSSSSSSSSSSSSSSSSSSSSSSSSSSSSSSSSSSSSSSSSSSSSSSSSSSSSSSSSSSSSSSSSSSSSSSSSSSSSSSSSSSSSSSSSS.
2026-05-09 10:14:50,342 - INFO - joeynmt.training - Example #1
2026-05-09 10:14:50,342 - DEBUG - joeynmt.training - 	Tokenized source:     ['Indi@@', 'ens', 'neu@@', 'er', 'Pre@@', 'mi@@', 'er@@', 'minist@@', 'er', 'N@@', 'ar@@', 'end@@', 'ra', 'Mo@@', 'd@@', 'i', 'tri@@', 'fft', 'bei', 's@@', 'einem', 'ersten', 'wichti@@', 'gen', 'Aus@@', 'land@@', 's@@', 'bes@@', 'u@@', 'ch', 'seit', 's@@', 'einem', 'W@@', 'ah@@', 'l@@', 'si@@', 'e@@', 'g', 'im', 'Ma@@', 'i', 'seinen', 'j@@', 'ap@@', 'an@@', 'ischen', 'Am@@', 'ts@@', 'k@@', 'olle@@', 'gen', 'S@@', 'hin@@', 'z@@', 'o', 'A@@', 'be', 'in', 'T@@', 'ok@@', 'o', ',', 'um', 'wirtschaf@@', 'tliche', 'und', 'sicher@@', 'heits@@', 'politische', 'Be@@', 'zieh@@', 'ungen', 'zu', 'bes@@', 'pre@@', 'chen', '.']
2026-05-09 10:14:50,342 - DEBUG - joeynmt.training - 	Tokenized reference:  ['Indi@@', 'a', '&apos;s', 'new', 'pri@@', 'me', 'minist@@', 'er', ',', 'N@@', 'ar@@', 'end@@', 'ra', 'Mo@@', 'd@@', 'i', ',', 'is', 'me@@', 'eting', 'his', 'J@@', 'ap@@', 'an@@', 'ese', 'coun@@', 'ter@@', 'part', ',', 'S@@', 'hin@@', 'z@@', 'o', 'A@@', 'be', ',', 'in', 'T@@', 'ok@@', 'y@@', 'o', 'to', 'disc@@', 'uss', 'economic', 'and', 'security', 'ties', ',', 'on', 'his', 'first', 'major', 'fore@@', 'ign', 'visi@@', 't', 'since', 'w@@', 'inn@@', 'ing', 'Ma@@', 'y', '&apos;s', 'elec@@', 'tion', '.']
2026-05-09 10:14:50,342 - DEBUG - joeynmt.training - 	Tokenized hypothesis: ['the', 'European', 'Union', 'is', 'a', 'few', 'm@@', 'embers', 'of', 'the', 'European', 'Union', ',', 'the', 'European', 'Union', ',', 'the', 'European', 'Union', ',', 'the', 'European', 'Union', ',', 'the', 'European', 'Union', 'and', 'the', 'European', 'Union', 'and', 'the', 'European', 'Union', 'and', 'the', 'European', 'Union', 'and', 'the', 'European', 'Union', 'and', 'the', 'European', 'Union', 'and', 'the', 'European', 'Union', 'and', 'the', 'European', 'Union', '.', '</s>']
2026-05-09 10:14:50,342 - INFO - joeynmt.training - 	Source:     Indiens neuer Premierminister Narendra Modi trifft bei seinem ersten wichtigen Auslandsbesuch seit seinem Wahlsieg im Mai seinen japanischen Amtskollegen Shinzo Abe in Toko , um wirtschaftliche und sicherheitspolitische Beziehungen zu besprechen .
2026-05-09 10:14:50,342 - INFO - joeynmt.training - 	Reference:  India &apos;s new prime minister , Narendra Modi , is meeting his Japanese counterpart , Shinzo Abe , in Tokyo to discuss economic and security ties , on his first major foreign visit since winning May &apos;s election .
2026-05-09 10:14:50,342 - INFO - joeynmt.training - 	Hypothesis: the European Union is a few members of the European Union , the European Union , the European Union , the European Union , the European Union and the European Union and the European Union and the European Union and the European Union and the European Union and the European Union and the European Union .
2026-05-09 10:14:50,342 - INFO - joeynmt.training - Example #2
2026-05-09 10:14:50,342 - DEBUG - joeynmt.training - 	Tokenized source:     ['Herr', 'Mo@@', 'd@@', 'i', 'befindet', 'sich', 'auf', 'einer', 'fü@@', 'n@@', 'f@@', 'tä@@', 'gi@@', 'gen', 'Rei@@', 'se', 'nach', 'J@@', 'ap@@', 'an', ',', 'um', 'die', 'wirtschaf@@', 'tlichen', 'Be@@', 'zieh@@', 'ungen', 'mit', 'der', 'd@@', 'rit@@', 't@@', 'größ@@', 'ten', 'Wirtschafts@@', 'n@@', 'ation', 'der', 'Welt', 'zu', 'fes@@', 'tigen', '.']
2026-05-09 10:14:50,342 - DEBUG - joeynmt.training - 	Tokenized reference:  ['Mr', 'Mo@@', 'd@@', 'i', 'is', 'on', 'a', 'fi@@', 've', '@@@', '-@@', '@', 'day', 'tri@@', 'p', 'to', 'J@@', 'ap@@', 'an', 'to', 'streng@@', 'then', 'economic', 'ties', 'with', 'the', 'third', 'lar@@', 'ges@@', 't', 'econom@@', 'y', 'in', 'the', 'world', '.']
2026-05-09 10:14:50,342 - DEBUG - joeynmt.training - 	Tokenized hypothesis: ['the', 'Commission', 'has', 'been', 'been', 'been', 'been', 'been', 'been', 'been', 'been', 'been', 'been', 'been', 'been', 'been', 'been', 'been', 'been', 'been', 'been', 'been', 'been', 'been', 'been', 'been', 'been', 'been', 'been', 'been', 'been', 'been', 'been', 'been', 'been', 'been', 'been', 'been', 'been', 'been', 'been', 'been', 'been', 'been', 'been', 'been', 'been', 'been', 'been', 'been', 'been', 'been', 'been', 'been', 'been', 'been', 'been', 'been', 'been', 'been', 'been', 'been', 'been', 'been', 'been', 'been', 'been', 'been', 'been', 'been', 'the', 'European', 'Union', '.', '</s>']
2026-05-09 10:14:50,342 - INFO - joeynmt.training - 	Source:     Herr Modi befindet sich auf einer fünftägigen Reise nach Japan , um die wirtschaftlichen Beziehungen mit der drittgrößten Wirtschaftsnation der Welt zu festigen .
2026-05-09 10:14:50,342 - INFO - joeynmt.training - 	Reference:  Mr Modi is on a five @-@ day trip to Japan to strengthen economic ties with the third largest economy in the world .
2026-05-09 10:14:50,342 - INFO - joeynmt.training - 	Hypothesis: the Commission has been been been been been been been been been been been been been been been been been been been been been been been been been been been been been been been been been been been been been been been been been been been been been been been been been been been been been been been been been been been been been been been been been been been the European Union .
2026-05-09 10:14:50,342 - INFO - joeynmt.training - Example #3
2026-05-09 10:14:50,342 - DEBUG - joeynmt.training - 	Tokenized source:     ['P@@', 'län@@', 'e', 'für', 'eine', 'stärk@@', 'ere', 'k@@', 'ern@@', 'techn@@', 'ische', 'Zusammenarbeit', 'stehen', 'ganz', 'ob@@', 'en', 'auf', 'der', 'Tag@@', 'es@@', 'ordnung', '.']
2026-05-09 10:14:50,342 - DEBUG - joeynmt.training - 	Tokenized reference:  ['high', 'on', 'the', 'agen@@', 'da', 'are', 'pl@@', 'ans', 'for', 'gre@@', 'ater', 'nu@@', 'clear', 'c@@', 'o', '@@@', '-@@', '@', 'operation', '.']
2026-05-09 10:14:50,342 - DEBUG - joeynmt.training - 	Tokenized hypothesis: ['the', 'Commission', 'is', 'a', 'few', 'm@@', 'embers', 'of', 'the', 'Commission', 'is', 'a', 'few', 'm@@', 'embers', 'of', 'the', 'European', 'Union', '.', '</s>']
2026-05-09 10:14:50,342 - INFO - joeynmt.training - 	Source:     Pläne für eine stärkere kerntechnische Zusammenarbeit stehen ganz oben auf der Tagesordnung .
2026-05-09 10:14:50,342 - INFO - joeynmt.training - 	Reference:  high on the agenda are plans for greater nuclear co @-@ operation .
2026-05-09 10:14:50,343 - INFO - joeynmt.training - 	Hypothesis: the Commission is a few members of the Commission is a few members of the European Union .
2026-05-09 10:14:50,343 - INFO - joeynmt.training - Example #4
2026-05-09 10:14:50,343 - DEBUG - joeynmt.training - 	Tokenized source:     ['Berich@@', 'ten', 'zu@@', 'fol@@', 'ge', 'ho@@', 'fft', 'Indi@@', 'en', 'darüber', 'hinaus', 'auf', 'einen', 'Ver@@', 'trag', 'zur', 'Ver@@', 'tei@@', 'dig@@', 'ungs@@', 'zusammen@@', 'arbeit', 'zwischen', 'den', 'beiden', 'N@@', 'ationen', '.']
2026-05-09 10:14:50,343 - DEBUG - joeynmt.training - 	Tokenized reference:  ['Indi@@', 'a', 'is', 'also', 're@@', 'porte@@', 'dly', 'hop@@', 'ing', 'for', 'a', 'de@@', 'al', 'on', 'def@@', 'ence', 'c@@', 'oll@@', 'ab@@', 'or@@', 'ation', 'between', 'the', 'two', 'n@@', 'ations', '.']
2026-05-09 10:14:50,343 - DEBUG - joeynmt.training - 	Tokenized hypothesis: ['the', 'Commission', 'is', 'a', 'few', 'few', 'm@@', 'embers', 'of', 'the', 'Commission', 'and', 'the', 'European', 'Union', '.', '</s>']
2026-05-09 10:14:50,343 - INFO - joeynmt.training - 	Source:     Berichten zufolge hofft Indien darüber hinaus auf einen Vertrag zur Verteidigungszusammenarbeit zwischen den beiden Nationen .
2026-05-09 10:14:50,343 - INFO - joeynmt.training - 	Reference:  India is also reportedly hoping for a deal on defence collaboration between the two nations .
2026-05-09 10:14:50,343 - INFO - joeynmt.training - 	Hypothesis: the Commission is a few few members of the Commission and the European Union .
2026-05-09 10:15:06,317 - INFO - joeynmt.training - Epoch   1, Step:     1100, Batch Loss:     3.184702, Batch Acc: 0.201954, Tokens per Sec:     5728, Lr: 0.000300
2026-05-09 10:15:23,414 - INFO - joeynmt.training - Epoch   1, Step:     1200, Batch Loss:     3.086226, Batch Acc: 0.206513, Tokens per Sec:     5417, Lr: 0.000300
2026-05-09 10:15:35,748 - INFO - joeynmt.training - Epoch   1, Step:     1300, Batch Loss:     3.030034, Batch Acc: 0.208356, Tokens per Sec:     7458, Lr: 0.000300
2026-05-09 10:15:48,036 - INFO - joeynmt.training - Epoch   1, Step:     1400, Batch Loss:     3.023907, Batch Acc: 0.212914, Tokens per Sec:     7449, Lr: 0.000300
2026-05-09 10:16:00,341 - INFO - joeynmt.training - Epoch   1, Step:     1500, Batch Loss:     2.983564, Batch Acc: 0.222796, Tokens per Sec:     7393, Lr: 0.000300
2026-05-09 10:16:00,341 - INFO - joeynmt.prediction - Predicting 500 example(s)... (Greedy decoding with min_output_length=1, max_output_length=-1, return_prob='none', generate_unk=True, repetition_penalty=-1, no_repeat_ngram_size=-1)
2026-05-09 10:16:31,640 - INFO - joeynmt.prediction - Evaluation result (greedy) loss:   3.30, ppl:  26.98, acc:   0.17, generation: 31.2953[sec], evaluation: 0.0000[sec]
2026-05-09 10:16:31,642 - INFO - joeynmt.training - Hooray! New best validation result [ppl]!
2026-05-09 10:16:31,705 - INFO - joeynmt.training - Example #0
2026-05-09 10:16:31,705 - DEBUG - joeynmt.training - 	Tokenized source:     ['die', 'Pre@@', 'mi@@', 'er@@', 'minist@@', 'er', 'Indi@@', 'ens', 'und', 'J@@', 'ap@@', 'ans', 'tra@@', 'fen', 'sich', 'in', 'T@@', 'ok@@', 'i@@', 'o', '.']
2026-05-09 10:16:31,705 - DEBUG - joeynmt.training - 	Tokenized reference:  ['Indi@@', 'a', 'and', 'J@@', 'ap@@', 'an', 'pri@@', 'me', 'minist@@', 'ers', 'me@@', 'et', 'in', 'T@@', 'ok@@', 'y@@', 'o']
2026-05-09 10:16:31,705 - DEBUG - joeynmt.training - 	Tokenized hypothesis: ['the', 're@@', 'st', 'of', 'the', 're@@', 'la@@', 'y', 'of', 'the', 'b@@', 'ut@@', 'y', 'of', 'the', 're@@', 'la@@', 'y', '.', '</s>']
2026-05-09 10:16:31,705 - INFO - joeynmt.training - 	Source:     die Premierminister Indiens und Japans trafen sich in Tokio .
2026-05-09 10:16:31,705 - INFO - joeynmt.training - 	Reference:  India and Japan prime ministers meet in Tokyo
2026-05-09 10:16:31,705 - INFO - joeynmt.training - 	Hypothesis: the rest of the relay of the buty of the relay .
2026-05-09 10:16:31,705 - INFO - joeynmt.training - Example #1
2026-05-09 10:16:31,705 - DEBUG - joeynmt.training - 	Tokenized source:     ['Indi@@', 'ens', 'neu@@', 'er', 'Pre@@', 'mi@@', 'er@@', 'minist@@', 'er', 'N@@', 'ar@@', 'end@@', 'ra', 'Mo@@', 'd@@', 'i', 'tri@@', 'fft', 'bei', 's@@', 'einem', 'ersten', 'wichti@@', 'gen', 'Aus@@', 'land@@', 's@@', 'bes@@', 'u@@', 'ch', 'seit', 's@@', 'einem', 'W@@', 'ah@@', 'l@@', 'si@@', 'e@@', 'g', 'im', 'Ma@@', 'i', 'seinen', 'j@@', 'ap@@', 'an@@', 'ischen', 'Am@@', 'ts@@', 'k@@', 'olle@@', 'gen', 'S@@', 'hin@@', 'z@@', 'o', 'A@@', 'be', 'in', 'T@@', 'ok@@', 'o', ',', 'um', 'wirtschaf@@', 'tliche', 'und', 'sicher@@', 'heits@@', 'politische', 'Be@@', 'zieh@@', 'ungen', 'zu', 'bes@@', 'pre@@', 'chen', '.']
2026-05-09 10:16:31,705 - DEBUG - joeynmt.training - 	Tokenized reference:  ['Indi@@', 'a', '&apos;s', 'new', 'pri@@', 'me', 'minist@@', 'er', ',', 'N@@', 'ar@@', 'end@@', 'ra', 'Mo@@', 'd@@', 'i', ',', 'is', 'me@@', 'eting', 'his', 'J@@', 'ap@@', 'an@@', 'ese', 'coun@@', 'ter@@', 'part', ',', 'S@@', 'hin@@', 'z@@', 'o', 'A@@', 'be', ',', 'in', 'T@@', 'ok@@', 'y@@', 'o', 'to', 'disc@@', 'uss', 'economic', 'and', 'security', 'ties', ',', 'on', 'his', 'first', 'major', 'fore@@', 'ign', 'visi@@', 't', 'since', 'w@@', 'inn@@', 'ing', 'Ma@@', 'y', '&apos;s', 'elec@@', 'tion', '.']
2026-05-09 10:16:31,705 - DEBUG - joeynmt.training - 	Tokenized hypothesis: ['the', 're@@', 'st', 'of', 'the', 're@@', 'la@@', 'x@@', 'ed', 'of', 'the', 'C@@', 'an@@', 'an@@', 'a', ',', 'and', 'the', 're@@', 'la@@', 'x@@', 'ed', 'of', 'the', 're@@', 'la@@', 'x@@', 'ed', 'and', 'the', 're@@', 'la@@', 'x@@', 'ed', 'and', 'the', 're@@', 'st', 'of', 'the', 'most', 'important', 'of', 'the', 're@@', 'la@@', 'x@@', 'ed', 'and', 'the', 're@@', 'lev@@', 'ant', 'of', 'the', 're@@', 'la@@', 'x@@', 'ed', 'and', 'the', 're@@', 'ach@@', 'es', 'of', 'the', 're@@', 'la@@', 'x@@', 'ing', 'of', 'the', 'world', '.', '</s>']
2026-05-09 10:16:31,705 - INFO - joeynmt.training - 	Source:     Indiens neuer Premierminister Narendra Modi trifft bei seinem ersten wichtigen Auslandsbesuch seit seinem Wahlsieg im Mai seinen japanischen Amtskollegen Shinzo Abe in Toko , um wirtschaftliche und sicherheitspolitische Beziehungen zu besprechen .
2026-05-09 10:16:31,705 - INFO - joeynmt.training - 	Reference:  India &apos;s new prime minister , Narendra Modi , is meeting his Japanese counterpart , Shinzo Abe , in Tokyo to discuss economic and security ties , on his first major foreign visit since winning May &apos;s election .
2026-05-09 10:16:31,705 - INFO - joeynmt.training - 	Hypothesis: the rest of the relaxed of the Canana , and the relaxed of the relaxed and the relaxed and the rest of the most important of the relaxed and the relevant of the relaxed and the reaches of the relaxing of the world .
2026-05-09 10:16:31,705 - INFO - joeynmt.training - Example #2
2026-05-09 10:16:31,705 - DEBUG - joeynmt.training - 	Tokenized source:     ['Herr', 'Mo@@', 'd@@', 'i', 'befindet', 'sich', 'auf', 'einer', 'fü@@', 'n@@', 'f@@', 'tä@@', 'gi@@', 'gen', 'Rei@@', 'se', 'nach', 'J@@', 'ap@@', 'an', ',', 'um', 'die', 'wirtschaf@@', 'tlichen', 'Be@@', 'zieh@@', 'ungen', 'mit', 'der', 'd@@', 'rit@@', 't@@', 'größ@@', 'ten', 'Wirtschafts@@', 'n@@', 'ation', 'der', 'Welt', 'zu', 'fes@@', 'tigen', '.']
2026-05-09 10:16:31,705 - DEBUG - joeynmt.training - 	Tokenized reference:  ['Mr', 'Mo@@', 'd@@', 'i', 'is', 'on', 'a', 'fi@@', 've', '@@@', '-@@', '@', 'day', 'tri@@', 'p', 'to', 'J@@', 'ap@@', 'an', 'to', 'streng@@', 'then', 'economic', 'ties', 'with', 'the', 'third', 'lar@@', 'ges@@', 't', 'econom@@', 'y', 'in', 'the', 'world', '.']
2026-05-09 10:16:31,705 - DEBUG - joeynmt.training - 	Tokenized hypothesis: ['the', 'Commission', 'has', 'been', 'the', 'European', 'Union', ',', 'the', 'Commission', ',', 'the', 'Commission', 'has', 'been', 'been', 'been', 'been', 'been', 'been', 'made', 'in', 'the', 'European', 'Union', '.', '</s>']
2026-05-09 10:16:31,705 - INFO - joeynmt.training - 	Source:     Herr Modi befindet sich auf einer fünftägigen Reise nach Japan , um die wirtschaftlichen Beziehungen mit der drittgrößten Wirtschaftsnation der Welt zu festigen .
2026-05-09 10:16:31,705 - INFO - joeynmt.training - 	Reference:  Mr Modi is on a five @-@ day trip to Japan to strengthen economic ties with the third largest economy in the world .
2026-05-09 10:16:31,705 - INFO - joeynmt.training - 	Hypothesis: the Commission has been the European Union , the Commission , the Commission has been been been been been been made in the European Union .
2026-05-09 10:16:31,705 - INFO - joeynmt.training - Example #3
2026-05-09 10:16:31,705 - DEBUG - joeynmt.training - 	Tokenized source:     ['P@@', 'län@@', 'e', 'für', 'eine', 'stärk@@', 'ere', 'k@@', 'ern@@', 'techn@@', 'ische', 'Zusammenarbeit', 'stehen', 'ganz', 'ob@@', 'en', 'auf', 'der', 'Tag@@', 'es@@', 'ordnung', '.']
2026-05-09 10:16:31,705 - DEBUG - joeynmt.training - 	Tokenized reference:  ['high', 'on', 'the', 'agen@@', 'da', 'are', 'pl@@', 'ans', 'for', 'gre@@', 'ater', 'nu@@', 'clear', 'c@@', 'o', '@@@', '-@@', '@', 'operation', '.']
2026-05-09 10:16:31,705 - DEBUG - joeynmt.training - 	Tokenized hypothesis: ['the', 'Commission', 'has', 'been', 'made', 'the', 'European', 'Union', 'and', 'the', 'European', 'Union', '&apos;s', '&apos;s', '&apos;s', '&apos;s', '&apos;s', '&apos;s', '&apos;s', '&apos;s', '&apos;s', '&apos;s', '&apos;s', '&apos;s', '&apos;s', '&apos;s', 'pro@@', 'per@@', 'ly', '.', '</s>']
2026-05-09 10:16:31,705 - INFO - joeynmt.training - 	Source:     Pläne für eine stärkere kerntechnische Zusammenarbeit stehen ganz oben auf der Tagesordnung .
2026-05-09 10:16:31,705 - INFO - joeynmt.training - 	Reference:  high on the agenda are plans for greater nuclear co @-@ operation .
2026-05-09 10:16:31,705 - INFO - joeynmt.training - 	Hypothesis: the Commission has been made the European Union and the European Union &apos;s &apos;s &apos;s &apos;s &apos;s &apos;s &apos;s &apos;s &apos;s &apos;s &apos;s &apos;s &apos;s &apos;s properly .
2026-05-09 10:16:31,705 - INFO - joeynmt.training - Example #4
2026-05-09 10:16:31,705 - DEBUG - joeynmt.training - 	Tokenized source:     ['Berich@@', 'ten', 'zu@@', 'fol@@', 'ge', 'ho@@', 'fft', 'Indi@@', 'en', 'darüber', 'hinaus', 'auf', 'einen', 'Ver@@', 'trag', 'zur', 'Ver@@', 'tei@@', 'dig@@', 'ungs@@', 'zusammen@@', 'arbeit', 'zwischen', 'den', 'beiden', 'N@@', 'ationen', '.']
2026-05-09 10:16:31,705 - DEBUG - joeynmt.training - 	Tokenized reference:  ['Indi@@', 'a', 'is', 'also', 're@@', 'porte@@', 'dly', 'hop@@', 'ing', 'for', 'a', 'de@@', 'al', 'on', 'def@@', 'ence', 'c@@', 'oll@@', 'ab@@', 'or@@', 'ation', 'between', 'the', 'two', 'n@@', 'ations', '.']
2026-05-09 10:16:31,705 - DEBUG - joeynmt.training - 	Tokenized hypothesis: ['the', 'Commission', 'has', 'been', 'been', 'made', 'in', 'the', 'European', 'Union', ',', 'the', 'European', 'Union', ',', 'the', 'European', 'Union', ',', 'the', 'European', 'Union', '.', '</s>']
2026-05-09 10:16:31,706 - INFO - joeynmt.training - 	Source:     Berichten zufolge hofft Indien darüber hinaus auf einen Vertrag zur Verteidigungszusammenarbeit zwischen den beiden Nationen .
2026-05-09 10:16:31,706 - INFO - joeynmt.training - 	Reference:  India is also reportedly hoping for a deal on defence collaboration between the two nations .
2026-05-09 10:16:31,706 - INFO - joeynmt.training - 	Hypothesis: the Commission has been been made in the European Union , the European Union , the European Union , the European Union .
2026-05-09 10:16:44,499 - INFO - joeynmt.training - Epoch   1, Step:     1600, Batch Loss:     3.031130, Batch Acc: 0.224191, Tokens per Sec:     7260, Lr: 0.000300
2026-05-09 10:16:57,738 - INFO - joeynmt.training - Epoch   1, Step:     1700, Batch Loss:     2.912893, Batch Acc: 0.229054, Tokens per Sec:     6875, Lr: 0.000300
2026-05-09 10:17:11,428 - INFO - joeynmt.training - Epoch   1, Step:     1800, Batch Loss:     2.951972, Batch Acc: 0.228757, Tokens per Sec:     6696, Lr: 0.000300
2026-05-09 10:17:25,136 - INFO - joeynmt.training - Epoch   1, Step:     1900, Batch Loss:     2.900695, Batch Acc: 0.236875, Tokens per Sec:     6708, Lr: 0.000300
2026-05-09 10:17:38,716 - INFO - joeynmt.training - Epoch   1, Step:     2000, Batch Loss:     2.826040, Batch Acc: 0.238846, Tokens per Sec:     6734, Lr: 0.000300
2026-05-09 10:17:38,717 - INFO - joeynmt.prediction - Predicting 500 example(s)... (Greedy decoding with min_output_length=1, max_output_length=-1, return_prob='none', generate_unk=True, repetition_penalty=-1, no_repeat_ngram_size=-1)
2026-05-09 10:18:19,056 - INFO - joeynmt.prediction - Evaluation result (greedy) loss:   3.21, ppl:  24.71, acc:   0.19, generation: 40.3344[sec], evaluation: 0.0000[sec]
2026-05-09 10:18:19,059 - INFO - joeynmt.training - Hooray! New best validation result [ppl]!
2026-05-09 10:18:19,131 - INFO - joeynmt.training - Example #0
2026-05-09 10:18:19,131 - DEBUG - joeynmt.training - 	Tokenized source:     ['die', 'Pre@@', 'mi@@', 'er@@', 'minist@@', 'er', 'Indi@@', 'ens', 'und', 'J@@', 'ap@@', 'ans', 'tra@@', 'fen', 'sich', 'in', 'T@@', 'ok@@', 'i@@', 'o', '.']
2026-05-09 10:18:19,131 - DEBUG - joeynmt.training - 	Tokenized reference:  ['Indi@@', 'a', 'and', 'J@@', 'ap@@', 'an', 'pri@@', 'me', 'minist@@', 'ers', 'me@@', 'et', 'in', 'T@@', 'ok@@', 'y@@', 'o']
2026-05-09 10:18:19,131 - DEBUG - joeynmt.training - 	Tokenized hypothesis: ['the', 'S@@', 'ec@@', 'u@@', 're@@', '-@@', '-@@', '-@@', '-@@', '-@@', '-@@', '-@@', '-@@', '-@@', '-@@', '-@@', '-@@', '-@@', '-@@', '-@@', '-@@', '-@@', '-@@', '-@@', '-@@', '-@@', '-@@', '-@@', '-@@', '-@@', '-@@', '-@@', '-@@', '-@@', '-@@', '-@@', '-@@', '-@@', '-@@', '-@@', '-@@', '-@@', '-@@', '-@@', '-@@', '-@@', '-@@', '-@@', '-@@', '-@@', '-@@', '-@@', '-@@', '-@@', '-@@', '-@@', '-@@', '-@@', '-@@', '-@@', '-@@', '-@@', '-@@', '-@@', '-@@', '-@@', '-@@', '-@@', '-@@', '-@@', '-@@', '-@@', 'th@@', 'y', '.', '</s>']
2026-05-09 10:18:19,131 - INFO - joeynmt.training - 	Source:     die Premierminister Indiens und Japans trafen sich in Tokio .
2026-05-09 10:18:19,131 - INFO - joeynmt.training - 	Reference:  India and Japan prime ministers meet in Tokyo
2026-05-09 10:18:19,131 - INFO - joeynmt.training - 	Hypothesis: the Secure-------------------------------------------------------------------thy .
2026-05-09 10:18:19,131 - INFO - joeynmt.training - Example #1
2026-05-09 10:18:19,131 - DEBUG - joeynmt.training - 	Tokenized source:     ['Indi@@', 'ens', 'neu@@', 'er', 'Pre@@', 'mi@@', 'er@@', 'minist@@', 'er', 'N@@', 'ar@@', 'end@@', 'ra', 'Mo@@', 'd@@', 'i', 'tri@@', 'fft', 'bei', 's@@', 'einem', 'ersten', 'wichti@@', 'gen', 'Aus@@', 'land@@', 's@@', 'bes@@', 'u@@', 'ch', 'seit', 's@@', 'einem', 'W@@', 'ah@@', 'l@@', 'si@@', 'e@@', 'g', 'im', 'Ma@@', 'i', 'seinen', 'j@@', 'ap@@', 'an@@', 'ischen', 'Am@@', 'ts@@', 'k@@', 'olle@@', 'gen', 'S@@', 'hin@@', 'z@@', 'o', 'A@@', 'be', 'in', 'T@@', 'ok@@', 'o', ',', 'um', 'wirtschaf@@', 'tliche', 'und', 'sicher@@', 'heits@@', 'politische', 'Be@@', 'zieh@@', 'ungen', 'zu', 'bes@@', 'pre@@', 'chen', '.']
2026-05-09 10:18:19,131 - DEBUG - joeynmt.training - 	Tokenized reference:  ['Indi@@', 'a', '&apos;s', 'new', 'pri@@', 'me', 'minist@@', 'er', ',', 'N@@', 'ar@@', 'end@@', 'ra', 'Mo@@', 'd@@', 'i', ',', 'is', 'me@@', 'eting', 'his', 'J@@', 'ap@@', 'an@@', 'ese', 'coun@@', 'ter@@', 'part', ',', 'S@@', 'hin@@', 'z@@', 'o', 'A@@', 'be', ',', 'in', 'T@@', 'ok@@', 'y@@', 'o', 'to', 'disc@@', 'uss', 'economic', 'and', 'security', 'ties', ',', 'on', 'his', 'first', 'major', 'fore@@', 'ign', 'visi@@', 't', 'since', 'w@@', 'inn@@', 'ing', 'Ma@@', 'y', '&apos;s', 'elec@@', 'tion', '.']
2026-05-09 10:18:19,131 - DEBUG - joeynmt.training - 	Tokenized hypothesis: ['the', 'S@@', 'ec@@', 'urity', 'is', 'a', 'new', 'of', 'the', 'C@@', 'or@@', 'ro@@', 'r', ',', 'the', 'C@@', 'or@@', 'ro@@', 'r', ',', 'the', 'C@@', 'or@@', 'ro@@', 'r', ',', 'the', 'C@@', 'or@@', 'ro@@', 'r', ',', 'and', 'the', 'C@@', 'or@@', 'ro@@', 'r', ',', 'and', 'the', 'C@@', 'or@@', 'ro@@', 'r', ',', 'and', 'the', 're@@', 'ach@@', 'ing', 'of', 'the', 's@@', 'et@@', 'ting', 'of', 'the', 'C@@', 'ol@@', 'ol@@', 'ol@@', 'ol@@', 'ol@@', 'der', 'of', 'the', 'C@@', 'i@@', 'an', 'and', 'is', 'the', 're@@', 'lev@@', 'ant', 'of', 'the', 'C@@', 'or@@', 'ro@@', 'und@@', 'ation', 'of', 'the', 'C@@', 'i@@', 'i@@', 'r', '.', '</s>']
2026-05-09 10:18:19,131 - INFO - joeynmt.training - 	Source:     Indiens neuer Premierminister Narendra Modi trifft bei seinem ersten wichtigen Auslandsbesuch seit seinem Wahlsieg im Mai seinen japanischen Amtskollegen Shinzo Abe in Toko , um wirtschaftliche und sicherheitspolitische Beziehungen zu besprechen .
2026-05-09 10:18:19,131 - INFO - joeynmt.training - 	Reference:  India &apos;s new prime minister , Narendra Modi , is meeting his Japanese counterpart , Shinzo Abe , in Tokyo to discuss economic and security ties , on his first major foreign visit since winning May &apos;s election .
2026-05-09 10:18:19,131 - INFO - joeynmt.training - 	Hypothesis: the Security is a new of the Corror , the Corror , the Corror , the Corror , and the Corror , and the Corror , and the reaching of the setting of the Colololololder of the Cian and is the relevant of the Corroundation of the Ciir .
2026-05-09 10:18:19,131 - INFO - joeynmt.training - Example #2
2026-05-09 10:18:19,132 - DEBUG - joeynmt.training - 	Tokenized source:     ['Herr', 'Mo@@', 'd@@', 'i', 'befindet', 'sich', 'auf', 'einer', 'fü@@', 'n@@', 'f@@', 'tä@@', 'gi@@', 'gen', 'Rei@@', 'se', 'nach', 'J@@', 'ap@@', 'an', ',', 'um', 'die', 'wirtschaf@@', 'tlichen', 'Be@@', 'zieh@@', 'ungen', 'mit', 'der', 'd@@', 'rit@@', 't@@', 'größ@@', 'ten', 'Wirtschafts@@', 'n@@', 'ation', 'der', 'Welt', 'zu', 'fes@@', 'tigen', '.']
2026-05-09 10:18:19,132 - DEBUG - joeynmt.training - 	Tokenized reference:  ['Mr', 'Mo@@', 'd@@', 'i', 'is', 'on', 'a', 'fi@@', 've', '@@@', '-@@', '@', 'day', 'tri@@', 'p', 'to', 'J@@', 'ap@@', 'an', 'to', 'streng@@', 'then', 'economic', 'ties', 'with', 'the', 'third', 'lar@@', 'ges@@', 't', 'econom@@', 'y', 'in', 'the', 'world', '.']
2026-05-09 10:18:19,132 - DEBUG - joeynmt.training - 	Tokenized hypothesis: ['the', 'Commission', 'is', 'the', 'European', 'Union', ',', 'the', 'Commission', 'is', 'the', 'European', 'Union', ',', 'the', 'European', 'Union', ',', 'the', 'European', 'Union', ',', 'and', 'the', 'European', 'Union', ',', 'and', 'the', 'European', 'Union', '.', '</s>']
2026-05-09 10:18:19,132 - INFO - joeynmt.training - 	Source:     Herr Modi befindet sich auf einer fünftägigen Reise nach Japan , um die wirtschaftlichen Beziehungen mit der drittgrößten Wirtschaftsnation der Welt zu festigen .
2026-05-09 10:18:19,132 - INFO - joeynmt.training - 	Reference:  Mr Modi is on a five @-@ day trip to Japan to strengthen economic ties with the third largest economy in the world .
2026-05-09 10:18:19,132 - INFO - joeynmt.training - 	Hypothesis: the Commission is the European Union , the Commission is the European Union , the European Union , the European Union , and the European Union , and the European Union .
2026-05-09 10:18:19,132 - INFO - joeynmt.training - Example #3
2026-05-09 10:18:19,132 - DEBUG - joeynmt.training - 	Tokenized source:     ['P@@', 'län@@', 'e', 'für', 'eine', 'stärk@@', 'ere', 'k@@', 'ern@@', 'techn@@', 'ische', 'Zusammenarbeit', 'stehen', 'ganz', 'ob@@', 'en', 'auf', 'der', 'Tag@@', 'es@@', 'ordnung', '.']
2026-05-09 10:18:19,132 - DEBUG - joeynmt.training - 	Tokenized reference:  ['high', 'on', 'the', 'agen@@', 'da', 'are', 'pl@@', 'ans', 'for', 'gre@@', 'ater', 'nu@@', 'clear', 'c@@', 'o', '@@@', '-@@', '@', 'operation', '.']
2026-05-09 10:18:19,132 - DEBUG - joeynmt.training - 	Tokenized hypothesis: ['the', 'Commission', 'is', 'the', 'European', 'Union', 'to', 'be', 'able', 'to', 'be', 'able', 'to', 'be', 'able', 'to', 'be', 'able', '.', '</s>']
2026-05-09 10:18:19,132 - INFO - joeynmt.training - 	Source:     Pläne für eine stärkere kerntechnische Zusammenarbeit stehen ganz oben auf der Tagesordnung .
2026-05-09 10:18:19,132 - INFO - joeynmt.training - 	Reference:  high on the agenda are plans for greater nuclear co @-@ operation .
2026-05-09 10:18:19,132 - INFO - joeynmt.training - 	Hypothesis: the Commission is the European Union to be able to be able to be able to be able .
2026-05-09 10:18:19,132 - INFO - joeynmt.training - Example #4
2026-05-09 10:18:19,132 - DEBUG - joeynmt.training - 	Tokenized source:     ['Berich@@', 'ten', 'zu@@', 'fol@@', 'ge', 'ho@@', 'fft', 'Indi@@', 'en', 'darüber', 'hinaus', 'auf', 'einen', 'Ver@@', 'trag', 'zur', 'Ver@@', 'tei@@', 'dig@@', 'ungs@@', 'zusammen@@', 'arbeit', 'zwischen', 'den', 'beiden', 'N@@', 'ationen', '.']
2026-05-09 10:18:19,132 - DEBUG - joeynmt.training - 	Tokenized reference:  ['Indi@@', 'a', 'is', 'also', 're@@', 'porte@@', 'dly', 'hop@@', 'ing', 'for', 'a', 'de@@', 'al', 'on', 'def@@', 'ence', 'c@@', 'oll@@', 'ab@@', 'or@@', 'ation', 'between', 'the', 'two', 'n@@', 'ations', '.']
2026-05-09 10:18:19,132 - DEBUG - joeynmt.training - 	Tokenized hypothesis: ['the', 'Commission', 'is', 'the', 'European', 'Union', 'to', 'be', 'able', 'to', 'be', 'able', 'to', 'be', 'able', 'to', 'be', 'able', 'to', 'be', 'able', 'to', 'be', 'able', '.', '</s>']
2026-05-09 10:18:19,132 - INFO - joeynmt.training - 	Source:     Berichten zufolge hofft Indien darüber hinaus auf einen Vertrag zur Verteidigungszusammenarbeit zwischen den beiden Nationen .
2026-05-09 10:18:19,132 - INFO - joeynmt.training - 	Reference:  India is also reportedly hoping for a deal on defence collaboration between the two nations .
2026-05-09 10:18:19,132 - INFO - joeynmt.training - 	Hypothesis: the Commission is the European Union to be able to be able to be able to be able to be able to be able .
2026-05-09 10:18:32,262 - INFO - joeynmt.training - Epoch   1, Step:     2100, Batch Loss:     2.783717, Batch Acc: 0.243284, Tokens per Sec:     6969, Lr: 0.000300
2026-05-09 10:18:45,534 - INFO - joeynmt.training - Epoch   1, Step:     2200, Batch Loss:     2.816246, Batch Acc: 0.242951, Tokens per Sec:     6884, Lr: 0.000300
2026-05-09 10:18:58,820 - INFO - joeynmt.training - Epoch   1, Step:     2300, Batch Loss:     3.002879, Batch Acc: 0.247397, Tokens per Sec:     6868, Lr: 0.000300
2026-05-09 10:19:11,961 - INFO - joeynmt.training - Epoch   1, Step:     2400, Batch Loss:     2.887588, Batch Acc: 0.254788, Tokens per Sec:     6831, Lr: 0.000300
2026-05-09 10:19:25,276 - INFO - joeynmt.training - Epoch   1, Step:     2500, Batch Loss:     2.861893, Batch Acc: 0.255181, Tokens per Sec:     6763, Lr: 0.000300
2026-05-09 10:19:25,277 - INFO - joeynmt.prediction - Predicting 500 example(s)... (Greedy decoding with min_output_length=1, max_output_length=-1, return_prob='none', generate_unk=True, repetition_penalty=-1, no_repeat_ngram_size=-1)
2026-05-09 10:20:03,052 - INFO - joeynmt.prediction - Evaluation result (greedy) loss:   3.15, ppl:  23.25, acc:   0.20, generation: 37.7715[sec], evaluation: 0.0000[sec]
2026-05-09 10:20:03,054 - INFO - joeynmt.training - Hooray! New best validation result [ppl]!
2026-05-09 10:20:03,119 - INFO - joeynmt.training - Example #0
2026-05-09 10:20:03,119 - DEBUG - joeynmt.training - 	Tokenized source:     ['die', 'Pre@@', 'mi@@', 'er@@', 'minist@@', 'er', 'Indi@@', 'ens', 'und', 'J@@', 'ap@@', 'ans', 'tra@@', 'fen', 'sich', 'in', 'T@@', 'ok@@', 'i@@', 'o', '.']
2026-05-09 10:20:03,119 - DEBUG - joeynmt.training - 	Tokenized reference:  ['Indi@@', 'a', 'and', 'J@@', 'ap@@', 'an', 'pri@@', 'me', 'minist@@', 'ers', 'me@@', 'et', 'in', 'T@@', 'ok@@', 'y@@', 'o']
2026-05-09 10:20:03,119 - DEBUG - joeynmt.training - 	Tokenized hypothesis: ['the', 'C@@', 'ol@@', 'and', 'is', 'a', 're@@', 'staurant', 'and', 'the', 'hotel', 'is', 'a', 'great', 'de@@', 'al', '.', '</s>']
2026-05-09 10:20:03,119 - INFO - joeynmt.training - 	Source:     die Premierminister Indiens und Japans trafen sich in Tokio .
2026-05-09 10:20:03,119 - INFO - joeynmt.training - 	Reference:  India and Japan prime ministers meet in Tokyo
2026-05-09 10:20:03,119 - INFO - joeynmt.training - 	Hypothesis: the Coland is a restaurant and the hotel is a great deal .
2026-05-09 10:20:03,119 - INFO - joeynmt.training - Example #1
2026-05-09 10:20:03,119 - DEBUG - joeynmt.training - 	Tokenized source:     ['Indi@@', 'ens', 'neu@@', 'er', 'Pre@@', 'mi@@', 'er@@', 'minist@@', 'er', 'N@@', 'ar@@', 'end@@', 'ra', 'Mo@@', 'd@@', 'i', 'tri@@', 'fft', 'bei', 's@@', 'einem', 'ersten', 'wichti@@', 'gen', 'Aus@@', 'land@@', 's@@', 'bes@@', 'u@@', 'ch', 'seit', 's@@', 'einem', 'W@@', 'ah@@', 'l@@', 'si@@', 'e@@', 'g', 'im', 'Ma@@', 'i', 'seinen', 'j@@', 'ap@@', 'an@@', 'ischen', 'Am@@', 'ts@@', 'k@@', 'olle@@', 'gen', 'S@@', 'hin@@', 'z@@', 'o', 'A@@', 'be', 'in', 'T@@', 'ok@@', 'o', ',', 'um', 'wirtschaf@@', 'tliche', 'und', 'sicher@@', 'heits@@', 'politische', 'Be@@', 'zieh@@', 'ungen', 'zu', 'bes@@', 'pre@@', 'chen', '.']
2026-05-09 10:20:03,119 - DEBUG - joeynmt.training - 	Tokenized reference:  ['Indi@@', 'a', '&apos;s', 'new', 'pri@@', 'me', 'minist@@', 'er', ',', 'N@@', 'ar@@', 'end@@', 'ra', 'Mo@@', 'd@@', 'i', ',', 'is', 'me@@', 'eting', 'his', 'J@@', 'ap@@', 'an@@', 'ese', 'coun@@', 'ter@@', 'part', ',', 'S@@', 'hin@@', 'z@@', 'o', 'A@@', 'be', ',', 'in', 'T@@', 'ok@@', 'y@@', 'o', 'to', 'disc@@', 'uss', 'economic', 'and', 'security', 'ties', ',', 'on', 'his', 'first', 'major', 'fore@@', 'ign', 'visi@@', 't', 'since', 'w@@', 'inn@@', 'ing', 'Ma@@', 'y', '&apos;s', 'elec@@', 'tion', '.']
2026-05-09 10:20:03,119 - DEBUG - joeynmt.training - 	Tokenized hypothesis: ['the', 'hotel', 'is', 'a', 'great', 'de@@', 'al', 'of', 'the', 'C@@', 'an@@', 'a', ',', 'the', 'C@@', 'an@@', 'a', ',', 'the', 'C@@', 'or@@', 'e', 'of', 'the', 'C@@', 'or@@', 'd', ',', 'the', 'C@@', 'or@@', 'd', ',', 'the', 'most', 'of', 'the', 'C@@', 'an@@', 'a', ',', 'the', 'C@@', 'or@@', 'd', 'of', 'the', 'C@@', 'an@@', 'a', ',', 'the', 'most', 'important', 'of', 'the', 'C@@', 'our@@', 't', 'of', 'the', 'C@@', 'an@@', 'an@@', 'an@@', 'an@@', 'di@@', 'o', ',', 'the', 'most', 'of', 'the', 'most', 'of', 'the', 'most', 'important', '.', '</s>']
2026-05-09 10:20:03,119 - INFO - joeynmt.training - 	Source:     Indiens neuer Premierminister Narendra Modi trifft bei seinem ersten wichtigen Auslandsbesuch seit seinem Wahlsieg im Mai seinen japanischen Amtskollegen Shinzo Abe in Toko , um wirtschaftliche und sicherheitspolitische Beziehungen zu besprechen .
2026-05-09 10:20:03,119 - INFO - joeynmt.training - 	Reference:  India &apos;s new prime minister , Narendra Modi , is meeting his Japanese counterpart , Shinzo Abe , in Tokyo to discuss economic and security ties , on his first major foreign visit since winning May &apos;s election .
2026-05-09 10:20:03,119 - INFO - joeynmt.training - 	Hypothesis: the hotel is a great deal of the Cana , the Cana , the Core of the Cord , the Cord , the most of the Cana , the Cord of the Cana , the most important of the Court of the Canananandio , the most of the most of the most important .
2026-05-09 10:20:03,119 - INFO - joeynmt.training - Example #2
2026-05-09 10:20:03,119 - DEBUG - joeynmt.training - 	Tokenized source:     ['Herr', 'Mo@@', 'd@@', 'i', 'befindet', 'sich', 'auf', 'einer', 'fü@@', 'n@@', 'f@@', 'tä@@', 'gi@@', 'gen', 'Rei@@', 'se', 'nach', 'J@@', 'ap@@', 'an', ',', 'um', 'die', 'wirtschaf@@', 'tlichen', 'Be@@', 'zieh@@', 'ungen', 'mit', 'der', 'd@@', 'rit@@', 't@@', 'größ@@', 'ten', 'Wirtschafts@@', 'n@@', 'ation', 'der', 'Welt', 'zu', 'fes@@', 'tigen', '.']
2026-05-09 10:20:03,119 - DEBUG - joeynmt.training - 	Tokenized reference:  ['Mr', 'Mo@@', 'd@@', 'i', 'is', 'on', 'a', 'fi@@', 've', '@@@', '-@@', '@', 'day', 'tri@@', 'p', 'to', 'J@@', 'ap@@', 'an', 'to', 'streng@@', 'then', 'economic', 'ties', 'with', 'the', 'third', 'lar@@', 'ges@@', 't', 'econom@@', 'y', 'in', 'the', 'world', '.']
2026-05-09 10:20:03,119 - DEBUG - joeynmt.training - 	Tokenized hypothesis: ['Mr', 'President', ',', 'the', 'first', 'time', ',', 'the', 'most', 'of', 'the', 'most', 'of', 'the', 'most', 'important', 'of', 'the', 'European', 'Union', ',', 'the', 'most', 'important', 'of', 'the', 'European', 'Union', ',', 'the', 'most', 'important', 'of', 'the', 'European', 'Union', '.', '</s>']
2026-05-09 10:20:03,119 - INFO - joeynmt.training - 	Source:     Herr Modi befindet sich auf einer fünftägigen Reise nach Japan , um die wirtschaftlichen Beziehungen mit der drittgrößten Wirtschaftsnation der Welt zu festigen .
2026-05-09 10:20:03,119 - INFO - joeynmt.training - 	Reference:  Mr Modi is on a five @-@ day trip to Japan to strengthen economic ties with the third largest economy in the world .
2026-05-09 10:20:03,119 - INFO - joeynmt.training - 	Hypothesis: Mr President , the first time , the most of the most of the most important of the European Union , the most important of the European Union , the most important of the European Union .
2026-05-09 10:20:03,119 - INFO - joeynmt.training - Example #3
2026-05-09 10:20:03,119 - DEBUG - joeynmt.training - 	Tokenized source:     ['P@@', 'län@@', 'e', 'für', 'eine', 'stärk@@', 'ere', 'k@@', 'ern@@', 'techn@@', 'ische', 'Zusammenarbeit', 'stehen', 'ganz', 'ob@@', 'en', 'auf', 'der', 'Tag@@', 'es@@', 'ordnung', '.']
2026-05-09 10:20:03,119 - DEBUG - joeynmt.training - 	Tokenized reference:  ['high', 'on', 'the', 'agen@@', 'da', 'are', 'pl@@', 'ans', 'for', 'gre@@', 'ater', 'nu@@', 'clear', 'c@@', 'o', '@@@', '-@@', '@', 'operation', '.']
2026-05-09 10:20:03,119 - DEBUG - joeynmt.training - 	Tokenized hypothesis: ['the', 'C@@', 'ol@@', 'ol@@', 'ol@@', 'er@@', 'y', 'is', 'a', 'great', 'de@@', 'al', 'of', 'the', 'European', 'Union', '.', '</s>']
2026-05-09 10:20:03,120 - INFO - joeynmt.training - 	Source:     Pläne für eine stärkere kerntechnische Zusammenarbeit stehen ganz oben auf der Tagesordnung .
2026-05-09 10:20:03,120 - INFO - joeynmt.training - 	Reference:  high on the agenda are plans for greater nuclear co @-@ operation .
2026-05-09 10:20:03,120 - INFO - joeynmt.training - 	Hypothesis: the Colololery is a great deal of the European Union .
2026-05-09 10:20:03,120 - INFO - joeynmt.training - Example #4
2026-05-09 10:20:03,120 - DEBUG - joeynmt.training - 	Tokenized source:     ['Berich@@', 'ten', 'zu@@', 'fol@@', 'ge', 'ho@@', 'fft', 'Indi@@', 'en', 'darüber', 'hinaus', 'auf', 'einen', 'Ver@@', 'trag', 'zur', 'Ver@@', 'tei@@', 'dig@@', 'ungs@@', 'zusammen@@', 'arbeit', 'zwischen', 'den', 'beiden', 'N@@', 'ationen', '.']
2026-05-09 10:20:03,120 - DEBUG - joeynmt.training - 	Tokenized reference:  ['Indi@@', 'a', 'is', 'also', 're@@', 'porte@@', 'dly', 'hop@@', 'ing', 'for', 'a', 'de@@', 'al', 'on', 'def@@', 'ence', 'c@@', 'oll@@', 'ab@@', 'or@@', 'ation', 'between', 'the', 'two', 'n@@', 'ations', '.']
2026-05-09 10:20:03,120 - DEBUG - joeynmt.training - 	Tokenized hypothesis: ['in', 'the', 'European', 'Union', ',', 'the', 'Commission', 'has', 'been', 're@@', 'lev@@', 'ant', 'to', 'the', 'European', 'Union', ',', 'the', 'Commission', 'has', 'been', 're@@', 'lev@@', 'ant', '.', '</s>']
2026-05-09 10:20:03,120 - INFO - joeynmt.training - 	Source:     Berichten zufolge hofft Indien darüber hinaus auf einen Vertrag zur Verteidigungszusammenarbeit zwischen den beiden Nationen .
2026-05-09 10:20:03,120 - INFO - joeynmt.training - 	Reference:  India is also reportedly hoping for a deal on defence collaboration between the two nations .
2026-05-09 10:20:03,120 - INFO - joeynmt.training - 	Hypothesis: in the European Union , the Commission has been relevant to the European Union , the Commission has been relevant .
2026-05-09 10:20:16,630 - INFO - joeynmt.training - Epoch   1, Step:     2600, Batch Loss:     2.733185, Batch Acc: 0.261351, Tokens per Sec:     6808, Lr: 0.000300
2026-05-09 10:20:30,376 - INFO - joeynmt.training - Epoch   1, Step:     2700, Batch Loss:     2.782995, Batch Acc: 0.259958, Tokens per Sec:     6723, Lr: 0.000300
2026-05-09 10:20:43,805 - INFO - joeynmt.training - Epoch   1, Step:     2800, Batch Loss:     2.795169, Batch Acc: 0.262031, Tokens per Sec:     6849, Lr: 0.000300
2026-05-09 10:20:57,295 - INFO - joeynmt.training - Epoch   1, Step:     2900, Batch Loss:     2.786926, Batch Acc: 0.267495, Tokens per Sec:     6769, Lr: 0.000300
2026-05-09 10:21:10,790 - INFO - joeynmt.training - Epoch   1, Step:     3000, Batch Loss:     2.675476, Batch Acc: 0.268878, Tokens per Sec:     6828, Lr: 0.000300
2026-05-09 10:21:10,791 - INFO - joeynmt.prediction - Predicting 500 example(s)... (Greedy decoding with min_output_length=1, max_output_length=-1, return_prob='none', generate_unk=True, repetition_penalty=-1, no_repeat_ngram_size=-1)
2026-05-09 10:21:52,173 - INFO - joeynmt.prediction - Evaluation result (greedy) loss:   3.09, ppl:  22.07, acc:   0.21, generation: 41.3792[sec], evaluation: 0.0000[sec]
2026-05-09 10:21:52,176 - INFO - joeynmt.training - Hooray! New best validation result [ppl]!
2026-05-09 10:21:52,247 - INFO - joeynmt.helpers - delete models/deen_transformer_post/500.ckpt
2026-05-09 10:21:52,251 - INFO - joeynmt.training - Example #0
2026-05-09 10:21:52,251 - DEBUG - joeynmt.training - 	Tokenized source:     ['die', 'Pre@@', 'mi@@', 'er@@', 'minist@@', 'er', 'Indi@@', 'ens', 'und', 'J@@', 'ap@@', 'ans', 'tra@@', 'fen', 'sich', 'in', 'T@@', 'ok@@', 'i@@', 'o', '.']
2026-05-09 10:21:52,251 - DEBUG - joeynmt.training - 	Tokenized reference:  ['Indi@@', 'a', 'and', 'J@@', 'ap@@', 'an', 'pri@@', 'me', 'minist@@', 'ers', 'me@@', 'et', 'in', 'T@@', 'ok@@', 'y@@', 'o']
2026-05-09 10:21:52,251 - DEBUG - joeynmt.training - 	Tokenized hypothesis: ['the', 'hotel', 'is', 'a', 'very', 'good', 'and', 'the', 'C@@', 'or@@', 'e', 'of', 'the', 'C@@', 'or@@', 'e', 'of', 'the', 'C@@', 'or@@', 'e', '.', '</s>']
2026-05-09 10:21:52,251 - INFO - joeynmt.training - 	Source:     die Premierminister Indiens und Japans trafen sich in Tokio .
2026-05-09 10:21:52,251 - INFO - joeynmt.training - 	Reference:  India and Japan prime ministers meet in Tokyo
2026-05-09 10:21:52,251 - INFO - joeynmt.training - 	Hypothesis: the hotel is a very good and the Core of the Core of the Core .
2026-05-09 10:21:52,251 - INFO - joeynmt.training - Example #1
2026-05-09 10:21:52,251 - DEBUG - joeynmt.training - 	Tokenized source:     ['Indi@@', 'ens', 'neu@@', 'er', 'Pre@@', 'mi@@', 'er@@', 'minist@@', 'er', 'N@@', 'ar@@', 'end@@', 'ra', 'Mo@@', 'd@@', 'i', 'tri@@', 'fft', 'bei', 's@@', 'einem', 'ersten', 'wichti@@', 'gen', 'Aus@@', 'land@@', 's@@', 'bes@@', 'u@@', 'ch', 'seit', 's@@', 'einem', 'W@@', 'ah@@', 'l@@', 'si@@', 'e@@', 'g', 'im', 'Ma@@', 'i', 'seinen', 'j@@', 'ap@@', 'an@@', 'ischen', 'Am@@', 'ts@@', 'k@@', 'olle@@', 'gen', 'S@@', 'hin@@', 'z@@', 'o', 'A@@', 'be', 'in', 'T@@', 'ok@@', 'o', ',', 'um', 'wirtschaf@@', 'tliche', 'und', 'sicher@@', 'heits@@', 'politische', 'Be@@', 'zieh@@', 'ungen', 'zu', 'bes@@', 'pre@@', 'chen', '.']
2026-05-09 10:21:52,251 - DEBUG - joeynmt.training - 	Tokenized reference:  ['Indi@@', 'a', '&apos;s', 'new', 'pri@@', 'me', 'minist@@', 'er', ',', 'N@@', 'ar@@', 'end@@', 'ra', 'Mo@@', 'd@@', 'i', ',', 'is', 'me@@', 'eting', 'his', 'J@@', 'ap@@', 'an@@', 'ese', 'coun@@', 'ter@@', 'part', ',', 'S@@', 'hin@@', 'z@@', 'o', 'A@@', 'be', ',', 'in', 'T@@', 'ok@@', 'y@@', 'o', 'to', 'disc@@', 'uss', 'economic', 'and', 'security', 'ties', ',', 'on', 'his', 'first', 'major', 'fore@@', 'ign', 'visi@@', 't', 'since', 'w@@', 'inn@@', 'ing', 'Ma@@', 'y', '&apos;s', 'elec@@', 'tion', '.']
2026-05-09 10:21:52,251 - DEBUG - joeynmt.training - 	Tokenized hypothesis: ['the', 'most', 'of', 'the', 'C@@', 'or@@', 'e', 'of', 'the', 'C@@', 'or@@', 'e', 'of', 'the', 'C@@', 'or@@', 'e', 'of', 'the', 'C@@', 'or@@', 'e', 'of', 'the', 'C@@', 'or@@', 'e', 'of', 'the', 'C@@', 'ro@@', 'ad', ',', 'the', 'p@@', 'ast', ',', 'the', 'p@@', 'ast', ',', 'the', 're@@', 'staurant', 'of', 'the', 'C@@', 'our@@', 't', 'of', 'the', 'C@@', 'our@@', 't', 'of', 'the', 'C@@', 'our@@', 't', 'of', 'the', 'C@@', 'our@@', 't', 'of', 'the', 'C@@', 'our@@', 't', 'of', 'the', 'C@@', 'or@@', 'e', 'of', 'the', 'C@@', 'our@@', 't', 'of', 'the', 'C@@', 'ol@@', 'a', '&apos;s', '&apos;s', 'the', 'C@@', 'hi@@', 'st@@', 'ory', 'of', 'the', 'C@@', 'our@@', 'n@@', 'or', 'the', 'C@@', 'our@@', 'n@@', 'a', '&apos;s', '&apos;s', '&apos;s', '&apos;s', '&apos;s', '&apos;s', '&apos;s', '&apos;s', '&apos;s', '&apos;s', '&apos;s', '&apos;s', '&apos;s', '&apos;s', '&apos;s', '&apos;s', '&apos;s', '&apos;s', '&apos;s', '&apos;s', '&apos;s', '&apos;s', '&apos;s', '&apos;s', '&apos;s', '&apos;s', '&apos;s', '&apos;s', '&apos;s', '&apos;s', '&apos;s', '&apos;s', '&apos;s', '&apos;s', '&apos;s', '&apos;s']
2026-05-09 10:21:52,251 - INFO - joeynmt.training - 	Source:     Indiens neuer Premierminister Narendra Modi trifft bei seinem ersten wichtigen Auslandsbesuch seit seinem Wahlsieg im Mai seinen japanischen Amtskollegen Shinzo Abe in Toko , um wirtschaftliche und sicherheitspolitische Beziehungen zu besprechen .
2026-05-09 10:21:52,251 - INFO - joeynmt.training - 	Reference:  India &apos;s new prime minister , Narendra Modi , is meeting his Japanese counterpart , Shinzo Abe , in Tokyo to discuss economic and security ties , on his first major foreign visit since winning May &apos;s election .
2026-05-09 10:21:52,251 - INFO - joeynmt.training - 	Hypothesis: the most of the Core of the Core of the Core of the Core of the Core of the Croad , the past , the past , the restaurant of the Court of the Court of the Court of the Court of the Court of the Core of the Court of the Cola &apos;s &apos;s the Chistory of the Cournor the Courna &apos;s &apos;s &apos;s &apos;s &apos;s &apos;s &apos;s &apos;s &apos;s &apos;s &apos;s &apos;s &apos;s &apos;s &apos;s &apos;s &apos;s &apos;s &apos;s &apos;s &apos;s &apos;s &apos;s &apos;s &apos;s &apos;s &apos;s &apos;s &apos;s &apos;s &apos;s &apos;s &apos;s &apos;s &apos;s &apos;s
2026-05-09 10:21:52,251 - INFO - joeynmt.training - Example #2
2026-05-09 10:21:52,251 - DEBUG - joeynmt.training - 	Tokenized source:     ['Herr', 'Mo@@', 'd@@', 'i', 'befindet', 'sich', 'auf', 'einer', 'fü@@', 'n@@', 'f@@', 'tä@@', 'gi@@', 'gen', 'Rei@@', 'se', 'nach', 'J@@', 'ap@@', 'an', ',', 'um', 'die', 'wirtschaf@@', 'tlichen', 'Be@@', 'zieh@@', 'ungen', 'mit', 'der', 'd@@', 'rit@@', 't@@', 'größ@@', 'ten', 'Wirtschafts@@', 'n@@', 'ation', 'der', 'Welt', 'zu', 'fes@@', 'tigen', '.']
2026-05-09 10:21:52,251 - DEBUG - joeynmt.training - 	Tokenized reference:  ['Mr', 'Mo@@', 'd@@', 'i', 'is', 'on', 'a', 'fi@@', 've', '@@@', '-@@', '@', 'day', 'tri@@', 'p', 'to', 'J@@', 'ap@@', 'an', 'to', 'streng@@', 'then', 'economic', 'ties', 'with', 'the', 'third', 'lar@@', 'ges@@', 't', 'econom@@', 'y', 'in', 'the', 'world', '.']
2026-05-09 10:21:52,251 - DEBUG - joeynmt.training - 	Tokenized hypothesis: ['Mr', 'President', ',', 'the', 'first', 'of', 'the', 'C@@', 'or@@', 'e', 'of', 'the', 'C@@', 'or@@', 'e', 'of', 'the', 'C@@', 'our@@', 't', 'of', 'the', 'European', 'Union', ',', 'the', 'European', 'Union', ',', 'the', 'European', 'Union', ',', 'the', 'European', 'Union', ',', 'the', 'European', 'Union', '&apos;s', 're@@', 'staurant', '.', '</s>']
2026-05-09 10:21:52,252 - INFO - joeynmt.training - 	Source:     Herr Modi befindet sich auf einer fünftägigen Reise nach Japan , um die wirtschaftlichen Beziehungen mit der drittgrößten Wirtschaftsnation der Welt zu festigen .
2026-05-09 10:21:52,252 - INFO - joeynmt.training - 	Reference:  Mr Modi is on a five @-@ day trip to Japan to strengthen economic ties with the third largest economy in the world .
2026-05-09 10:21:52,252 - INFO - joeynmt.training - 	Hypothesis: Mr President , the first of the Core of the Core of the Court of the European Union , the European Union , the European Union , the European Union , the European Union &apos;s restaurant .
2026-05-09 10:21:52,252 - INFO - joeynmt.training - Example #3
2026-05-09 10:21:52,252 - DEBUG - joeynmt.training - 	Tokenized source:     ['P@@', 'län@@', 'e', 'für', 'eine', 'stärk@@', 'ere', 'k@@', 'ern@@', 'techn@@', 'ische', 'Zusammenarbeit', 'stehen', 'ganz', 'ob@@', 'en', 'auf', 'der', 'Tag@@', 'es@@', 'ordnung', '.']
2026-05-09 10:21:52,252 - DEBUG - joeynmt.training - 	Tokenized reference:  ['high', 'on', 'the', 'agen@@', 'da', 'are', 'pl@@', 'ans', 'for', 'gre@@', 'ater', 'nu@@', 'clear', 'c@@', 'o', '@@@', '-@@', '@', 'operation', '.']
2026-05-09 10:21:52,252 - DEBUG - joeynmt.training - 	Tokenized hypothesis: ['the', 're@@', 'st', 'of', 'the', 'EU', 'is', 'not', 'a', 'good', 'way', '.', '</s>']
2026-05-09 10:21:52,252 - INFO - joeynmt.training - 	Source:     Pläne für eine stärkere kerntechnische Zusammenarbeit stehen ganz oben auf der Tagesordnung .
2026-05-09 10:21:52,252 - INFO - joeynmt.training - 	Reference:  high on the agenda are plans for greater nuclear co @-@ operation .
2026-05-09 10:21:52,252 - INFO - joeynmt.training - 	Hypothesis: the rest of the EU is not a good way .
2026-05-09 10:21:52,252 - INFO - joeynmt.training - Example #4
2026-05-09 10:21:52,252 - DEBUG - joeynmt.training - 	Tokenized source:     ['Berich@@', 'ten', 'zu@@', 'fol@@', 'ge', 'ho@@', 'fft', 'Indi@@', 'en', 'darüber', 'hinaus', 'auf', 'einen', 'Ver@@', 'trag', 'zur', 'Ver@@', 'tei@@', 'dig@@', 'ungs@@', 'zusammen@@', 'arbeit', 'zwischen', 'den', 'beiden', 'N@@', 'ationen', '.']
2026-05-09 10:21:52,252 - DEBUG - joeynmt.training - 	Tokenized reference:  ['Indi@@', 'a', 'is', 'also', 're@@', 'porte@@', 'dly', 'hop@@', 'ing', 'for', 'a', 'de@@', 'al', 'on', 'def@@', 'ence', 'c@@', 'oll@@', 'ab@@', 'or@@', 'ation', 'between', 'the', 'two', 'n@@', 'ations', '.']
2026-05-09 10:21:52,252 - DEBUG - joeynmt.training - 	Tokenized hypothesis: ['the', 'Commission', 'has', 'been', 'a', 're@@', 'fer@@', 'red', 'of', 'the', 'European', 'Union', '&apos;s', 'pro@@', 'gress', 'in', 'the', 'European', 'Union', '.', '</s>']
2026-05-09 10:21:52,252 - INFO - joeynmt.training - 	Source:     Berichten zufolge hofft Indien darüber hinaus auf einen Vertrag zur Verteidigungszusammenarbeit zwischen den beiden Nationen .
2026-05-09 10:21:52,252 - INFO - joeynmt.training - 	Reference:  India is also reportedly hoping for a deal on defence collaboration between the two nations .
2026-05-09 10:21:52,252 - INFO - joeynmt.training - 	Hypothesis: the Commission has been a referred of the European Union &apos;s progress in the European Union .
2026-05-09 10:22:05,834 - INFO - joeynmt.training - Epoch   1, Step:     3100, Batch Loss:     2.710418, Batch Acc: 0.274239, Tokens per Sec:     6804, Lr: 0.000300
2026-05-09 10:22:19,342 - INFO - joeynmt.training - Epoch   1, Step:     3200, Batch Loss:     2.609526, Batch Acc: 0.276124, Tokens per Sec:     6743, Lr: 0.000300
2026-05-09 10:22:33,077 - INFO - joeynmt.training - Epoch   1, Step:     3300, Batch Loss:     2.688010, Batch Acc: 0.280171, Tokens per Sec:     6644, Lr: 0.000300
2026-05-09 10:22:46,831 - INFO - joeynmt.training - Epoch   1, Step:     3400, Batch Loss:     2.564366, Batch Acc: 0.282357, Tokens per Sec:     6757, Lr: 0.000300
2026-05-09 10:23:00,635 - INFO - joeynmt.training - Epoch   1, Step:     3500, Batch Loss:     2.556382, Batch Acc: 0.278316, Tokens per Sec:     6645, Lr: 0.000300
2026-05-09 10:23:00,636 - INFO - joeynmt.prediction - Predicting 500 example(s)... (Greedy decoding with min_output_length=1, max_output_length=-1, return_prob='none', generate_unk=True, repetition_penalty=-1, no_repeat_ngram_size=-1)
2026-05-09 10:23:25,841 - INFO - joeynmt.prediction - Evaluation result (greedy) loss:   3.06, ppl:  21.26, acc:   0.22, generation: 25.2023[sec], evaluation: 0.0000[sec]
2026-05-09 10:23:25,843 - INFO - joeynmt.training - Hooray! New best validation result [ppl]!
2026-05-09 10:23:25,909 - INFO - joeynmt.helpers - delete models/deen_transformer_post/1000.ckpt
2026-05-09 10:23:25,910 - INFO - joeynmt.training - Example #0
2026-05-09 10:23:25,910 - DEBUG - joeynmt.training - 	Tokenized source:     ['die', 'Pre@@', 'mi@@', 'er@@', 'minist@@', 'er', 'Indi@@', 'ens', 'und', 'J@@', 'ap@@', 'ans', 'tra@@', 'fen', 'sich', 'in', 'T@@', 'ok@@', 'i@@', 'o', '.']
2026-05-09 10:23:25,910 - DEBUG - joeynmt.training - 	Tokenized reference:  ['Indi@@', 'a', 'and', 'J@@', 'ap@@', 'an', 'pri@@', 'me', 'minist@@', 'ers', 'me@@', 'et', 'in', 'T@@', 'ok@@', 'y@@', 'o']
2026-05-09 10:23:25,910 - DEBUG - joeynmt.training - 	Tokenized hypothesis: ['the', 'C@@', 'our@@', 't', 'of', 'the', 'C@@', 'an@@', 'a', 'and', 'the', 'C@@', 'as@@', 'in@@', 'o', '.', '</s>']
2026-05-09 10:23:25,910 - INFO - joeynmt.training - 	Source:     die Premierminister Indiens und Japans trafen sich in Tokio .
2026-05-09 10:23:25,910 - INFO - joeynmt.training - 	Reference:  India and Japan prime ministers meet in Tokyo
2026-05-09 10:23:25,910 - INFO - joeynmt.training - 	Hypothesis: the Court of the Cana and the Casino .
2026-05-09 10:23:25,910 - INFO - joeynmt.training - Example #1
2026-05-09 10:23:25,910 - DEBUG - joeynmt.training - 	Tokenized source:     ['Indi@@', 'ens', 'neu@@', 'er', 'Pre@@', 'mi@@', 'er@@', 'minist@@', 'er', 'N@@', 'ar@@', 'end@@', 'ra', 'Mo@@', 'd@@', 'i', 'tri@@', 'fft', 'bei', 's@@', 'einem', 'ersten', 'wichti@@', 'gen', 'Aus@@', 'land@@', 's@@', 'bes@@', 'u@@', 'ch', 'seit', 's@@', 'einem', 'W@@', 'ah@@', 'l@@', 'si@@', 'e@@', 'g', 'im', 'Ma@@', 'i', 'seinen', 'j@@', 'ap@@', 'an@@', 'ischen', 'Am@@', 'ts@@', 'k@@', 'olle@@', 'gen', 'S@@', 'hin@@', 'z@@', 'o', 'A@@', 'be', 'in', 'T@@', 'ok@@', 'o', ',', 'um', 'wirtschaf@@', 'tliche', 'und', 'sicher@@', 'heits@@', 'politische', 'Be@@', 'zieh@@', 'ungen', 'zu', 'bes@@', 'pre@@', 'chen', '.']
2026-05-09 10:23:25,910 - DEBUG - joeynmt.training - 	Tokenized reference:  ['Indi@@', 'a', '&apos;s', 'new', 'pri@@', 'me', 'minist@@', 'er', ',', 'N@@', 'ar@@', 'end@@', 'ra', 'Mo@@', 'd@@', 'i', ',', 'is', 'me@@', 'eting', 'his', 'J@@', 'ap@@', 'an@@', 'ese', 'coun@@', 'ter@@', 'part', ',', 'S@@', 'hin@@', 'z@@', 'o', 'A@@', 'be', ',', 'in', 'T@@', 'ok@@', 'y@@', 'o', 'to', 'disc@@', 'uss', 'economic', 'and', 'security', 'ties', ',', 'on', 'his', 'first', 'major', 'fore@@', 'ign', 'visi@@', 't', 'since', 'w@@', 'inn@@', 'ing', 'Ma@@', 'y', '&apos;s', 'elec@@', 'tion', '.']
2026-05-09 10:23:25,910 - DEBUG - joeynmt.training - 	Tokenized hypothesis: ['the', 'first', 'of', 'the', 're@@', 'st', 'of', 'the', 'C@@', 'an@@', 'a', ',', 'the', 'first', 'of', 'the', 'first', 'time', ',', 'the', 'first', 'of', 'the', 'first', 'time', 'of', 'the', 'European', 'Union', ',', 'which', 'is', 'a', 'very', 'important', 'of', 'the', 'European', 'Union', ',', 'which', 'is', 'the', 'most', 'important', 'of', 'the', 'European', 'Union', 'and', 'the', 'European', 'Union', '.', '</s>']
2026-05-09 10:23:25,911 - INFO - joeynmt.training - 	Source:     Indiens neuer Premierminister Narendra Modi trifft bei seinem ersten wichtigen Auslandsbesuch seit seinem Wahlsieg im Mai seinen japanischen Amtskollegen Shinzo Abe in Toko , um wirtschaftliche und sicherheitspolitische Beziehungen zu besprechen .
2026-05-09 10:23:25,911 - INFO - joeynmt.training - 	Reference:  India &apos;s new prime minister , Narendra Modi , is meeting his Japanese counterpart , Shinzo Abe , in Tokyo to discuss economic and security ties , on his first major foreign visit since winning May &apos;s election .
2026-05-09 10:23:25,911 - INFO - joeynmt.training - 	Hypothesis: the first of the rest of the Cana , the first of the first time , the first of the first time of the European Union , which is a very important of the European Union , which is the most important of the European Union and the European Union .
2026-05-09 10:23:25,911 - INFO - joeynmt.training - Example #2
2026-05-09 10:23:25,911 - DEBUG - joeynmt.training - 	Tokenized source:     ['Herr', 'Mo@@', 'd@@', 'i', 'befindet', 'sich', 'auf', 'einer', 'fü@@', 'n@@', 'f@@', 'tä@@', 'gi@@', 'gen', 'Rei@@', 'se', 'nach', 'J@@', 'ap@@', 'an', ',', 'um', 'die', 'wirtschaf@@', 'tlichen', 'Be@@', 'zieh@@', 'ungen', 'mit', 'der', 'd@@', 'rit@@', 't@@', 'größ@@', 'ten', 'Wirtschafts@@', 'n@@', 'ation', 'der', 'Welt', 'zu', 'fes@@', 'tigen', '.']
2026-05-09 10:23:25,911 - DEBUG - joeynmt.training - 	Tokenized reference:  ['Mr', 'Mo@@', 'd@@', 'i', 'is', 'on', 'a', 'fi@@', 've', '@@@', '-@@', '@', 'day', 'tri@@', 'p', 'to', 'J@@', 'ap@@', 'an', 'to', 'streng@@', 'then', 'economic', 'ties', 'with', 'the', 'third', 'lar@@', 'ges@@', 't', 'econom@@', 'y', 'in', 'the', 'world', '.']
2026-05-09 10:23:25,911 - DEBUG - joeynmt.training - 	Tokenized hypothesis: ['Mr', 'President', ',', 'the', 'European', 'Union', 'is', 'a', 'very', 'important', 'of', 'the', 'European', 'Union', '&apos;s', 'own', 're@@', 'ali@@', 'sed', 'in', 'the', 'European', 'Union', '.', '</s>']
2026-05-09 10:23:25,911 - INFO - joeynmt.training - 	Source:     Herr Modi befindet sich auf einer fünftägigen Reise nach Japan , um die wirtschaftlichen Beziehungen mit der drittgrößten Wirtschaftsnation der Welt zu festigen .
2026-05-09 10:23:25,911 - INFO - joeynmt.training - 	Reference:  Mr Modi is on a five @-@ day trip to Japan to strengthen economic ties with the third largest economy in the world .
2026-05-09 10:23:25,911 - INFO - joeynmt.training - 	Hypothesis: Mr President , the European Union is a very important of the European Union &apos;s own realised in the European Union .
2026-05-09 10:23:25,911 - INFO - joeynmt.training - Example #3
2026-05-09 10:23:25,911 - DEBUG - joeynmt.training - 	Tokenized source:     ['P@@', 'län@@', 'e', 'für', 'eine', 'stärk@@', 'ere', 'k@@', 'ern@@', 'techn@@', 'ische', 'Zusammenarbeit', 'stehen', 'ganz', 'ob@@', 'en', 'auf', 'der', 'Tag@@', 'es@@', 'ordnung', '.']
2026-05-09 10:23:25,911 - DEBUG - joeynmt.training - 	Tokenized reference:  ['high', 'on', 'the', 'agen@@', 'da', 'are', 'pl@@', 'ans', 'for', 'gre@@', 'ater', 'nu@@', 'clear', 'c@@', 'o', '@@@', '-@@', '@', 'operation', '.']
2026-05-09 10:23:25,911 - DEBUG - joeynmt.training - 	Tokenized hypothesis: ['the', 'C@@', 'our@@', 't', 'of', 'the', 'Council', '&apos;s', 'pro@@', 'gress', 'in', 'the', 'Council', 'of', 'the', 'Council', '.', '</s>']
2026-05-09 10:23:25,911 - INFO - joeynmt.training - 	Source:     Pläne für eine stärkere kerntechnische Zusammenarbeit stehen ganz oben auf der Tagesordnung .
2026-05-09 10:23:25,911 - INFO - joeynmt.training - 	Reference:  high on the agenda are plans for greater nuclear co @-@ operation .
2026-05-09 10:23:25,911 - INFO - joeynmt.training - 	Hypothesis: the Court of the Council &apos;s progress in the Council of the Council .
2026-05-09 10:23:25,911 - INFO - joeynmt.training - Example #4
2026-05-09 10:23:25,911 - DEBUG - joeynmt.training - 	Tokenized source:     ['Berich@@', 'ten', 'zu@@', 'fol@@', 'ge', 'ho@@', 'fft', 'Indi@@', 'en', 'darüber', 'hinaus', 'auf', 'einen', 'Ver@@', 'trag', 'zur', 'Ver@@', 'tei@@', 'dig@@', 'ungs@@', 'zusammen@@', 'arbeit', 'zwischen', 'den', 'beiden', 'N@@', 'ationen', '.']
2026-05-09 10:23:25,911 - DEBUG - joeynmt.training - 	Tokenized reference:  ['Indi@@', 'a', 'is', 'also', 're@@', 'porte@@', 'dly', 'hop@@', 'ing', 'for', 'a', 'de@@', 'al', 'on', 'def@@', 'ence', 'c@@', 'oll@@', 'ab@@', 'or@@', 'ation', 'between', 'the', 'two', 'n@@', 'ations', '.']
2026-05-09 10:23:25,911 - DEBUG - joeynmt.training - 	Tokenized hypothesis: ['in', 'the', 'report', ',', 'the', 'Commission', 'has', 'been', 'made', 'by', 'the', 'Commission', ',', 'the', 'Council', 'to', 'be', 'able', 'to', 'be', 'a', 'new', 'new', 'new', 'Member', 'States', '.', '</s>']
2026-05-09 10:23:25,911 - INFO - joeynmt.training - 	Source:     Berichten zufolge hofft Indien darüber hinaus auf einen Vertrag zur Verteidigungszusammenarbeit zwischen den beiden Nationen .
2026-05-09 10:23:25,911 - INFO - joeynmt.training - 	Reference:  India is also reportedly hoping for a deal on defence collaboration between the two nations .
2026-05-09 10:23:25,911 - INFO - joeynmt.training - 	Hypothesis: in the report , the Commission has been made by the Commission , the Council to be able to be a new new new Member States .
2026-05-09 10:23:39,474 - INFO - joeynmt.training - Epoch   1, Step:     3600, Batch Loss:     2.934491, Batch Acc: 0.282856, Tokens per Sec:     6768, Lr: 0.000300
2026-05-09 10:23:53,281 - INFO - joeynmt.training - Epoch   1, Step:     3700, Batch Loss:     2.562723, Batch Acc: 0.281375, Tokens per Sec:     6686, Lr: 0.000300
2026-05-09 10:24:07,112 - INFO - joeynmt.training - Epoch   1, Step:     3800, Batch Loss:     2.708882, Batch Acc: 0.287092, Tokens per Sec:     6679, Lr: 0.000300
2026-05-09 10:24:20,956 - INFO - joeynmt.training - Epoch   1, Step:     3900, Batch Loss:     2.612665, Batch Acc: 0.288771, Tokens per Sec:     6715, Lr: 0.000300
2026-05-09 10:24:35,053 - INFO - joeynmt.training - Epoch   1, Step:     4000, Batch Loss:     2.561966, Batch Acc: 0.293207, Tokens per Sec:     6537, Lr: 0.000300
2026-05-09 10:24:35,054 - INFO - joeynmt.prediction - Predicting 500 example(s)... (Greedy decoding with min_output_length=1, max_output_length=-1, return_prob='none', generate_unk=True, repetition_penalty=-1, no_repeat_ngram_size=-1)
2026-05-09 10:25:23,906 - INFO - joeynmt.prediction - Evaluation result (greedy) loss:   3.01, ppl:  20.37, acc:   0.23, generation: 48.8474[sec], evaluation: 0.0000[sec]
2026-05-09 10:25:23,908 - INFO - joeynmt.training - Hooray! New best validation result [ppl]!
2026-05-09 10:25:23,989 - INFO - joeynmt.helpers - delete models/deen_transformer_post/1500.ckpt
2026-05-09 10:25:23,991 - INFO - joeynmt.training - Example #0
2026-05-09 10:25:23,991 - DEBUG - joeynmt.training - 	Tokenized source:     ['die', 'Pre@@', 'mi@@', 'er@@', 'minist@@', 'er', 'Indi@@', 'ens', 'und', 'J@@', 'ap@@', 'ans', 'tra@@', 'fen', 'sich', 'in', 'T@@', 'ok@@', 'i@@', 'o', '.']
2026-05-09 10:25:23,991 - DEBUG - joeynmt.training - 	Tokenized reference:  ['Indi@@', 'a', 'and', 'J@@', 'ap@@', 'an', 'pri@@', 'me', 'minist@@', 'ers', 'me@@', 'et', 'in', 'T@@', 'ok@@', 'y@@', 'o']
2026-05-09 10:25:23,991 - DEBUG - joeynmt.training - 	Tokenized hypothesis: ['the', 'people', 'of', 'the', 'people', 'of', 'the', 'people', 'of', 'the', 'people', 'of', 'the', 'world', '.', '</s>']
2026-05-09 10:25:23,991 - INFO - joeynmt.training - 	Source:     die Premierminister Indiens und Japans trafen sich in Tokio .
2026-05-09 10:25:23,991 - INFO - joeynmt.training - 	Reference:  India and Japan prime ministers meet in Tokyo
2026-05-09 10:25:23,991 - INFO - joeynmt.training - 	Hypothesis: the people of the people of the people of the people of the world .
2026-05-09 10:25:23,991 - INFO - joeynmt.training - Example #1
2026-05-09 10:25:23,991 - DEBUG - joeynmt.training - 	Tokenized source:     ['Indi@@', 'ens', 'neu@@', 'er', 'Pre@@', 'mi@@', 'er@@', 'minist@@', 'er', 'N@@', 'ar@@', 'end@@', 'ra', 'Mo@@', 'd@@', 'i', 'tri@@', 'fft', 'bei', 's@@', 'einem', 'ersten', 'wichti@@', 'gen', 'Aus@@', 'land@@', 's@@', 'bes@@', 'u@@', 'ch', 'seit', 's@@', 'einem', 'W@@', 'ah@@', 'l@@', 'si@@', 'e@@', 'g', 'im', 'Ma@@', 'i', 'seinen', 'j@@', 'ap@@', 'an@@', 'ischen', 'Am@@', 'ts@@', 'k@@', 'olle@@', 'gen', 'S@@', 'hin@@', 'z@@', 'o', 'A@@', 'be', 'in', 'T@@', 'ok@@', 'o', ',', 'um', 'wirtschaf@@', 'tliche', 'und', 'sicher@@', 'heits@@', 'politische', 'Be@@', 'zieh@@', 'ungen', 'zu', 'bes@@', 'pre@@', 'chen', '.']
2026-05-09 10:25:23,991 - DEBUG - joeynmt.training - 	Tokenized reference:  ['Indi@@', 'a', '&apos;s', 'new', 'pri@@', 'me', 'minist@@', 'er', ',', 'N@@', 'ar@@', 'end@@', 'ra', 'Mo@@', 'd@@', 'i', ',', 'is', 'me@@', 'eting', 'his', 'J@@', 'ap@@', 'an@@', 'ese', 'coun@@', 'ter@@', 'part', ',', 'S@@', 'hin@@', 'z@@', 'o', 'A@@', 'be', ',', 'in', 'T@@', 'ok@@', 'y@@', 'o', 'to', 'disc@@', 'uss', 'economic', 'and', 'security', 'ties', ',', 'on', 'his', 'first', 'major', 'fore@@', 'ign', 'visi@@', 't', 'since', 'w@@', 'inn@@', 'ing', 'Ma@@', 'y', '&apos;s', 'elec@@', 'tion', '.']
2026-05-09 10:25:23,991 - DEBUG - joeynmt.training - 	Tokenized hypothesis: ['the', 'most', 'of', 'the', 'most', 'of', 'the', 'most', 'of', 'the', 'most', 'of', 'the', 'first', 'of', 'the', 'first', 'of', 'the', 'first', 'of', 'the', 'first', 'of', 'the', 'first', 'of', 'the', 'most', 'of', 'the', 'most', 'of', 'the', 'most', 'of', 'the', 'European', 'Union', 'and', 'the', 're@@', 'form', 'of', 'the', 'European', 'Union', 'and', 'the', 'European', 'Union', 'to', 'be', 'a', 'new', 're@@', 'fle@@', 'ct', 'of', 'the', 'European', 'Union', 'and', 'the', 'European', 'Union', '.', '</s>']
2026-05-09 10:25:23,991 - INFO - joeynmt.training - 	Source:     Indiens neuer Premierminister Narendra Modi trifft bei seinem ersten wichtigen Auslandsbesuch seit seinem Wahlsieg im Mai seinen japanischen Amtskollegen Shinzo Abe in Toko , um wirtschaftliche und sicherheitspolitische Beziehungen zu besprechen .
2026-05-09 10:25:23,991 - INFO - joeynmt.training - 	Reference:  India &apos;s new prime minister , Narendra Modi , is meeting his Japanese counterpart , Shinzo Abe , in Tokyo to discuss economic and security ties , on his first major foreign visit since winning May &apos;s election .
2026-05-09 10:25:23,991 - INFO - joeynmt.training - 	Hypothesis: the most of the most of the most of the most of the first of the first of the first of the first of the first of the most of the most of the most of the European Union and the reform of the European Union and the European Union to be a new reflect of the European Union and the European Union .
2026-05-09 10:25:23,991 - INFO - joeynmt.training - Example #2
2026-05-09 10:25:23,991 - DEBUG - joeynmt.training - 	Tokenized source:     ['Herr', 'Mo@@', 'd@@', 'i', 'befindet', 'sich', 'auf', 'einer', 'fü@@', 'n@@', 'f@@', 'tä@@', 'gi@@', 'gen', 'Rei@@', 'se', 'nach', 'J@@', 'ap@@', 'an', ',', 'um', 'die', 'wirtschaf@@', 'tlichen', 'Be@@', 'zieh@@', 'ungen', 'mit', 'der', 'd@@', 'rit@@', 't@@', 'größ@@', 'ten', 'Wirtschafts@@', 'n@@', 'ation', 'der', 'Welt', 'zu', 'fes@@', 'tigen', '.']
2026-05-09 10:25:23,991 - DEBUG - joeynmt.training - 	Tokenized reference:  ['Mr', 'Mo@@', 'd@@', 'i', 'is', 'on', 'a', 'fi@@', 've', '@@@', '-@@', '@', 'day', 'tri@@', 'p', 'to', 'J@@', 'ap@@', 'an', 'to', 'streng@@', 'then', 'economic', 'ties', 'with', 'the', 'third', 'lar@@', 'ges@@', 't', 'econom@@', 'y', 'in', 'the', 'world', '.']
2026-05-09 10:25:23,991 - DEBUG - joeynmt.training - 	Tokenized hypothesis: ['Mr', 'President', ',', 'the', 'first', 'of', 'the', 'most', 'of', 'the', 'most', 'of', 'the', 'European', 'Union', ',', 'the', 'European', 'Union', 'has', 'been', 'a', 'very', 'important', 'of', 'the', 'European', 'Union', 'in', 'the', 'world', '.', '</s>']
2026-05-09 10:25:23,992 - INFO - joeynmt.training - 	Source:     Herr Modi befindet sich auf einer fünftägigen Reise nach Japan , um die wirtschaftlichen Beziehungen mit der drittgrößten Wirtschaftsnation der Welt zu festigen .
2026-05-09 10:25:23,992 - INFO - joeynmt.training - 	Reference:  Mr Modi is on a five @-@ day trip to Japan to strengthen economic ties with the third largest economy in the world .
2026-05-09 10:25:23,992 - INFO - joeynmt.training - 	Hypothesis: Mr President , the first of the most of the most of the European Union , the European Union has been a very important of the European Union in the world .
2026-05-09 10:25:23,992 - INFO - joeynmt.training - Example #3
2026-05-09 10:25:23,992 - DEBUG - joeynmt.training - 	Tokenized source:     ['P@@', 'län@@', 'e', 'für', 'eine', 'stärk@@', 'ere', 'k@@', 'ern@@', 'techn@@', 'ische', 'Zusammenarbeit', 'stehen', 'ganz', 'ob@@', 'en', 'auf', 'der', 'Tag@@', 'es@@', 'ordnung', '.']
2026-05-09 10:25:23,992 - DEBUG - joeynmt.training - 	Tokenized reference:  ['high', 'on', 'the', 'agen@@', 'da', 'are', 'pl@@', 'ans', 'for', 'gre@@', 'ater', 'nu@@', 'clear', 'c@@', 'o', '@@@', '-@@', '@', 'operation', '.']
2026-05-09 10:25:23,992 - DEBUG - joeynmt.training - 	Tokenized hypothesis: ['the', 'other', 'hand', ',', 'a', 'number', 'of', 'the', 'European', 'Union', 'and', 'the', 're@@', 'ports', 'of', 'the', 'European', 'Union', '.', '</s>']
2026-05-09 10:25:23,992 - INFO - joeynmt.training - 	Source:     Pläne für eine stärkere kerntechnische Zusammenarbeit stehen ganz oben auf der Tagesordnung .
2026-05-09 10:25:23,992 - INFO - joeynmt.training - 	Reference:  high on the agenda are plans for greater nuclear co @-@ operation .
2026-05-09 10:25:23,992 - INFO - joeynmt.training - 	Hypothesis: the other hand , a number of the European Union and the reports of the European Union .
2026-05-09 10:25:23,992 - INFO - joeynmt.training - Example #4
2026-05-09 10:25:23,992 - DEBUG - joeynmt.training - 	Tokenized source:     ['Berich@@', 'ten', 'zu@@', 'fol@@', 'ge', 'ho@@', 'fft', 'Indi@@', 'en', 'darüber', 'hinaus', 'auf', 'einen', 'Ver@@', 'trag', 'zur', 'Ver@@', 'tei@@', 'dig@@', 'ungs@@', 'zusammen@@', 'arbeit', 'zwischen', 'den', 'beiden', 'N@@', 'ationen', '.']
2026-05-09 10:25:23,992 - DEBUG - joeynmt.training - 	Tokenized reference:  ['Indi@@', 'a', 'is', 'also', 're@@', 'porte@@', 'dly', 'hop@@', 'ing', 'for', 'a', 'de@@', 'al', 'on', 'def@@', 'ence', 'c@@', 'oll@@', 'ab@@', 'or@@', 'ation', 'between', 'the', 'two', 'n@@', 'ations', '.']
2026-05-09 10:25:23,992 - DEBUG - joeynmt.training - 	Tokenized hypothesis: ['I', 'would', 'like', 'to', 'thank', 'the', 'two', 'of', 'the', 'Committee', 'on', 'the', 'basis', 'of', 'the', 'Committee', 'on', 'A@@', 'ff@@', 'air@@', 's', 'of', 'the', 'Committee', 'on', 'A@@', 'ff@@', 'air@@', 's', '.', '</s>']
2026-05-09 10:25:23,992 - INFO - joeynmt.training - 	Source:     Berichten zufolge hofft Indien darüber hinaus auf einen Vertrag zur Verteidigungszusammenarbeit zwischen den beiden Nationen .
2026-05-09 10:25:23,992 - INFO - joeynmt.training - 	Reference:  India is also reportedly hoping for a deal on defence collaboration between the two nations .
2026-05-09 10:25:23,992 - INFO - joeynmt.training - 	Hypothesis: I would like to thank the two of the Committee on the basis of the Committee on Affairs of the Committee on Affairs .
2026-05-09 10:25:32,734 - INFO - joeynmt.training - Epoch   1: total training loss 12226.62
2026-05-09 10:25:32,734 - INFO - joeynmt.training - EPOCH 2
2026-05-09 10:25:37,738 - INFO - joeynmt.training - Epoch   2, Step:     4100, Batch Loss:     2.602795, Batch Acc: 0.295513, Tokens per Sec:     6632, Lr: 0.000300
2026-05-09 10:25:51,612 - INFO - joeynmt.training - Epoch   2, Step:     4200, Batch Loss:     2.650270, Batch Acc: 0.296172, Tokens per Sec:     6659, Lr: 0.000300
2026-05-09 10:26:05,634 - INFO - joeynmt.training - Epoch   2, Step:     4300, Batch Loss:     2.526181, Batch Acc: 0.298094, Tokens per Sec:     6473, Lr: 0.000300
2026-05-09 10:26:19,646 - INFO - joeynmt.training - Epoch   2, Step:     4400, Batch Loss:     2.699446, Batch Acc: 0.297513, Tokens per Sec:     6584, Lr: 0.000300
2026-05-09 10:26:33,595 - INFO - joeynmt.training - Epoch   2, Step:     4500, Batch Loss:     2.721656, Batch Acc: 0.300035, Tokens per Sec:     6636, Lr: 0.000300
2026-05-09 10:26:33,596 - INFO - joeynmt.prediction - Predicting 500 example(s)... (Greedy decoding with min_output_length=1, max_output_length=-1, return_prob='none', generate_unk=True, repetition_penalty=-1, no_repeat_ngram_size=-1)
2026-05-09 10:27:09,502 - INFO - joeynmt.prediction - Evaluation result (greedy) loss:   2.98, ppl:  19.74, acc:   0.23, generation: 35.9022[sec], evaluation: 0.0000[sec]
2026-05-09 10:27:09,503 - INFO - joeynmt.training - Hooray! New best validation result [ppl]!
2026-05-09 10:27:09,570 - INFO - joeynmt.helpers - delete models/deen_transformer_post/2000.ckpt
2026-05-09 10:27:09,573 - INFO - joeynmt.training - Example #0
2026-05-09 10:27:09,573 - DEBUG - joeynmt.training - 	Tokenized source:     ['die', 'Pre@@', 'mi@@', 'er@@', 'minist@@', 'er', 'Indi@@', 'ens', 'und', 'J@@', 'ap@@', 'ans', 'tra@@', 'fen', 'sich', 'in', 'T@@', 'ok@@', 'i@@', 'o', '.']
2026-05-09 10:27:09,573 - DEBUG - joeynmt.training - 	Tokenized reference:  ['Indi@@', 'a', 'and', 'J@@', 'ap@@', 'an', 'pri@@', 'me', 'minist@@', 'ers', 'me@@', 'et', 'in', 'T@@', 'ok@@', 'y@@', 'o']
2026-05-09 10:27:09,573 - DEBUG - joeynmt.training - 	Tokenized hypothesis: ['the', 'C@@', 'an@@', 'o', 'and', 'the', 'C@@', 'an@@', 'o', 'and', 'the', 'C@@', 'an@@', 'o', '.', '</s>']
2026-05-09 10:27:09,573 - INFO - joeynmt.training - 	Source:     die Premierminister Indiens und Japans trafen sich in Tokio .
2026-05-09 10:27:09,573 - INFO - joeynmt.training - 	Reference:  India and Japan prime ministers meet in Tokyo
2026-05-09 10:27:09,573 - INFO - joeynmt.training - 	Hypothesis: the Cano and the Cano and the Cano .
2026-05-09 10:27:09,573 - INFO - joeynmt.training - Example #1
2026-05-09 10:27:09,573 - DEBUG - joeynmt.training - 	Tokenized source:     ['Indi@@', 'ens', 'neu@@', 'er', 'Pre@@', 'mi@@', 'er@@', 'minist@@', 'er', 'N@@', 'ar@@', 'end@@', 'ra', 'Mo@@', 'd@@', 'i', 'tri@@', 'fft', 'bei', 's@@', 'einem', 'ersten', 'wichti@@', 'gen', 'Aus@@', 'land@@', 's@@', 'bes@@', 'u@@', 'ch', 'seit', 's@@', 'einem', 'W@@', 'ah@@', 'l@@', 'si@@', 'e@@', 'g', 'im', 'Ma@@', 'i', 'seinen', 'j@@', 'ap@@', 'an@@', 'ischen', 'Am@@', 'ts@@', 'k@@', 'olle@@', 'gen', 'S@@', 'hin@@', 'z@@', 'o', 'A@@', 'be', 'in', 'T@@', 'ok@@', 'o', ',', 'um', 'wirtschaf@@', 'tliche', 'und', 'sicher@@', 'heits@@', 'politische', 'Be@@', 'zieh@@', 'ungen', 'zu', 'bes@@', 'pre@@', 'chen', '.']
2026-05-09 10:27:09,573 - DEBUG - joeynmt.training - 	Tokenized reference:  ['Indi@@', 'a', '&apos;s', 'new', 'pri@@', 'me', 'minist@@', 'er', ',', 'N@@', 'ar@@', 'end@@', 'ra', 'Mo@@', 'd@@', 'i', ',', 'is', 'me@@', 'eting', 'his', 'J@@', 'ap@@', 'an@@', 'ese', 'coun@@', 'ter@@', 'part', ',', 'S@@', 'hin@@', 'z@@', 'o', 'A@@', 'be', ',', 'in', 'T@@', 'ok@@', 'y@@', 'o', 'to', 'disc@@', 'uss', 'economic', 'and', 'security', 'ties', ',', 'on', 'his', 'first', 'major', 'fore@@', 'ign', 'visi@@', 't', 'since', 'w@@', 'inn@@', 'ing', 'Ma@@', 'y', '&apos;s', 'elec@@', 'tion', '.']
2026-05-09 10:27:09,573 - DEBUG - joeynmt.training - 	Tokenized hypothesis: ['the', 'new', 'countries', 'of', 'the', 'most', 'of', 'the', 're@@', 'st', 'of', 'the', 'first', 'time', ',', 'which', 'has', 'been', 'a', 'very', 'good', 'role', 'in', 'the', 'first', 'of', 'the', 're@@', 'st', 'of', 'the', 're@@', 'st', 'of', 'the', 'European', 'Union', '&apos;s', 're@@', 'ma@@', 'ining', 'and', 'the', 'political', 'political', 'political', 'political', 'and', 'to', 're@@', 'duce', 'the', 'political', 'and', 'to', 're@@', 'turn', '.', '</s>']
2026-05-09 10:27:09,573 - INFO - joeynmt.training - 	Source:     Indiens neuer Premierminister Narendra Modi trifft bei seinem ersten wichtigen Auslandsbesuch seit seinem Wahlsieg im Mai seinen japanischen Amtskollegen Shinzo Abe in Toko , um wirtschaftliche und sicherheitspolitische Beziehungen zu besprechen .
2026-05-09 10:27:09,573 - INFO - joeynmt.training - 	Reference:  India &apos;s new prime minister , Narendra Modi , is meeting his Japanese counterpart , Shinzo Abe , in Tokyo to discuss economic and security ties , on his first major foreign visit since winning May &apos;s election .
2026-05-09 10:27:09,573 - INFO - joeynmt.training - 	Hypothesis: the new countries of the most of the rest of the first time , which has been a very good role in the first of the rest of the rest of the European Union &apos;s remaining and the political political political political and to reduce the political and to return .
2026-05-09 10:27:09,573 - INFO - joeynmt.training - Example #2
2026-05-09 10:27:09,573 - DEBUG - joeynmt.training - 	Tokenized source:     ['Herr', 'Mo@@', 'd@@', 'i', 'befindet', 'sich', 'auf', 'einer', 'fü@@', 'n@@', 'f@@', 'tä@@', 'gi@@', 'gen', 'Rei@@', 'se', 'nach', 'J@@', 'ap@@', 'an', ',', 'um', 'die', 'wirtschaf@@', 'tlichen', 'Be@@', 'zieh@@', 'ungen', 'mit', 'der', 'd@@', 'rit@@', 't@@', 'größ@@', 'ten', 'Wirtschafts@@', 'n@@', 'ation', 'der', 'Welt', 'zu', 'fes@@', 'tigen', '.']
2026-05-09 10:27:09,573 - DEBUG - joeynmt.training - 	Tokenized reference:  ['Mr', 'Mo@@', 'd@@', 'i', 'is', 'on', 'a', 'fi@@', 've', '@@@', '-@@', '@', 'day', 'tri@@', 'p', 'to', 'J@@', 'ap@@', 'an', 'to', 'streng@@', 'then', 'economic', 'ties', 'with', 'the', 'third', 'lar@@', 'ges@@', 't', 'econom@@', 'y', 'in', 'the', 'world', '.']
2026-05-09 10:27:09,573 - DEBUG - joeynmt.training - 	Tokenized hypothesis: ['Mr', 'President', ',', 'the', 'most', 'of', 'the', 'most', 'of', 'the', 're@@', 'st', 'of', 'the', 'world', '&apos;s', 'most', 'of', 'the', 'world', '&apos;s', 'most', 'of', 'the', 'world', '&apos;s', 'economic', 'growth', '.', '</s>']
2026-05-09 10:27:09,573 - INFO - joeynmt.training - 	Source:     Herr Modi befindet sich auf einer fünftägigen Reise nach Japan , um die wirtschaftlichen Beziehungen mit der drittgrößten Wirtschaftsnation der Welt zu festigen .
2026-05-09 10:27:09,573 - INFO - joeynmt.training - 	Reference:  Mr Modi is on a five @-@ day trip to Japan to strengthen economic ties with the third largest economy in the world .
2026-05-09 10:27:09,573 - INFO - joeynmt.training - 	Hypothesis: Mr President , the most of the most of the rest of the world &apos;s most of the world &apos;s most of the world &apos;s economic growth .
2026-05-09 10:27:09,573 - INFO - joeynmt.training - Example #3
2026-05-09 10:27:09,573 - DEBUG - joeynmt.training - 	Tokenized source:     ['P@@', 'län@@', 'e', 'für', 'eine', 'stärk@@', 'ere', 'k@@', 'ern@@', 'techn@@', 'ische', 'Zusammenarbeit', 'stehen', 'ganz', 'ob@@', 'en', 'auf', 'der', 'Tag@@', 'es@@', 'ordnung', '.']
2026-05-09 10:27:09,573 - DEBUG - joeynmt.training - 	Tokenized reference:  ['high', 'on', 'the', 'agen@@', 'da', 'are', 'pl@@', 'ans', 'for', 'gre@@', 'ater', 'nu@@', 'clear', 'c@@', 'o', '@@@', '-@@', '@', 'operation', '.']
2026-05-09 10:27:09,573 - DEBUG - joeynmt.training - 	Tokenized hypothesis: ['A@@', 'mer@@', 'ic@@', 'a', 'is', 'a', 'very', 'important', 'role', 'in', 'the', 'area', 'of', 'the', 'development', 'of', 'the', 're@@', 'st', 'of', 'the', 'development', 'of', 'the', 'European', 'Union', '.', '</s>']
2026-05-09 10:27:09,573 - INFO - joeynmt.training - 	Source:     Pläne für eine stärkere kerntechnische Zusammenarbeit stehen ganz oben auf der Tagesordnung .
2026-05-09 10:27:09,573 - INFO - joeynmt.training - 	Reference:  high on the agenda are plans for greater nuclear co @-@ operation .
2026-05-09 10:27:09,573 - INFO - joeynmt.training - 	Hypothesis: America is a very important role in the area of the development of the rest of the development of the European Union .
2026-05-09 10:27:09,573 - INFO - joeynmt.training - Example #4
2026-05-09 10:27:09,573 - DEBUG - joeynmt.training - 	Tokenized source:     ['Berich@@', 'ten', 'zu@@', 'fol@@', 'ge', 'ho@@', 'fft', 'Indi@@', 'en', 'darüber', 'hinaus', 'auf', 'einen', 'Ver@@', 'trag', 'zur', 'Ver@@', 'tei@@', 'dig@@', 'ungs@@', 'zusammen@@', 'arbeit', 'zwischen', 'den', 'beiden', 'N@@', 'ationen', '.']
2026-05-09 10:27:09,574 - DEBUG - joeynmt.training - 	Tokenized reference:  ['Indi@@', 'a', 'is', 'also', 're@@', 'porte@@', 'dly', 'hop@@', 'ing', 'for', 'a', 'de@@', 'al', 'on', 'def@@', 'ence', 'c@@', 'oll@@', 'ab@@', 'or@@', 'ation', 'between', 'the', 'two', 'n@@', 'ations', '.']
2026-05-09 10:27:09,574 - DEBUG - joeynmt.training - 	Tokenized hypothesis: ['I', 'am', 'also', 'also', 'also', 'also', 'in', 'the', 'con@@', 'stru@@', 'ction', 'of', 'the', 're@@', 'st', 'of', 'the', 're@@', 'st', 'of', 'the', 're@@', 'lev@@', 'ant', 'report', '.', '</s>']
2026-05-09 10:27:09,574 - INFO - joeynmt.training - 	Source:     Berichten zufolge hofft Indien darüber hinaus auf einen Vertrag zur Verteidigungszusammenarbeit zwischen den beiden Nationen .
2026-05-09 10:27:09,574 - INFO - joeynmt.training - 	Reference:  India is also reportedly hoping for a deal on defence collaboration between the two nations .
2026-05-09 10:27:09,574 - INFO - joeynmt.training - 	Hypothesis: I am also also also also in the construction of the rest of the rest of the relevant report .
2026-05-09 10:27:23,481 - INFO - joeynmt.training - Epoch   2, Step:     4600, Batch Loss:     2.485398, Batch Acc: 0.303605, Tokens per Sec:     6668, Lr: 0.000300
2026-05-09 10:27:37,430 - INFO - joeynmt.training - Epoch   2, Step:     4700, Batch Loss:     2.543382, Batch Acc: 0.304982, Tokens per Sec:     6566, Lr: 0.000300
2026-05-09 10:27:51,609 - INFO - joeynmt.training - Epoch   2, Step:     4800, Batch Loss:     2.615116, Batch Acc: 0.305880, Tokens per Sec:     6588, Lr: 0.000300
2026-05-09 10:28:05,608 - INFO - joeynmt.training - Epoch   2, Step:     4900, Batch Loss:     2.576459, Batch Acc: 0.309242, Tokens per Sec:     6548, Lr: 0.000300
2026-05-09 10:28:19,556 - INFO - joeynmt.training - Epoch   2, Step:     5000, Batch Loss:     2.512426, Batch Acc: 0.309968, Tokens per Sec:     6547, Lr: 0.000300
2026-05-09 10:28:19,556 - INFO - joeynmt.prediction - Predicting 500 example(s)... (Greedy decoding with min_output_length=1, max_output_length=-1, return_prob='none', generate_unk=True, repetition_penalty=-1, no_repeat_ngram_size=-1)
2026-05-09 10:28:47,738 - INFO - joeynmt.prediction - Evaluation result (greedy) loss:   2.96, ppl:  19.24, acc:   0.24, generation: 28.1786[sec], evaluation: 0.0000[sec]
2026-05-09 10:28:47,740 - INFO - joeynmt.training - Hooray! New best validation result [ppl]!
2026-05-09 10:28:47,811 - INFO - joeynmt.helpers - delete models/deen_transformer_post/2500.ckpt
2026-05-09 10:28:47,812 - INFO - joeynmt.training - Example #0
2026-05-09 10:28:47,812 - DEBUG - joeynmt.training - 	Tokenized source:     ['die', 'Pre@@', 'mi@@', 'er@@', 'minist@@', 'er', 'Indi@@', 'ens', 'und', 'J@@', 'ap@@', 'ans', 'tra@@', 'fen', 'sich', 'in', 'T@@', 'ok@@', 'i@@', 'o', '.']
2026-05-09 10:28:47,812 - DEBUG - joeynmt.training - 	Tokenized reference:  ['Indi@@', 'a', 'and', 'J@@', 'ap@@', 'an', 'pri@@', 'me', 'minist@@', 'ers', 'me@@', 'et', 'in', 'T@@', 'ok@@', 'y@@', 'o']
2026-05-09 10:28:47,812 - DEBUG - joeynmt.training - 	Tokenized hypothesis: ['the', 'S@@', 'wi@@', 'ss', 'A@@', 'f@@', 'i', 'and', 'the', '19@@', 'th', 'and', 'the', 'b@@', 'ack@@', 'gro@@', 'und', '.', '</s>']
2026-05-09 10:28:47,812 - INFO - joeynmt.training - 	Source:     die Premierminister Indiens und Japans trafen sich in Tokio .
2026-05-09 10:28:47,812 - INFO - joeynmt.training - 	Reference:  India and Japan prime ministers meet in Tokyo
2026-05-09 10:28:47,812 - INFO - joeynmt.training - 	Hypothesis: the Swiss Afi and the 19th and the background .
2026-05-09 10:28:47,812 - INFO - joeynmt.training - Example #1
2026-05-09 10:28:47,812 - DEBUG - joeynmt.training - 	Tokenized source:     ['Indi@@', 'ens', 'neu@@', 'er', 'Pre@@', 'mi@@', 'er@@', 'minist@@', 'er', 'N@@', 'ar@@', 'end@@', 'ra', 'Mo@@', 'd@@', 'i', 'tri@@', 'fft', 'bei', 's@@', 'einem', 'ersten', 'wichti@@', 'gen', 'Aus@@', 'land@@', 's@@', 'bes@@', 'u@@', 'ch', 'seit', 's@@', 'einem', 'W@@', 'ah@@', 'l@@', 'si@@', 'e@@', 'g', 'im', 'Ma@@', 'i', 'seinen', 'j@@', 'ap@@', 'an@@', 'ischen', 'Am@@', 'ts@@', 'k@@', 'olle@@', 'gen', 'S@@', 'hin@@', 'z@@', 'o', 'A@@', 'be', 'in', 'T@@', 'ok@@', 'o', ',', 'um', 'wirtschaf@@', 'tliche', 'und', 'sicher@@', 'heits@@', 'politische', 'Be@@', 'zieh@@', 'ungen', 'zu', 'bes@@', 'pre@@', 'chen', '.']
2026-05-09 10:28:47,812 - DEBUG - joeynmt.training - 	Tokenized reference:  ['Indi@@', 'a', '&apos;s', 'new', 'pri@@', 'me', 'minist@@', 'er', ',', 'N@@', 'ar@@', 'end@@', 'ra', 'Mo@@', 'd@@', 'i', ',', 'is', 'me@@', 'eting', 'his', 'J@@', 'ap@@', 'an@@', 'ese', 'coun@@', 'ter@@', 'part', ',', 'S@@', 'hin@@', 'z@@', 'o', 'A@@', 'be', ',', 'in', 'T@@', 'ok@@', 'y@@', 'o', 'to', 'disc@@', 'uss', 'economic', 'and', 'security', 'ties', ',', 'on', 'his', 'first', 'major', 'fore@@', 'ign', 'visi@@', 't', 'since', 'w@@', 'inn@@', 'ing', 'Ma@@', 'y', '&apos;s', 'elec@@', 'tion', '.']
2026-05-09 10:28:47,812 - DEBUG - joeynmt.training - 	Tokenized hypothesis: ['in', 'the', 'United', 'States', ',', 'the', 'first', 'time', ',', 'the', 'first', 'time', 'of', 'the', 'first', 'time', 'of', 'the', 'first', 'time', ',', 'a', 'very', 'good', 'time', 'in', 'a', 'very', 'good', 'time', ',', 'a', 'very', 'good', 'thing', 'to', 'be', 'a', 'very', 'good', 'in', 'the', 'United', 'K@@', 'ing@@', 'do@@', 'm', 'and', 'the', 'European', 'econom@@', 'y', ',', 'and', 'the', 'European', 'econom@@', 'y', ',', 'in', 'the', 'United', 'States', 'and', 'the', 'European', 'Union', '.', '</s>']
2026-05-09 10:28:47,812 - INFO - joeynmt.training - 	Source:     Indiens neuer Premierminister Narendra Modi trifft bei seinem ersten wichtigen Auslandsbesuch seit seinem Wahlsieg im Mai seinen japanischen Amtskollegen Shinzo Abe in Toko , um wirtschaftliche und sicherheitspolitische Beziehungen zu besprechen .
2026-05-09 10:28:47,812 - INFO - joeynmt.training - 	Reference:  India &apos;s new prime minister , Narendra Modi , is meeting his Japanese counterpart , Shinzo Abe , in Tokyo to discuss economic and security ties , on his first major foreign visit since winning May &apos;s election .
2026-05-09 10:28:47,812 - INFO - joeynmt.training - 	Hypothesis: in the United States , the first time , the first time of the first time of the first time , a very good time in a very good time , a very good thing to be a very good in the United Kingdom and the European economy , and the European economy , in the United States and the European Union .
2026-05-09 10:28:47,813 - INFO - joeynmt.training - Example #2
2026-05-09 10:28:47,813 - DEBUG - joeynmt.training - 	Tokenized source:     ['Herr', 'Mo@@', 'd@@', 'i', 'befindet', 'sich', 'auf', 'einer', 'fü@@', 'n@@', 'f@@', 'tä@@', 'gi@@', 'gen', 'Rei@@', 'se', 'nach', 'J@@', 'ap@@', 'an', ',', 'um', 'die', 'wirtschaf@@', 'tlichen', 'Be@@', 'zieh@@', 'ungen', 'mit', 'der', 'd@@', 'rit@@', 't@@', 'größ@@', 'ten', 'Wirtschafts@@', 'n@@', 'ation', 'der', 'Welt', 'zu', 'fes@@', 'tigen', '.']
2026-05-09 10:28:47,813 - DEBUG - joeynmt.training - 	Tokenized reference:  ['Mr', 'Mo@@', 'd@@', 'i', 'is', 'on', 'a', 'fi@@', 've', '@@@', '-@@', '@', 'day', 'tri@@', 'p', 'to', 'J@@', 'ap@@', 'an', 'to', 'streng@@', 'then', 'economic', 'ties', 'with', 'the', 'third', 'lar@@', 'ges@@', 't', 'econom@@', 'y', 'in', 'the', 'world', '.']
2026-05-09 10:28:47,813 - DEBUG - joeynmt.training - 	Tokenized hypothesis: ['Mr', 'M@@', 'or@@', 'a', 'is', 'a', 'very', 'good', 'location', 'in', 'the', 'United', 'States', ',', 'the', 'United', 'States', ',', 'the', 'United', 'States', ',', 'the', 'most', 'of', 'the', 'world', 'of', 'the', 'world', 'of', 'the', 'world', '.', '</s>']
2026-05-09 10:28:47,813 - INFO - joeynmt.training - 	Source:     Herr Modi befindet sich auf einer fünftägigen Reise nach Japan , um die wirtschaftlichen Beziehungen mit der drittgrößten Wirtschaftsnation der Welt zu festigen .
2026-05-09 10:28:47,813 - INFO - joeynmt.training - 	Reference:  Mr Modi is on a five @-@ day trip to Japan to strengthen economic ties with the third largest economy in the world .
2026-05-09 10:28:47,813 - INFO - joeynmt.training - 	Hypothesis: Mr Mora is a very good location in the United States , the United States , the United States , the most of the world of the world of the world .
2026-05-09 10:28:47,813 - INFO - joeynmt.training - Example #3
2026-05-09 10:28:47,813 - DEBUG - joeynmt.training - 	Tokenized source:     ['P@@', 'län@@', 'e', 'für', 'eine', 'stärk@@', 'ere', 'k@@', 'ern@@', 'techn@@', 'ische', 'Zusammenarbeit', 'stehen', 'ganz', 'ob@@', 'en', 'auf', 'der', 'Tag@@', 'es@@', 'ordnung', '.']
2026-05-09 10:28:47,813 - DEBUG - joeynmt.training - 	Tokenized reference:  ['high', 'on', 'the', 'agen@@', 'da', 'are', 'pl@@', 'ans', 'for', 'gre@@', 'ater', 'nu@@', 'clear', 'c@@', 'o', '@@@', '-@@', '@', 'operation', '.']
2026-05-09 10:28:47,813 - DEBUG - joeynmt.training - 	Tokenized hypothesis: ['A@@', 'mer@@', 'ic@@', 'a', 'is', 'a', 'very', 'important', 'for', 'the', 're@@', 'ference', 'of', 'the', 'Commission', '.', '</s>']
2026-05-09 10:28:47,813 - INFO - joeynmt.training - 	Source:     Pläne für eine stärkere kerntechnische Zusammenarbeit stehen ganz oben auf der Tagesordnung .
2026-05-09 10:28:47,813 - INFO - joeynmt.training - 	Reference:  high on the agenda are plans for greater nuclear co @-@ operation .
2026-05-09 10:28:47,813 - INFO - joeynmt.training - 	Hypothesis: America is a very important for the reference of the Commission .
2026-05-09 10:28:47,813 - INFO - joeynmt.training - Example #4
2026-05-09 10:28:47,813 - DEBUG - joeynmt.training - 	Tokenized source:     ['Berich@@', 'ten', 'zu@@', 'fol@@', 'ge', 'ho@@', 'fft', 'Indi@@', 'en', 'darüber', 'hinaus', 'auf', 'einen', 'Ver@@', 'trag', 'zur', 'Ver@@', 'tei@@', 'dig@@', 'ungs@@', 'zusammen@@', 'arbeit', 'zwischen', 'den', 'beiden', 'N@@', 'ationen', '.']
2026-05-09 10:28:47,813 - DEBUG - joeynmt.training - 	Tokenized reference:  ['Indi@@', 'a', 'is', 'also', 're@@', 'porte@@', 'dly', 'hop@@', 'ing', 'for', 'a', 'de@@', 'al', 'on', 'def@@', 'ence', 'c@@', 'oll@@', 'ab@@', 'or@@', 'ation', 'between', 'the', 'two', 'n@@', 'ations', '.']
2026-05-09 10:28:47,813 - DEBUG - joeynmt.training - 	Tokenized hypothesis: ['I', 'am', 'very', 'very', 'much', 'more', 'than', 'the', 'first', 'of', 'the', 'first', 'time', 'of', 'the', 'two', 'amendments', '.', '</s>']
2026-05-09 10:28:47,813 - INFO - joeynmt.training - 	Source:     Berichten zufolge hofft Indien darüber hinaus auf einen Vertrag zur Verteidigungszusammenarbeit zwischen den beiden Nationen .
2026-05-09 10:28:47,813 - INFO - joeynmt.training - 	Reference:  India is also reportedly hoping for a deal on defence collaboration between the two nations .
2026-05-09 10:28:47,813 - INFO - joeynmt.training - 	Hypothesis: I am very very much more than the first of the first time of the two amendments .
2026-05-09 10:29:01,853 - INFO - joeynmt.training - Epoch   2, Step:     5100, Batch Loss:     2.569515, Batch Acc: 0.307962, Tokens per Sec:     6499, Lr: 0.000300
2026-05-09 10:29:16,330 - INFO - joeynmt.training - Epoch   2, Step:     5200, Batch Loss:     2.519916, Batch Acc: 0.312900, Tokens per Sec:     6556, Lr: 0.000300
2026-05-09 10:29:30,604 - INFO - joeynmt.training - Epoch   2, Step:     5300, Batch Loss:     2.455890, Batch Acc: 0.314903, Tokens per Sec:     6417, Lr: 0.000300
2026-05-09 10:29:44,902 - INFO - joeynmt.training - Epoch   2, Step:     5400, Batch Loss:     2.469222, Batch Acc: 0.317494, Tokens per Sec:     6495, Lr: 0.000300
2026-05-09 10:29:59,094 - INFO - joeynmt.training - Epoch   2, Step:     5500, Batch Loss:     2.508997, Batch Acc: 0.315532, Tokens per Sec:     6545, Lr: 0.000300
2026-05-09 10:29:59,095 - INFO - joeynmt.prediction - Predicting 500 example(s)... (Greedy decoding with min_output_length=1, max_output_length=-1, return_prob='none', generate_unk=True, repetition_penalty=-1, no_repeat_ngram_size=-1)
2026-05-09 10:30:25,497 - INFO - joeynmt.prediction - Evaluation result (greedy) loss:   2.92, ppl:  18.55, acc:   0.25, generation: 26.3990[sec], evaluation: 0.0000[sec]
2026-05-09 10:30:25,499 - INFO - joeynmt.training - Hooray! New best validation result [ppl]!
2026-05-09 10:30:25,566 - INFO - joeynmt.helpers - delete models/deen_transformer_post/3000.ckpt
2026-05-09 10:30:25,568 - INFO - joeynmt.training - Example #0
2026-05-09 10:30:25,568 - DEBUG - joeynmt.training - 	Tokenized source:     ['die', 'Pre@@', 'mi@@', 'er@@', 'minist@@', 'er', 'Indi@@', 'ens', 'und', 'J@@', 'ap@@', 'ans', 'tra@@', 'fen', 'sich', 'in', 'T@@', 'ok@@', 'i@@', 'o', '.']
2026-05-09 10:30:25,568 - DEBUG - joeynmt.training - 	Tokenized reference:  ['Indi@@', 'a', 'and', 'J@@', 'ap@@', 'an', 'pri@@', 'me', 'minist@@', 'ers', 'me@@', 'et', 'in', 'T@@', 'ok@@', 'y@@', 'o']
2026-05-09 10:30:25,568 - DEBUG - joeynmt.training - 	Tokenized hypothesis: ['the', 'S@@', 'outh', 'A@@', 'sia', 'and', 'the', 'S@@', 'outh', 'A@@', 'sia', '.', '</s>']
2026-05-09 10:30:25,568 - INFO - joeynmt.training - 	Source:     die Premierminister Indiens und Japans trafen sich in Tokio .
2026-05-09 10:30:25,568 - INFO - joeynmt.training - 	Reference:  India and Japan prime ministers meet in Tokyo
2026-05-09 10:30:25,568 - INFO - joeynmt.training - 	Hypothesis: the South Asia and the South Asia .
2026-05-09 10:30:25,568 - INFO - joeynmt.training - Example #1
2026-05-09 10:30:25,568 - DEBUG - joeynmt.training - 	Tokenized source:     ['Indi@@', 'ens', 'neu@@', 'er', 'Pre@@', 'mi@@', 'er@@', 'minist@@', 'er', 'N@@', 'ar@@', 'end@@', 'ra', 'Mo@@', 'd@@', 'i', 'tri@@', 'fft', 'bei', 's@@', 'einem', 'ersten', 'wichti@@', 'gen', 'Aus@@', 'land@@', 's@@', 'bes@@', 'u@@', 'ch', 'seit', 's@@', 'einem', 'W@@', 'ah@@', 'l@@', 'si@@', 'e@@', 'g', 'im', 'Ma@@', 'i', 'seinen', 'j@@', 'ap@@', 'an@@', 'ischen', 'Am@@', 'ts@@', 'k@@', 'olle@@', 'gen', 'S@@', 'hin@@', 'z@@', 'o', 'A@@', 'be', 'in', 'T@@', 'ok@@', 'o', ',', 'um', 'wirtschaf@@', 'tliche', 'und', 'sicher@@', 'heits@@', 'politische', 'Be@@', 'zieh@@', 'ungen', 'zu', 'bes@@', 'pre@@', 'chen', '.']
2026-05-09 10:30:25,568 - DEBUG - joeynmt.training - 	Tokenized reference:  ['Indi@@', 'a', '&apos;s', 'new', 'pri@@', 'me', 'minist@@', 'er', ',', 'N@@', 'ar@@', 'end@@', 'ra', 'Mo@@', 'd@@', 'i', ',', 'is', 'me@@', 'eting', 'his', 'J@@', 'ap@@', 'an@@', 'ese', 'coun@@', 'ter@@', 'part', ',', 'S@@', 'hin@@', 'z@@', 'o', 'A@@', 'be', ',', 'in', 'T@@', 'ok@@', 'y@@', 'o', 'to', 'disc@@', 'uss', 'economic', 'and', 'security', 'ties', ',', 'on', 'his', 'first', 'major', 'fore@@', 'ign', 'visi@@', 't', 'since', 'w@@', 'inn@@', 'ing', 'Ma@@', 'y', '&apos;s', 'elec@@', 'tion', '.']
2026-05-09 10:30:25,568 - DEBUG - joeynmt.training - 	Tokenized hypothesis: ['in', 'the', 'case', 'of', 'the', 'United', 'States', ',', 'the', 'first', 'of', 'the', 'first', 'read@@', 'ing', 'of', 'the', 'first', ',', 'in', 'the', 'first', 'time', ',', 'in', 'the', 'first', 'of', 'the', 'first', 'read@@', 'ing', 'of', 'the', 'C@@', 'an@@', 'o', ',', 'the', 'C@@', 'an@@', 'o', 'and', 'the', 'C@@', 'an@@', 'o', ',', 'and', 'the', 'economic', 're@@', 'form', 'of', 'the', 'economic', 'and', 'the', 'economic', 'and', 'the', 'economic', 'and', 'the', 'economic', 'and', 'the', 'economic', 'policy', '.', '</s>']
2026-05-09 10:30:25,568 - INFO - joeynmt.training - 	Source:     Indiens neuer Premierminister Narendra Modi trifft bei seinem ersten wichtigen Auslandsbesuch seit seinem Wahlsieg im Mai seinen japanischen Amtskollegen Shinzo Abe in Toko , um wirtschaftliche und sicherheitspolitische Beziehungen zu besprechen .
2026-05-09 10:30:25,568 - INFO - joeynmt.training - 	Reference:  India &apos;s new prime minister , Narendra Modi , is meeting his Japanese counterpart , Shinzo Abe , in Tokyo to discuss economic and security ties , on his first major foreign visit since winning May &apos;s election .
2026-05-09 10:30:25,568 - INFO - joeynmt.training - 	Hypothesis: in the case of the United States , the first of the first reading of the first , in the first time , in the first of the first reading of the Cano , the Cano and the Cano , and the economic reform of the economic and the economic and the economic and the economic and the economic policy .
2026-05-09 10:30:25,568 - INFO - joeynmt.training - Example #2
2026-05-09 10:30:25,568 - DEBUG - joeynmt.training - 	Tokenized source:     ['Herr', 'Mo@@', 'd@@', 'i', 'befindet', 'sich', 'auf', 'einer', 'fü@@', 'n@@', 'f@@', 'tä@@', 'gi@@', 'gen', 'Rei@@', 'se', 'nach', 'J@@', 'ap@@', 'an', ',', 'um', 'die', 'wirtschaf@@', 'tlichen', 'Be@@', 'zieh@@', 'ungen', 'mit', 'der', 'd@@', 'rit@@', 't@@', 'größ@@', 'ten', 'Wirtschafts@@', 'n@@', 'ation', 'der', 'Welt', 'zu', 'fes@@', 'tigen', '.']
2026-05-09 10:30:25,568 - DEBUG - joeynmt.training - 	Tokenized reference:  ['Mr', 'Mo@@', 'd@@', 'i', 'is', 'on', 'a', 'fi@@', 've', '@@@', '-@@', '@', 'day', 'tri@@', 'p', 'to', 'J@@', 'ap@@', 'an', 'to', 'streng@@', 'then', 'economic', 'ties', 'with', 'the', 'third', 'lar@@', 'ges@@', 't', 'econom@@', 'y', 'in', 'the', 'world', '.']
2026-05-09 10:30:25,568 - DEBUG - joeynmt.training - 	Tokenized hypothesis: ['Mr', 'President', ',', 'the', 're@@', 'st', 'of', 'a', 're@@', 'ality', 'of', 'the', 'C@@', 'our@@', 't', 'of', 'the', 'C@@', 'our@@', 't', 'of', 'the', 'world', '&apos;s', 'economic', 'and', 'the', 'world', '.', '</s>']
2026-05-09 10:30:25,568 - INFO - joeynmt.training - 	Source:     Herr Modi befindet sich auf einer fünftägigen Reise nach Japan , um die wirtschaftlichen Beziehungen mit der drittgrößten Wirtschaftsnation der Welt zu festigen .
2026-05-09 10:30:25,568 - INFO - joeynmt.training - 	Reference:  Mr Modi is on a five @-@ day trip to Japan to strengthen economic ties with the third largest economy in the world .
2026-05-09 10:30:25,568 - INFO - joeynmt.training - 	Hypothesis: Mr President , the rest of a reality of the Court of the Court of the world &apos;s economic and the world .
2026-05-09 10:30:25,568 - INFO - joeynmt.training - Example #3
2026-05-09 10:30:25,569 - DEBUG - joeynmt.training - 	Tokenized source:     ['P@@', 'län@@', 'e', 'für', 'eine', 'stärk@@', 'ere', 'k@@', 'ern@@', 'techn@@', 'ische', 'Zusammenarbeit', 'stehen', 'ganz', 'ob@@', 'en', 'auf', 'der', 'Tag@@', 'es@@', 'ordnung', '.']
2026-05-09 10:30:25,569 - DEBUG - joeynmt.training - 	Tokenized reference:  ['high', 'on', 'the', 'agen@@', 'da', 'are', 'pl@@', 'ans', 'for', 'gre@@', 'ater', 'nu@@', 'clear', 'c@@', 'o', '@@@', '-@@', '@', 'operation', '.']
2026-05-09 10:30:25,569 - DEBUG - joeynmt.training - 	Tokenized hypothesis: ['P@@', 'P@@', 'P@@', 'P', 'is', 'a', 'very', 'important', 'for', 'the', 'development', 'of', 'the', 'development', 'of', 'the', 'Committee', 'on', 'A@@', 'ff@@', 'air@@', 's', '.', '</s>']
2026-05-09 10:30:25,569 - INFO - joeynmt.training - 	Source:     Pläne für eine stärkere kerntechnische Zusammenarbeit stehen ganz oben auf der Tagesordnung .
2026-05-09 10:30:25,569 - INFO - joeynmt.training - 	Reference:  high on the agenda are plans for greater nuclear co @-@ operation .
2026-05-09 10:30:25,569 - INFO - joeynmt.training - 	Hypothesis: PPPP is a very important for the development of the development of the Committee on Affairs .
2026-05-09 10:30:25,569 - INFO - joeynmt.training - Example #4
2026-05-09 10:30:25,569 - DEBUG - joeynmt.training - 	Tokenized source:     ['Berich@@', 'ten', 'zu@@', 'fol@@', 'ge', 'ho@@', 'fft', 'Indi@@', 'en', 'darüber', 'hinaus', 'auf', 'einen', 'Ver@@', 'trag', 'zur', 'Ver@@', 'tei@@', 'dig@@', 'ungs@@', 'zusammen@@', 'arbeit', 'zwischen', 'den', 'beiden', 'N@@', 'ationen', '.']
2026-05-09 10:30:25,569 - DEBUG - joeynmt.training - 	Tokenized reference:  ['Indi@@', 'a', 'is', 'also', 're@@', 'porte@@', 'dly', 'hop@@', 'ing', 'for', 'a', 'de@@', 'al', 'on', 'def@@', 'ence', 'c@@', 'oll@@', 'ab@@', 'or@@', 'ation', 'between', 'the', 'two', 'n@@', 'ations', '.']
2026-05-09 10:30:25,569 - DEBUG - joeynmt.training - 	Tokenized hypothesis: ['fin@@', 'ally', ',', 'the', 're@@', 'st', 'of', 'the', 're@@', 'lev@@', 'ant', 're@@', 'form', 'of', 'the', 'two', 'c@@', 'ases', '.', '</s>']
2026-05-09 10:30:25,569 - INFO - joeynmt.training - 	Source:     Berichten zufolge hofft Indien darüber hinaus auf einen Vertrag zur Verteidigungszusammenarbeit zwischen den beiden Nationen .
2026-05-09 10:30:25,569 - INFO - joeynmt.training - 	Reference:  India is also reportedly hoping for a deal on defence collaboration between the two nations .
2026-05-09 10:30:25,569 - INFO - joeynmt.training - 	Hypothesis: finally , the rest of the relevant reform of the two cases .
2026-05-09 10:30:39,498 - INFO - joeynmt.training - Epoch   2, Step:     5600, Batch Loss:     2.463856, Batch Acc: 0.321094, Tokens per Sec:     6374, Lr: 0.000300
2026-05-09 10:30:53,673 - INFO - joeynmt.training - Epoch   2, Step:     5700, Batch Loss:     2.397962, Batch Acc: 0.318090, Tokens per Sec:     6416, Lr: 0.000300
2026-05-09 10:31:08,131 - INFO - joeynmt.training - Epoch   2, Step:     5800, Batch Loss:     2.555270, Batch Acc: 0.317904, Tokens per Sec:     6433, Lr: 0.000300
2026-05-09 10:31:22,365 - INFO - joeynmt.training - Epoch   2, Step:     5900, Batch Loss:     2.552696, Batch Acc: 0.324974, Tokens per Sec:     6410, Lr: 0.000300
2026-05-09 10:31:37,075 - INFO - joeynmt.training - Epoch   2, Step:     6000, Batch Loss:     2.484504, Batch Acc: 0.324118, Tokens per Sec:     6315, Lr: 0.000300
2026-05-09 10:31:37,075 - INFO - joeynmt.prediction - Predicting 500 example(s)... (Greedy decoding with min_output_length=1, max_output_length=-1, return_prob='none', generate_unk=True, repetition_penalty=-1, no_repeat_ngram_size=-1)
2026-05-09 10:32:02,930 - INFO - joeynmt.prediction - Evaluation result (greedy) loss:   2.89, ppl:  18.03, acc:   0.25, generation: 25.8514[sec], evaluation: 0.0000[sec]
2026-05-09 10:32:02,932 - INFO - joeynmt.training - Hooray! New best validation result [ppl]!
2026-05-09 10:32:02,999 - INFO - joeynmt.helpers - delete models/deen_transformer_post/3500.ckpt
2026-05-09 10:32:03,002 - INFO - joeynmt.training - Example #0
2026-05-09 10:32:03,003 - DEBUG - joeynmt.training - 	Tokenized source:     ['die', 'Pre@@', 'mi@@', 'er@@', 'minist@@', 'er', 'Indi@@', 'ens', 'und', 'J@@', 'ap@@', 'ans', 'tra@@', 'fen', 'sich', 'in', 'T@@', 'ok@@', 'i@@', 'o', '.']
2026-05-09 10:32:03,003 - DEBUG - joeynmt.training - 	Tokenized reference:  ['Indi@@', 'a', 'and', 'J@@', 'ap@@', 'an', 'pri@@', 'me', 'minist@@', 'ers', 'me@@', 'et', 'in', 'T@@', 'ok@@', 'y@@', 'o']
2026-05-09 10:32:03,003 - DEBUG - joeynmt.training - 	Tokenized hypothesis: ['the', 'S@@', 'wi@@', 'tz@@', 'er@@', 'land', 'and', 'the', 'C@@', 'a@@', 'di@@', 'o', 'and', 'the', 'C@@', 'a@@', 'vi@@', 'g@@', 'or@@', 'ous', '.', '</s>']
2026-05-09 10:32:03,003 - INFO - joeynmt.training - 	Source:     die Premierminister Indiens und Japans trafen sich in Tokio .
2026-05-09 10:32:03,003 - INFO - joeynmt.training - 	Reference:  India and Japan prime ministers meet in Tokyo
2026-05-09 10:32:03,003 - INFO - joeynmt.training - 	Hypothesis: the Switzerland and the Cadio and the Cavigorous .
2026-05-09 10:32:03,003 - INFO - joeynmt.training - Example #1
2026-05-09 10:32:03,003 - DEBUG - joeynmt.training - 	Tokenized source:     ['Indi@@', 'ens', 'neu@@', 'er', 'Pre@@', 'mi@@', 'er@@', 'minist@@', 'er', 'N@@', 'ar@@', 'end@@', 'ra', 'Mo@@', 'd@@', 'i', 'tri@@', 'fft', 'bei', 's@@', 'einem', 'ersten', 'wichti@@', 'gen', 'Aus@@', 'land@@', 's@@', 'bes@@', 'u@@', 'ch', 'seit', 's@@', 'einem', 'W@@', 'ah@@', 'l@@', 'si@@', 'e@@', 'g', 'im', 'Ma@@', 'i', 'seinen', 'j@@', 'ap@@', 'an@@', 'ischen', 'Am@@', 'ts@@', 'k@@', 'olle@@', 'gen', 'S@@', 'hin@@', 'z@@', 'o', 'A@@', 'be', 'in', 'T@@', 'ok@@', 'o', ',', 'um', 'wirtschaf@@', 'tliche', 'und', 'sicher@@', 'heits@@', 'politische', 'Be@@', 'zieh@@', 'ungen', 'zu', 'bes@@', 'pre@@', 'chen', '.']
2026-05-09 10:32:03,003 - DEBUG - joeynmt.training - 	Tokenized reference:  ['Indi@@', 'a', '&apos;s', 'new', 'pri@@', 'me', 'minist@@', 'er', ',', 'N@@', 'ar@@', 'end@@', 'ra', 'Mo@@', 'd@@', 'i', ',', 'is', 'me@@', 'eting', 'his', 'J@@', 'ap@@', 'an@@', 'ese', 'coun@@', 'ter@@', 'part', ',', 'S@@', 'hin@@', 'z@@', 'o', 'A@@', 'be', ',', 'in', 'T@@', 'ok@@', 'y@@', 'o', 'to', 'disc@@', 'uss', 'economic', 'and', 'security', 'ties', ',', 'on', 'his', 'first', 'major', 'fore@@', 'ign', 'visi@@', 't', 'since', 'w@@', 'inn@@', 'ing', 'Ma@@', 'y', '&apos;s', 'elec@@', 'tion', '.']
2026-05-09 10:32:03,003 - DEBUG - joeynmt.training - 	Tokenized hypothesis: ['the', 'first', 'of', 'the', 'two', 'years', 'of', 'the', 'first', 'c@@', 'la@@', 'im@@', 'ed', 'in', 'the', 'first', 'time', ',', 'in', 'a', 'few', 'years', ',', 'the', 'first', 'of', 'the', 'first', 're@@', 'st', 'of', 'the', 'first', 're@@', 'la@@', 'x@@', 'ing', 'of', 'the', 'C@@', 'hr@@', 'is@@', 'ti@@', 'an', 'A@@', 'mer@@', 'ic@@', 'a', 'and', 'the', 'economic', 'and', 'the', 'economic', 'and', 'demo@@', 'c@@', 'rati@@', 'c', 'poli@@', 'ce', 'of', 'the', 'human', 'rights', 'of', 'the', 'human', 'rights', 'of', 'the', 'human', 'rights', 'of', 'demo@@', 'c@@', 'rati@@', 'c', 'and', 'the', 'human', 'rights', '.', '</s>']
2026-05-09 10:32:03,003 - INFO - joeynmt.training - 	Source:     Indiens neuer Premierminister Narendra Modi trifft bei seinem ersten wichtigen Auslandsbesuch seit seinem Wahlsieg im Mai seinen japanischen Amtskollegen Shinzo Abe in Toko , um wirtschaftliche und sicherheitspolitische Beziehungen zu besprechen .
2026-05-09 10:32:03,003 - INFO - joeynmt.training - 	Reference:  India &apos;s new prime minister , Narendra Modi , is meeting his Japanese counterpart , Shinzo Abe , in Tokyo to discuss economic and security ties , on his first major foreign visit since winning May &apos;s election .
2026-05-09 10:32:03,003 - INFO - joeynmt.training - 	Hypothesis: the first of the two years of the first claimed in the first time , in a few years , the first of the first rest of the first relaxing of the Christian America and the economic and the economic and democratic police of the human rights of the human rights of the human rights of democratic and the human rights .
2026-05-09 10:32:03,003 - INFO - joeynmt.training - Example #2
2026-05-09 10:32:03,003 - DEBUG - joeynmt.training - 	Tokenized source:     ['Herr', 'Mo@@', 'd@@', 'i', 'befindet', 'sich', 'auf', 'einer', 'fü@@', 'n@@', 'f@@', 'tä@@', 'gi@@', 'gen', 'Rei@@', 'se', 'nach', 'J@@', 'ap@@', 'an', ',', 'um', 'die', 'wirtschaf@@', 'tlichen', 'Be@@', 'zieh@@', 'ungen', 'mit', 'der', 'd@@', 'rit@@', 't@@', 'größ@@', 'ten', 'Wirtschafts@@', 'n@@', 'ation', 'der', 'Welt', 'zu', 'fes@@', 'tigen', '.']
2026-05-09 10:32:03,003 - DEBUG - joeynmt.training - 	Tokenized reference:  ['Mr', 'Mo@@', 'd@@', 'i', 'is', 'on', 'a', 'fi@@', 've', '@@@', '-@@', '@', 'day', 'tri@@', 'p', 'to', 'J@@', 'ap@@', 'an', 'to', 'streng@@', 'then', 'economic', 'ties', 'with', 'the', 'third', 'lar@@', 'ges@@', 't', 'econom@@', 'y', 'in', 'the', 'world', '.']
2026-05-09 10:32:03,003 - DEBUG - joeynmt.training - 	Tokenized hypothesis: ['Mr', 'B@@', 'la@@', 'g@@', 'or@@', 'e', 'is', 'a', 'great', 'de@@', 'al', 'of', 'the', 'world', 'of', 'the', 'world', 'of', 'the', 'world', ',', 'which', 'is', 'the', 'most', 'important', 'of', 'the', 'world', 'of', 'the', 'world', 'of', 'the', 'world', 'of', 'the', 'world', '.', '</s>']
2026-05-09 10:32:03,003 - INFO - joeynmt.training - 	Source:     Herr Modi befindet sich auf einer fünftägigen Reise nach Japan , um die wirtschaftlichen Beziehungen mit der drittgrößten Wirtschaftsnation der Welt zu festigen .
2026-05-09 10:32:03,003 - INFO - joeynmt.training - 	Reference:  Mr Modi is on a five @-@ day trip to Japan to strengthen economic ties with the third largest economy in the world .
2026-05-09 10:32:03,003 - INFO - joeynmt.training - 	Hypothesis: Mr Blagore is a great deal of the world of the world of the world , which is the most important of the world of the world of the world of the world .
2026-05-09 10:32:03,003 - INFO - joeynmt.training - Example #3
2026-05-09 10:32:03,003 - DEBUG - joeynmt.training - 	Tokenized source:     ['P@@', 'län@@', 'e', 'für', 'eine', 'stärk@@', 'ere', 'k@@', 'ern@@', 'techn@@', 'ische', 'Zusammenarbeit', 'stehen', 'ganz', 'ob@@', 'en', 'auf', 'der', 'Tag@@', 'es@@', 'ordnung', '.']
2026-05-09 10:32:03,003 - DEBUG - joeynmt.training - 	Tokenized reference:  ['high', 'on', 'the', 'agen@@', 'da', 'are', 'pl@@', 'ans', 'for', 'gre@@', 'ater', 'nu@@', 'clear', 'c@@', 'o', '@@@', '-@@', '@', 'operation', '.']
2026-05-09 10:32:03,003 - DEBUG - joeynmt.training - 	Tokenized hypothesis: ['the', 'market', 'for', 'a', 'European', 'partn@@', 'er@@', 'ship', ',', 'the', 'development', 'of', 'the', 're@@', 'st', 'of', 'the', 're@@', 'st', 'of', 'the', 're@@', 'form', 'of', 'the', 're@@', 'st', 'of', 'the', 're@@', 'st', 'of', 'the', 're@@', 'st', 'of', 'the', 're@@', 'st', 'of', 'the', 're@@', 'st', 'of', 'the', 're@@', 'st', 'of', 'the', 're@@', 'st', 'of', 'the', 'A@@', 'mer@@', 'ic@@', 'a', '.', '</s>']
2026-05-09 10:32:03,003 - INFO - joeynmt.training - 	Source:     Pläne für eine stärkere kerntechnische Zusammenarbeit stehen ganz oben auf der Tagesordnung .
2026-05-09 10:32:03,003 - INFO - joeynmt.training - 	Reference:  high on the agenda are plans for greater nuclear co @-@ operation .
2026-05-09 10:32:03,003 - INFO - joeynmt.training - 	Hypothesis: the market for a European partnership , the development of the rest of the rest of the reform of the rest of the rest of the rest of the rest of the rest of the rest of the rest of the America .
2026-05-09 10:32:03,003 - INFO - joeynmt.training - Example #4
2026-05-09 10:32:03,003 - DEBUG - joeynmt.training - 	Tokenized source:     ['Berich@@', 'ten', 'zu@@', 'fol@@', 'ge', 'ho@@', 'fft', 'Indi@@', 'en', 'darüber', 'hinaus', 'auf', 'einen', 'Ver@@', 'trag', 'zur', 'Ver@@', 'tei@@', 'dig@@', 'ungs@@', 'zusammen@@', 'arbeit', 'zwischen', 'den', 'beiden', 'N@@', 'ationen', '.']
2026-05-09 10:32:03,003 - DEBUG - joeynmt.training - 	Tokenized reference:  ['Indi@@', 'a', 'is', 'also', 're@@', 'porte@@', 'dly', 'hop@@', 'ing', 'for', 'a', 'de@@', 'al', 'on', 'def@@', 'ence', 'c@@', 'oll@@', 'ab@@', 'or@@', 'ation', 'between', 'the', 'two', 'n@@', 'ations', '.']
2026-05-09 10:32:03,003 - DEBUG - joeynmt.training - 	Tokenized hypothesis: ['my', 'colle@@', 'ag@@', 'u@@', 'es', ',', 'in', 'particular', ',', 'the', 'two', 'of', 'the', 'two', 'of', 'the', 'two', 'of', 'the', 'two', 'of', 'the', 'two', 'of', 'the', 'two', 'of', 'the', 'two', 'of', 'the', 'two', 'of', 'the', 'two', '.', '</s>']
2026-05-09 10:32:03,003 - INFO - joeynmt.training - 	Source:     Berichten zufolge hofft Indien darüber hinaus auf einen Vertrag zur Verteidigungszusammenarbeit zwischen den beiden Nationen .
2026-05-09 10:32:03,003 - INFO - joeynmt.training - 	Reference:  India is also reportedly hoping for a deal on defence collaboration between the two nations .
2026-05-09 10:32:03,004 - INFO - joeynmt.training - 	Hypothesis: my colleagues , in particular , the two of the two of the two of the two of the two of the two of the two of the two of the two .
2026-05-09 10:32:16,773 - INFO - joeynmt.training - Epoch   2, Step:     6100, Batch Loss:     2.376778, Batch Acc: 0.322406, Tokens per Sec:     6634, Lr: 0.000300
2026-05-09 10:32:30,699 - INFO - joeynmt.training - Epoch   2, Step:     6200, Batch Loss:     2.577205, Batch Acc: 0.323981, Tokens per Sec:     6581, Lr: 0.000300
2026-05-09 10:32:44,820 - INFO - joeynmt.training - Epoch   2, Step:     6300, Batch Loss:     2.397294, Batch Acc: 0.327339, Tokens per Sec:     6565, Lr: 0.000300
2026-05-09 10:32:58,796 - INFO - joeynmt.training - Epoch   2, Step:     6400, Batch Loss:     2.305745, Batch Acc: 0.333428, Tokens per Sec:     6530, Lr: 0.000300
2026-05-09 10:33:12,798 - INFO - joeynmt.training - Epoch   2, Step:     6500, Batch Loss:     2.484236, Batch Acc: 0.332217, Tokens per Sec:     6396, Lr: 0.000300
2026-05-09 10:33:12,799 - INFO - joeynmt.prediction - Predicting 500 example(s)... (Greedy decoding with min_output_length=1, max_output_length=-1, return_prob='none', generate_unk=True, repetition_penalty=-1, no_repeat_ngram_size=-1)
2026-05-09 10:33:46,719 - INFO - joeynmt.prediction - Evaluation result (greedy) loss:   2.86, ppl:  17.52, acc:   0.26, generation: 33.9166[sec], evaluation: 0.0000[sec]
2026-05-09 10:33:46,722 - INFO - joeynmt.training - Hooray! New best validation result [ppl]!
2026-05-09 10:33:46,796 - INFO - joeynmt.helpers - delete models/deen_transformer_post/4000.ckpt
2026-05-09 10:33:46,798 - INFO - joeynmt.training - Example #0
2026-05-09 10:33:46,798 - DEBUG - joeynmt.training - 	Tokenized source:     ['die', 'Pre@@', 'mi@@', 'er@@', 'minist@@', 'er', 'Indi@@', 'ens', 'und', 'J@@', 'ap@@', 'ans', 'tra@@', 'fen', 'sich', 'in', 'T@@', 'ok@@', 'i@@', 'o', '.']
2026-05-09 10:33:46,798 - DEBUG - joeynmt.training - 	Tokenized reference:  ['Indi@@', 'a', 'and', 'J@@', 'ap@@', 'an', 'pri@@', 'me', 'minist@@', 'ers', 'me@@', 'et', 'in', 'T@@', 'ok@@', 'y@@', 'o']
2026-05-09 10:33:46,798 - DEBUG - joeynmt.training - 	Tokenized hypothesis: ['the', 'S@@', 'wi@@', 'tz@@', 'er@@', 'land', 'and', 'J@@', 'o@@', 'o', ',', 'and', 'J@@', 'o@@', 'o', '.', '</s>']
2026-05-09 10:33:46,798 - INFO - joeynmt.training - 	Source:     die Premierminister Indiens und Japans trafen sich in Tokio .
2026-05-09 10:33:46,798 - INFO - joeynmt.training - 	Reference:  India and Japan prime ministers meet in Tokyo
2026-05-09 10:33:46,798 - INFO - joeynmt.training - 	Hypothesis: the Switzerland and Joo , and Joo .
2026-05-09 10:33:46,798 - INFO - joeynmt.training - Example #1
2026-05-09 10:33:46,799 - DEBUG - joeynmt.training - 	Tokenized source:     ['Indi@@', 'ens', 'neu@@', 'er', 'Pre@@', 'mi@@', 'er@@', 'minist@@', 'er', 'N@@', 'ar@@', 'end@@', 'ra', 'Mo@@', 'd@@', 'i', 'tri@@', 'fft', 'bei', 's@@', 'einem', 'ersten', 'wichti@@', 'gen', 'Aus@@', 'land@@', 's@@', 'bes@@', 'u@@', 'ch', 'seit', 's@@', 'einem', 'W@@', 'ah@@', 'l@@', 'si@@', 'e@@', 'g', 'im', 'Ma@@', 'i', 'seinen', 'j@@', 'ap@@', 'an@@', 'ischen', 'Am@@', 'ts@@', 'k@@', 'olle@@', 'gen', 'S@@', 'hin@@', 'z@@', 'o', 'A@@', 'be', 'in', 'T@@', 'ok@@', 'o', ',', 'um', 'wirtschaf@@', 'tliche', 'und', 'sicher@@', 'heits@@', 'politische', 'Be@@', 'zieh@@', 'ungen', 'zu', 'bes@@', 'pre@@', 'chen', '.']
2026-05-09 10:33:46,799 - DEBUG - joeynmt.training - 	Tokenized reference:  ['Indi@@', 'a', '&apos;s', 'new', 'pri@@', 'me', 'minist@@', 'er', ',', 'N@@', 'ar@@', 'end@@', 'ra', 'Mo@@', 'd@@', 'i', ',', 'is', 'me@@', 'eting', 'his', 'J@@', 'ap@@', 'an@@', 'ese', 'coun@@', 'ter@@', 'part', ',', 'S@@', 'hin@@', 'z@@', 'o', 'A@@', 'be', ',', 'in', 'T@@', 'ok@@', 'y@@', 'o', 'to', 'disc@@', 'uss', 'economic', 'and', 'security', 'ties', ',', 'on', 'his', 'first', 'major', 'fore@@', 'ign', 'visi@@', 't', 'since', 'w@@', 'inn@@', 'ing', 'Ma@@', 'y', '&apos;s', 'elec@@', 'tion', '.']
2026-05-09 10:33:46,799 - DEBUG - joeynmt.training - 	Tokenized hypothesis: ['in', 'the', 'new', 'years', ',', 'the', 'first', 'of', 'the', 'first', 'b@@', 'on@@', 'y', 'of', 'the', 'first', 'first', 'first', 'of', 'the', 'first', 'first', 'of', 'the', 'first', 'time', ',', 'in', 'the', 'first', 'time', 'of', 'the', 'S@@', 'un@@', 'day', ',', 'the', 'S@@', 'un@@', 'day', ',', 'the', 'S@@', 'ol@@', 'i', ',', 'and', 'the', 'S@@', 'ol@@', 'i', ',', 'the', 'S@@', 'ol@@', 'i', ',', 'and', 'the', 'political', 'political', 'and', 'the', 'political', 'political', 'and', 'to', 're@@', 'la@@', 'x@@', 'ing', 'of', 'the', 'political', 'and', 'the', 'political', 'political', 'and', 'the', 'political', 'political', 'political', '.', '</s>']
2026-05-09 10:33:46,799 - INFO - joeynmt.training - 	Source:     Indiens neuer Premierminister Narendra Modi trifft bei seinem ersten wichtigen Auslandsbesuch seit seinem Wahlsieg im Mai seinen japanischen Amtskollegen Shinzo Abe in Toko , um wirtschaftliche und sicherheitspolitische Beziehungen zu besprechen .
2026-05-09 10:33:46,799 - INFO - joeynmt.training - 	Reference:  India &apos;s new prime minister , Narendra Modi , is meeting his Japanese counterpart , Shinzo Abe , in Tokyo to discuss economic and security ties , on his first major foreign visit since winning May &apos;s election .
2026-05-09 10:33:46,799 - INFO - joeynmt.training - 	Hypothesis: in the new years , the first of the first bony of the first first first of the first first of the first time , in the first time of the Sunday , the Sunday , the Soli , and the Soli , the Soli , and the political political and the political political and to relaxing of the political and the political political and the political political political .
2026-05-09 10:33:46,799 - INFO - joeynmt.training - Example #2
2026-05-09 10:33:46,799 - DEBUG - joeynmt.training - 	Tokenized source:     ['Herr', 'Mo@@', 'd@@', 'i', 'befindet', 'sich', 'auf', 'einer', 'fü@@', 'n@@', 'f@@', 'tä@@', 'gi@@', 'gen', 'Rei@@', 'se', 'nach', 'J@@', 'ap@@', 'an', ',', 'um', 'die', 'wirtschaf@@', 'tlichen', 'Be@@', 'zieh@@', 'ungen', 'mit', 'der', 'd@@', 'rit@@', 't@@', 'größ@@', 'ten', 'Wirtschafts@@', 'n@@', 'ation', 'der', 'Welt', 'zu', 'fes@@', 'tigen', '.']
2026-05-09 10:33:46,799 - DEBUG - joeynmt.training - 	Tokenized reference:  ['Mr', 'Mo@@', 'd@@', 'i', 'is', 'on', 'a', 'fi@@', 've', '@@@', '-@@', '@', 'day', 'tri@@', 'p', 'to', 'J@@', 'ap@@', 'an', 'to', 'streng@@', 'then', 'economic', 'ties', 'with', 'the', 'third', 'lar@@', 'ges@@', 't', 'econom@@', 'y', 'in', 'the', 'world', '.']
2026-05-09 10:33:46,799 - DEBUG - joeynmt.training - 	Tokenized hypothesis: ['Mr', 'B@@', 'i', 'is', 'a', 'is', 'a', 'very', 'much', 'more', 'than', 'the', 'world', '&apos;s', 'economic', ',', 'the', 'economic', ',', 'the', 'economic', ',', 'which', 'is', 'the', 'most', 'of', 'the', 'world', '&apos;s', 'world', '&apos;s', 'world', '&apos;s', 'world', '&apos;s', 'world', '&apos;s', 'world', '.', '</s>']
2026-05-09 10:33:46,799 - INFO - joeynmt.training - 	Source:     Herr Modi befindet sich auf einer fünftägigen Reise nach Japan , um die wirtschaftlichen Beziehungen mit der drittgrößten Wirtschaftsnation der Welt zu festigen .
2026-05-09 10:33:46,799 - INFO - joeynmt.training - 	Reference:  Mr Modi is on a five @-@ day trip to Japan to strengthen economic ties with the third largest economy in the world .
2026-05-09 10:33:46,799 - INFO - joeynmt.training - 	Hypothesis: Mr Bi is a is a very much more than the world &apos;s economic , the economic , the economic , which is the most of the world &apos;s world &apos;s world &apos;s world &apos;s world &apos;s world .
2026-05-09 10:33:46,799 - INFO - joeynmt.training - Example #3
2026-05-09 10:33:46,799 - DEBUG - joeynmt.training - 	Tokenized source:     ['P@@', 'län@@', 'e', 'für', 'eine', 'stärk@@', 'ere', 'k@@', 'ern@@', 'techn@@', 'ische', 'Zusammenarbeit', 'stehen', 'ganz', 'ob@@', 'en', 'auf', 'der', 'Tag@@', 'es@@', 'ordnung', '.']
2026-05-09 10:33:46,799 - DEBUG - joeynmt.training - 	Tokenized reference:  ['high', 'on', 'the', 'agen@@', 'da', 'are', 'pl@@', 'ans', 'for', 'gre@@', 'ater', 'nu@@', 'clear', 'c@@', 'o', '@@@', '-@@', '@', 'operation', '.']
2026-05-09 10:33:46,799 - DEBUG - joeynmt.training - 	Tokenized hypothesis: ['P@@', 'P@@', 'P@@', 'ol@@', 'and', 'a', 'a', 'European', 'partn@@', 'er@@', 'ship', 'are', 'the', 're@@', 'lev@@', 'ant', 'to', 'the', 're@@', 'form', 'of', 'the', 're@@', 'st', '.', '</s>']
2026-05-09 10:33:46,799 - INFO - joeynmt.training - 	Source:     Pläne für eine stärkere kerntechnische Zusammenarbeit stehen ganz oben auf der Tagesordnung .
2026-05-09 10:33:46,799 - INFO - joeynmt.training - 	Reference:  high on the agenda are plans for greater nuclear co @-@ operation .
2026-05-09 10:33:46,799 - INFO - joeynmt.training - 	Hypothesis: PPPoland a a European partnership are the relevant to the reform of the rest .
2026-05-09 10:33:46,799 - INFO - joeynmt.training - Example #4
2026-05-09 10:33:46,799 - DEBUG - joeynmt.training - 	Tokenized source:     ['Berich@@', 'ten', 'zu@@', 'fol@@', 'ge', 'ho@@', 'fft', 'Indi@@', 'en', 'darüber', 'hinaus', 'auf', 'einen', 'Ver@@', 'trag', 'zur', 'Ver@@', 'tei@@', 'dig@@', 'ungs@@', 'zusammen@@', 'arbeit', 'zwischen', 'den', 'beiden', 'N@@', 'ationen', '.']
2026-05-09 10:33:46,799 - DEBUG - joeynmt.training - 	Tokenized reference:  ['Indi@@', 'a', 'is', 'also', 're@@', 'porte@@', 'dly', 'hop@@', 'ing', 'for', 'a', 'de@@', 'al', 'on', 'def@@', 'ence', 'c@@', 'oll@@', 'ab@@', 'or@@', 'ation', 'between', 'the', 'two', 'n@@', 'ations', '.']
2026-05-09 10:33:46,799 - DEBUG - joeynmt.training - 	Tokenized hypothesis: ['in', 'the', 'con@@', 'text', ',', 'the', 'two', 'poin@@', 'ts', 'on', 'the', 'two', 'poin@@', 'ts', 'on', 'the', 'two', 'two', 'two', 'two', 'two', 'two', 'two', 'two', 'two', 'two', 'two', 'two', 'years', '.', '</s>']
2026-05-09 10:33:46,799 - INFO - joeynmt.training - 	Source:     Berichten zufolge hofft Indien darüber hinaus auf einen Vertrag zur Verteidigungszusammenarbeit zwischen den beiden Nationen .
2026-05-09 10:33:46,799 - INFO - joeynmt.training - 	Reference:  India is also reportedly hoping for a deal on defence collaboration between the two nations .
2026-05-09 10:33:46,799 - INFO - joeynmt.training - 	Hypothesis: in the context , the two points on the two points on the two two two two two two two two two two two two years .
2026-05-09 10:34:00,769 - INFO - joeynmt.training - Epoch   2, Step:     6600, Batch Loss:     2.444416, Batch Acc: 0.328362, Tokens per Sec:     6534, Lr: 0.000300
2026-05-09 10:34:14,861 - INFO - joeynmt.training - Epoch   2, Step:     6700, Batch Loss:     2.417338, Batch Acc: 0.334448, Tokens per Sec:     6518, Lr: 0.000300
2026-05-09 10:34:28,820 - INFO - joeynmt.training - Epoch   2, Step:     6800, Batch Loss:     2.416543, Batch Acc: 0.334386, Tokens per Sec:     6582, Lr: 0.000300
2026-05-09 10:34:42,830 - INFO - joeynmt.training - Epoch   2, Step:     6900, Batch Loss:     2.393483, Batch Acc: 0.332606, Tokens per Sec:     6540, Lr: 0.000300
2026-05-09 10:34:56,828 - INFO - joeynmt.training - Epoch   2, Step:     7000, Batch Loss:     2.441129, Batch Acc: 0.335438, Tokens per Sec:     6550, Lr: 0.000300
2026-05-09 10:34:56,829 - INFO - joeynmt.prediction - Predicting 500 example(s)... (Greedy decoding with min_output_length=1, max_output_length=-1, return_prob='none', generate_unk=True, repetition_penalty=-1, no_repeat_ngram_size=-1)
2026-05-09 10:35:17,388 - INFO - joeynmt.prediction - Evaluation result (greedy) loss:   2.84, ppl:  17.09, acc:   0.27, generation: 20.5560[sec], evaluation: 0.0000[sec]
2026-05-09 10:35:17,389 - INFO - joeynmt.training - Hooray! New best validation result [ppl]!
2026-05-09 10:35:17,459 - INFO - joeynmt.helpers - delete models/deen_transformer_post/4500.ckpt
2026-05-09 10:35:17,461 - INFO - joeynmt.training - Example #0
2026-05-09 10:35:17,461 - DEBUG - joeynmt.training - 	Tokenized source:     ['die', 'Pre@@', 'mi@@', 'er@@', 'minist@@', 'er', 'Indi@@', 'ens', 'und', 'J@@', 'ap@@', 'ans', 'tra@@', 'fen', 'sich', 'in', 'T@@', 'ok@@', 'i@@', 'o', '.']
2026-05-09 10:35:17,461 - DEBUG - joeynmt.training - 	Tokenized reference:  ['Indi@@', 'a', 'and', 'J@@', 'ap@@', 'an', 'pri@@', 'me', 'minist@@', 'ers', 'me@@', 'et', 'in', 'T@@', 'ok@@', 'y@@', 'o']
2026-05-09 10:35:17,461 - DEBUG - joeynmt.training - 	Tokenized hypothesis: ['the', 'S@@', 'wi@@', 'ss', 'F@@', 'ren@@', 'ch', 'and', 'J@@', 'ap@@', 'an', 'and', 'J@@', 'ap@@', 'an', 'and', 'J@@', 'ap@@', 'an', '.', '</s>']
2026-05-09 10:35:17,461 - INFO - joeynmt.training - 	Source:     die Premierminister Indiens und Japans trafen sich in Tokio .
2026-05-09 10:35:17,461 - INFO - joeynmt.training - 	Reference:  India and Japan prime ministers meet in Tokyo
2026-05-09 10:35:17,461 - INFO - joeynmt.training - 	Hypothesis: the Swiss French and Japan and Japan and Japan .
2026-05-09 10:35:17,461 - INFO - joeynmt.training - Example #1
2026-05-09 10:35:17,461 - DEBUG - joeynmt.training - 	Tokenized source:     ['Indi@@', 'ens', 'neu@@', 'er', 'Pre@@', 'mi@@', 'er@@', 'minist@@', 'er', 'N@@', 'ar@@', 'end@@', 'ra', 'Mo@@', 'd@@', 'i', 'tri@@', 'fft', 'bei', 's@@', 'einem', 'ersten', 'wichti@@', 'gen', 'Aus@@', 'land@@', 's@@', 'bes@@', 'u@@', 'ch', 'seit', 's@@', 'einem', 'W@@', 'ah@@', 'l@@', 'si@@', 'e@@', 'g', 'im', 'Ma@@', 'i', 'seinen', 'j@@', 'ap@@', 'an@@', 'ischen', 'Am@@', 'ts@@', 'k@@', 'olle@@', 'gen', 'S@@', 'hin@@', 'z@@', 'o', 'A@@', 'be', 'in', 'T@@', 'ok@@', 'o', ',', 'um', 'wirtschaf@@', 'tliche', 'und', 'sicher@@', 'heits@@', 'politische', 'Be@@', 'zieh@@', 'ungen', 'zu', 'bes@@', 'pre@@', 'chen', '.']
2026-05-09 10:35:17,461 - DEBUG - joeynmt.training - 	Tokenized reference:  ['Indi@@', 'a', '&apos;s', 'new', 'pri@@', 'me', 'minist@@', 'er', ',', 'N@@', 'ar@@', 'end@@', 'ra', 'Mo@@', 'd@@', 'i', ',', 'is', 'me@@', 'eting', 'his', 'J@@', 'ap@@', 'an@@', 'ese', 'coun@@', 'ter@@', 'part', ',', 'S@@', 'hin@@', 'z@@', 'o', 'A@@', 'be', ',', 'in', 'T@@', 'ok@@', 'y@@', 'o', 'to', 'disc@@', 'uss', 'economic', 'and', 'security', 'ties', ',', 'on', 'his', 'first', 'major', 'fore@@', 'ign', 'visi@@', 't', 'since', 'w@@', 'inn@@', 'ing', 'Ma@@', 'y', '&apos;s', 'elec@@', 'tion', '.']
2026-05-09 10:35:17,461 - DEBUG - joeynmt.training - 	Tokenized hypothesis: ['in', 'the', 'new', 'comm@@', 'unic@@', 'ation', 'of', 'the', 'F@@', 'ren@@', 'ch', 'of', 'his', 'own', 'own', 'own', ',', 'in', 'the', 'first', 'time', ',', 'in', 'the', 'first', 'time', ',', 'in', 'the', 'first', 'time', 'of', 'the', 'S@@', 'ol@@', 'f', 'of', 'the', 'A@@', 'ra@@', 'b', ',', 'and', 'the', 'C@@', 'ap@@', 'o', ',', 'and', 'the', 'de@@', 'ath', 'of', 'the', 'C@@', 'an@@', 'o', ',', 'and', 'the', 'political', 'and', 'the', 'political', 'and', 'the', 'political', 'and', 'social', 'policy', '.', '</s>']
2026-05-09 10:35:17,461 - INFO - joeynmt.training - 	Source:     Indiens neuer Premierminister Narendra Modi trifft bei seinem ersten wichtigen Auslandsbesuch seit seinem Wahlsieg im Mai seinen japanischen Amtskollegen Shinzo Abe in Toko , um wirtschaftliche und sicherheitspolitische Beziehungen zu besprechen .
2026-05-09 10:35:17,461 - INFO - joeynmt.training - 	Reference:  India &apos;s new prime minister , Narendra Modi , is meeting his Japanese counterpart , Shinzo Abe , in Tokyo to discuss economic and security ties , on his first major foreign visit since winning May &apos;s election .
2026-05-09 10:35:17,461 - INFO - joeynmt.training - 	Hypothesis: in the new communication of the French of his own own own , in the first time , in the first time , in the first time of the Solf of the Arab , and the Capo , and the death of the Cano , and the political and the political and the political and social policy .
2026-05-09 10:35:17,461 - INFO - joeynmt.training - Example #2
2026-05-09 10:35:17,461 - DEBUG - joeynmt.training - 	Tokenized source:     ['Herr', 'Mo@@', 'd@@', 'i', 'befindet', 'sich', 'auf', 'einer', 'fü@@', 'n@@', 'f@@', 'tä@@', 'gi@@', 'gen', 'Rei@@', 'se', 'nach', 'J@@', 'ap@@', 'an', ',', 'um', 'die', 'wirtschaf@@', 'tlichen', 'Be@@', 'zieh@@', 'ungen', 'mit', 'der', 'd@@', 'rit@@', 't@@', 'größ@@', 'ten', 'Wirtschafts@@', 'n@@', 'ation', 'der', 'Welt', 'zu', 'fes@@', 'tigen', '.']
2026-05-09 10:35:17,461 - DEBUG - joeynmt.training - 	Tokenized reference:  ['Mr', 'Mo@@', 'd@@', 'i', 'is', 'on', 'a', 'fi@@', 've', '@@@', '-@@', '@', 'day', 'tri@@', 'p', 'to', 'J@@', 'ap@@', 'an', 'to', 'streng@@', 'then', 'economic', 'ties', 'with', 'the', 'third', 'lar@@', 'ges@@', 't', 'econom@@', 'y', 'in', 'the', 'world', '.']
2026-05-09 10:35:17,461 - DEBUG - joeynmt.training - 	Tokenized hypothesis: ['Mr', 'B@@', 'ro@@', 't', 'is', 'a', 'very', 'good', 'way', 'to', 'the', 'public', 'of', 'the', 'public', 'of', 'the', 'economic', 'and', 'the', 'economic', 'economic', ',', 'which', 'is', 'the', 'world', '&apos;s', 'econom@@', 'y', 'to', 'the', 'world', '&apos;s', 'econom@@', 'y', '.', '</s>']
2026-05-09 10:35:17,461 - INFO - joeynmt.training - 	Source:     Herr Modi befindet sich auf einer fünftägigen Reise nach Japan , um die wirtschaftlichen Beziehungen mit der drittgrößten Wirtschaftsnation der Welt zu festigen .
2026-05-09 10:35:17,461 - INFO - joeynmt.training - 	Reference:  Mr Modi is on a five @-@ day trip to Japan to strengthen economic ties with the third largest economy in the world .
2026-05-09 10:35:17,461 - INFO - joeynmt.training - 	Hypothesis: Mr Brot is a very good way to the public of the public of the economic and the economic economic , which is the world &apos;s economy to the world &apos;s economy .
2026-05-09 10:35:17,461 - INFO - joeynmt.training - Example #3
2026-05-09 10:35:17,461 - DEBUG - joeynmt.training - 	Tokenized source:     ['P@@', 'län@@', 'e', 'für', 'eine', 'stärk@@', 'ere', 'k@@', 'ern@@', 'techn@@', 'ische', 'Zusammenarbeit', 'stehen', 'ganz', 'ob@@', 'en', 'auf', 'der', 'Tag@@', 'es@@', 'ordnung', '.']
2026-05-09 10:35:17,461 - DEBUG - joeynmt.training - 	Tokenized reference:  ['high', 'on', 'the', 'agen@@', 'da', 'are', 'pl@@', 'ans', 'for', 'gre@@', 'ater', 'nu@@', 'clear', 'c@@', 'o', '@@@', '-@@', '@', 'operation', '.']
2026-05-09 10:35:17,461 - DEBUG - joeynmt.training - 	Tokenized hypothesis: ['P@@', 'P@@', 'P@@', 'P@@', 's', 'for', 'a', 'common', 'partn@@', 'er@@', 'ship', 'is', 'a', 'very', 'important', 'role', '.', '</s>']
2026-05-09 10:35:17,461 - INFO - joeynmt.training - 	Source:     Pläne für eine stärkere kerntechnische Zusammenarbeit stehen ganz oben auf der Tagesordnung .
2026-05-09 10:35:17,461 - INFO - joeynmt.training - 	Reference:  high on the agenda are plans for greater nuclear co @-@ operation .
2026-05-09 10:35:17,461 - INFO - joeynmt.training - 	Hypothesis: PPPPs for a common partnership is a very important role .
2026-05-09 10:35:17,461 - INFO - joeynmt.training - Example #4
2026-05-09 10:35:17,461 - DEBUG - joeynmt.training - 	Tokenized source:     ['Berich@@', 'ten', 'zu@@', 'fol@@', 'ge', 'ho@@', 'fft', 'Indi@@', 'en', 'darüber', 'hinaus', 'auf', 'einen', 'Ver@@', 'trag', 'zur', 'Ver@@', 'tei@@', 'dig@@', 'ungs@@', 'zusammen@@', 'arbeit', 'zwischen', 'den', 'beiden', 'N@@', 'ationen', '.']
2026-05-09 10:35:17,462 - DEBUG - joeynmt.training - 	Tokenized reference:  ['Indi@@', 'a', 'is', 'also', 're@@', 'porte@@', 'dly', 'hop@@', 'ing', 'for', 'a', 'de@@', 'al', 'on', 'def@@', 'ence', 'c@@', 'oll@@', 'ab@@', 'or@@', 'ation', 'between', 'the', 'two', 'n@@', 'ations', '.']
2026-05-09 10:35:17,462 - DEBUG - joeynmt.training - 	Tokenized hypothesis: ['in', 'ad@@', 'dition', ',', 'the', 'propos@@', 'ed', 'con@@', 'fi@@', 'dence', 'of', 'the', 'propos@@', 'als', 'of', 'the', 'Commission', ',', 'in', 'the', 'Committee', 'on', 'Bu@@', 'd@@', 'get', '.', '</s>']
2026-05-09 10:35:17,462 - INFO - joeynmt.training - 	Source:     Berichten zufolge hofft Indien darüber hinaus auf einen Vertrag zur Verteidigungszusammenarbeit zwischen den beiden Nationen .
2026-05-09 10:35:17,462 - INFO - joeynmt.training - 	Reference:  India is also reportedly hoping for a deal on defence collaboration between the two nations .
2026-05-09 10:35:17,462 - INFO - joeynmt.training - 	Hypothesis: in addition , the proposed confidence of the proposals of the Commission , in the Committee on Budget .
2026-05-09 10:35:31,358 - INFO - joeynmt.training - Epoch   2, Step:     7100, Batch Loss:     2.414838, Batch Acc: 0.342847, Tokens per Sec:     6612, Lr: 0.000300
2026-05-09 10:35:45,405 - INFO - joeynmt.training - Epoch   2, Step:     7200, Batch Loss:     2.320489, Batch Acc: 0.337000, Tokens per Sec:     6602, Lr: 0.000300
2026-05-09 10:35:59,414 - INFO - joeynmt.training - Epoch   2, Step:     7300, Batch Loss:     2.588174, Batch Acc: 0.340721, Tokens per Sec:     6503, Lr: 0.000300
2026-05-09 10:36:13,340 - INFO - joeynmt.training - Epoch   2, Step:     7400, Batch Loss:     2.341800, Batch Acc: 0.344295, Tokens per Sec:     6473, Lr: 0.000300
2026-05-09 10:36:27,324 - INFO - joeynmt.training - Epoch   2, Step:     7500, Batch Loss:     2.465222, Batch Acc: 0.342360, Tokens per Sec:     6668, Lr: 0.000300
2026-05-09 10:36:27,325 - INFO - joeynmt.prediction - Predicting 500 example(s)... (Greedy decoding with min_output_length=1, max_output_length=-1, return_prob='none', generate_unk=True, repetition_penalty=-1, no_repeat_ngram_size=-1)
2026-05-09 10:36:54,378 - INFO - joeynmt.prediction - Evaluation result (greedy) loss:   2.81, ppl:  16.63, acc:   0.28, generation: 27.0496[sec], evaluation: 0.0000[sec]
2026-05-09 10:36:54,380 - INFO - joeynmt.training - Hooray! New best validation result [ppl]!
2026-05-09 10:36:54,449 - INFO - joeynmt.helpers - delete models/deen_transformer_post/5000.ckpt
2026-05-09 10:36:54,451 - INFO - joeynmt.training - Example #0
2026-05-09 10:36:54,451 - DEBUG - joeynmt.training - 	Tokenized source:     ['die', 'Pre@@', 'mi@@', 'er@@', 'minist@@', 'er', 'Indi@@', 'ens', 'und', 'J@@', 'ap@@', 'ans', 'tra@@', 'fen', 'sich', 'in', 'T@@', 'ok@@', 'i@@', 'o', '.']
2026-05-09 10:36:54,451 - DEBUG - joeynmt.training - 	Tokenized reference:  ['Indi@@', 'a', 'and', 'J@@', 'ap@@', 'an', 'pri@@', 'me', 'minist@@', 'ers', 'me@@', 'et', 'in', 'T@@', 'ok@@', 'y@@', 'o']
2026-05-09 10:36:54,451 - DEBUG - joeynmt.training - 	Tokenized hypothesis: ['the', 're@@', 'ports', 'of', 'the', 'J@@', 'ap@@', 'an', 'and', 'J@@', 'ap@@', 'an', 'and', 'J@@', 'ap@@', 'an', '.', '</s>']
2026-05-09 10:36:54,451 - INFO - joeynmt.training - 	Source:     die Premierminister Indiens und Japans trafen sich in Tokio .
2026-05-09 10:36:54,451 - INFO - joeynmt.training - 	Reference:  India and Japan prime ministers meet in Tokyo
2026-05-09 10:36:54,451 - INFO - joeynmt.training - 	Hypothesis: the reports of the Japan and Japan and Japan .
2026-05-09 10:36:54,451 - INFO - joeynmt.training - Example #1
2026-05-09 10:36:54,451 - DEBUG - joeynmt.training - 	Tokenized source:     ['Indi@@', 'ens', 'neu@@', 'er', 'Pre@@', 'mi@@', 'er@@', 'minist@@', 'er', 'N@@', 'ar@@', 'end@@', 'ra', 'Mo@@', 'd@@', 'i', 'tri@@', 'fft', 'bei', 's@@', 'einem', 'ersten', 'wichti@@', 'gen', 'Aus@@', 'land@@', 's@@', 'bes@@', 'u@@', 'ch', 'seit', 's@@', 'einem', 'W@@', 'ah@@', 'l@@', 'si@@', 'e@@', 'g', 'im', 'Ma@@', 'i', 'seinen', 'j@@', 'ap@@', 'an@@', 'ischen', 'Am@@', 'ts@@', 'k@@', 'olle@@', 'gen', 'S@@', 'hin@@', 'z@@', 'o', 'A@@', 'be', 'in', 'T@@', 'ok@@', 'o', ',', 'um', 'wirtschaf@@', 'tliche', 'und', 'sicher@@', 'heits@@', 'politische', 'Be@@', 'zieh@@', 'ungen', 'zu', 'bes@@', 'pre@@', 'chen', '.']
2026-05-09 10:36:54,451 - DEBUG - joeynmt.training - 	Tokenized reference:  ['Indi@@', 'a', '&apos;s', 'new', 'pri@@', 'me', 'minist@@', 'er', ',', 'N@@', 'ar@@', 'end@@', 'ra', 'Mo@@', 'd@@', 'i', ',', 'is', 'me@@', 'eting', 'his', 'J@@', 'ap@@', 'an@@', 'ese', 'coun@@', 'ter@@', 'part', ',', 'S@@', 'hin@@', 'z@@', 'o', 'A@@', 'be', ',', 'in', 'T@@', 'ok@@', 'y@@', 'o', 'to', 'disc@@', 'uss', 'economic', 'and', 'security', 'ties', ',', 'on', 'his', 'first', 'major', 'fore@@', 'ign', 'visi@@', 't', 'since', 'w@@', 'inn@@', 'ing', 'Ma@@', 'y', '&apos;s', 'elec@@', 'tion', '.']
2026-05-09 10:36:54,451 - DEBUG - joeynmt.training - 	Tokenized hypothesis: ['in', 'the', 'new', 'S@@', 'ec@@', 're@@', 't@@', 'ations', 'of', 'the', 'J@@', 'o@@', 'u', 'S@@', 'wi@@', 'tz@@', 'er@@', 'land', 'has', 'been', 're@@', 'ach@@', 'ed', 'in', 'the', 'first', 'time', ',', 'the', 'S@@', 'ep@@', 'tem@@', 'ber', 'in', 'the', 'S@@', 'ec@@', 're@@', 't@@', 'ary', ',', 'in', 'the', 'S@@', 'ec@@', 're@@', 't@@', 'ations', 'and', 'the', 'political', ',', 'in', 'the', 'European', 'Con@@', 'vention', '.', '</s>']
2026-05-09 10:36:54,451 - INFO - joeynmt.training - 	Source:     Indiens neuer Premierminister Narendra Modi trifft bei seinem ersten wichtigen Auslandsbesuch seit seinem Wahlsieg im Mai seinen japanischen Amtskollegen Shinzo Abe in Toko , um wirtschaftliche und sicherheitspolitische Beziehungen zu besprechen .
2026-05-09 10:36:54,451 - INFO - joeynmt.training - 	Reference:  India &apos;s new prime minister , Narendra Modi , is meeting his Japanese counterpart , Shinzo Abe , in Tokyo to discuss economic and security ties , on his first major foreign visit since winning May &apos;s election .
2026-05-09 10:36:54,451 - INFO - joeynmt.training - 	Hypothesis: in the new Secretations of the Jou Switzerland has been reached in the first time , the September in the Secretary , in the Secretations and the political , in the European Convention .
2026-05-09 10:36:54,452 - INFO - joeynmt.training - Example #2
2026-05-09 10:36:54,452 - DEBUG - joeynmt.training - 	Tokenized source:     ['Herr', 'Mo@@', 'd@@', 'i', 'befindet', 'sich', 'auf', 'einer', 'fü@@', 'n@@', 'f@@', 'tä@@', 'gi@@', 'gen', 'Rei@@', 'se', 'nach', 'J@@', 'ap@@', 'an', ',', 'um', 'die', 'wirtschaf@@', 'tlichen', 'Be@@', 'zieh@@', 'ungen', 'mit', 'der', 'd@@', 'rit@@', 't@@', 'größ@@', 'ten', 'Wirtschafts@@', 'n@@', 'ation', 'der', 'Welt', 'zu', 'fes@@', 'tigen', '.']
2026-05-09 10:36:54,452 - DEBUG - joeynmt.training - 	Tokenized reference:  ['Mr', 'Mo@@', 'd@@', 'i', 'is', 'on', 'a', 'fi@@', 've', '@@@', '-@@', '@', 'day', 'tri@@', 'p', 'to', 'J@@', 'ap@@', 'an', 'to', 'streng@@', 'then', 'economic', 'ties', 'with', 'the', 'third', 'lar@@', 'ges@@', 't', 'econom@@', 'y', 'in', 'the', 'world', '.']
2026-05-09 10:36:54,452 - DEBUG - joeynmt.training - 	Tokenized hypothesis: ['Mr', 'V@@', 'i', 'is', 'located', 'in', 'a', 'few', 'min@@', 'utes', ',', 'the', 'economic', 'and', 'the', 'economic', 're@@', 'form@@', 's', 'of', 'the', 'world', '&apos;s', 'econom@@', 'y', 'with', 'the', 'world', '&apos;s', 'econom@@', 'y', '.', '</s>']
2026-05-09 10:36:54,452 - INFO - joeynmt.training - 	Source:     Herr Modi befindet sich auf einer fünftägigen Reise nach Japan , um die wirtschaftlichen Beziehungen mit der drittgrößten Wirtschaftsnation der Welt zu festigen .
2026-05-09 10:36:54,452 - INFO - joeynmt.training - 	Reference:  Mr Modi is on a five @-@ day trip to Japan to strengthen economic ties with the third largest economy in the world .
2026-05-09 10:36:54,452 - INFO - joeynmt.training - 	Hypothesis: Mr Vi is located in a few minutes , the economic and the economic reforms of the world &apos;s economy with the world &apos;s economy .
2026-05-09 10:36:54,452 - INFO - joeynmt.training - Example #3
2026-05-09 10:36:54,452 - DEBUG - joeynmt.training - 	Tokenized source:     ['P@@', 'län@@', 'e', 'für', 'eine', 'stärk@@', 'ere', 'k@@', 'ern@@', 'techn@@', 'ische', 'Zusammenarbeit', 'stehen', 'ganz', 'ob@@', 'en', 'auf', 'der', 'Tag@@', 'es@@', 'ordnung', '.']
2026-05-09 10:36:54,452 - DEBUG - joeynmt.training - 	Tokenized reference:  ['high', 'on', 'the', 'agen@@', 'da', 'are', 'pl@@', 'ans', 'for', 'gre@@', 'ater', 'nu@@', 'clear', 'c@@', 'o', '@@@', '-@@', '@', 'operation', '.']
2026-05-09 10:36:54,452 - DEBUG - joeynmt.training - 	Tokenized hypothesis: ['P@@', 'P@@', 'P@@', 'ol@@', 'and', 'is', 'a', 'important', 'partn@@', 'er@@', 'ship', 'in', 'the', 'future', 'of', 'the', 'debate', '.', '</s>']
2026-05-09 10:36:54,452 - INFO - joeynmt.training - 	Source:     Pläne für eine stärkere kerntechnische Zusammenarbeit stehen ganz oben auf der Tagesordnung .
2026-05-09 10:36:54,452 - INFO - joeynmt.training - 	Reference:  high on the agenda are plans for greater nuclear co @-@ operation .
2026-05-09 10:36:54,452 - INFO - joeynmt.training - 	Hypothesis: PPPoland is a important partnership in the future of the debate .
2026-05-09 10:36:54,452 - INFO - joeynmt.training - Example #4
2026-05-09 10:36:54,452 - DEBUG - joeynmt.training - 	Tokenized source:     ['Berich@@', 'ten', 'zu@@', 'fol@@', 'ge', 'ho@@', 'fft', 'Indi@@', 'en', 'darüber', 'hinaus', 'auf', 'einen', 'Ver@@', 'trag', 'zur', 'Ver@@', 'tei@@', 'dig@@', 'ungs@@', 'zusammen@@', 'arbeit', 'zwischen', 'den', 'beiden', 'N@@', 'ationen', '.']
2026-05-09 10:36:54,452 - DEBUG - joeynmt.training - 	Tokenized reference:  ['Indi@@', 'a', 'is', 'also', 're@@', 'porte@@', 'dly', 'hop@@', 'ing', 'for', 'a', 'de@@', 'al', 'on', 'def@@', 'ence', 'c@@', 'oll@@', 'ab@@', 'or@@', 'ation', 'between', 'the', 'two', 'n@@', 'ations', '.']
2026-05-09 10:36:54,452 - DEBUG - joeynmt.training - 	Tokenized hypothesis: ['in', 'the', 'con@@', 'text', 'of', 'the', 'two', 'countries', ',', 'in', 'order', 'to', 're@@', 'form', 'a', 're@@', 'form', 'of', 'the', 'two', 'comm@@', 'unic@@', 'ations', '.', '</s>']
2026-05-09 10:36:54,452 - INFO - joeynmt.training - 	Source:     Berichten zufolge hofft Indien darüber hinaus auf einen Vertrag zur Verteidigungszusammenarbeit zwischen den beiden Nationen .
2026-05-09 10:36:54,452 - INFO - joeynmt.training - 	Reference:  India is also reportedly hoping for a deal on defence collaboration between the two nations .
2026-05-09 10:36:54,452 - INFO - joeynmt.training - 	Hypothesis: in the context of the two countries , in order to reform a reform of the two communications .
2026-05-09 10:37:08,221 - INFO - joeynmt.training - Epoch   2, Step:     7600, Batch Loss:     2.456147, Batch Acc: 0.346441, Tokens per Sec:     6642, Lr: 0.000300
2026-05-09 10:37:22,195 - INFO - joeynmt.training - Epoch   2, Step:     7700, Batch Loss:     2.416261, Batch Acc: 0.344765, Tokens per Sec:     6644, Lr: 0.000300
2026-05-09 10:37:36,166 - INFO - joeynmt.training - Epoch   2, Step:     7800, Batch Loss:     2.415969, Batch Acc: 0.353682, Tokens per Sec:     6534, Lr: 0.000300
2026-05-09 10:37:50,232 - INFO - joeynmt.training - Epoch   2, Step:     7900, Batch Loss:     2.384725, Batch Acc: 0.351280, Tokens per Sec:     6554, Lr: 0.000300
2026-05-09 10:38:04,192 - INFO - joeynmt.training - Epoch   2, Step:     8000, Batch Loss:     2.315073, Batch Acc: 0.356693, Tokens per Sec:     6541, Lr: 0.000300
2026-05-09 10:38:04,193 - INFO - joeynmt.prediction - Predicting 500 example(s)... (Greedy decoding with min_output_length=1, max_output_length=-1, return_prob='none', generate_unk=True, repetition_penalty=-1, no_repeat_ngram_size=-1)
2026-05-09 10:38:25,988 - INFO - joeynmt.prediction - Evaluation result (greedy) loss:   2.78, ppl:  16.11, acc:   0.28, generation: 21.7913[sec], evaluation: 0.0000[sec]
2026-05-09 10:38:25,989 - INFO - joeynmt.training - Hooray! New best validation result [ppl]!
2026-05-09 10:38:26,056 - INFO - joeynmt.helpers - delete models/deen_transformer_post/5500.ckpt
2026-05-09 10:38:26,059 - INFO - joeynmt.training - Example #0
2026-05-09 10:38:26,059 - DEBUG - joeynmt.training - 	Tokenized source:     ['die', 'Pre@@', 'mi@@', 'er@@', 'minist@@', 'er', 'Indi@@', 'ens', 'und', 'J@@', 'ap@@', 'ans', 'tra@@', 'fen', 'sich', 'in', 'T@@', 'ok@@', 'i@@', 'o', '.']
2026-05-09 10:38:26,059 - DEBUG - joeynmt.training - 	Tokenized reference:  ['Indi@@', 'a', 'and', 'J@@', 'ap@@', 'an', 'pri@@', 'me', 'minist@@', 'ers', 'me@@', 'et', 'in', 'T@@', 'ok@@', 'y@@', 'o']
2026-05-09 10:38:26,059 - DEBUG - joeynmt.training - 	Tokenized hypothesis: ['the', 'F@@', 'ap@@', 'h', 'Go@@', 'vern@@', 'ment', 'and', 'J@@', 'ap@@', 'an', ',', 'in', 'C@@', 'ap@@', 'o', '.', '</s>']
2026-05-09 10:38:26,059 - INFO - joeynmt.training - 	Source:     die Premierminister Indiens und Japans trafen sich in Tokio .
2026-05-09 10:38:26,059 - INFO - joeynmt.training - 	Reference:  India and Japan prime ministers meet in Tokyo
2026-05-09 10:38:26,059 - INFO - joeynmt.training - 	Hypothesis: the Faph Government and Japan , in Capo .
2026-05-09 10:38:26,059 - INFO - joeynmt.training - Example #1
2026-05-09 10:38:26,059 - DEBUG - joeynmt.training - 	Tokenized source:     ['Indi@@', 'ens', 'neu@@', 'er', 'Pre@@', 'mi@@', 'er@@', 'minist@@', 'er', 'N@@', 'ar@@', 'end@@', 'ra', 'Mo@@', 'd@@', 'i', 'tri@@', 'fft', 'bei', 's@@', 'einem', 'ersten', 'wichti@@', 'gen', 'Aus@@', 'land@@', 's@@', 'bes@@', 'u@@', 'ch', 'seit', 's@@', 'einem', 'W@@', 'ah@@', 'l@@', 'si@@', 'e@@', 'g', 'im', 'Ma@@', 'i', 'seinen', 'j@@', 'ap@@', 'an@@', 'ischen', 'Am@@', 'ts@@', 'k@@', 'olle@@', 'gen', 'S@@', 'hin@@', 'z@@', 'o', 'A@@', 'be', 'in', 'T@@', 'ok@@', 'o', ',', 'um', 'wirtschaf@@', 'tliche', 'und', 'sicher@@', 'heits@@', 'politische', 'Be@@', 'zieh@@', 'ungen', 'zu', 'bes@@', 'pre@@', 'chen', '.']
2026-05-09 10:38:26,059 - DEBUG - joeynmt.training - 	Tokenized reference:  ['Indi@@', 'a', '&apos;s', 'new', 'pri@@', 'me', 'minist@@', 'er', ',', 'N@@', 'ar@@', 'end@@', 'ra', 'Mo@@', 'd@@', 'i', ',', 'is', 'me@@', 'eting', 'his', 'J@@', 'ap@@', 'an@@', 'ese', 'coun@@', 'ter@@', 'part', ',', 'S@@', 'hin@@', 'z@@', 'o', 'A@@', 'be', ',', 'in', 'T@@', 'ok@@', 'y@@', 'o', 'to', 'disc@@', 'uss', 'economic', 'and', 'security', 'ties', ',', 'on', 'his', 'first', 'major', 'fore@@', 'ign', 'visi@@', 't', 'since', 'w@@', 'inn@@', 'ing', 'Ma@@', 'y', '&apos;s', 'elec@@', 'tion', '.']
2026-05-09 10:38:26,059 - DEBUG - joeynmt.training - 	Tokenized hypothesis: ['the', 'new', 're@@', 'ports', 'of', 'the', 'Con@@', 'vention', 'of', 'Re@@', 'g@@', 'ulation', ',', 'the', 'first', 'of', 'all', 'the', 'first', 'of', 'the', 'first', 'read@@', 'ing', 'of', 'the', 'first', 'time', 'in', 'the', 'S@@', 'ap@@', 'h', 'of', 'the', 'S@@', 'at@@', 'ur@@', 'day', 'in', 'the', 'S@@', 'ap@@', 'ap@@', 'art', 'of', 'the', 'C@@', 'ap@@', 'o', 'A@@', 'gen@@', 'cy', 'and', 'the', 'economic', 'and', 'economic', 'growth', '.', '</s>']
2026-05-09 10:38:26,059 - INFO - joeynmt.training - 	Source:     Indiens neuer Premierminister Narendra Modi trifft bei seinem ersten wichtigen Auslandsbesuch seit seinem Wahlsieg im Mai seinen japanischen Amtskollegen Shinzo Abe in Toko , um wirtschaftliche und sicherheitspolitische Beziehungen zu besprechen .
2026-05-09 10:38:26,059 - INFO - joeynmt.training - 	Reference:  India &apos;s new prime minister , Narendra Modi , is meeting his Japanese counterpart , Shinzo Abe , in Tokyo to discuss economic and security ties , on his first major foreign visit since winning May &apos;s election .
2026-05-09 10:38:26,059 - INFO - joeynmt.training - 	Hypothesis: the new reports of the Convention of Regulation , the first of all the first of the first reading of the first time in the Saph of the Saturday in the Sapapart of the Capo Agency and the economic and economic growth .
2026-05-09 10:38:26,059 - INFO - joeynmt.training - Example #2
2026-05-09 10:38:26,059 - DEBUG - joeynmt.training - 	Tokenized source:     ['Herr', 'Mo@@', 'd@@', 'i', 'befindet', 'sich', 'auf', 'einer', 'fü@@', 'n@@', 'f@@', 'tä@@', 'gi@@', 'gen', 'Rei@@', 'se', 'nach', 'J@@', 'ap@@', 'an', ',', 'um', 'die', 'wirtschaf@@', 'tlichen', 'Be@@', 'zieh@@', 'ungen', 'mit', 'der', 'd@@', 'rit@@', 't@@', 'größ@@', 'ten', 'Wirtschafts@@', 'n@@', 'ation', 'der', 'Welt', 'zu', 'fes@@', 'tigen', '.']
2026-05-09 10:38:26,059 - DEBUG - joeynmt.training - 	Tokenized reference:  ['Mr', 'Mo@@', 'd@@', 'i', 'is', 'on', 'a', 'fi@@', 've', '@@@', '-@@', '@', 'day', 'tri@@', 'p', 'to', 'J@@', 'ap@@', 'an', 'to', 'streng@@', 'then', 'economic', 'ties', 'with', 'the', 'third', 'lar@@', 'ges@@', 't', 'econom@@', 'y', 'in', 'the', 'world', '.']
2026-05-09 10:38:26,059 - DEBUG - joeynmt.training - 	Tokenized hypothesis: ['Mr', 'V@@', 'it@@', 'i', 'is', 'located', 'on', 'a', 'few', 'min@@', 'utes', 'from', 'the', 'economic', 're@@', 'form', 'of', 'the', 'economic', 're@@', 'form', 'of', 'the', 'world', '&apos;s', 'economic', 're@@', 'form', 'of', 'the', 'world', '&apos;s', 'econom@@', 'y', 'with', 'the', 'world', 'of', 'the', 'world', '.', '</s>']
2026-05-09 10:38:26,060 - INFO - joeynmt.training - 	Source:     Herr Modi befindet sich auf einer fünftägigen Reise nach Japan , um die wirtschaftlichen Beziehungen mit der drittgrößten Wirtschaftsnation der Welt zu festigen .
2026-05-09 10:38:26,060 - INFO - joeynmt.training - 	Reference:  Mr Modi is on a five @-@ day trip to Japan to strengthen economic ties with the third largest economy in the world .
2026-05-09 10:38:26,060 - INFO - joeynmt.training - 	Hypothesis: Mr Viti is located on a few minutes from the economic reform of the economic reform of the world &apos;s economic reform of the world &apos;s economy with the world of the world .
2026-05-09 10:38:26,060 - INFO - joeynmt.training - Example #3
2026-05-09 10:38:26,060 - DEBUG - joeynmt.training - 	Tokenized source:     ['P@@', 'län@@', 'e', 'für', 'eine', 'stärk@@', 'ere', 'k@@', 'ern@@', 'techn@@', 'ische', 'Zusammenarbeit', 'stehen', 'ganz', 'ob@@', 'en', 'auf', 'der', 'Tag@@', 'es@@', 'ordnung', '.']
2026-05-09 10:38:26,060 - DEBUG - joeynmt.training - 	Tokenized reference:  ['high', 'on', 'the', 'agen@@', 'da', 'are', 'pl@@', 'ans', 'for', 'gre@@', 'ater', 'nu@@', 'clear', 'c@@', 'o', '@@@', '-@@', '@', 'operation', '.']
2026-05-09 10:38:26,060 - DEBUG - joeynmt.training - 	Tokenized hypothesis: ['P@@', 'P@@', 'P@@', 'P@@', 'P@@', 'ubli@@', 'c', 'is', 'a', 'very', 'important', 'role', 'in', 'the', 'field', 'of', 'the', 're@@', 'form', 'of', 'the', 're@@', 'form', 'of', 'the', 're@@', 'form', 'of', 'the', 're@@', 'lev@@', 'ant', '.', '</s>']
2026-05-09 10:38:26,060 - INFO - joeynmt.training - 	Source:     Pläne für eine stärkere kerntechnische Zusammenarbeit stehen ganz oben auf der Tagesordnung .
2026-05-09 10:38:26,060 - INFO - joeynmt.training - 	Reference:  high on the agenda are plans for greater nuclear co @-@ operation .
2026-05-09 10:38:26,060 - INFO - joeynmt.training - 	Hypothesis: PPPPPublic is a very important role in the field of the reform of the reform of the reform of the relevant .
2026-05-09 10:38:26,060 - INFO - joeynmt.training - Example #4
2026-05-09 10:38:26,060 - DEBUG - joeynmt.training - 	Tokenized source:     ['Berich@@', 'ten', 'zu@@', 'fol@@', 'ge', 'ho@@', 'fft', 'Indi@@', 'en', 'darüber', 'hinaus', 'auf', 'einen', 'Ver@@', 'trag', 'zur', 'Ver@@', 'tei@@', 'dig@@', 'ungs@@', 'zusammen@@', 'arbeit', 'zwischen', 'den', 'beiden', 'N@@', 'ationen', '.']
2026-05-09 10:38:26,060 - DEBUG - joeynmt.training - 	Tokenized reference:  ['Indi@@', 'a', 'is', 'also', 're@@', 'porte@@', 'dly', 'hop@@', 'ing', 'for', 'a', 'de@@', 'al', 'on', 'def@@', 'ence', 'c@@', 'oll@@', 'ab@@', 'or@@', 'ation', 'between', 'the', 'two', 'n@@', 'ations', '.']
2026-05-09 10:38:26,060 - DEBUG - joeynmt.training - 	Tokenized hypothesis: ['the', 're@@', 'ports', 'of', 'the', 'two', 'countries', 'of', 'the', 'two', 're@@', 'ports', 'on', 'the', 'Commission', '&apos;s', 'initi@@', 'atives', 'between', 'the', 'two', 'institutions', '.', '</s>']
2026-05-09 10:38:26,060 - INFO - joeynmt.training - 	Source:     Berichten zufolge hofft Indien darüber hinaus auf einen Vertrag zur Verteidigungszusammenarbeit zwischen den beiden Nationen .
2026-05-09 10:38:26,060 - INFO - joeynmt.training - 	Reference:  India is also reportedly hoping for a deal on defence collaboration between the two nations .
2026-05-09 10:38:26,060 - INFO - joeynmt.training - 	Hypothesis: the reports of the two countries of the two reports on the Commission &apos;s initiatives between the two institutions .
2026-05-09 10:38:39,967 - INFO - joeynmt.training - Epoch   2, Step:     8100, Batch Loss:     2.377521, Batch Acc: 0.358163, Tokens per Sec:     6429, Lr: 0.000300
2026-05-09 10:38:44,325 - INFO - joeynmt.training - Epoch   2: total training loss 10157.91
2026-05-09 10:38:44,325 - INFO - joeynmt.training - EPOCH 3
2026-05-09 10:38:54,036 - INFO - joeynmt.training - Epoch   3, Step:     8200, Batch Loss:     2.394832, Batch Acc: 0.358508, Tokens per Sec:     6646, Lr: 0.000300
2026-05-09 10:39:08,095 - INFO - joeynmt.training - Epoch   3, Step:     8300, Batch Loss:     2.149347, Batch Acc: 0.368229, Tokens per Sec:     6495, Lr: 0.000300
2026-05-09 10:39:22,091 - INFO - joeynmt.training - Epoch   3, Step:     8400, Batch Loss:     2.291904, Batch Acc: 0.366990, Tokens per Sec:     6495, Lr: 0.000300
2026-05-09 10:39:36,153 - INFO - joeynmt.training - Epoch   3, Step:     8500, Batch Loss:     2.484894, Batch Acc: 0.369702, Tokens per Sec:     6535, Lr: 0.000300
2026-05-09 10:39:36,154 - INFO - joeynmt.prediction - Predicting 500 example(s)... (Greedy decoding with min_output_length=1, max_output_length=-1, return_prob='none', generate_unk=True, repetition_penalty=-1, no_repeat_ngram_size=-1)
2026-05-09 10:40:02,506 - INFO - joeynmt.prediction - Evaluation result (greedy) loss:   2.73, ppl:  15.30, acc:   0.30, generation: 26.3489[sec], evaluation: 0.0000[sec]
2026-05-09 10:40:02,508 - INFO - joeynmt.training - Hooray! New best validation result [ppl]!
2026-05-09 10:40:02,574 - INFO - joeynmt.helpers - delete models/deen_transformer_post/6000.ckpt
2026-05-09 10:40:02,576 - INFO - joeynmt.training - Example #0
2026-05-09 10:40:02,576 - DEBUG - joeynmt.training - 	Tokenized source:     ['die', 'Pre@@', 'mi@@', 'er@@', 'minist@@', 'er', 'Indi@@', 'ens', 'und', 'J@@', 'ap@@', 'ans', 'tra@@', 'fen', 'sich', 'in', 'T@@', 'ok@@', 'i@@', 'o', '.']
2026-05-09 10:40:02,576 - DEBUG - joeynmt.training - 	Tokenized reference:  ['Indi@@', 'a', 'and', 'J@@', 'ap@@', 'an', 'pri@@', 'me', 'minist@@', 'ers', 'me@@', 'et', 'in', 'T@@', 'ok@@', 'y@@', 'o']
2026-05-09 10:40:02,576 - DEBUG - joeynmt.training - 	Tokenized hypothesis: ['the', 'in@@', 'tel@@', 'li@@', 'g@@', 'ent', 'of', 'the', 'M@@', 'ap@@', 'i@@', 'o', 'and', 'J@@', 'ap@@', 'an', '.', '</s>']
2026-05-09 10:40:02,576 - INFO - joeynmt.training - 	Source:     die Premierminister Indiens und Japans trafen sich in Tokio .
2026-05-09 10:40:02,576 - INFO - joeynmt.training - 	Reference:  India and Japan prime ministers meet in Tokyo
2026-05-09 10:40:02,576 - INFO - joeynmt.training - 	Hypothesis: the intelligent of the Mapio and Japan .
2026-05-09 10:40:02,576 - INFO - joeynmt.training - Example #1
2026-05-09 10:40:02,576 - DEBUG - joeynmt.training - 	Tokenized source:     ['Indi@@', 'ens', 'neu@@', 'er', 'Pre@@', 'mi@@', 'er@@', 'minist@@', 'er', 'N@@', 'ar@@', 'end@@', 'ra', 'Mo@@', 'd@@', 'i', 'tri@@', 'fft', 'bei', 's@@', 'einem', 'ersten', 'wichti@@', 'gen', 'Aus@@', 'land@@', 's@@', 'bes@@', 'u@@', 'ch', 'seit', 's@@', 'einem', 'W@@', 'ah@@', 'l@@', 'si@@', 'e@@', 'g', 'im', 'Ma@@', 'i', 'seinen', 'j@@', 'ap@@', 'an@@', 'ischen', 'Am@@', 'ts@@', 'k@@', 'olle@@', 'gen', 'S@@', 'hin@@', 'z@@', 'o', 'A@@', 'be', 'in', 'T@@', 'ok@@', 'o', ',', 'um', 'wirtschaf@@', 'tliche', 'und', 'sicher@@', 'heits@@', 'politische', 'Be@@', 'zieh@@', 'ungen', 'zu', 'bes@@', 'pre@@', 'chen', '.']
2026-05-09 10:40:02,576 - DEBUG - joeynmt.training - 	Tokenized reference:  ['Indi@@', 'a', '&apos;s', 'new', 'pri@@', 'me', 'minist@@', 'er', ',', 'N@@', 'ar@@', 'end@@', 'ra', 'Mo@@', 'd@@', 'i', ',', 'is', 'me@@', 'eting', 'his', 'J@@', 'ap@@', 'an@@', 'ese', 'coun@@', 'ter@@', 'part', ',', 'S@@', 'hin@@', 'z@@', 'o', 'A@@', 'be', ',', 'in', 'T@@', 'ok@@', 'y@@', 'o', 'to', 'disc@@', 'uss', 'economic', 'and', 'security', 'ties', ',', 'on', 'his', 'first', 'major', 'fore@@', 'ign', 'visi@@', 't', 'since', 'w@@', 'inn@@', 'ing', 'Ma@@', 'y', '&apos;s', 'elec@@', 'tion', '.']
2026-05-09 10:40:02,576 - DEBUG - joeynmt.training - 	Tokenized hypothesis: ['in', 'I@@', 'tal@@', 'y', ',', 'the', 'first', 'of', 'the', 'in@@', 'dep@@', 'end@@', 'ent', 'of', 'the', 'S@@', 'wi@@', 'tz@@', 'er@@', 'land', ',', 'in', 'his', 'first', 'first', 'time', ',', 'and', 'his', 'first', 'time', 'for', 'his', 'first', 'time', 'in', 'the', 'S@@', 'wi@@', 'tz@@', 'er@@', 'land', 'in', 'the', 'S@@', 'ap@@', 'ap@@', 'er', 'of', 'the', 'A@@', 'mer@@', 'ic@@', 'a', ',', 'economic', 'and', 'economic', 'growth', '.', '</s>']
2026-05-09 10:40:02,576 - INFO - joeynmt.training - 	Source:     Indiens neuer Premierminister Narendra Modi trifft bei seinem ersten wichtigen Auslandsbesuch seit seinem Wahlsieg im Mai seinen japanischen Amtskollegen Shinzo Abe in Toko , um wirtschaftliche und sicherheitspolitische Beziehungen zu besprechen .
2026-05-09 10:40:02,576 - INFO - joeynmt.training - 	Reference:  India &apos;s new prime minister , Narendra Modi , is meeting his Japanese counterpart , Shinzo Abe , in Tokyo to discuss economic and security ties , on his first major foreign visit since winning May &apos;s election .
2026-05-09 10:40:02,576 - INFO - joeynmt.training - 	Hypothesis: in Italy , the first of the independent of the Switzerland , in his first first time , and his first time for his first time in the Switzerland in the Sapaper of the America , economic and economic growth .
2026-05-09 10:40:02,576 - INFO - joeynmt.training - Example #2
2026-05-09 10:40:02,576 - DEBUG - joeynmt.training - 	Tokenized source:     ['Herr', 'Mo@@', 'd@@', 'i', 'befindet', 'sich', 'auf', 'einer', 'fü@@', 'n@@', 'f@@', 'tä@@', 'gi@@', 'gen', 'Rei@@', 'se', 'nach', 'J@@', 'ap@@', 'an', ',', 'um', 'die', 'wirtschaf@@', 'tlichen', 'Be@@', 'zieh@@', 'ungen', 'mit', 'der', 'd@@', 'rit@@', 't@@', 'größ@@', 'ten', 'Wirtschafts@@', 'n@@', 'ation', 'der', 'Welt', 'zu', 'fes@@', 'tigen', '.']
2026-05-09 10:40:02,576 - DEBUG - joeynmt.training - 	Tokenized reference:  ['Mr', 'Mo@@', 'd@@', 'i', 'is', 'on', 'a', 'fi@@', 've', '@@@', '-@@', '@', 'day', 'tri@@', 'p', 'to', 'J@@', 'ap@@', 'an', 'to', 'streng@@', 'then', 'economic', 'ties', 'with', 'the', 'third', 'lar@@', 'ges@@', 't', 'econom@@', 'y', 'in', 'the', 'world', '.']
2026-05-09 10:40:02,576 - DEBUG - joeynmt.training - 	Tokenized hypothesis: ['Mr', 'V@@', 'i', 'is', 'located', 'on', 'a', 'ma@@', 'p', 'is', 'a', 'lo@@', 't', 'of', 'the', 'economic', ',', 'to', 'the', 'economic', 'rel@@', 'ations', 'with', 'the', 'economic', 're@@', 'form', 'of', 'the', 'world', '.', '</s>']
2026-05-09 10:40:02,577 - INFO - joeynmt.training - 	Source:     Herr Modi befindet sich auf einer fünftägigen Reise nach Japan , um die wirtschaftlichen Beziehungen mit der drittgrößten Wirtschaftsnation der Welt zu festigen .
2026-05-09 10:40:02,577 - INFO - joeynmt.training - 	Reference:  Mr Modi is on a five @-@ day trip to Japan to strengthen economic ties with the third largest economy in the world .
2026-05-09 10:40:02,577 - INFO - joeynmt.training - 	Hypothesis: Mr Vi is located on a map is a lot of the economic , to the economic relations with the economic reform of the world .
2026-05-09 10:40:02,577 - INFO - joeynmt.training - Example #3
2026-05-09 10:40:02,577 - DEBUG - joeynmt.training - 	Tokenized source:     ['P@@', 'län@@', 'e', 'für', 'eine', 'stärk@@', 'ere', 'k@@', 'ern@@', 'techn@@', 'ische', 'Zusammenarbeit', 'stehen', 'ganz', 'ob@@', 'en', 'auf', 'der', 'Tag@@', 'es@@', 'ordnung', '.']
2026-05-09 10:40:02,577 - DEBUG - joeynmt.training - 	Tokenized reference:  ['high', 'on', 'the', 'agen@@', 'da', 'are', 'pl@@', 'ans', 'for', 'gre@@', 'ater', 'nu@@', 'clear', 'c@@', 'o', '@@@', '-@@', '@', 'operation', '.']
2026-05-09 10:40:02,577 - DEBUG - joeynmt.training - 	Tokenized hypothesis: ['P@@', 'P@@', 'P@@', 'P@@', 'P@@', 'ubli@@', 'c', 'partn@@', 'ers', 'are', 'a', 'great', 'cooperation', 'in', 'the', 'debate', '.', '</s>']
2026-05-09 10:40:02,577 - INFO - joeynmt.training - 	Source:     Pläne für eine stärkere kerntechnische Zusammenarbeit stehen ganz oben auf der Tagesordnung .
2026-05-09 10:40:02,577 - INFO - joeynmt.training - 	Reference:  high on the agenda are plans for greater nuclear co @-@ operation .
2026-05-09 10:40:02,577 - INFO - joeynmt.training - 	Hypothesis: PPPPPublic partners are a great cooperation in the debate .
2026-05-09 10:40:02,577 - INFO - joeynmt.training - Example #4
2026-05-09 10:40:02,577 - DEBUG - joeynmt.training - 	Tokenized source:     ['Berich@@', 'ten', 'zu@@', 'fol@@', 'ge', 'ho@@', 'fft', 'Indi@@', 'en', 'darüber', 'hinaus', 'auf', 'einen', 'Ver@@', 'trag', 'zur', 'Ver@@', 'tei@@', 'dig@@', 'ungs@@', 'zusammen@@', 'arbeit', 'zwischen', 'den', 'beiden', 'N@@', 'ationen', '.']
2026-05-09 10:40:02,577 - DEBUG - joeynmt.training - 	Tokenized reference:  ['Indi@@', 'a', 'is', 'also', 're@@', 'porte@@', 'dly', 'hop@@', 'ing', 'for', 'a', 'de@@', 'al', 'on', 'def@@', 'ence', 'c@@', 'oll@@', 'ab@@', 'or@@', 'ation', 'between', 'the', 'two', 'n@@', 'ations', '.']
2026-05-09 10:40:02,577 - DEBUG - joeynmt.training - 	Tokenized hypothesis: ['re@@', 'ports', 'from', 'the', 'Tre@@', 'aty', ',', 'also', 'also', 'provi@@', 'des', 'a', 're@@', 'form', 'of', 'the', 'two', 'comm@@', 'unic@@', 'ations', 'between', 'the', 'two', 'institutions', '.', '</s>']
2026-05-09 10:40:02,577 - INFO - joeynmt.training - 	Source:     Berichten zufolge hofft Indien darüber hinaus auf einen Vertrag zur Verteidigungszusammenarbeit zwischen den beiden Nationen .
2026-05-09 10:40:02,577 - INFO - joeynmt.training - 	Reference:  India is also reportedly hoping for a deal on defence collaboration between the two nations .
2026-05-09 10:40:02,577 - INFO - joeynmt.training - 	Hypothesis: reports from the Treaty , also also provides a reform of the two communications between the two institutions .
2026-05-09 10:40:16,773 - INFO - joeynmt.training - Epoch   3, Step:     8600, Batch Loss:     2.266621, Batch Acc: 0.373813, Tokens per Sec:     6393, Lr: 0.000300
2026-05-09 10:40:30,923 - INFO - joeynmt.training - Epoch   3, Step:     8700, Batch Loss:     2.250722, Batch Acc: 0.376403, Tokens per Sec:     6611, Lr: 0.000300
2026-05-09 10:40:45,056 - INFO - joeynmt.training - Epoch   3, Step:     8800, Batch Loss:     2.341169, Batch Acc: 0.375595, Tokens per Sec:     6675, Lr: 0.000300
2026-05-09 10:40:59,127 - INFO - joeynmt.training - Epoch   3, Step:     8900, Batch Loss:     2.217224, Batch Acc: 0.377345, Tokens per Sec:     6548, Lr: 0.000300
2026-05-09 10:41:13,146 - INFO - joeynmt.training - Epoch   3, Step:     9000, Batch Loss:     2.145787, Batch Acc: 0.383132, Tokens per Sec:     6619, Lr: 0.000300
2026-05-09 10:41:13,147 - INFO - joeynmt.prediction - Predicting 500 example(s)... (Greedy decoding with min_output_length=1, max_output_length=-1, return_prob='none', generate_unk=True, repetition_penalty=-1, no_repeat_ngram_size=-1)
2026-05-09 10:41:38,583 - INFO - joeynmt.prediction - Evaluation result (greedy) loss:   2.71, ppl:  15.07, acc:   0.30, generation: 25.4322[sec], evaluation: 0.0000[sec]
2026-05-09 10:41:38,585 - INFO - joeynmt.training - Hooray! New best validation result [ppl]!
2026-05-09 10:41:38,653 - INFO - joeynmt.helpers - delete models/deen_transformer_post/6500.ckpt
2026-05-09 10:41:38,657 - INFO - joeynmt.training - Example #0
2026-05-09 10:41:38,657 - DEBUG - joeynmt.training - 	Tokenized source:     ['die', 'Pre@@', 'mi@@', 'er@@', 'minist@@', 'er', 'Indi@@', 'ens', 'und', 'J@@', 'ap@@', 'ans', 'tra@@', 'fen', 'sich', 'in', 'T@@', 'ok@@', 'i@@', 'o', '.']
2026-05-09 10:41:38,657 - DEBUG - joeynmt.training - 	Tokenized reference:  ['Indi@@', 'a', 'and', 'J@@', 'ap@@', 'an', 'pri@@', 'me', 'minist@@', 'ers', 'me@@', 'et', 'in', 'T@@', 'ok@@', 'y@@', 'o']
2026-05-09 10:41:38,657 - DEBUG - joeynmt.training - 	Tokenized hypothesis: ['the', 'Pre@@', 'siden@@', 'cy', 'and', 'J@@', 'ap@@', 'an', 'and', 'J@@', 'ap@@', 'an', 'and', 'J@@', 'ap@@', 'an', 'in', 'T@@', 'ri@@', 'o', '.', '</s>']
2026-05-09 10:41:38,657 - INFO - joeynmt.training - 	Source:     die Premierminister Indiens und Japans trafen sich in Tokio .
2026-05-09 10:41:38,657 - INFO - joeynmt.training - 	Reference:  India and Japan prime ministers meet in Tokyo
2026-05-09 10:41:38,657 - INFO - joeynmt.training - 	Hypothesis: the Presidency and Japan and Japan and Japan in Trio .
2026-05-09 10:41:38,657 - INFO - joeynmt.training - Example #1
2026-05-09 10:41:38,657 - DEBUG - joeynmt.training - 	Tokenized source:     ['Indi@@', 'ens', 'neu@@', 'er', 'Pre@@', 'mi@@', 'er@@', 'minist@@', 'er', 'N@@', 'ar@@', 'end@@', 'ra', 'Mo@@', 'd@@', 'i', 'tri@@', 'fft', 'bei', 's@@', 'einem', 'ersten', 'wichti@@', 'gen', 'Aus@@', 'land@@', 's@@', 'bes@@', 'u@@', 'ch', 'seit', 's@@', 'einem', 'W@@', 'ah@@', 'l@@', 'si@@', 'e@@', 'g', 'im', 'Ma@@', 'i', 'seinen', 'j@@', 'ap@@', 'an@@', 'ischen', 'Am@@', 'ts@@', 'k@@', 'olle@@', 'gen', 'S@@', 'hin@@', 'z@@', 'o', 'A@@', 'be', 'in', 'T@@', 'ok@@', 'o', ',', 'um', 'wirtschaf@@', 'tliche', 'und', 'sicher@@', 'heits@@', 'politische', 'Be@@', 'zieh@@', 'ungen', 'zu', 'bes@@', 'pre@@', 'chen', '.']
2026-05-09 10:41:38,657 - DEBUG - joeynmt.training - 	Tokenized reference:  ['Indi@@', 'a', '&apos;s', 'new', 'pri@@', 'me', 'minist@@', 'er', ',', 'N@@', 'ar@@', 'end@@', 'ra', 'Mo@@', 'd@@', 'i', ',', 'is', 'me@@', 'eting', 'his', 'J@@', 'ap@@', 'an@@', 'ese', 'coun@@', 'ter@@', 'part', ',', 'S@@', 'hin@@', 'z@@', 'o', 'A@@', 'be', ',', 'in', 'T@@', 'ok@@', 'y@@', 'o', 'to', 'disc@@', 'uss', 'economic', 'and', 'security', 'ties', ',', 'on', 'his', 'first', 'major', 'fore@@', 'ign', 'visi@@', 't', 'since', 'w@@', 'inn@@', 'ing', 'Ma@@', 'y', '&apos;s', 'elec@@', 'tion', '.']
2026-05-09 10:41:38,657 - DEBUG - joeynmt.training - 	Tokenized hypothesis: ['in', 'the', 'new', 'Pre@@', 'siden@@', 'cy', ',', 'N@@', 'ar@@', 'i', ',', 'the', 'first', 'first', 'time', ',', 'the', 'S@@', 'lo@@', 'v@@', 'y', ',', 'and', 'his', 'first', 'first', 'first', ',', 'since', 'his', 'first', 'first', 'time', ',', 'he', 'was', 'a', 'first', 'time', 'of', 'the', 'F@@', 'ren@@', 'ch', 'Re@@', 'g@@', 'ul@@', 'f', ',', 'in', 'the', 'A@@', 'mer@@', 'ic@@', 'a', ',', 'and', 'economic', 'and', 'economic', 'policy', '.', '</s>']
2026-05-09 10:41:38,657 - INFO - joeynmt.training - 	Source:     Indiens neuer Premierminister Narendra Modi trifft bei seinem ersten wichtigen Auslandsbesuch seit seinem Wahlsieg im Mai seinen japanischen Amtskollegen Shinzo Abe in Toko , um wirtschaftliche und sicherheitspolitische Beziehungen zu besprechen .
2026-05-09 10:41:38,657 - INFO - joeynmt.training - 	Reference:  India &apos;s new prime minister , Narendra Modi , is meeting his Japanese counterpart , Shinzo Abe , in Tokyo to discuss economic and security ties , on his first major foreign visit since winning May &apos;s election .
2026-05-09 10:41:38,657 - INFO - joeynmt.training - 	Hypothesis: in the new Presidency , Nari , the first first time , the Slovy , and his first first first , since his first first time , he was a first time of the French Regulf , in the America , and economic and economic policy .
2026-05-09 10:41:38,658 - INFO - joeynmt.training - Example #2
2026-05-09 10:41:38,658 - DEBUG - joeynmt.training - 	Tokenized source:     ['Herr', 'Mo@@', 'd@@', 'i', 'befindet', 'sich', 'auf', 'einer', 'fü@@', 'n@@', 'f@@', 'tä@@', 'gi@@', 'gen', 'Rei@@', 'se', 'nach', 'J@@', 'ap@@', 'an', ',', 'um', 'die', 'wirtschaf@@', 'tlichen', 'Be@@', 'zieh@@', 'ungen', 'mit', 'der', 'd@@', 'rit@@', 't@@', 'größ@@', 'ten', 'Wirtschafts@@', 'n@@', 'ation', 'der', 'Welt', 'zu', 'fes@@', 'tigen', '.']
2026-05-09 10:41:38,658 - DEBUG - joeynmt.training - 	Tokenized reference:  ['Mr', 'Mo@@', 'd@@', 'i', 'is', 'on', 'a', 'fi@@', 've', '@@@', '-@@', '@', 'day', 'tri@@', 'p', 'to', 'J@@', 'ap@@', 'an', 'to', 'streng@@', 'then', 'economic', 'ties', 'with', 'the', 'third', 'lar@@', 'ges@@', 't', 'econom@@', 'y', 'in', 'the', 'world', '.']
2026-05-09 10:41:38,658 - DEBUG - joeynmt.training - 	Tokenized hypothesis: ['Mr', 'Mo@@', 'z@@', 'i', 'is', 'a', 'f@@', 'air', 'of', 'J@@', 'ap@@', 'an', ',', 'to', 'be', 'a', 'f@@', 'air', ',', 'to', 'be', 'a', 'wide', 'range', 'of', 'economic', 'rel@@', 'ations', 'with', 'the', 'world', '&apos;s', 'econom@@', 'y', '.', '</s>']
2026-05-09 10:41:38,658 - INFO - joeynmt.training - 	Source:     Herr Modi befindet sich auf einer fünftägigen Reise nach Japan , um die wirtschaftlichen Beziehungen mit der drittgrößten Wirtschaftsnation der Welt zu festigen .
2026-05-09 10:41:38,658 - INFO - joeynmt.training - 	Reference:  Mr Modi is on a five @-@ day trip to Japan to strengthen economic ties with the third largest economy in the world .
2026-05-09 10:41:38,658 - INFO - joeynmt.training - 	Hypothesis: Mr Mozi is a fair of Japan , to be a fair , to be a wide range of economic relations with the world &apos;s economy .
2026-05-09 10:41:38,658 - INFO - joeynmt.training - Example #3
2026-05-09 10:41:38,658 - DEBUG - joeynmt.training - 	Tokenized source:     ['P@@', 'län@@', 'e', 'für', 'eine', 'stärk@@', 'ere', 'k@@', 'ern@@', 'techn@@', 'ische', 'Zusammenarbeit', 'stehen', 'ganz', 'ob@@', 'en', 'auf', 'der', 'Tag@@', 'es@@', 'ordnung', '.']
2026-05-09 10:41:38,658 - DEBUG - joeynmt.training - 	Tokenized reference:  ['high', 'on', 'the', 'agen@@', 'da', 'are', 'pl@@', 'ans', 'for', 'gre@@', 'ater', 'nu@@', 'clear', 'c@@', 'o', '@@@', '-@@', '@', 'operation', '.']
2026-05-09 10:41:38,658 - DEBUG - joeynmt.training - 	Tokenized hypothesis: ['P@@', 'countries', ',', 'for', 'a', 'more', 'effective', 'cooperation', 'in', 'the', 'con@@', 'text', 'of', 'the', 'agen@@', 'da', '.', '</s>']
2026-05-09 10:41:38,658 - INFO - joeynmt.training - 	Source:     Pläne für eine stärkere kerntechnische Zusammenarbeit stehen ganz oben auf der Tagesordnung .
2026-05-09 10:41:38,658 - INFO - joeynmt.training - 	Reference:  high on the agenda are plans for greater nuclear co @-@ operation .
2026-05-09 10:41:38,658 - INFO - joeynmt.training - 	Hypothesis: Pcountries , for a more effective cooperation in the context of the agenda .
2026-05-09 10:41:38,658 - INFO - joeynmt.training - Example #4
2026-05-09 10:41:38,658 - DEBUG - joeynmt.training - 	Tokenized source:     ['Berich@@', 'ten', 'zu@@', 'fol@@', 'ge', 'ho@@', 'fft', 'Indi@@', 'en', 'darüber', 'hinaus', 'auf', 'einen', 'Ver@@', 'trag', 'zur', 'Ver@@', 'tei@@', 'dig@@', 'ungs@@', 'zusammen@@', 'arbeit', 'zwischen', 'den', 'beiden', 'N@@', 'ationen', '.']
2026-05-09 10:41:38,658 - DEBUG - joeynmt.training - 	Tokenized reference:  ['Indi@@', 'a', 'is', 'also', 're@@', 'porte@@', 'dly', 'hop@@', 'ing', 'for', 'a', 'de@@', 'al', 'on', 'def@@', 'ence', 'c@@', 'oll@@', 'ab@@', 'or@@', 'ation', 'between', 'the', 'two', 'n@@', 'ations', '.']
2026-05-09 10:41:38,658 - DEBUG - joeynmt.training - 	Tokenized hypothesis: ['re@@', 'ports', 'in', 'the', 'con@@', 'text', 'of', 'the', 'two', 'N@@', 'ations', ',', 'on', 'the', 'amendments', 'to', 'the', 'two', 'N@@', 'ations', '.', '</s>']
2026-05-09 10:41:38,658 - INFO - joeynmt.training - 	Source:     Berichten zufolge hofft Indien darüber hinaus auf einen Vertrag zur Verteidigungszusammenarbeit zwischen den beiden Nationen .
2026-05-09 10:41:38,658 - INFO - joeynmt.training - 	Reference:  India is also reportedly hoping for a deal on defence collaboration between the two nations .
2026-05-09 10:41:38,658 - INFO - joeynmt.training - 	Hypothesis: reports in the context of the two Nations , on the amendments to the two Nations .
2026-05-09 10:41:52,518 - INFO - joeynmt.training - Epoch   3, Step:     9100, Batch Loss:     2.232921, Batch Acc: 0.380242, Tokens per Sec:     6529, Lr: 0.000300
2026-05-09 10:42:06,669 - INFO - joeynmt.training - Epoch   3, Step:     9200, Batch Loss:     2.399538, Batch Acc: 0.378636, Tokens per Sec:     6529, Lr: 0.000300
2026-05-09 10:42:20,650 - INFO - joeynmt.training - Epoch   3, Step:     9300, Batch Loss:     2.259953, Batch Acc: 0.380346, Tokens per Sec:     6538, Lr: 0.000300
2026-05-09 10:42:34,595 - INFO - joeynmt.training - Epoch   3, Step:     9400, Batch Loss:     2.231947, Batch Acc: 0.384816, Tokens per Sec:     6628, Lr: 0.000300
2026-05-09 10:42:48,622 - INFO - joeynmt.training - Epoch   3, Step:     9500, Batch Loss:     2.286364, Batch Acc: 0.385227, Tokens per Sec:     6604, Lr: 0.000300
2026-05-09 10:42:48,622 - INFO - joeynmt.prediction - Predicting 500 example(s)... (Greedy decoding with min_output_length=1, max_output_length=-1, return_prob='none', generate_unk=True, repetition_penalty=-1, no_repeat_ngram_size=-1)
2026-05-09 10:43:16,111 - INFO - joeynmt.prediction - Evaluation result (greedy) loss:   2.67, ppl:  14.37, acc:   0.32, generation: 27.4854[sec], evaluation: 0.0000[sec]
2026-05-09 10:43:16,112 - INFO - joeynmt.training - Hooray! New best validation result [ppl]!
2026-05-09 10:43:16,182 - INFO - joeynmt.helpers - delete models/deen_transformer_post/7000.ckpt
2026-05-09 10:43:16,184 - INFO - joeynmt.training - Example #0
2026-05-09 10:43:16,184 - DEBUG - joeynmt.training - 	Tokenized source:     ['die', 'Pre@@', 'mi@@', 'er@@', 'minist@@', 'er', 'Indi@@', 'ens', 'und', 'J@@', 'ap@@', 'ans', 'tra@@', 'fen', 'sich', 'in', 'T@@', 'ok@@', 'i@@', 'o', '.']
2026-05-09 10:43:16,184 - DEBUG - joeynmt.training - 	Tokenized reference:  ['Indi@@', 'a', 'and', 'J@@', 'ap@@', 'an', 'pri@@', 'me', 'minist@@', 'ers', 'me@@', 'et', 'in', 'T@@', 'ok@@', 'y@@', 'o']
2026-05-09 10:43:16,184 - DEBUG - joeynmt.training - 	Tokenized hypothesis: ['the', 'Minist@@', 'er', 'of', 'Afri@@', 'ca', 'and', 'J@@', 'ap@@', 'an', 'and', 'J@@', 'ap@@', 'an', 'and', 'J@@', 'ap@@', 'an', '.', '</s>']
2026-05-09 10:43:16,184 - INFO - joeynmt.training - 	Source:     die Premierminister Indiens und Japans trafen sich in Tokio .
2026-05-09 10:43:16,184 - INFO - joeynmt.training - 	Reference:  India and Japan prime ministers meet in Tokyo
2026-05-09 10:43:16,184 - INFO - joeynmt.training - 	Hypothesis: the Minister of Africa and Japan and Japan and Japan .
2026-05-09 10:43:16,184 - INFO - joeynmt.training - Example #1
2026-05-09 10:43:16,184 - DEBUG - joeynmt.training - 	Tokenized source:     ['Indi@@', 'ens', 'neu@@', 'er', 'Pre@@', 'mi@@', 'er@@', 'minist@@', 'er', 'N@@', 'ar@@', 'end@@', 'ra', 'Mo@@', 'd@@', 'i', 'tri@@', 'fft', 'bei', 's@@', 'einem', 'ersten', 'wichti@@', 'gen', 'Aus@@', 'land@@', 's@@', 'bes@@', 'u@@', 'ch', 'seit', 's@@', 'einem', 'W@@', 'ah@@', 'l@@', 'si@@', 'e@@', 'g', 'im', 'Ma@@', 'i', 'seinen', 'j@@', 'ap@@', 'an@@', 'ischen', 'Am@@', 'ts@@', 'k@@', 'olle@@', 'gen', 'S@@', 'hin@@', 'z@@', 'o', 'A@@', 'be', 'in', 'T@@', 'ok@@', 'o', ',', 'um', 'wirtschaf@@', 'tliche', 'und', 'sicher@@', 'heits@@', 'politische', 'Be@@', 'zieh@@', 'ungen', 'zu', 'bes@@', 'pre@@', 'chen', '.']
2026-05-09 10:43:16,184 - DEBUG - joeynmt.training - 	Tokenized reference:  ['Indi@@', 'a', '&apos;s', 'new', 'pri@@', 'me', 'minist@@', 'er', ',', 'N@@', 'ar@@', 'end@@', 'ra', 'Mo@@', 'd@@', 'i', ',', 'is', 'me@@', 'eting', 'his', 'J@@', 'ap@@', 'an@@', 'ese', 'coun@@', 'ter@@', 'part', ',', 'S@@', 'hin@@', 'z@@', 'o', 'A@@', 'be', ',', 'in', 'T@@', 'ok@@', 'y@@', 'o', 'to', 'disc@@', 'uss', 'economic', 'and', 'security', 'ties', ',', 'on', 'his', 'first', 'major', 'fore@@', 'ign', 'visi@@', 't', 'since', 'w@@', 'inn@@', 'ing', 'Ma@@', 'y', '&apos;s', 'elec@@', 'tion', '.']
2026-05-09 10:43:16,184 - DEBUG - joeynmt.training - 	Tokenized hypothesis: ['in', 'I@@', 'tal@@', 'y', ',', 'the', 'Pre@@', 'siden@@', 'cy', 'of', 'the', 'first', 'first', 'important', 'in@@', 'tim@@', 'ate', 'in', 'his', 'first', 'first', 'of', 'all', ',', 'in', 'the', 'first', 'time', ',', 'in', 'the', 'S@@', 'wi@@', 'tz@@', 'er@@', 'land', ',', 'in', 'the', 'first', 'place', 'in', 'the', 'S@@', 'h@@', 'an@@', 'o', 'of', 'the', 'S@@', 'wi@@', 'tz@@', 'er@@', 'land', ',', 'the', 'political', 'gro@@', 'ups', 'and', 'economic', 'security', '.', '</s>']
2026-05-09 10:43:16,184 - INFO - joeynmt.training - 	Source:     Indiens neuer Premierminister Narendra Modi trifft bei seinem ersten wichtigen Auslandsbesuch seit seinem Wahlsieg im Mai seinen japanischen Amtskollegen Shinzo Abe in Toko , um wirtschaftliche und sicherheitspolitische Beziehungen zu besprechen .
2026-05-09 10:43:16,186 - INFO - joeynmt.training - 	Reference:  India &apos;s new prime minister , Narendra Modi , is meeting his Japanese counterpart , Shinzo Abe , in Tokyo to discuss economic and security ties , on his first major foreign visit since winning May &apos;s election .
2026-05-09 10:43:16,186 - INFO - joeynmt.training - 	Hypothesis: in Italy , the Presidency of the first first important intimate in his first first of all , in the first time , in the Switzerland , in the first place in the Shano of the Switzerland , the political groups and economic security .
2026-05-09 10:43:16,186 - INFO - joeynmt.training - Example #2
2026-05-09 10:43:16,186 - DEBUG - joeynmt.training - 	Tokenized source:     ['Herr', 'Mo@@', 'd@@', 'i', 'befindet', 'sich', 'auf', 'einer', 'fü@@', 'n@@', 'f@@', 'tä@@', 'gi@@', 'gen', 'Rei@@', 'se', 'nach', 'J@@', 'ap@@', 'an', ',', 'um', 'die', 'wirtschaf@@', 'tlichen', 'Be@@', 'zieh@@', 'ungen', 'mit', 'der', 'd@@', 'rit@@', 't@@', 'größ@@', 'ten', 'Wirtschafts@@', 'n@@', 'ation', 'der', 'Welt', 'zu', 'fes@@', 'tigen', '.']
2026-05-09 10:43:16,186 - DEBUG - joeynmt.training - 	Tokenized reference:  ['Mr', 'Mo@@', 'd@@', 'i', 'is', 'on', 'a', 'fi@@', 've', '@@@', '-@@', '@', 'day', 'tri@@', 'p', 'to', 'J@@', 'ap@@', 'an', 'to', 'streng@@', 'then', 'economic', 'ties', 'with', 'the', 'third', 'lar@@', 'ges@@', 't', 'econom@@', 'y', 'in', 'the', 'world', '.']
2026-05-09 10:43:16,186 - DEBUG - joeynmt.training - 	Tokenized hypothesis: ['Mr', 'Mo@@', 'd@@', 'i', 'is', 'a', 're@@', 'serv@@', 'ation', 'of', 'a', 'b@@', 'ig@@', 'ges@@', 't', 'number', 'of', 'j@@', 'us@@', 'tice', ',', 'in', 'order', 'to', 're@@', 'ach', 'the', 'economic', 'rel@@', 'ations', 'with', 'the', 'world', 'of', 'the', 'world', '&apos;s', 'economic', 're@@', 'form', '.', '</s>']
2026-05-09 10:43:16,186 - INFO - joeynmt.training - 	Source:     Herr Modi befindet sich auf einer fünftägigen Reise nach Japan , um die wirtschaftlichen Beziehungen mit der drittgrößten Wirtschaftsnation der Welt zu festigen .
2026-05-09 10:43:16,186 - INFO - joeynmt.training - 	Reference:  Mr Modi is on a five @-@ day trip to Japan to strengthen economic ties with the third largest economy in the world .
2026-05-09 10:43:16,186 - INFO - joeynmt.training - 	Hypothesis: Mr Modi is a reservation of a biggest number of justice , in order to reach the economic relations with the world of the world &apos;s economic reform .
2026-05-09 10:43:16,186 - INFO - joeynmt.training - Example #3
2026-05-09 10:43:16,187 - DEBUG - joeynmt.training - 	Tokenized source:     ['P@@', 'län@@', 'e', 'für', 'eine', 'stärk@@', 'ere', 'k@@', 'ern@@', 'techn@@', 'ische', 'Zusammenarbeit', 'stehen', 'ganz', 'ob@@', 'en', 'auf', 'der', 'Tag@@', 'es@@', 'ordnung', '.']
2026-05-09 10:43:16,187 - DEBUG - joeynmt.training - 	Tokenized reference:  ['high', 'on', 'the', 'agen@@', 'da', 'are', 'pl@@', 'ans', 'for', 'gre@@', 'ater', 'nu@@', 'clear', 'c@@', 'o', '@@@', '-@@', '@', 'operation', '.']
2026-05-09 10:43:16,187 - DEBUG - joeynmt.training - 	Tokenized hypothesis: ['P@@', '20', 'is', 'a', 'more', 'effective', 'for', 'more', 'effective', 'cooperation', ',', 'and', 'we', 'are', 'very', 'important', '.', '</s>']
2026-05-09 10:43:16,187 - INFO - joeynmt.training - 	Source:     Pläne für eine stärkere kerntechnische Zusammenarbeit stehen ganz oben auf der Tagesordnung .
2026-05-09 10:43:16,187 - INFO - joeynmt.training - 	Reference:  high on the agenda are plans for greater nuclear co @-@ operation .
2026-05-09 10:43:16,187 - INFO - joeynmt.training - 	Hypothesis: P20 is a more effective for more effective cooperation , and we are very important .
2026-05-09 10:43:16,187 - INFO - joeynmt.training - Example #4
2026-05-09 10:43:16,187 - DEBUG - joeynmt.training - 	Tokenized source:     ['Berich@@', 'ten', 'zu@@', 'fol@@', 'ge', 'ho@@', 'fft', 'Indi@@', 'en', 'darüber', 'hinaus', 'auf', 'einen', 'Ver@@', 'trag', 'zur', 'Ver@@', 'tei@@', 'dig@@', 'ungs@@', 'zusammen@@', 'arbeit', 'zwischen', 'den', 'beiden', 'N@@', 'ationen', '.']
2026-05-09 10:43:16,187 - DEBUG - joeynmt.training - 	Tokenized reference:  ['Indi@@', 'a', 'is', 'also', 're@@', 'porte@@', 'dly', 'hop@@', 'ing', 'for', 'a', 'de@@', 'al', 'on', 'def@@', 'ence', 'c@@', 'oll@@', 'ab@@', 'or@@', 'ation', 'between', 'the', 'two', 'n@@', 'ations', '.']
2026-05-09 10:43:16,187 - DEBUG - joeynmt.training - 	Tokenized hypothesis: ['in', 'ad@@', 'dition', ',', 'the', 'Committee', 'on', 'A@@', 'ff@@', 'air@@', 's', ',', 'the', 'two', 'N@@', 'ations', ',', 'between', 'the', 'two', 'N@@', 'ations', '.', '</s>']
2026-05-09 10:43:16,187 - INFO - joeynmt.training - 	Source:     Berichten zufolge hofft Indien darüber hinaus auf einen Vertrag zur Verteidigungszusammenarbeit zwischen den beiden Nationen .
2026-05-09 10:43:16,187 - INFO - joeynmt.training - 	Reference:  India is also reportedly hoping for a deal on defence collaboration between the two nations .
2026-05-09 10:43:16,187 - INFO - joeynmt.training - 	Hypothesis: in addition , the Committee on Affairs , the two Nations , between the two Nations .
2026-05-09 10:43:30,175 - INFO - joeynmt.training - Epoch   3, Step:     9600, Batch Loss:     2.292911, Batch Acc: 0.387611, Tokens per Sec:     6432, Lr: 0.000300
2026-05-09 10:43:44,181 - INFO - joeynmt.training - Epoch   3, Step:     9700, Batch Loss:     2.106174, Batch Acc: 0.397468, Tokens per Sec:     6412, Lr: 0.000300
2026-05-09 10:43:58,290 - INFO - joeynmt.training - Epoch   3, Step:     9800, Batch Loss:     2.202895, Batch Acc: 0.389574, Tokens per Sec:     6637, Lr: 0.000300
2026-05-09 10:44:12,529 - INFO - joeynmt.training - Epoch   3, Step:     9900, Batch Loss:     2.132815, Batch Acc: 0.397527, Tokens per Sec:     6480, Lr: 0.000300
2026-05-09 10:44:26,604 - INFO - joeynmt.training - Epoch   3, Step:    10000, Batch Loss:     2.366666, Batch Acc: 0.399660, Tokens per Sec:     6571, Lr: 0.000300
2026-05-09 10:44:26,605 - INFO - joeynmt.prediction - Predicting 500 example(s)... (Greedy decoding with min_output_length=1, max_output_length=-1, return_prob='none', generate_unk=True, repetition_penalty=-1, no_repeat_ngram_size=-1)
2026-05-09 10:44:49,356 - INFO - joeynmt.prediction - Evaluation result (greedy) loss:   2.63, ppl:  13.87, acc:   0.33, generation: 22.7474[sec], evaluation: 0.0000[sec]
2026-05-09 10:44:49,357 - INFO - joeynmt.training - Hooray! New best validation result [ppl]!
2026-05-09 10:44:49,425 - INFO - joeynmt.helpers - delete models/deen_transformer_post/7500.ckpt
2026-05-09 10:44:49,428 - INFO - joeynmt.training - Example #0
2026-05-09 10:44:49,428 - DEBUG - joeynmt.training - 	Tokenized source:     ['die', 'Pre@@', 'mi@@', 'er@@', 'minist@@', 'er', 'Indi@@', 'ens', 'und', 'J@@', 'ap@@', 'ans', 'tra@@', 'fen', 'sich', 'in', 'T@@', 'ok@@', 'i@@', 'o', '.']
2026-05-09 10:44:49,428 - DEBUG - joeynmt.training - 	Tokenized reference:  ['Indi@@', 'a', 'and', 'J@@', 'ap@@', 'an', 'pri@@', 'me', 'minist@@', 'ers', 'me@@', 'et', 'in', 'T@@', 'ok@@', 'y@@', 'o']
2026-05-09 10:44:49,428 - DEBUG - joeynmt.training - 	Tokenized hypothesis: ['the', 'pri@@', 'ority', 'minist@@', 'er', ',', 'Indi@@', 'a', 'and', 'J@@', 'ap@@', 'an', 'in', 'T@@', 'ok@@', 'ia', 'and', 'J@@', 'ap@@', 'an', '.', '</s>']
2026-05-09 10:44:49,428 - INFO - joeynmt.training - 	Source:     die Premierminister Indiens und Japans trafen sich in Tokio .
2026-05-09 10:44:49,428 - INFO - joeynmt.training - 	Reference:  India and Japan prime ministers meet in Tokyo
2026-05-09 10:44:49,428 - INFO - joeynmt.training - 	Hypothesis: the priority minister , India and Japan in Tokia and Japan .
2026-05-09 10:44:49,428 - INFO - joeynmt.training - Example #1
2026-05-09 10:44:49,428 - DEBUG - joeynmt.training - 	Tokenized source:     ['Indi@@', 'ens', 'neu@@', 'er', 'Pre@@', 'mi@@', 'er@@', 'minist@@', 'er', 'N@@', 'ar@@', 'end@@', 'ra', 'Mo@@', 'd@@', 'i', 'tri@@', 'fft', 'bei', 's@@', 'einem', 'ersten', 'wichti@@', 'gen', 'Aus@@', 'land@@', 's@@', 'bes@@', 'u@@', 'ch', 'seit', 's@@', 'einem', 'W@@', 'ah@@', 'l@@', 'si@@', 'e@@', 'g', 'im', 'Ma@@', 'i', 'seinen', 'j@@', 'ap@@', 'an@@', 'ischen', 'Am@@', 'ts@@', 'k@@', 'olle@@', 'gen', 'S@@', 'hin@@', 'z@@', 'o', 'A@@', 'be', 'in', 'T@@', 'ok@@', 'o', ',', 'um', 'wirtschaf@@', 'tliche', 'und', 'sicher@@', 'heits@@', 'politische', 'Be@@', 'zieh@@', 'ungen', 'zu', 'bes@@', 'pre@@', 'chen', '.']
2026-05-09 10:44:49,428 - DEBUG - joeynmt.training - 	Tokenized reference:  ['Indi@@', 'a', '&apos;s', 'new', 'pri@@', 'me', 'minist@@', 'er', ',', 'N@@', 'ar@@', 'end@@', 'ra', 'Mo@@', 'd@@', 'i', ',', 'is', 'me@@', 'eting', 'his', 'J@@', 'ap@@', 'an@@', 'ese', 'coun@@', 'ter@@', 'part', ',', 'S@@', 'hin@@', 'z@@', 'o', 'A@@', 'be', ',', 'in', 'T@@', 'ok@@', 'y@@', 'o', 'to', 'disc@@', 'uss', 'economic', 'and', 'security', 'ties', ',', 'on', 'his', 'first', 'major', 'fore@@', 'ign', 'visi@@', 't', 'since', 'w@@', 'inn@@', 'ing', 'Ma@@', 'y', '&apos;s', 'elec@@', 'tion', '.']
2026-05-09 10:44:49,428 - DEBUG - joeynmt.training - 	Tokenized hypothesis: ['Indi@@', 'a', '&apos;s', 'pri@@', 'ority', 'minist@@', 'er', 'has', 'been', 'a', 'first', 'first', 'first', 'of', 'all', 'the', 'first', 'important', 'ex@@', 'per@@', 'ts', 'of', 'his', 'first', 'first', 'first', 'first', ',', 'has', 'been', 'a', 'sign@@', 'ific@@', 'ant', 'to', 'the', 'S@@', 'y@@', 's@@', 'an', 'A@@', 'mer@@', 'ic@@', 'a', '&apos;s', 'economic', 'con@@', 'text', ',', 'economic', 'and', 'security', 'in', 'order', 'to', 'be', 'able', 'to', 'be', 'able', 'to', 'be', 'able', 'to', 'achie@@', 've', 'in', 'T@@', 'us@@', 'o', '.', '</s>']
2026-05-09 10:44:49,428 - INFO - joeynmt.training - 	Source:     Indiens neuer Premierminister Narendra Modi trifft bei seinem ersten wichtigen Auslandsbesuch seit seinem Wahlsieg im Mai seinen japanischen Amtskollegen Shinzo Abe in Toko , um wirtschaftliche und sicherheitspolitische Beziehungen zu besprechen .
2026-05-09 10:44:49,428 - INFO - joeynmt.training - 	Reference:  India &apos;s new prime minister , Narendra Modi , is meeting his Japanese counterpart , Shinzo Abe , in Tokyo to discuss economic and security ties , on his first major foreign visit since winning May &apos;s election .
2026-05-09 10:44:49,428 - INFO - joeynmt.training - 	Hypothesis: India &apos;s priority minister has been a first first first of all the first important experts of his first first first first , has been a significant to the Sysan America &apos;s economic context , economic and security in order to be able to be able to be able to achieve in Tuso .
2026-05-09 10:44:49,428 - INFO - joeynmt.training - Example #2
2026-05-09 10:44:49,428 - DEBUG - joeynmt.training - 	Tokenized source:     ['Herr', 'Mo@@', 'd@@', 'i', 'befindet', 'sich', 'auf', 'einer', 'fü@@', 'n@@', 'f@@', 'tä@@', 'gi@@', 'gen', 'Rei@@', 'se', 'nach', 'J@@', 'ap@@', 'an', ',', 'um', 'die', 'wirtschaf@@', 'tlichen', 'Be@@', 'zieh@@', 'ungen', 'mit', 'der', 'd@@', 'rit@@', 't@@', 'größ@@', 'ten', 'Wirtschafts@@', 'n@@', 'ation', 'der', 'Welt', 'zu', 'fes@@', 'tigen', '.']
2026-05-09 10:44:49,428 - DEBUG - joeynmt.training - 	Tokenized reference:  ['Mr', 'Mo@@', 'd@@', 'i', 'is', 'on', 'a', 'fi@@', 've', '@@@', '-@@', '@', 'day', 'tri@@', 'p', 'to', 'J@@', 'ap@@', 'an', 'to', 'streng@@', 'then', 'economic', 'ties', 'with', 'the', 'third', 'lar@@', 'ges@@', 't', 'econom@@', 'y', 'in', 'the', 'world', '.']
2026-05-09 10:44:49,428 - DEBUG - joeynmt.training - 	Tokenized hypothesis: ['Mr', 'Mo@@', 'd@@', 'i', 'is', 'located', 'on', 'a', 'fi@@', 'le', 'of', 'J@@', 'ap@@', 'an', 'to', 'the', 'economic', 'rel@@', 'ations', 'with', 'J@@', 'ap@@', 'an', 'to', 'the', 'world', '&apos;s', 'economic', 'rel@@', 'ations', 'with', 'the', 'world', '.', '</s>']
2026-05-09 10:44:49,428 - INFO - joeynmt.training - 	Source:     Herr Modi befindet sich auf einer fünftägigen Reise nach Japan , um die wirtschaftlichen Beziehungen mit der drittgrößten Wirtschaftsnation der Welt zu festigen .
2026-05-09 10:44:49,428 - INFO - joeynmt.training - 	Reference:  Mr Modi is on a five @-@ day trip to Japan to strengthen economic ties with the third largest economy in the world .
2026-05-09 10:44:49,428 - INFO - joeynmt.training - 	Hypothesis: Mr Modi is located on a file of Japan to the economic relations with Japan to the world &apos;s economic relations with the world .
2026-05-09 10:44:49,428 - INFO - joeynmt.training - Example #3
2026-05-09 10:44:49,428 - DEBUG - joeynmt.training - 	Tokenized source:     ['P@@', 'län@@', 'e', 'für', 'eine', 'stärk@@', 'ere', 'k@@', 'ern@@', 'techn@@', 'ische', 'Zusammenarbeit', 'stehen', 'ganz', 'ob@@', 'en', 'auf', 'der', 'Tag@@', 'es@@', 'ordnung', '.']
2026-05-09 10:44:49,428 - DEBUG - joeynmt.training - 	Tokenized reference:  ['high', 'on', 'the', 'agen@@', 'da', 'are', 'pl@@', 'ans', 'for', 'gre@@', 'ater', 'nu@@', 'clear', 'c@@', 'o', '@@@', '-@@', '@', 'operation', '.']
2026-05-09 10:44:49,429 - DEBUG - joeynmt.training - 	Tokenized hypothesis: ['P@@', 'P@@', 'P@@', 'P@@', 'P@@', 'ubli@@', 'c', 'is', 'a', 'more', 'important', 'techn@@', 'ical', 'cooperation', 'and', 'the', 'agen@@', 'da', '.', '</s>']
2026-05-09 10:44:49,429 - INFO - joeynmt.training - 	Source:     Pläne für eine stärkere kerntechnische Zusammenarbeit stehen ganz oben auf der Tagesordnung .
2026-05-09 10:44:49,429 - INFO - joeynmt.training - 	Reference:  high on the agenda are plans for greater nuclear co @-@ operation .
2026-05-09 10:44:49,429 - INFO - joeynmt.training - 	Hypothesis: PPPPPublic is a more important technical cooperation and the agenda .
2026-05-09 10:44:49,429 - INFO - joeynmt.training - Example #4
2026-05-09 10:44:49,429 - DEBUG - joeynmt.training - 	Tokenized source:     ['Berich@@', 'ten', 'zu@@', 'fol@@', 'ge', 'ho@@', 'fft', 'Indi@@', 'en', 'darüber', 'hinaus', 'auf', 'einen', 'Ver@@', 'trag', 'zur', 'Ver@@', 'tei@@', 'dig@@', 'ungs@@', 'zusammen@@', 'arbeit', 'zwischen', 'den', 'beiden', 'N@@', 'ationen', '.']
2026-05-09 10:44:49,429 - DEBUG - joeynmt.training - 	Tokenized reference:  ['Indi@@', 'a', 'is', 'also', 're@@', 'porte@@', 'dly', 'hop@@', 'ing', 'for', 'a', 'de@@', 'al', 'on', 'def@@', 'ence', 'c@@', 'oll@@', 'ab@@', 'or@@', 'ation', 'between', 'the', 'two', 'n@@', 'ations', '.']
2026-05-09 10:44:49,429 - DEBUG - joeynmt.training - 	Tokenized hypothesis: ['in', 'ad@@', 'dition', ',', 'the', 'con@@', 'text', 'of', 'the', 'two', 'other', 'institutions', ',', 'in', 'ad@@', 'dition', 'to', 'the', 'two', 'N@@', 'ations', '.', '</s>']
2026-05-09 10:44:49,429 - INFO - joeynmt.training - 	Source:     Berichten zufolge hofft Indien darüber hinaus auf einen Vertrag zur Verteidigungszusammenarbeit zwischen den beiden Nationen .
2026-05-09 10:44:49,429 - INFO - joeynmt.training - 	Reference:  India is also reportedly hoping for a deal on defence collaboration between the two nations .
2026-05-09 10:44:49,429 - INFO - joeynmt.training - 	Hypothesis: in addition , the context of the two other institutions , in addition to the two Nations .
2026-05-09 10:45:03,638 - INFO - joeynmt.training - Epoch   3, Step:    10100, Batch Loss:     2.333079, Batch Acc: 0.400290, Tokens per Sec:     6471, Lr: 0.000300
2026-05-09 10:45:17,728 - INFO - joeynmt.training - Epoch   3, Step:    10200, Batch Loss:     2.133170, Batch Acc: 0.404031, Tokens per Sec:     6505, Lr: 0.000300
2026-05-09 10:45:31,864 - INFO - joeynmt.training - Epoch   3, Step:    10300, Batch Loss:     2.082974, Batch Acc: 0.402091, Tokens per Sec:     6476, Lr: 0.000300
2026-05-09 10:45:46,091 - INFO - joeynmt.training - Epoch   3, Step:    10400, Batch Loss:     2.165113, Batch Acc: 0.406453, Tokens per Sec:     6528, Lr: 0.000300
2026-05-09 10:46:00,129 - INFO - joeynmt.training - Epoch   3, Step:    10500, Batch Loss:     2.230943, Batch Acc: 0.409007, Tokens per Sec:     6452, Lr: 0.000300
2026-05-09 10:46:00,130 - INFO - joeynmt.prediction - Predicting 500 example(s)... (Greedy decoding with min_output_length=1, max_output_length=-1, return_prob='none', generate_unk=True, repetition_penalty=-1, no_repeat_ngram_size=-1)
2026-05-09 10:46:24,566 - INFO - joeynmt.prediction - Evaluation result (greedy) loss:   2.58, ppl:  13.19, acc:   0.34, generation: 24.4326[sec], evaluation: 0.0000[sec]
2026-05-09 10:46:24,567 - INFO - joeynmt.training - Hooray! New best validation result [ppl]!
2026-05-09 10:46:24,634 - INFO - joeynmt.helpers - delete models/deen_transformer_post/8000.ckpt
2026-05-09 10:46:24,636 - INFO - joeynmt.training - Example #0
2026-05-09 10:46:24,636 - DEBUG - joeynmt.training - 	Tokenized source:     ['die', 'Pre@@', 'mi@@', 'er@@', 'minist@@', 'er', 'Indi@@', 'ens', 'und', 'J@@', 'ap@@', 'ans', 'tra@@', 'fen', 'sich', 'in', 'T@@', 'ok@@', 'i@@', 'o', '.']
2026-05-09 10:46:24,636 - DEBUG - joeynmt.training - 	Tokenized reference:  ['Indi@@', 'a', 'and', 'J@@', 'ap@@', 'an', 'pri@@', 'me', 'minist@@', 'ers', 'me@@', 'et', 'in', 'T@@', 'ok@@', 'y@@', 'o']
2026-05-09 10:46:24,636 - DEBUG - joeynmt.training - 	Tokenized hypothesis: ['the', 'pri@@', 'ority', 'has', 'been', 'made', 'in', 'the', 'way', 'of', 'Indi@@', 'a', 'and', 'J@@', 'ap@@', 'an', '.', '</s>']
2026-05-09 10:46:24,636 - INFO - joeynmt.training - 	Source:     die Premierminister Indiens und Japans trafen sich in Tokio .
2026-05-09 10:46:24,636 - INFO - joeynmt.training - 	Reference:  India and Japan prime ministers meet in Tokyo
2026-05-09 10:46:24,636 - INFO - joeynmt.training - 	Hypothesis: the priority has been made in the way of India and Japan .
2026-05-09 10:46:24,636 - INFO - joeynmt.training - Example #1
2026-05-09 10:46:24,637 - DEBUG - joeynmt.training - 	Tokenized source:     ['Indi@@', 'ens', 'neu@@', 'er', 'Pre@@', 'mi@@', 'er@@', 'minist@@', 'er', 'N@@', 'ar@@', 'end@@', 'ra', 'Mo@@', 'd@@', 'i', 'tri@@', 'fft', 'bei', 's@@', 'einem', 'ersten', 'wichti@@', 'gen', 'Aus@@', 'land@@', 's@@', 'bes@@', 'u@@', 'ch', 'seit', 's@@', 'einem', 'W@@', 'ah@@', 'l@@', 'si@@', 'e@@', 'g', 'im', 'Ma@@', 'i', 'seinen', 'j@@', 'ap@@', 'an@@', 'ischen', 'Am@@', 'ts@@', 'k@@', 'olle@@', 'gen', 'S@@', 'hin@@', 'z@@', 'o', 'A@@', 'be', 'in', 'T@@', 'ok@@', 'o', ',', 'um', 'wirtschaf@@', 'tliche', 'und', 'sicher@@', 'heits@@', 'politische', 'Be@@', 'zieh@@', 'ungen', 'zu', 'bes@@', 'pre@@', 'chen', '.']
2026-05-09 10:46:24,637 - DEBUG - joeynmt.training - 	Tokenized reference:  ['Indi@@', 'a', '&apos;s', 'new', 'pri@@', 'me', 'minist@@', 'er', ',', 'N@@', 'ar@@', 'end@@', 'ra', 'Mo@@', 'd@@', 'i', ',', 'is', 'me@@', 'eting', 'his', 'J@@', 'ap@@', 'an@@', 'ese', 'coun@@', 'ter@@', 'part', ',', 'S@@', 'hin@@', 'z@@', 'o', 'A@@', 'be', ',', 'in', 'T@@', 'ok@@', 'y@@', 'o', 'to', 'disc@@', 'uss', 'economic', 'and', 'security', 'ties', ',', 'on', 'his', 'first', 'major', 'fore@@', 'ign', 'visi@@', 't', 'since', 'w@@', 'inn@@', 'ing', 'Ma@@', 'y', '&apos;s', 'elec@@', 'tion', '.']
2026-05-09 10:46:24,637 - DEBUG - joeynmt.training - 	Tokenized hypothesis: ['Indi@@', 'a', ',', 'the', 'pri@@', 'ority', 'of', 'the', 'Council', ',', 'N@@', 'ar@@', 'd@@', 'i', 'was', 'a', 'first', 'important', 'de@@', 'mon@@', 'str@@', 'ate', 'in', 'his', 'first', 'time', ',', 'since', 'his', 'first', 'time', ',', 'the', 'S@@', 'an@@', 'z@@', 'e@@', 'ch', 'of', 'the', 'A@@', 'mer@@', 'ic@@', 'a', 'of', 'the', 'A@@', 'mer@@', 'ic@@', 'a', 'of', 'A@@', 'mer@@', 'ic@@', 'a', ',', 'economic', 'and', 'security', 'of', 'the', 'political', 'rel@@', 'ations', '.', '</s>']
2026-05-09 10:46:24,637 - INFO - joeynmt.training - 	Source:     Indiens neuer Premierminister Narendra Modi trifft bei seinem ersten wichtigen Auslandsbesuch seit seinem Wahlsieg im Mai seinen japanischen Amtskollegen Shinzo Abe in Toko , um wirtschaftliche und sicherheitspolitische Beziehungen zu besprechen .
2026-05-09 10:46:24,637 - INFO - joeynmt.training - 	Reference:  India &apos;s new prime minister , Narendra Modi , is meeting his Japanese counterpart , Shinzo Abe , in Tokyo to discuss economic and security ties , on his first major foreign visit since winning May &apos;s election .
2026-05-09 10:46:24,637 - INFO - joeynmt.training - 	Hypothesis: India , the priority of the Council , Nardi was a first important demonstrate in his first time , since his first time , the Sanzech of the America of the America of America , economic and security of the political relations .
2026-05-09 10:46:24,637 - INFO - joeynmt.training - Example #2
2026-05-09 10:46:24,637 - DEBUG - joeynmt.training - 	Tokenized source:     ['Herr', 'Mo@@', 'd@@', 'i', 'befindet', 'sich', 'auf', 'einer', 'fü@@', 'n@@', 'f@@', 'tä@@', 'gi@@', 'gen', 'Rei@@', 'se', 'nach', 'J@@', 'ap@@', 'an', ',', 'um', 'die', 'wirtschaf@@', 'tlichen', 'Be@@', 'zieh@@', 'ungen', 'mit', 'der', 'd@@', 'rit@@', 't@@', 'größ@@', 'ten', 'Wirtschafts@@', 'n@@', 'ation', 'der', 'Welt', 'zu', 'fes@@', 'tigen', '.']
2026-05-09 10:46:24,637 - DEBUG - joeynmt.training - 	Tokenized reference:  ['Mr', 'Mo@@', 'd@@', 'i', 'is', 'on', 'a', 'fi@@', 've', '@@@', '-@@', '@', 'day', 'tri@@', 'p', 'to', 'J@@', 'ap@@', 'an', 'to', 'streng@@', 'then', 'economic', 'ties', 'with', 'the', 'third', 'lar@@', 'ges@@', 't', 'econom@@', 'y', 'in', 'the', 'world', '.']
2026-05-09 10:46:24,637 - DEBUG - joeynmt.training - 	Tokenized hypothesis: ['Mr', 'Mo@@', 'd@@', 'i', 'is', 'located', 'on', 'a', 'fi@@', 'le', 'of', 'J@@', 'ap@@', 'an', ',', 'in', 'order', 'to', 're@@', 'ach', 'the', 'economic', 'rel@@', 'ations', 'with', 'the', 'world', 'of', 'the', 'world', '&apos;s', 'econom@@', 'y', '.', '</s>']
2026-05-09 10:46:24,637 - INFO - joeynmt.training - 	Source:     Herr Modi befindet sich auf einer fünftägigen Reise nach Japan , um die wirtschaftlichen Beziehungen mit der drittgrößten Wirtschaftsnation der Welt zu festigen .
2026-05-09 10:46:24,637 - INFO - joeynmt.training - 	Reference:  Mr Modi is on a five @-@ day trip to Japan to strengthen economic ties with the third largest economy in the world .
2026-05-09 10:46:24,637 - INFO - joeynmt.training - 	Hypothesis: Mr Modi is located on a file of Japan , in order to reach the economic relations with the world of the world &apos;s economy .
2026-05-09 10:46:24,637 - INFO - joeynmt.training - Example #3
2026-05-09 10:46:24,637 - DEBUG - joeynmt.training - 	Tokenized source:     ['P@@', 'län@@', 'e', 'für', 'eine', 'stärk@@', 'ere', 'k@@', 'ern@@', 'techn@@', 'ische', 'Zusammenarbeit', 'stehen', 'ganz', 'ob@@', 'en', 'auf', 'der', 'Tag@@', 'es@@', 'ordnung', '.']
2026-05-09 10:46:24,637 - DEBUG - joeynmt.training - 	Tokenized reference:  ['high', 'on', 'the', 'agen@@', 'da', 'are', 'pl@@', 'ans', 'for', 'gre@@', 'ater', 'nu@@', 'clear', 'c@@', 'o', '@@@', '-@@', '@', 'operation', '.']
2026-05-09 10:46:24,637 - DEBUG - joeynmt.training - 	Tokenized hypothesis: ['P@@', 'ubli@@', 'c', 'is', 'a', 'more', 'than', 'a', 'more', 'than', 'the', 'agen@@', 'da', '.', '</s>']
2026-05-09 10:46:24,637 - INFO - joeynmt.training - 	Source:     Pläne für eine stärkere kerntechnische Zusammenarbeit stehen ganz oben auf der Tagesordnung .
2026-05-09 10:46:24,637 - INFO - joeynmt.training - 	Reference:  high on the agenda are plans for greater nuclear co @-@ operation .
2026-05-09 10:46:24,637 - INFO - joeynmt.training - 	Hypothesis: Public is a more than a more than the agenda .
2026-05-09 10:46:24,637 - INFO - joeynmt.training - Example #4
2026-05-09 10:46:24,637 - DEBUG - joeynmt.training - 	Tokenized source:     ['Berich@@', 'ten', 'zu@@', 'fol@@', 'ge', 'ho@@', 'fft', 'Indi@@', 'en', 'darüber', 'hinaus', 'auf', 'einen', 'Ver@@', 'trag', 'zur', 'Ver@@', 'tei@@', 'dig@@', 'ungs@@', 'zusammen@@', 'arbeit', 'zwischen', 'den', 'beiden', 'N@@', 'ationen', '.']
2026-05-09 10:46:24,637 - DEBUG - joeynmt.training - 	Tokenized reference:  ['Indi@@', 'a', 'is', 'also', 're@@', 'porte@@', 'dly', 'hop@@', 'ing', 'for', 'a', 'de@@', 'al', 'on', 'def@@', 'ence', 'c@@', 'oll@@', 'ab@@', 'or@@', 'ation', 'between', 'the', 'two', 'n@@', 'ations', '.']
2026-05-09 10:46:24,637 - DEBUG - joeynmt.training - 	Tokenized hypothesis: ['re@@', 'ports', 'are', 'also', 'available', 'in', 'the', 'two', 'of', 'the', 'two', 'N@@', 'ations', 'on', 'the', 'con@@', 'text', 'of', 'the', 'two', 'N@@', 'ations', '.', '</s>']
2026-05-09 10:46:24,637 - INFO - joeynmt.training - 	Source:     Berichten zufolge hofft Indien darüber hinaus auf einen Vertrag zur Verteidigungszusammenarbeit zwischen den beiden Nationen .
2026-05-09 10:46:24,637 - INFO - joeynmt.training - 	Reference:  India is also reportedly hoping for a deal on defence collaboration between the two nations .
2026-05-09 10:46:24,637 - INFO - joeynmt.training - 	Hypothesis: reports are also available in the two of the two Nations on the context of the two Nations .
2026-05-09 10:46:38,646 - INFO - joeynmt.training - Epoch   3, Step:    10600, Batch Loss:     2.130987, Batch Acc: 0.403356, Tokens per Sec:     6561, Lr: 0.000300
2026-05-09 10:46:52,930 - INFO - joeynmt.training - Epoch   3, Step:    10700, Batch Loss:     2.163683, Batch Acc: 0.413433, Tokens per Sec:     6453, Lr: 0.000300
2026-05-09 10:47:06,973 - INFO - joeynmt.training - Epoch   3, Step:    10800, Batch Loss:     2.181645, Batch Acc: 0.407042, Tokens per Sec:     6511, Lr: 0.000300
2026-05-09 10:47:21,152 - INFO - joeynmt.training - Epoch   3, Step:    10900, Batch Loss:     2.278684, Batch Acc: 0.409480, Tokens per Sec:     6521, Lr: 0.000300
2026-05-09 10:47:35,301 - INFO - joeynmt.training - Epoch   3, Step:    11000, Batch Loss:     1.993618, Batch Acc: 0.415960, Tokens per Sec:     6496, Lr: 0.000300
2026-05-09 10:47:35,302 - INFO - joeynmt.prediction - Predicting 500 example(s)... (Greedy decoding with min_output_length=1, max_output_length=-1, return_prob='none', generate_unk=True, repetition_penalty=-1, no_repeat_ngram_size=-1)
2026-05-09 10:48:01,578 - INFO - joeynmt.prediction - Evaluation result (greedy) loss:   2.53, ppl:  12.55, acc:   0.35, generation: 26.2725[sec], evaluation: 0.0000[sec]
2026-05-09 10:48:01,580 - INFO - joeynmt.training - Hooray! New best validation result [ppl]!
2026-05-09 10:48:01,646 - INFO - joeynmt.helpers - delete models/deen_transformer_post/8500.ckpt
2026-05-09 10:48:01,649 - INFO - joeynmt.training - Example #0
2026-05-09 10:48:01,649 - DEBUG - joeynmt.training - 	Tokenized source:     ['die', 'Pre@@', 'mi@@', 'er@@', 'minist@@', 'er', 'Indi@@', 'ens', 'und', 'J@@', 'ap@@', 'ans', 'tra@@', 'fen', 'sich', 'in', 'T@@', 'ok@@', 'i@@', 'o', '.']
2026-05-09 10:48:01,649 - DEBUG - joeynmt.training - 	Tokenized reference:  ['Indi@@', 'a', 'and', 'J@@', 'ap@@', 'an', 'pri@@', 'me', 'minist@@', 'ers', 'me@@', 'et', 'in', 'T@@', 'ok@@', 'y@@', 'o']
2026-05-09 10:48:01,649 - DEBUG - joeynmt.training - 	Tokenized hypothesis: ['the', 'pri@@', 'ority', 'of', 'Indi@@', 'an', 'and', 'J@@', 'ap@@', 'an', 'and', 'J@@', 'ap@@', 'an', 'and', 'J@@', 'ap@@', 'an', '.', '</s>']
2026-05-09 10:48:01,649 - INFO - joeynmt.training - 	Source:     die Premierminister Indiens und Japans trafen sich in Tokio .
2026-05-09 10:48:01,650 - INFO - joeynmt.training - 	Reference:  India and Japan prime ministers meet in Tokyo
2026-05-09 10:48:01,650 - INFO - joeynmt.training - 	Hypothesis: the priority of Indian and Japan and Japan and Japan .
2026-05-09 10:48:01,650 - INFO - joeynmt.training - Example #1
2026-05-09 10:48:01,650 - DEBUG - joeynmt.training - 	Tokenized source:     ['Indi@@', 'ens', 'neu@@', 'er', 'Pre@@', 'mi@@', 'er@@', 'minist@@', 'er', 'N@@', 'ar@@', 'end@@', 'ra', 'Mo@@', 'd@@', 'i', 'tri@@', 'fft', 'bei', 's@@', 'einem', 'ersten', 'wichti@@', 'gen', 'Aus@@', 'land@@', 's@@', 'bes@@', 'u@@', 'ch', 'seit', 's@@', 'einem', 'W@@', 'ah@@', 'l@@', 'si@@', 'e@@', 'g', 'im', 'Ma@@', 'i', 'seinen', 'j@@', 'ap@@', 'an@@', 'ischen', 'Am@@', 'ts@@', 'k@@', 'olle@@', 'gen', 'S@@', 'hin@@', 'z@@', 'o', 'A@@', 'be', 'in', 'T@@', 'ok@@', 'o', ',', 'um', 'wirtschaf@@', 'tliche', 'und', 'sicher@@', 'heits@@', 'politische', 'Be@@', 'zieh@@', 'ungen', 'zu', 'bes@@', 'pre@@', 'chen', '.']
2026-05-09 10:48:01,650 - DEBUG - joeynmt.training - 	Tokenized reference:  ['Indi@@', 'a', '&apos;s', 'new', 'pri@@', 'me', 'minist@@', 'er', ',', 'N@@', 'ar@@', 'end@@', 'ra', 'Mo@@', 'd@@', 'i', ',', 'is', 'me@@', 'eting', 'his', 'J@@', 'ap@@', 'an@@', 'ese', 'coun@@', 'ter@@', 'part', ',', 'S@@', 'hin@@', 'z@@', 'o', 'A@@', 'be', ',', 'in', 'T@@', 'ok@@', 'y@@', 'o', 'to', 'disc@@', 'uss', 'economic', 'and', 'security', 'ties', ',', 'on', 'his', 'first', 'major', 'fore@@', 'ign', 'visi@@', 't', 'since', 'w@@', 'inn@@', 'ing', 'Ma@@', 'y', '&apos;s', 'elec@@', 'tion', '.']
2026-05-09 10:48:01,650 - DEBUG - joeynmt.training - 	Tokenized hypothesis: ['Indi@@', 'an', ',', 'the', 'Pre@@', 'siden@@', 'cy', 'of', 'the', 'first', 'first', 'important', 'ex@@', 'ac@@', 'tly', 'in', 'his', 'first', 'first', 'first', 'of', 'all', 'the', 'first', 'important', 'ex@@', 'clu@@', 'si@@', 'vely', 'in', 'the', 'Ma@@', 'y', 'of', 'his', 'first', 'first', 'first', 'of', 'all', 'the', 'more', 'to', 'be', 'able', 'to', 'achie@@', 've', 'economic', 'and', 'social', 'rel@@', 'ations', 'in', 'the', 'e@@', 'uro', '.', '</s>']
2026-05-09 10:48:01,650 - INFO - joeynmt.training - 	Source:     Indiens neuer Premierminister Narendra Modi trifft bei seinem ersten wichtigen Auslandsbesuch seit seinem Wahlsieg im Mai seinen japanischen Amtskollegen Shinzo Abe in Toko , um wirtschaftliche und sicherheitspolitische Beziehungen zu besprechen .
2026-05-09 10:48:01,650 - INFO - joeynmt.training - 	Reference:  India &apos;s new prime minister , Narendra Modi , is meeting his Japanese counterpart , Shinzo Abe , in Tokyo to discuss economic and security ties , on his first major foreign visit since winning May &apos;s election .
2026-05-09 10:48:01,650 - INFO - joeynmt.training - 	Hypothesis: Indian , the Presidency of the first first important exactly in his first first first of all the first important exclusively in the May of his first first first of all the more to be able to achieve economic and social relations in the euro .
2026-05-09 10:48:01,650 - INFO - joeynmt.training - Example #2
2026-05-09 10:48:01,650 - DEBUG - joeynmt.training - 	Tokenized source:     ['Herr', 'Mo@@', 'd@@', 'i', 'befindet', 'sich', 'auf', 'einer', 'fü@@', 'n@@', 'f@@', 'tä@@', 'gi@@', 'gen', 'Rei@@', 'se', 'nach', 'J@@', 'ap@@', 'an', ',', 'um', 'die', 'wirtschaf@@', 'tlichen', 'Be@@', 'zieh@@', 'ungen', 'mit', 'der', 'd@@', 'rit@@', 't@@', 'größ@@', 'ten', 'Wirtschafts@@', 'n@@', 'ation', 'der', 'Welt', 'zu', 'fes@@', 'tigen', '.']
2026-05-09 10:48:01,650 - DEBUG - joeynmt.training - 	Tokenized reference:  ['Mr', 'Mo@@', 'd@@', 'i', 'is', 'on', 'a', 'fi@@', 've', '@@@', '-@@', '@', 'day', 'tri@@', 'p', 'to', 'J@@', 'ap@@', 'an', 'to', 'streng@@', 'then', 'economic', 'ties', 'with', 'the', 'third', 'lar@@', 'ges@@', 't', 'econom@@', 'y', 'in', 'the', 'world', '.']
2026-05-09 10:48:01,650 - DEBUG - joeynmt.training - 	Tokenized hypothesis: ['Mr', 'Mo@@', 'd@@', 'i', 'is', 'a', 'fi@@', 'le', 'on', 'a', 'fi@@', 'le', 'of', 'J@@', 'ap@@', 'an', 'to', 'J@@', 'ap@@', 'an', 'to', 'the', 'economic', 'rel@@', 'ations', 'with', 'the', 'world', '&apos;s', 'economic', 're@@', 'ports', '.', '</s>']
2026-05-09 10:48:01,650 - INFO - joeynmt.training - 	Source:     Herr Modi befindet sich auf einer fünftägigen Reise nach Japan , um die wirtschaftlichen Beziehungen mit der drittgrößten Wirtschaftsnation der Welt zu festigen .
2026-05-09 10:48:01,650 - INFO - joeynmt.training - 	Reference:  Mr Modi is on a five @-@ day trip to Japan to strengthen economic ties with the third largest economy in the world .
2026-05-09 10:48:01,650 - INFO - joeynmt.training - 	Hypothesis: Mr Modi is a file on a file of Japan to Japan to the economic relations with the world &apos;s economic reports .
2026-05-09 10:48:01,650 - INFO - joeynmt.training - Example #3
2026-05-09 10:48:01,650 - DEBUG - joeynmt.training - 	Tokenized source:     ['P@@', 'län@@', 'e', 'für', 'eine', 'stärk@@', 'ere', 'k@@', 'ern@@', 'techn@@', 'ische', 'Zusammenarbeit', 'stehen', 'ganz', 'ob@@', 'en', 'auf', 'der', 'Tag@@', 'es@@', 'ordnung', '.']
2026-05-09 10:48:01,650 - DEBUG - joeynmt.training - 	Tokenized reference:  ['high', 'on', 'the', 'agen@@', 'da', 'are', 'pl@@', 'ans', 'for', 'gre@@', 'ater', 'nu@@', 'clear', 'c@@', 'o', '@@@', '-@@', '@', 'operation', '.']
2026-05-09 10:48:01,650 - DEBUG - joeynmt.training - 	Tokenized hypothesis: ['P@@', 'ubli@@', 'c', 'cooperation', 'is', 'a', 'more', 'about', 'the', 'agen@@', 'da', '.', '</s>']
2026-05-09 10:48:01,650 - INFO - joeynmt.training - 	Source:     Pläne für eine stärkere kerntechnische Zusammenarbeit stehen ganz oben auf der Tagesordnung .
2026-05-09 10:48:01,650 - INFO - joeynmt.training - 	Reference:  high on the agenda are plans for greater nuclear co @-@ operation .
2026-05-09 10:48:01,650 - INFO - joeynmt.training - 	Hypothesis: Public cooperation is a more about the agenda .
2026-05-09 10:48:01,650 - INFO - joeynmt.training - Example #4
2026-05-09 10:48:01,650 - DEBUG - joeynmt.training - 	Tokenized source:     ['Berich@@', 'ten', 'zu@@', 'fol@@', 'ge', 'ho@@', 'fft', 'Indi@@', 'en', 'darüber', 'hinaus', 'auf', 'einen', 'Ver@@', 'trag', 'zur', 'Ver@@', 'tei@@', 'dig@@', 'ungs@@', 'zusammen@@', 'arbeit', 'zwischen', 'den', 'beiden', 'N@@', 'ationen', '.']
2026-05-09 10:48:01,650 - DEBUG - joeynmt.training - 	Tokenized reference:  ['Indi@@', 'a', 'is', 'also', 're@@', 'porte@@', 'dly', 'hop@@', 'ing', 'for', 'a', 'de@@', 'al', 'on', 'def@@', 'ence', 'c@@', 'oll@@', 'ab@@', 'or@@', 'ation', 'between', 'the', 'two', 'n@@', 'ations', '.']
2026-05-09 10:48:01,650 - DEBUG - joeynmt.training - 	Tokenized hypothesis: ['the', 're@@', 'ports', 'on', 'the', 'con@@', 'text', 'of', 'the', 'two', 'N@@', 'ations', ',', 'which', 'is', 'also', 'a', 'con@@', 'sequ@@', 'ence', 'between', 'the', 'two', 'N@@', 'ations', '.', '</s>']
2026-05-09 10:48:01,650 - INFO - joeynmt.training - 	Source:     Berichten zufolge hofft Indien darüber hinaus auf einen Vertrag zur Verteidigungszusammenarbeit zwischen den beiden Nationen .
2026-05-09 10:48:01,650 - INFO - joeynmt.training - 	Reference:  India is also reportedly hoping for a deal on defence collaboration between the two nations .
2026-05-09 10:48:01,650 - INFO - joeynmt.training - 	Hypothesis: the reports on the context of the two Nations , which is also a consequence between the two Nations .
2026-05-09 10:48:15,712 - INFO - joeynmt.training - Epoch   3, Step:    11100, Batch Loss:     2.360038, Batch Acc: 0.415106, Tokens per Sec:     6493, Lr: 0.000300
2026-05-09 10:48:29,899 - INFO - joeynmt.training - Epoch   3, Step:    11200, Batch Loss:     2.031808, Batch Acc: 0.411879, Tokens per Sec:     6561, Lr: 0.000300
2026-05-09 10:48:44,145 - INFO - joeynmt.training - Epoch   3, Step:    11300, Batch Loss:     2.176694, Batch Acc: 0.417403, Tokens per Sec:     6353, Lr: 0.000300
2026-05-09 10:48:58,287 - INFO - joeynmt.training - Epoch   3, Step:    11400, Batch Loss:     2.244833, Batch Acc: 0.421331, Tokens per Sec:     6484, Lr: 0.000300
2026-05-09 10:49:12,495 - INFO - joeynmt.training - Epoch   3, Step:    11500, Batch Loss:     2.225449, Batch Acc: 0.419592, Tokens per Sec:     6372, Lr: 0.000300
2026-05-09 10:49:12,496 - INFO - joeynmt.prediction - Predicting 500 example(s)... (Greedy decoding with min_output_length=1, max_output_length=-1, return_prob='none', generate_unk=True, repetition_penalty=-1, no_repeat_ngram_size=-1)
2026-05-09 10:49:40,876 - INFO - joeynmt.prediction - Evaluation result (greedy) loss:   2.50, ppl:  12.20, acc:   0.36, generation: 28.3768[sec], evaluation: 0.0000[sec]
2026-05-09 10:49:40,878 - INFO - joeynmt.training - Hooray! New best validation result [ppl]!
2026-05-09 10:49:40,945 - INFO - joeynmt.helpers - delete models/deen_transformer_post/9000.ckpt
2026-05-09 10:49:40,946 - INFO - joeynmt.training - Example #0
2026-05-09 10:49:40,946 - DEBUG - joeynmt.training - 	Tokenized source:     ['die', 'Pre@@', 'mi@@', 'er@@', 'minist@@', 'er', 'Indi@@', 'ens', 'und', 'J@@', 'ap@@', 'ans', 'tra@@', 'fen', 'sich', 'in', 'T@@', 'ok@@', 'i@@', 'o', '.']
2026-05-09 10:49:40,946 - DEBUG - joeynmt.training - 	Tokenized reference:  ['Indi@@', 'a', 'and', 'J@@', 'ap@@', 'an', 'pri@@', 'me', 'minist@@', 'ers', 'me@@', 'et', 'in', 'T@@', 'ok@@', 'y@@', 'o']
2026-05-09 10:49:40,946 - DEBUG - joeynmt.training - 	Tokenized hypothesis: ['the', 'pri@@', 'm@@', 'ari@@', 'ly', 'minist@@', 'ers', 'and', 'J@@', 'ap@@', 'an', 'and', 'J@@', 'ap@@', 'an', 'and', 'J@@', 'ap@@', 'an', '.', '</s>']
2026-05-09 10:49:40,946 - INFO - joeynmt.training - 	Source:     die Premierminister Indiens und Japans trafen sich in Tokio .
2026-05-09 10:49:40,946 - INFO - joeynmt.training - 	Reference:  India and Japan prime ministers meet in Tokyo
2026-05-09 10:49:40,946 - INFO - joeynmt.training - 	Hypothesis: the primarily ministers and Japan and Japan and Japan .
2026-05-09 10:49:40,947 - INFO - joeynmt.training - Example #1
2026-05-09 10:49:40,947 - DEBUG - joeynmt.training - 	Tokenized source:     ['Indi@@', 'ens', 'neu@@', 'er', 'Pre@@', 'mi@@', 'er@@', 'minist@@', 'er', 'N@@', 'ar@@', 'end@@', 'ra', 'Mo@@', 'd@@', 'i', 'tri@@', 'fft', 'bei', 's@@', 'einem', 'ersten', 'wichti@@', 'gen', 'Aus@@', 'land@@', 's@@', 'bes@@', 'u@@', 'ch', 'seit', 's@@', 'einem', 'W@@', 'ah@@', 'l@@', 'si@@', 'e@@', 'g', 'im', 'Ma@@', 'i', 'seinen', 'j@@', 'ap@@', 'an@@', 'ischen', 'Am@@', 'ts@@', 'k@@', 'olle@@', 'gen', 'S@@', 'hin@@', 'z@@', 'o', 'A@@', 'be', 'in', 'T@@', 'ok@@', 'o', ',', 'um', 'wirtschaf@@', 'tliche', 'und', 'sicher@@', 'heits@@', 'politische', 'Be@@', 'zieh@@', 'ungen', 'zu', 'bes@@', 'pre@@', 'chen', '.']
2026-05-09 10:49:40,947 - DEBUG - joeynmt.training - 	Tokenized reference:  ['Indi@@', 'a', '&apos;s', 'new', 'pri@@', 'me', 'minist@@', 'er', ',', 'N@@', 'ar@@', 'end@@', 'ra', 'Mo@@', 'd@@', 'i', ',', 'is', 'me@@', 'eting', 'his', 'J@@', 'ap@@', 'an@@', 'ese', 'coun@@', 'ter@@', 'part', ',', 'S@@', 'hin@@', 'z@@', 'o', 'A@@', 'be', ',', 'in', 'T@@', 'ok@@', 'y@@', 'o', 'to', 'disc@@', 'uss', 'economic', 'and', 'security', 'ties', ',', 'on', 'his', 'first', 'major', 'fore@@', 'ign', 'visi@@', 't', 'since', 'w@@', 'inn@@', 'ing', 'Ma@@', 'y', '&apos;s', 'elec@@', 'tion', '.']
2026-05-09 10:49:40,947 - DEBUG - joeynmt.training - 	Tokenized hypothesis: ['Indi@@', 'a', '&apos;s', 'new', 'Pre@@', 'siden@@', 'cy', ',', 'the', 'M@@', 'un@@', 'ich', 'was', 'a', 'first', 'important', 'ex@@', 'am@@', 'pl@@', 'es', 'in', 'his', 'own', 'own', 'own', 'own', 'own', ',', 'in', 'the', 'Ma@@', 'y', ',', 'in', 'the', 'Ma@@', 'y', 'of', 'S@@', 'ha@@', 'z@@', 'a@@', 'o', 'A@@', 'mer@@', 'ic@@', 'a', ',', 'in', 'the', 'Ma@@', 'y', 'A@@', 'mer@@', 'ic@@', 'a', ',', 'economic', 'and', 'security', 'of', 'security', 'rel@@', 'ations', '.', '</s>']
2026-05-09 10:49:40,947 - INFO - joeynmt.training - 	Source:     Indiens neuer Premierminister Narendra Modi trifft bei seinem ersten wichtigen Auslandsbesuch seit seinem Wahlsieg im Mai seinen japanischen Amtskollegen Shinzo Abe in Toko , um wirtschaftliche und sicherheitspolitische Beziehungen zu besprechen .
2026-05-09 10:49:40,947 - INFO - joeynmt.training - 	Reference:  India &apos;s new prime minister , Narendra Modi , is meeting his Japanese counterpart , Shinzo Abe , in Tokyo to discuss economic and security ties , on his first major foreign visit since winning May &apos;s election .
2026-05-09 10:49:40,947 - INFO - joeynmt.training - 	Hypothesis: India &apos;s new Presidency , the Munich was a first important examples in his own own own own own , in the May , in the May of Shazao America , in the May America , economic and security of security relations .
2026-05-09 10:49:40,947 - INFO - joeynmt.training - Example #2
2026-05-09 10:49:40,947 - DEBUG - joeynmt.training - 	Tokenized source:     ['Herr', 'Mo@@', 'd@@', 'i', 'befindet', 'sich', 'auf', 'einer', 'fü@@', 'n@@', 'f@@', 'tä@@', 'gi@@', 'gen', 'Rei@@', 'se', 'nach', 'J@@', 'ap@@', 'an', ',', 'um', 'die', 'wirtschaf@@', 'tlichen', 'Be@@', 'zieh@@', 'ungen', 'mit', 'der', 'd@@', 'rit@@', 't@@', 'größ@@', 'ten', 'Wirtschafts@@', 'n@@', 'ation', 'der', 'Welt', 'zu', 'fes@@', 'tigen', '.']
2026-05-09 10:49:40,947 - DEBUG - joeynmt.training - 	Tokenized reference:  ['Mr', 'Mo@@', 'd@@', 'i', 'is', 'on', 'a', 'fi@@', 've', '@@@', '-@@', '@', 'day', 'tri@@', 'p', 'to', 'J@@', 'ap@@', 'an', 'to', 'streng@@', 'then', 'economic', 'ties', 'with', 'the', 'third', 'lar@@', 'ges@@', 't', 'econom@@', 'y', 'in', 'the', 'world', '.']
2026-05-09 10:49:40,947 - DEBUG - joeynmt.training - 	Tokenized hypothesis: ['Mr', 'Mo@@', 'd@@', 'i', 'is', 'a', 'fi@@', 'le', 'of', 'a', 'fi@@', 'le', 'to', 'J@@', 'ap@@', 'an', 'to', 'J@@', 'ap@@', 'an', 'to', 'J@@', 'ap@@', 'an', 'to', 'J@@', 'ap@@', 'an', '&apos;s', '&apos;s', 'economic', 'economic', 're@@', 'st', '.', '</s>']
2026-05-09 10:49:40,947 - INFO - joeynmt.training - 	Source:     Herr Modi befindet sich auf einer fünftägigen Reise nach Japan , um die wirtschaftlichen Beziehungen mit der drittgrößten Wirtschaftsnation der Welt zu festigen .
2026-05-09 10:49:40,947 - INFO - joeynmt.training - 	Reference:  Mr Modi is on a five @-@ day trip to Japan to strengthen economic ties with the third largest economy in the world .
2026-05-09 10:49:40,947 - INFO - joeynmt.training - 	Hypothesis: Mr Modi is a file of a file to Japan to Japan to Japan to Japan &apos;s &apos;s economic economic rest .
2026-05-09 10:49:40,947 - INFO - joeynmt.training - Example #3
2026-05-09 10:49:40,947 - DEBUG - joeynmt.training - 	Tokenized source:     ['P@@', 'län@@', 'e', 'für', 'eine', 'stärk@@', 'ere', 'k@@', 'ern@@', 'techn@@', 'ische', 'Zusammenarbeit', 'stehen', 'ganz', 'ob@@', 'en', 'auf', 'der', 'Tag@@', 'es@@', 'ordnung', '.']
2026-05-09 10:49:40,947 - DEBUG - joeynmt.training - 	Tokenized reference:  ['high', 'on', 'the', 'agen@@', 'da', 'are', 'pl@@', 'ans', 'for', 'gre@@', 'ater', 'nu@@', 'clear', 'c@@', 'o', '@@@', '-@@', '@', 'operation', '.']
2026-05-09 10:49:40,947 - DEBUG - joeynmt.training - 	Tokenized hypothesis: ['P@@', 'rop@@', 's', 'for', 'a', 'str@@', 'ong', 'techn@@', 'ical', 'cooperation', 'is', 'based', 'on', 'the', 'agen@@', 'da', '.', '</s>']
2026-05-09 10:49:40,947 - INFO - joeynmt.training - 	Source:     Pläne für eine stärkere kerntechnische Zusammenarbeit stehen ganz oben auf der Tagesordnung .
2026-05-09 10:49:40,947 - INFO - joeynmt.training - 	Reference:  high on the agenda are plans for greater nuclear co @-@ operation .
2026-05-09 10:49:40,947 - INFO - joeynmt.training - 	Hypothesis: Props for a strong technical cooperation is based on the agenda .
2026-05-09 10:49:40,947 - INFO - joeynmt.training - Example #4
2026-05-09 10:49:40,947 - DEBUG - joeynmt.training - 	Tokenized source:     ['Berich@@', 'ten', 'zu@@', 'fol@@', 'ge', 'ho@@', 'fft', 'Indi@@', 'en', 'darüber', 'hinaus', 'auf', 'einen', 'Ver@@', 'trag', 'zur', 'Ver@@', 'tei@@', 'dig@@', 'ungs@@', 'zusammen@@', 'arbeit', 'zwischen', 'den', 'beiden', 'N@@', 'ationen', '.']
2026-05-09 10:49:40,947 - DEBUG - joeynmt.training - 	Tokenized reference:  ['Indi@@', 'a', 'is', 'also', 're@@', 'porte@@', 'dly', 'hop@@', 'ing', 'for', 'a', 'de@@', 'al', 'on', 'def@@', 'ence', 'c@@', 'oll@@', 'ab@@', 'or@@', 'ation', 'between', 'the', 'two', 'n@@', 'ations', '.']
2026-05-09 10:49:40,947 - DEBUG - joeynmt.training - 	Tokenized hypothesis: ['in', 'ad@@', 'dition', ',', 'the', 're@@', 'ports', ',', 'the', 'two', 'N@@', 'ations', ',', 'which', 'is', 'also', 'a', 'con@@', 'text', 'between', 'the', 'two', 'N@@', 'ations', '.', '</s>']
2026-05-09 10:49:40,947 - INFO - joeynmt.training - 	Source:     Berichten zufolge hofft Indien darüber hinaus auf einen Vertrag zur Verteidigungszusammenarbeit zwischen den beiden Nationen .
2026-05-09 10:49:40,947 - INFO - joeynmt.training - 	Reference:  India is also reportedly hoping for a deal on defence collaboration between the two nations .
2026-05-09 10:49:40,947 - INFO - joeynmt.training - 	Hypothesis: in addition , the reports , the two Nations , which is also a context between the two Nations .
2026-05-09 10:49:54,779 - INFO - joeynmt.training - Epoch   3, Step:    11600, Batch Loss:     2.144750, Batch Acc: 0.422108, Tokens per Sec:     6677, Lr: 0.000300
2026-05-09 10:50:08,774 - INFO - joeynmt.training - Epoch   3, Step:    11700, Batch Loss:     2.266309, Batch Acc: 0.424279, Tokens per Sec:     6545, Lr: 0.000300
2026-05-09 10:50:22,701 - INFO - joeynmt.training - Epoch   3, Step:    11800, Batch Loss:     2.219364, Batch Acc: 0.423844, Tokens per Sec:     6510, Lr: 0.000300
2026-05-09 10:50:36,826 - INFO - joeynmt.training - Epoch   3, Step:    11900, Batch Loss:     2.103449, Batch Acc: 0.428941, Tokens per Sec:     6534, Lr: 0.000300
2026-05-09 10:50:50,912 - INFO - joeynmt.training - Epoch   3, Step:    12000, Batch Loss:     2.293634, Batch Acc: 0.422039, Tokens per Sec:     6567, Lr: 0.000300
2026-05-09 10:50:50,912 - INFO - joeynmt.prediction - Predicting 500 example(s)... (Greedy decoding with min_output_length=1, max_output_length=-1, return_prob='none', generate_unk=True, repetition_penalty=-1, no_repeat_ngram_size=-1)
2026-05-09 10:51:16,783 - INFO - joeynmt.prediction - Evaluation result (greedy) loss:   2.47, ppl:  11.84, acc:   0.36, generation: 25.8677[sec], evaluation: 0.0000[sec]
2026-05-09 10:51:16,785 - INFO - joeynmt.training - Hooray! New best validation result [ppl]!
2026-05-09 10:51:16,856 - INFO - joeynmt.helpers - delete models/deen_transformer_post/9500.ckpt
2026-05-09 10:51:16,860 - INFO - joeynmt.training - Example #0
2026-05-09 10:51:16,860 - DEBUG - joeynmt.training - 	Tokenized source:     ['die', 'Pre@@', 'mi@@', 'er@@', 'minist@@', 'er', 'Indi@@', 'ens', 'und', 'J@@', 'ap@@', 'ans', 'tra@@', 'fen', 'sich', 'in', 'T@@', 'ok@@', 'i@@', 'o', '.']
2026-05-09 10:51:16,860 - DEBUG - joeynmt.training - 	Tokenized reference:  ['Indi@@', 'a', 'and', 'J@@', 'ap@@', 'an', 'pri@@', 'me', 'minist@@', 'ers', 'me@@', 'et', 'in', 'T@@', 'ok@@', 'y@@', 'o']
2026-05-09 10:51:16,860 - DEBUG - joeynmt.training - 	Tokenized hypothesis: ['the', 'Pri@@', 'me', 'Minist@@', 'er', 'and', 'J@@', 'ap@@', 'an', 'and', 'J@@', 'ap@@', 'an', '.', '</s>']
2026-05-09 10:51:16,860 - INFO - joeynmt.training - 	Source:     die Premierminister Indiens und Japans trafen sich in Tokio .
2026-05-09 10:51:16,860 - INFO - joeynmt.training - 	Reference:  India and Japan prime ministers meet in Tokyo
2026-05-09 10:51:16,860 - INFO - joeynmt.training - 	Hypothesis: the Prime Minister and Japan and Japan .
2026-05-09 10:51:16,860 - INFO - joeynmt.training - Example #1
2026-05-09 10:51:16,860 - DEBUG - joeynmt.training - 	Tokenized source:     ['Indi@@', 'ens', 'neu@@', 'er', 'Pre@@', 'mi@@', 'er@@', 'minist@@', 'er', 'N@@', 'ar@@', 'end@@', 'ra', 'Mo@@', 'd@@', 'i', 'tri@@', 'fft', 'bei', 's@@', 'einem', 'ersten', 'wichti@@', 'gen', 'Aus@@', 'land@@', 's@@', 'bes@@', 'u@@', 'ch', 'seit', 's@@', 'einem', 'W@@', 'ah@@', 'l@@', 'si@@', 'e@@', 'g', 'im', 'Ma@@', 'i', 'seinen', 'j@@', 'ap@@', 'an@@', 'ischen', 'Am@@', 'ts@@', 'k@@', 'olle@@', 'gen', 'S@@', 'hin@@', 'z@@', 'o', 'A@@', 'be', 'in', 'T@@', 'ok@@', 'o', ',', 'um', 'wirtschaf@@', 'tliche', 'und', 'sicher@@', 'heits@@', 'politische', 'Be@@', 'zieh@@', 'ungen', 'zu', 'bes@@', 'pre@@', 'chen', '.']
2026-05-09 10:51:16,860 - DEBUG - joeynmt.training - 	Tokenized reference:  ['Indi@@', 'a', '&apos;s', 'new', 'pri@@', 'me', 'minist@@', 'er', ',', 'N@@', 'ar@@', 'end@@', 'ra', 'Mo@@', 'd@@', 'i', ',', 'is', 'me@@', 'eting', 'his', 'J@@', 'ap@@', 'an@@', 'ese', 'coun@@', 'ter@@', 'part', ',', 'S@@', 'hin@@', 'z@@', 'o', 'A@@', 'be', ',', 'in', 'T@@', 'ok@@', 'y@@', 'o', 'to', 'disc@@', 'uss', 'economic', 'and', 'security', 'ties', ',', 'on', 'his', 'first', 'major', 'fore@@', 'ign', 'visi@@', 't', 'since', 'w@@', 'inn@@', 'ing', 'Ma@@', 'y', '&apos;s', 'elec@@', 'tion', '.']
2026-05-09 10:51:16,860 - DEBUG - joeynmt.training - 	Tokenized hypothesis: ['Indi@@', 'a', '&apos;s', 'Pre@@', 'siden@@', 'cy', 'of', 'the', 'Pri@@', 'me', 'Minist@@', 'er', ',', 'the', 'first', 'of', 'all', 'the', 'S@@', 'ec@@', 'urity', 'Council', ',', 'has', 'been', 'able', 'to', 'be', 'a', 'elec@@', 'tri@@', 'city', 'in', 'the', 'Ma@@', 'y', 'of', 'S@@', 'hin@@', 't', 'S@@', 'hin@@', 'z@@', 'el@@', 'el@@', 'se@@', 'where', ',', 'the', 'S@@', 'at@@', 'at@@', 'at@@', 'at@@', 'at@@', 'ory', 'and', 'security', 'of', 'the', 'S@@', 'hin@@', 'z@@', 'o', 'A@@', 'be', 'in', 'T@@', 'ok@@', 'a@@', 'c', 'and', 'security', '.', '</s>']
2026-05-09 10:51:16,860 - INFO - joeynmt.training - 	Source:     Indiens neuer Premierminister Narendra Modi trifft bei seinem ersten wichtigen Auslandsbesuch seit seinem Wahlsieg im Mai seinen japanischen Amtskollegen Shinzo Abe in Toko , um wirtschaftliche und sicherheitspolitische Beziehungen zu besprechen .
2026-05-09 10:51:16,860 - INFO - joeynmt.training - 	Reference:  India &apos;s new prime minister , Narendra Modi , is meeting his Japanese counterpart , Shinzo Abe , in Tokyo to discuss economic and security ties , on his first major foreign visit since winning May &apos;s election .
2026-05-09 10:51:16,860 - INFO - joeynmt.training - 	Hypothesis: India &apos;s Presidency of the Prime Minister , the first of all the Security Council , has been able to be a electricity in the May of Shint Shinzelelsewhere , the Satatatatatory and security of the Shinzo Abe in Tokac and security .
2026-05-09 10:51:16,860 - INFO - joeynmt.training - Example #2
2026-05-09 10:51:16,861 - DEBUG - joeynmt.training - 	Tokenized source:     ['Herr', 'Mo@@', 'd@@', 'i', 'befindet', 'sich', 'auf', 'einer', 'fü@@', 'n@@', 'f@@', 'tä@@', 'gi@@', 'gen', 'Rei@@', 'se', 'nach', 'J@@', 'ap@@', 'an', ',', 'um', 'die', 'wirtschaf@@', 'tlichen', 'Be@@', 'zieh@@', 'ungen', 'mit', 'der', 'd@@', 'rit@@', 't@@', 'größ@@', 'ten', 'Wirtschafts@@', 'n@@', 'ation', 'der', 'Welt', 'zu', 'fes@@', 'tigen', '.']
2026-05-09 10:51:16,861 - DEBUG - joeynmt.training - 	Tokenized reference:  ['Mr', 'Mo@@', 'd@@', 'i', 'is', 'on', 'a', 'fi@@', 've', '@@@', '-@@', '@', 'day', 'tri@@', 'p', 'to', 'J@@', 'ap@@', 'an', 'to', 'streng@@', 'then', 'economic', 'ties', 'with', 'the', 'third', 'lar@@', 'ges@@', 't', 'econom@@', 'y', 'in', 'the', 'world', '.']
2026-05-09 10:51:16,861 - DEBUG - joeynmt.training - 	Tokenized hypothesis: ['Mr', 'Mo@@', 'd@@', 'i', 'is', 'situ@@', 'ated', 'on', 'a', 'fi@@', 'f@@', 'th', 'of', 'the', 'world', 'to', 'J@@', 'ap@@', 'an', 'to', 'the', 'economic', 'rel@@', 'ations', 'with', 'the', 'world', '&apos;s', 'economic', 'b@@', 'ig@@', 'ges@@', 't', 'economic', 'b@@', 'ig@@', 'n@@', 'ation', '.', '</s>']
2026-05-09 10:51:16,861 - INFO - joeynmt.training - 	Source:     Herr Modi befindet sich auf einer fünftägigen Reise nach Japan , um die wirtschaftlichen Beziehungen mit der drittgrößten Wirtschaftsnation der Welt zu festigen .
2026-05-09 10:51:16,861 - INFO - joeynmt.training - 	Reference:  Mr Modi is on a five @-@ day trip to Japan to strengthen economic ties with the third largest economy in the world .
2026-05-09 10:51:16,861 - INFO - joeynmt.training - 	Hypothesis: Mr Modi is situated on a fifth of the world to Japan to the economic relations with the world &apos;s economic biggest economic bignation .
2026-05-09 10:51:16,861 - INFO - joeynmt.training - Example #3
2026-05-09 10:51:16,861 - DEBUG - joeynmt.training - 	Tokenized source:     ['P@@', 'län@@', 'e', 'für', 'eine', 'stärk@@', 'ere', 'k@@', 'ern@@', 'techn@@', 'ische', 'Zusammenarbeit', 'stehen', 'ganz', 'ob@@', 'en', 'auf', 'der', 'Tag@@', 'es@@', 'ordnung', '.']
2026-05-09 10:51:16,861 - DEBUG - joeynmt.training - 	Tokenized reference:  ['high', 'on', 'the', 'agen@@', 'da', 'are', 'pl@@', 'ans', 'for', 'gre@@', 'ater', 'nu@@', 'clear', 'c@@', 'o', '@@@', '-@@', '@', 'operation', '.']
2026-05-09 10:51:16,861 - DEBUG - joeynmt.training - 	Tokenized hypothesis: ['P@@', 'ubli@@', 'c', 'partn@@', 'er', 'is', 'very', 'str@@', 'ong', 'techn@@', 'ical', 'cooperation', '.', '</s>']
2026-05-09 10:51:16,861 - INFO - joeynmt.training - 	Source:     Pläne für eine stärkere kerntechnische Zusammenarbeit stehen ganz oben auf der Tagesordnung .
2026-05-09 10:51:16,861 - INFO - joeynmt.training - 	Reference:  high on the agenda are plans for greater nuclear co @-@ operation .
2026-05-09 10:51:16,861 - INFO - joeynmt.training - 	Hypothesis: Public partner is very strong technical cooperation .
2026-05-09 10:51:16,861 - INFO - joeynmt.training - Example #4
2026-05-09 10:51:16,861 - DEBUG - joeynmt.training - 	Tokenized source:     ['Berich@@', 'ten', 'zu@@', 'fol@@', 'ge', 'ho@@', 'fft', 'Indi@@', 'en', 'darüber', 'hinaus', 'auf', 'einen', 'Ver@@', 'trag', 'zur', 'Ver@@', 'tei@@', 'dig@@', 'ungs@@', 'zusammen@@', 'arbeit', 'zwischen', 'den', 'beiden', 'N@@', 'ationen', '.']
2026-05-09 10:51:16,861 - DEBUG - joeynmt.training - 	Tokenized reference:  ['Indi@@', 'a', 'is', 'also', 're@@', 'porte@@', 'dly', 'hop@@', 'ing', 'for', 'a', 'de@@', 'al', 'on', 'def@@', 'ence', 'c@@', 'oll@@', 'ab@@', 'or@@', 'ation', 'between', 'the', 'two', 'n@@', 'ations', '.']
2026-05-09 10:51:16,861 - DEBUG - joeynmt.training - 	Tokenized hypothesis: ['the', 'report', 'also', 'also', 'inclu@@', 'des', 'a', 'Tre@@', 'aty', 'on', 'a', 'con@@', 'tra@@', 'ct', 'between', 'the', 'two', 'N@@', 'ations', '.', '</s>']
2026-05-09 10:51:16,861 - INFO - joeynmt.training - 	Source:     Berichten zufolge hofft Indien darüber hinaus auf einen Vertrag zur Verteidigungszusammenarbeit zwischen den beiden Nationen .
2026-05-09 10:51:16,861 - INFO - joeynmt.training - 	Reference:  India is also reportedly hoping for a deal on defence collaboration between the two nations .
2026-05-09 10:51:16,861 - INFO - joeynmt.training - 	Hypothesis: the report also also includes a Treaty on a contract between the two Nations .
2026-05-09 10:51:30,996 - INFO - joeynmt.training - Epoch   3, Step:    12100, Batch Loss:     2.076250, Batch Acc: 0.428103, Tokens per Sec:     6476, Lr: 0.000300
2026-05-09 10:51:44,411 - INFO - joeynmt.training - Epoch   3: total training loss 9054.63
2026-05-09 10:51:44,412 - INFO - joeynmt.training - EPOCH 4
2026-05-09 10:51:45,149 - INFO - joeynmt.training - Epoch   4, Step:    12200, Batch Loss:     2.107831, Batch Acc: 0.432645, Tokens per Sec:     6380, Lr: 0.000300
2026-05-09 10:51:59,526 - INFO - joeynmt.training - Epoch   4, Step:    12300, Batch Loss:     2.046524, Batch Acc: 0.441997, Tokens per Sec:     6428, Lr: 0.000300
2026-05-09 10:52:13,826 - INFO - joeynmt.training - Epoch   4, Step:    12400, Batch Loss:     2.239887, Batch Acc: 0.440951, Tokens per Sec:     6448, Lr: 0.000300
2026-05-09 10:52:28,109 - INFO - joeynmt.training - Epoch   4, Step:    12500, Batch Loss:     2.231327, Batch Acc: 0.440590, Tokens per Sec:     6462, Lr: 0.000300
2026-05-09 10:52:28,109 - INFO - joeynmt.prediction - Predicting 500 example(s)... (Greedy decoding with min_output_length=1, max_output_length=-1, return_prob='none', generate_unk=True, repetition_penalty=-1, no_repeat_ngram_size=-1)
2026-05-09 10:52:53,974 - INFO - joeynmt.prediction - Evaluation result (greedy) loss:   2.46, ppl:  11.65, acc:   0.37, generation: 25.8615[sec], evaluation: 0.0000[sec]
2026-05-09 10:52:53,976 - INFO - joeynmt.training - Hooray! New best validation result [ppl]!
2026-05-09 10:52:54,073 - INFO - joeynmt.helpers - delete models/deen_transformer_post/10000.ckpt
2026-05-09 10:52:54,075 - INFO - joeynmt.training - Example #0
2026-05-09 10:52:54,075 - DEBUG - joeynmt.training - 	Tokenized source:     ['die', 'Pre@@', 'mi@@', 'er@@', 'minist@@', 'er', 'Indi@@', 'ens', 'und', 'J@@', 'ap@@', 'ans', 'tra@@', 'fen', 'sich', 'in', 'T@@', 'ok@@', 'i@@', 'o', '.']
2026-05-09 10:52:54,075 - DEBUG - joeynmt.training - 	Tokenized reference:  ['Indi@@', 'a', 'and', 'J@@', 'ap@@', 'an', 'pri@@', 'me', 'minist@@', 'ers', 'me@@', 'et', 'in', 'T@@', 'ok@@', 'y@@', 'o']
2026-05-09 10:52:54,075 - DEBUG - joeynmt.training - 	Tokenized hypothesis: ['the', 'Pri@@', 'me', 'Minist@@', 'er', 'and', 'J@@', 'ap@@', 'ans', 'are', 'in', 'T@@', 'ok@@', 'i@@', 'o', '.', '</s>']
2026-05-09 10:52:54,075 - INFO - joeynmt.training - 	Source:     die Premierminister Indiens und Japans trafen sich in Tokio .
2026-05-09 10:52:54,075 - INFO - joeynmt.training - 	Reference:  India and Japan prime ministers meet in Tokyo
2026-05-09 10:52:54,075 - INFO - joeynmt.training - 	Hypothesis: the Prime Minister and Japans are in Tokio .
2026-05-09 10:52:54,075 - INFO - joeynmt.training - Example #1
2026-05-09 10:52:54,075 - DEBUG - joeynmt.training - 	Tokenized source:     ['Indi@@', 'ens', 'neu@@', 'er', 'Pre@@', 'mi@@', 'er@@', 'minist@@', 'er', 'N@@', 'ar@@', 'end@@', 'ra', 'Mo@@', 'd@@', 'i', 'tri@@', 'fft', 'bei', 's@@', 'einem', 'ersten', 'wichti@@', 'gen', 'Aus@@', 'land@@', 's@@', 'bes@@', 'u@@', 'ch', 'seit', 's@@', 'einem', 'W@@', 'ah@@', 'l@@', 'si@@', 'e@@', 'g', 'im', 'Ma@@', 'i', 'seinen', 'j@@', 'ap@@', 'an@@', 'ischen', 'Am@@', 'ts@@', 'k@@', 'olle@@', 'gen', 'S@@', 'hin@@', 'z@@', 'o', 'A@@', 'be', 'in', 'T@@', 'ok@@', 'o', ',', 'um', 'wirtschaf@@', 'tliche', 'und', 'sicher@@', 'heits@@', 'politische', 'Be@@', 'zieh@@', 'ungen', 'zu', 'bes@@', 'pre@@', 'chen', '.']
2026-05-09 10:52:54,075 - DEBUG - joeynmt.training - 	Tokenized reference:  ['Indi@@', 'a', '&apos;s', 'new', 'pri@@', 'me', 'minist@@', 'er', ',', 'N@@', 'ar@@', 'end@@', 'ra', 'Mo@@', 'd@@', 'i', ',', 'is', 'me@@', 'eting', 'his', 'J@@', 'ap@@', 'an@@', 'ese', 'coun@@', 'ter@@', 'part', ',', 'S@@', 'hin@@', 'z@@', 'o', 'A@@', 'be', ',', 'in', 'T@@', 'ok@@', 'y@@', 'o', 'to', 'disc@@', 'uss', 'economic', 'and', 'security', 'ties', ',', 'on', 'his', 'first', 'major', 'fore@@', 'ign', 'visi@@', 't', 'since', 'w@@', 'inn@@', 'ing', 'Ma@@', 'y', '&apos;s', 'elec@@', 'tion', '.']
2026-05-09 10:52:54,075 - DEBUG - joeynmt.training - 	Tokenized hypothesis: ['Indi@@', 'a', ',', 'N@@', 'ar@@', 'd@@', 'i', ',', 'N@@', 'ar@@', 'd@@', 'i', ',', 'the', 'first', 'of', 'his', 'first', 'important', 'ex@@', 'hi@@', 'bi@@', 'tion', 'in', 'the', 'Ma@@', 'y', 'of', 'his', 'first', 'half', 'of', 'the', 'Ma@@', 'y', 'in', 'the', 'Ma@@', 'y', 'of', 'A@@', 'mer@@', 'ic@@', 'a', ',', 'in', 'T@@', 'ok@@', 'o', ',', 'T@@', 'ok@@', 'o', ',', 'T@@', 'ok@@', 'o', ',', 'T@@', 'ok@@', 'o', ',', 'T@@', 'ok@@', 'o', ',', 'and', 'security', 'of', 'the', 'security', 'of', 'the', 'S@@', 'hin@@', 'der', 'A@@', 'mer@@', 'ic@@', 'a', '.', '</s>']
2026-05-09 10:52:54,075 - INFO - joeynmt.training - 	Source:     Indiens neuer Premierminister Narendra Modi trifft bei seinem ersten wichtigen Auslandsbesuch seit seinem Wahlsieg im Mai seinen japanischen Amtskollegen Shinzo Abe in Toko , um wirtschaftliche und sicherheitspolitische Beziehungen zu besprechen .
2026-05-09 10:52:54,075 - INFO - joeynmt.training - 	Reference:  India &apos;s new prime minister , Narendra Modi , is meeting his Japanese counterpart , Shinzo Abe , in Tokyo to discuss economic and security ties , on his first major foreign visit since winning May &apos;s election .
2026-05-09 10:52:54,075 - INFO - joeynmt.training - 	Hypothesis: India , Nardi , Nardi , the first of his first important exhibition in the May of his first half of the May in the May of America , in Toko , Toko , Toko , Toko , Toko , and security of the security of the Shinder America .
2026-05-09 10:52:54,075 - INFO - joeynmt.training - Example #2
2026-05-09 10:52:54,075 - DEBUG - joeynmt.training - 	Tokenized source:     ['Herr', 'Mo@@', 'd@@', 'i', 'befindet', 'sich', 'auf', 'einer', 'fü@@', 'n@@', 'f@@', 'tä@@', 'gi@@', 'gen', 'Rei@@', 'se', 'nach', 'J@@', 'ap@@', 'an', ',', 'um', 'die', 'wirtschaf@@', 'tlichen', 'Be@@', 'zieh@@', 'ungen', 'mit', 'der', 'd@@', 'rit@@', 't@@', 'größ@@', 'ten', 'Wirtschafts@@', 'n@@', 'ation', 'der', 'Welt', 'zu', 'fes@@', 'tigen', '.']
2026-05-09 10:52:54,075 - DEBUG - joeynmt.training - 	Tokenized reference:  ['Mr', 'Mo@@', 'd@@', 'i', 'is', 'on', 'a', 'fi@@', 've', '@@@', '-@@', '@', 'day', 'tri@@', 'p', 'to', 'J@@', 'ap@@', 'an', 'to', 'streng@@', 'then', 'economic', 'ties', 'with', 'the', 'third', 'lar@@', 'ges@@', 't', 'econom@@', 'y', 'in', 'the', 'world', '.']
2026-05-09 10:52:54,075 - DEBUG - joeynmt.training - 	Tokenized hypothesis: ['Mr', 'Mo@@', 'd@@', 'i', 'is', 'situ@@', 'ated', 'on', 'a', 'fi@@', 'le', 'of', 'the', 'world', ',', 'to', 'the', 'economic', 'rel@@', 'ations', 'to', 'the', 'economic', 'er@@', 'o@@', 'd@@', 'i', 'of', 'the', 'world', '&apos;s', 'economic', 'n@@', 'ation', '.', '</s>']
2026-05-09 10:52:54,075 - INFO - joeynmt.training - 	Source:     Herr Modi befindet sich auf einer fünftägigen Reise nach Japan , um die wirtschaftlichen Beziehungen mit der drittgrößten Wirtschaftsnation der Welt zu festigen .
2026-05-09 10:52:54,075 - INFO - joeynmt.training - 	Reference:  Mr Modi is on a five @-@ day trip to Japan to strengthen economic ties with the third largest economy in the world .
2026-05-09 10:52:54,075 - INFO - joeynmt.training - 	Hypothesis: Mr Modi is situated on a file of the world , to the economic relations to the economic erodi of the world &apos;s economic nation .
2026-05-09 10:52:54,075 - INFO - joeynmt.training - Example #3
2026-05-09 10:52:54,075 - DEBUG - joeynmt.training - 	Tokenized source:     ['P@@', 'län@@', 'e', 'für', 'eine', 'stärk@@', 'ere', 'k@@', 'ern@@', 'techn@@', 'ische', 'Zusammenarbeit', 'stehen', 'ganz', 'ob@@', 'en', 'auf', 'der', 'Tag@@', 'es@@', 'ordnung', '.']
2026-05-09 10:52:54,075 - DEBUG - joeynmt.training - 	Tokenized reference:  ['high', 'on', 'the', 'agen@@', 'da', 'are', 'pl@@', 'ans', 'for', 'gre@@', 'ater', 'nu@@', 'clear', 'c@@', 'o', '@@@', '-@@', '@', 'operation', '.']
2026-05-09 10:52:54,075 - DEBUG - joeynmt.training - 	Tokenized hypothesis: ['P@@', 'ubli@@', 'c', 'cooperation', 'is', 'very', 'much', 'more', 'than', 'the', 'agen@@', 'da', '.', '</s>']
2026-05-09 10:52:54,075 - INFO - joeynmt.training - 	Source:     Pläne für eine stärkere kerntechnische Zusammenarbeit stehen ganz oben auf der Tagesordnung .
2026-05-09 10:52:54,075 - INFO - joeynmt.training - 	Reference:  high on the agenda are plans for greater nuclear co @-@ operation .
2026-05-09 10:52:54,075 - INFO - joeynmt.training - 	Hypothesis: Public cooperation is very much more than the agenda .
2026-05-09 10:52:54,075 - INFO - joeynmt.training - Example #4
2026-05-09 10:52:54,076 - DEBUG - joeynmt.training - 	Tokenized source:     ['Berich@@', 'ten', 'zu@@', 'fol@@', 'ge', 'ho@@', 'fft', 'Indi@@', 'en', 'darüber', 'hinaus', 'auf', 'einen', 'Ver@@', 'trag', 'zur', 'Ver@@', 'tei@@', 'dig@@', 'ungs@@', 'zusammen@@', 'arbeit', 'zwischen', 'den', 'beiden', 'N@@', 'ationen', '.']
2026-05-09 10:52:54,076 - DEBUG - joeynmt.training - 	Tokenized reference:  ['Indi@@', 'a', 'is', 'also', 're@@', 'porte@@', 'dly', 'hop@@', 'ing', 'for', 'a', 'de@@', 'al', 'on', 'def@@', 'ence', 'c@@', 'oll@@', 'ab@@', 'or@@', 'ation', 'between', 'the', 'two', 'n@@', 'ations', '.']
2026-05-09 10:52:54,076 - DEBUG - joeynmt.training - 	Tokenized hypothesis: ['the', 'rec@@', 'omm@@', 'end@@', 'ed', ',', 'the', 'fact', 'that', 'the', 'Tre@@', 'aty', 'has', 'been', 're@@', 'fer@@', 'red', 'to', 'a', 'con@@', 'stitu@@', 'tional', 'cooperation', 'between', 'the', 'two', 'N@@', 'ations', '.', '</s>']
2026-05-09 10:52:54,076 - INFO - joeynmt.training - 	Source:     Berichten zufolge hofft Indien darüber hinaus auf einen Vertrag zur Verteidigungszusammenarbeit zwischen den beiden Nationen .
2026-05-09 10:52:54,076 - INFO - joeynmt.training - 	Reference:  India is also reportedly hoping for a deal on defence collaboration between the two nations .
2026-05-09 10:52:54,076 - INFO - joeynmt.training - 	Hypothesis: the recommended , the fact that the Treaty has been referred to a constitutional cooperation between the two Nations .
2026-05-09 10:53:08,307 - INFO - joeynmt.training - Epoch   4, Step:    12600, Batch Loss:     2.041494, Batch Acc: 0.439689, Tokens per Sec:     6455, Lr: 0.000300
2026-05-09 10:53:22,560 - INFO - joeynmt.training - Epoch   4, Step:    12700, Batch Loss:     2.052305, Batch Acc: 0.442809, Tokens per Sec:     6341, Lr: 0.000300
2026-05-09 10:53:37,099 - INFO - joeynmt.training - Epoch   4, Step:    12800, Batch Loss:     1.899567, Batch Acc: 0.442158, Tokens per Sec:     6315, Lr: 0.000300
2026-05-09 10:53:51,407 - INFO - joeynmt.training - Epoch   4, Step:    12900, Batch Loss:     1.913445, Batch Acc: 0.446571, Tokens per Sec:     6403, Lr: 0.000300
2026-05-09 10:54:05,906 - INFO - joeynmt.training - Epoch   4, Step:    13000, Batch Loss:     2.169511, Batch Acc: 0.442321, Tokens per Sec:     6299, Lr: 0.000300
2026-05-09 10:54:05,907 - INFO - joeynmt.prediction - Predicting 500 example(s)... (Greedy decoding with min_output_length=1, max_output_length=-1, return_prob='none', generate_unk=True, repetition_penalty=-1, no_repeat_ngram_size=-1)
2026-05-09 10:54:26,248 - INFO - joeynmt.prediction - Evaluation result (greedy) loss:   2.45, ppl:  11.61, acc:   0.37, generation: 20.3376[sec], evaluation: 0.0000[sec]
2026-05-09 10:54:26,251 - INFO - joeynmt.training - Hooray! New best validation result [ppl]!
2026-05-09 10:54:26,327 - INFO - joeynmt.helpers - delete models/deen_transformer_post/10500.ckpt
2026-05-09 10:54:26,329 - INFO - joeynmt.training - Example #0
2026-05-09 10:54:26,329 - DEBUG - joeynmt.training - 	Tokenized source:     ['die', 'Pre@@', 'mi@@', 'er@@', 'minist@@', 'er', 'Indi@@', 'ens', 'und', 'J@@', 'ap@@', 'ans', 'tra@@', 'fen', 'sich', 'in', 'T@@', 'ok@@', 'i@@', 'o', '.']
2026-05-09 10:54:26,329 - DEBUG - joeynmt.training - 	Tokenized reference:  ['Indi@@', 'a', 'and', 'J@@', 'ap@@', 'an', 'pri@@', 'me', 'minist@@', 'ers', 'me@@', 'et', 'in', 'T@@', 'ok@@', 'y@@', 'o']
2026-05-09 10:54:26,329 - DEBUG - joeynmt.training - 	Tokenized hypothesis: ['the', 'pri@@', 'm@@', 'ari@@', 'ly', ',', 'the', 'pri@@', 'm@@', 'ari@@', 'ly', 'and', 'J@@', 'ap@@', 'ans', '.', '</s>']
2026-05-09 10:54:26,330 - INFO - joeynmt.training - 	Source:     die Premierminister Indiens und Japans trafen sich in Tokio .
2026-05-09 10:54:26,330 - INFO - joeynmt.training - 	Reference:  India and Japan prime ministers meet in Tokyo
2026-05-09 10:54:26,330 - INFO - joeynmt.training - 	Hypothesis: the primarily , the primarily and Japans .
2026-05-09 10:54:26,330 - INFO - joeynmt.training - Example #1
2026-05-09 10:54:26,330 - DEBUG - joeynmt.training - 	Tokenized source:     ['Indi@@', 'ens', 'neu@@', 'er', 'Pre@@', 'mi@@', 'er@@', 'minist@@', 'er', 'N@@', 'ar@@', 'end@@', 'ra', 'Mo@@', 'd@@', 'i', 'tri@@', 'fft', 'bei', 's@@', 'einem', 'ersten', 'wichti@@', 'gen', 'Aus@@', 'land@@', 's@@', 'bes@@', 'u@@', 'ch', 'seit', 's@@', 'einem', 'W@@', 'ah@@', 'l@@', 'si@@', 'e@@', 'g', 'im', 'Ma@@', 'i', 'seinen', 'j@@', 'ap@@', 'an@@', 'ischen', 'Am@@', 'ts@@', 'k@@', 'olle@@', 'gen', 'S@@', 'hin@@', 'z@@', 'o', 'A@@', 'be', 'in', 'T@@', 'ok@@', 'o', ',', 'um', 'wirtschaf@@', 'tliche', 'und', 'sicher@@', 'heits@@', 'politische', 'Be@@', 'zieh@@', 'ungen', 'zu', 'bes@@', 'pre@@', 'chen', '.']
2026-05-09 10:54:26,330 - DEBUG - joeynmt.training - 	Tokenized reference:  ['Indi@@', 'a', '&apos;s', 'new', 'pri@@', 'me', 'minist@@', 'er', ',', 'N@@', 'ar@@', 'end@@', 'ra', 'Mo@@', 'd@@', 'i', ',', 'is', 'me@@', 'eting', 'his', 'J@@', 'ap@@', 'an@@', 'ese', 'coun@@', 'ter@@', 'part', ',', 'S@@', 'hin@@', 'z@@', 'o', 'A@@', 'be', ',', 'in', 'T@@', 'ok@@', 'y@@', 'o', 'to', 'disc@@', 'uss', 'economic', 'and', 'security', 'ties', ',', 'on', 'his', 'first', 'major', 'fore@@', 'ign', 'visi@@', 't', 'since', 'w@@', 'inn@@', 'ing', 'Ma@@', 'y', '&apos;s', 'elec@@', 'tion', '.']
2026-05-09 10:54:26,330 - DEBUG - joeynmt.training - 	Tokenized hypothesis: ['Indi@@', 'a', '&apos;s', 'new', 'pri@@', 'ority', 'pri@@', 'm@@', 'ari@@', 'ly', ',', 'the', 'first', 'pri@@', 'm@@', 'ari@@', 'ly', ',', 'the', 'first', 'of', 'all', 'of', 'the', 'year', ',', 'since', 'it', 'has', 'been', 'a', 'sign@@', 'ific@@', 'ant', 'of', 'the', 'S@@', 'hin@@', 'z@@', 'e@@', 'ch', 'of', 'the', 'S@@', 'hin@@', 'z@@', 'z@@', 'z@@', 'o', 'A@@', 'gen@@', 'cy', ',', 'and', 'security', 'policy', 'rel@@', 'ations', 'in', 'T@@', 'ok@@', 'o', ',', 'the', 'S@@', 'hin@@', 'z@@', 'z@@', 'z@@', 'z@@', 'o', ',', 'the', 'economic', 'and', 'security', 'of', 'the', 'con@@', 'fi@@', 'dence', '.', '</s>']
2026-05-09 10:54:26,330 - INFO - joeynmt.training - 	Source:     Indiens neuer Premierminister Narendra Modi trifft bei seinem ersten wichtigen Auslandsbesuch seit seinem Wahlsieg im Mai seinen japanischen Amtskollegen Shinzo Abe in Toko , um wirtschaftliche und sicherheitspolitische Beziehungen zu besprechen .
2026-05-09 10:54:26,330 - INFO - joeynmt.training - 	Reference:  India &apos;s new prime minister , Narendra Modi , is meeting his Japanese counterpart , Shinzo Abe , in Tokyo to discuss economic and security ties , on his first major foreign visit since winning May &apos;s election .
2026-05-09 10:54:26,330 - INFO - joeynmt.training - 	Hypothesis: India &apos;s new priority primarily , the first primarily , the first of all of the year , since it has been a significant of the Shinzech of the Shinzzzo Agency , and security policy relations in Toko , the Shinzzzzo , the economic and security of the confidence .
2026-05-09 10:54:26,330 - INFO - joeynmt.training - Example #2
2026-05-09 10:54:26,330 - DEBUG - joeynmt.training - 	Tokenized source:     ['Herr', 'Mo@@', 'd@@', 'i', 'befindet', 'sich', 'auf', 'einer', 'fü@@', 'n@@', 'f@@', 'tä@@', 'gi@@', 'gen', 'Rei@@', 'se', 'nach', 'J@@', 'ap@@', 'an', ',', 'um', 'die', 'wirtschaf@@', 'tlichen', 'Be@@', 'zieh@@', 'ungen', 'mit', 'der', 'd@@', 'rit@@', 't@@', 'größ@@', 'ten', 'Wirtschafts@@', 'n@@', 'ation', 'der', 'Welt', 'zu', 'fes@@', 'tigen', '.']
2026-05-09 10:54:26,330 - DEBUG - joeynmt.training - 	Tokenized reference:  ['Mr', 'Mo@@', 'd@@', 'i', 'is', 'on', 'a', 'fi@@', 've', '@@@', '-@@', '@', 'day', 'tri@@', 'p', 'to', 'J@@', 'ap@@', 'an', 'to', 'streng@@', 'then', 'economic', 'ties', 'with', 'the', 'third', 'lar@@', 'ges@@', 't', 'econom@@', 'y', 'in', 'the', 'world', '.']
2026-05-09 10:54:26,330 - DEBUG - joeynmt.training - 	Tokenized hypothesis: ['Mr', 'Mo@@', 'd@@', 'i', 'is', 'located', 'on', 'a', 'fi@@', 'f@@', 'th', 'of', 'the', 'world', 'to', 'J@@', 'ap@@', 'an', 'to', 'the', 'economic', 'rel@@', 'ations', 'with', 'the', 'economic', 're@@', 'st', 'of', 'the', 'world', '&apos;s', 'economic', 'and', 'to', 'the', 'world', '.', '</s>']
2026-05-09 10:54:26,330 - INFO - joeynmt.training - 	Source:     Herr Modi befindet sich auf einer fünftägigen Reise nach Japan , um die wirtschaftlichen Beziehungen mit der drittgrößten Wirtschaftsnation der Welt zu festigen .
2026-05-09 10:54:26,330 - INFO - joeynmt.training - 	Reference:  Mr Modi is on a five @-@ day trip to Japan to strengthen economic ties with the third largest economy in the world .
2026-05-09 10:54:26,330 - INFO - joeynmt.training - 	Hypothesis: Mr Modi is located on a fifth of the world to Japan to the economic relations with the economic rest of the world &apos;s economic and to the world .
2026-05-09 10:54:26,330 - INFO - joeynmt.training - Example #3
2026-05-09 10:54:26,330 - DEBUG - joeynmt.training - 	Tokenized source:     ['P@@', 'län@@', 'e', 'für', 'eine', 'stärk@@', 'ere', 'k@@', 'ern@@', 'techn@@', 'ische', 'Zusammenarbeit', 'stehen', 'ganz', 'ob@@', 'en', 'auf', 'der', 'Tag@@', 'es@@', 'ordnung', '.']
2026-05-09 10:54:26,330 - DEBUG - joeynmt.training - 	Tokenized reference:  ['high', 'on', 'the', 'agen@@', 'da', 'are', 'pl@@', 'ans', 'for', 'gre@@', 'ater', 'nu@@', 'clear', 'c@@', 'o', '@@@', '-@@', '@', 'operation', '.']
2026-05-09 10:54:26,330 - DEBUG - joeynmt.training - 	Tokenized hypothesis: ['P@@', 'lan@@', 'e', 'is', 'very', 'much', 'more', 'seri@@', 'ous', 'and', 'the', 'agen@@', 'da', 'for', 'the', 'agen@@', 'da', '.', '</s>']
2026-05-09 10:54:26,330 - INFO - joeynmt.training - 	Source:     Pläne für eine stärkere kerntechnische Zusammenarbeit stehen ganz oben auf der Tagesordnung .
2026-05-09 10:54:26,330 - INFO - joeynmt.training - 	Reference:  high on the agenda are plans for greater nuclear co @-@ operation .
2026-05-09 10:54:26,330 - INFO - joeynmt.training - 	Hypothesis: Plane is very much more serious and the agenda for the agenda .
2026-05-09 10:54:26,330 - INFO - joeynmt.training - Example #4
2026-05-09 10:54:26,330 - DEBUG - joeynmt.training - 	Tokenized source:     ['Berich@@', 'ten', 'zu@@', 'fol@@', 'ge', 'ho@@', 'fft', 'Indi@@', 'en', 'darüber', 'hinaus', 'auf', 'einen', 'Ver@@', 'trag', 'zur', 'Ver@@', 'tei@@', 'dig@@', 'ungs@@', 'zusammen@@', 'arbeit', 'zwischen', 'den', 'beiden', 'N@@', 'ationen', '.']
2026-05-09 10:54:26,330 - DEBUG - joeynmt.training - 	Tokenized reference:  ['Indi@@', 'a', 'is', 'also', 're@@', 'porte@@', 'dly', 'hop@@', 'ing', 'for', 'a', 'de@@', 'al', 'on', 'def@@', 'ence', 'c@@', 'oll@@', 'ab@@', 'or@@', 'ation', 'between', 'the', 'two', 'n@@', 'ations', '.']
2026-05-09 10:54:26,330 - DEBUG - joeynmt.training - 	Tokenized hypothesis: ['in', 'ad@@', 'dition', ',', 'it', 'is', 'also', 'to', 'a', 'Tre@@', 'aty', 'on', 'the', 'Con@@', 'stitu@@', 'tion', 'between', 'the', 'two', 'N@@', 'ations', '.', '</s>']
2026-05-09 10:54:26,330 - INFO - joeynmt.training - 	Source:     Berichten zufolge hofft Indien darüber hinaus auf einen Vertrag zur Verteidigungszusammenarbeit zwischen den beiden Nationen .
2026-05-09 10:54:26,330 - INFO - joeynmt.training - 	Reference:  India is also reportedly hoping for a deal on defence collaboration between the two nations .
2026-05-09 10:54:26,330 - INFO - joeynmt.training - 	Hypothesis: in addition , it is also to a Treaty on the Constitution between the two Nations .
2026-05-09 10:54:40,374 - INFO - joeynmt.training - Epoch   4, Step:    13100, Batch Loss:     2.160924, Batch Acc: 0.446680, Tokens per Sec:     6502, Lr: 0.000300
2026-05-09 10:54:54,438 - INFO - joeynmt.training - Epoch   4, Step:    13200, Batch Loss:     2.029894, Batch Acc: 0.449524, Tokens per Sec:     6527, Lr: 0.000300
2026-05-09 10:55:08,667 - INFO - joeynmt.training - Epoch   4, Step:    13300, Batch Loss:     2.141891, Batch Acc: 0.446249, Tokens per Sec:     6440, Lr: 0.000300
2026-05-09 10:55:22,746 - INFO - joeynmt.training - Epoch   4, Step:    13400, Batch Loss:     2.017598, Batch Acc: 0.449414, Tokens per Sec:     6500, Lr: 0.000300
2026-05-09 10:55:36,931 - INFO - joeynmt.training - Epoch   4, Step:    13500, Batch Loss:     2.352964, Batch Acc: 0.450437, Tokens per Sec:     6504, Lr: 0.000300
2026-05-09 10:55:36,932 - INFO - joeynmt.prediction - Predicting 500 example(s)... (Greedy decoding with min_output_length=1, max_output_length=-1, return_prob='none', generate_unk=True, repetition_penalty=-1, no_repeat_ngram_size=-1)
2026-05-09 10:55:59,454 - INFO - joeynmt.prediction - Evaluation result (greedy) loss:   2.42, ppl:  11.22, acc:   0.38, generation: 22.5181[sec], evaluation: 0.0000[sec]
2026-05-09 10:55:59,455 - INFO - joeynmt.training - Hooray! New best validation result [ppl]!
2026-05-09 10:55:59,528 - INFO - joeynmt.helpers - delete models/deen_transformer_post/11000.ckpt
2026-05-09 10:55:59,529 - INFO - joeynmt.training - Example #0
2026-05-09 10:55:59,529 - DEBUG - joeynmt.training - 	Tokenized source:     ['die', 'Pre@@', 'mi@@', 'er@@', 'minist@@', 'er', 'Indi@@', 'ens', 'und', 'J@@', 'ap@@', 'ans', 'tra@@', 'fen', 'sich', 'in', 'T@@', 'ok@@', 'i@@', 'o', '.']
2026-05-09 10:55:59,529 - DEBUG - joeynmt.training - 	Tokenized reference:  ['Indi@@', 'a', 'and', 'J@@', 'ap@@', 'an', 'pri@@', 'me', 'minist@@', 'ers', 'me@@', 'et', 'in', 'T@@', 'ok@@', 'y@@', 'o']
2026-05-09 10:55:59,529 - DEBUG - joeynmt.training - 	Tokenized hypothesis: ['the', 'Pre@@', 'mi@@', 'er', 'Minist@@', 'er', 'and', 'J@@', 'ap@@', 'ans', 'in', 'T@@', 'ok@@', 'i@@', 'o', '.', '</s>']
2026-05-09 10:55:59,530 - INFO - joeynmt.training - 	Source:     die Premierminister Indiens und Japans trafen sich in Tokio .
2026-05-09 10:55:59,530 - INFO - joeynmt.training - 	Reference:  India and Japan prime ministers meet in Tokyo
2026-05-09 10:55:59,530 - INFO - joeynmt.training - 	Hypothesis: the Premier Minister and Japans in Tokio .
2026-05-09 10:55:59,530 - INFO - joeynmt.training - Example #1
2026-05-09 10:55:59,530 - DEBUG - joeynmt.training - 	Tokenized source:     ['Indi@@', 'ens', 'neu@@', 'er', 'Pre@@', 'mi@@', 'er@@', 'minist@@', 'er', 'N@@', 'ar@@', 'end@@', 'ra', 'Mo@@', 'd@@', 'i', 'tri@@', 'fft', 'bei', 's@@', 'einem', 'ersten', 'wichti@@', 'gen', 'Aus@@', 'land@@', 's@@', 'bes@@', 'u@@', 'ch', 'seit', 's@@', 'einem', 'W@@', 'ah@@', 'l@@', 'si@@', 'e@@', 'g', 'im', 'Ma@@', 'i', 'seinen', 'j@@', 'ap@@', 'an@@', 'ischen', 'Am@@', 'ts@@', 'k@@', 'olle@@', 'gen', 'S@@', 'hin@@', 'z@@', 'o', 'A@@', 'be', 'in', 'T@@', 'ok@@', 'o', ',', 'um', 'wirtschaf@@', 'tliche', 'und', 'sicher@@', 'heits@@', 'politische', 'Be@@', 'zieh@@', 'ungen', 'zu', 'bes@@', 'pre@@', 'chen', '.']
2026-05-09 10:55:59,530 - DEBUG - joeynmt.training - 	Tokenized reference:  ['Indi@@', 'a', '&apos;s', 'new', 'pri@@', 'me', 'minist@@', 'er', ',', 'N@@', 'ar@@', 'end@@', 'ra', 'Mo@@', 'd@@', 'i', ',', 'is', 'me@@', 'eting', 'his', 'J@@', 'ap@@', 'an@@', 'ese', 'coun@@', 'ter@@', 'part', ',', 'S@@', 'hin@@', 'z@@', 'o', 'A@@', 'be', ',', 'in', 'T@@', 'ok@@', 'y@@', 'o', 'to', 'disc@@', 'uss', 'economic', 'and', 'security', 'ties', ',', 'on', 'his', 'first', 'major', 'fore@@', 'ign', 'visi@@', 't', 'since', 'w@@', 'inn@@', 'ing', 'Ma@@', 'y', '&apos;s', 'elec@@', 'tion', '.']
2026-05-09 10:55:59,530 - DEBUG - joeynmt.training - 	Tokenized hypothesis: ['Indi@@', 'a', '&apos;s', 'pri@@', 'ority', 'Minist@@', 'er', 'N@@', 'ar@@', 'd@@', 'i', 'Mo@@', 'd@@', 'i', '&apos;s', 'first', 'me@@', 'eting', 'in', 'his', 'first', 'of', 'all', ',', 'he', 'was', 'to', 'be', 'the', 'first', 'of', 'all', 'his', 'his', 'his', 'his', 'his', 'his', 'his', 'his', 'his', 'his', 'his', 'his', 'his', 'his', 'his', 'his', 'his', 'his', 'his', 'his', 'his', 'his', 'his', 'his', 'his', 'his', 'own', 'own', 'and', 'security', '.', '</s>']
2026-05-09 10:55:59,530 - INFO - joeynmt.training - 	Source:     Indiens neuer Premierminister Narendra Modi trifft bei seinem ersten wichtigen Auslandsbesuch seit seinem Wahlsieg im Mai seinen japanischen Amtskollegen Shinzo Abe in Toko , um wirtschaftliche und sicherheitspolitische Beziehungen zu besprechen .
2026-05-09 10:55:59,530 - INFO - joeynmt.training - 	Reference:  India &apos;s new prime minister , Narendra Modi , is meeting his Japanese counterpart , Shinzo Abe , in Tokyo to discuss economic and security ties , on his first major foreign visit since winning May &apos;s election .
2026-05-09 10:55:59,530 - INFO - joeynmt.training - 	Hypothesis: India &apos;s priority Minister Nardi Modi &apos;s first meeting in his first of all , he was to be the first of all his his his his his his his his his his his his his his his his his his his his his his his his his his own own and security .
2026-05-09 10:55:59,530 - INFO - joeynmt.training - Example #2
2026-05-09 10:55:59,530 - DEBUG - joeynmt.training - 	Tokenized source:     ['Herr', 'Mo@@', 'd@@', 'i', 'befindet', 'sich', 'auf', 'einer', 'fü@@', 'n@@', 'f@@', 'tä@@', 'gi@@', 'gen', 'Rei@@', 'se', 'nach', 'J@@', 'ap@@', 'an', ',', 'um', 'die', 'wirtschaf@@', 'tlichen', 'Be@@', 'zieh@@', 'ungen', 'mit', 'der', 'd@@', 'rit@@', 't@@', 'größ@@', 'ten', 'Wirtschafts@@', 'n@@', 'ation', 'der', 'Welt', 'zu', 'fes@@', 'tigen', '.']
2026-05-09 10:55:59,530 - DEBUG - joeynmt.training - 	Tokenized reference:  ['Mr', 'Mo@@', 'd@@', 'i', 'is', 'on', 'a', 'fi@@', 've', '@@@', '-@@', '@', 'day', 'tri@@', 'p', 'to', 'J@@', 'ap@@', 'an', 'to', 'streng@@', 'then', 'economic', 'ties', 'with', 'the', 'third', 'lar@@', 'ges@@', 't', 'econom@@', 'y', 'in', 'the', 'world', '.']
2026-05-09 10:55:59,530 - DEBUG - joeynmt.training - 	Tokenized hypothesis: ['Mr', 'Mo@@', 'd@@', 'i', 'is', 'located', 'on', 'a', 'fi@@', 'le', 'of', 'the', 'world', ',', 'to', 'the', 'economic', 'rel@@', 'ations', 'with', 'the', 'economic', 'rel@@', 'ations', 'of', 'the', 'world', '&apos;s', 'economic', 'b@@', 'ig@@', 'ges@@', 't', 'economic', 'and', 'in', 'the', 'world', '.', '</s>']
2026-05-09 10:55:59,530 - INFO - joeynmt.training - 	Source:     Herr Modi befindet sich auf einer fünftägigen Reise nach Japan , um die wirtschaftlichen Beziehungen mit der drittgrößten Wirtschaftsnation der Welt zu festigen .
2026-05-09 10:55:59,530 - INFO - joeynmt.training - 	Reference:  Mr Modi is on a five @-@ day trip to Japan to strengthen economic ties with the third largest economy in the world .
2026-05-09 10:55:59,530 - INFO - joeynmt.training - 	Hypothesis: Mr Modi is located on a file of the world , to the economic relations with the economic relations of the world &apos;s economic biggest economic and in the world .
2026-05-09 10:55:59,530 - INFO - joeynmt.training - Example #3
2026-05-09 10:55:59,530 - DEBUG - joeynmt.training - 	Tokenized source:     ['P@@', 'län@@', 'e', 'für', 'eine', 'stärk@@', 'ere', 'k@@', 'ern@@', 'techn@@', 'ische', 'Zusammenarbeit', 'stehen', 'ganz', 'ob@@', 'en', 'auf', 'der', 'Tag@@', 'es@@', 'ordnung', '.']
2026-05-09 10:55:59,530 - DEBUG - joeynmt.training - 	Tokenized reference:  ['high', 'on', 'the', 'agen@@', 'da', 'are', 'pl@@', 'ans', 'for', 'gre@@', 'ater', 'nu@@', 'clear', 'c@@', 'o', '@@@', '-@@', '@', 'operation', '.']
2026-05-09 10:55:59,530 - DEBUG - joeynmt.training - 	Tokenized hypothesis: ['P@@', 'ubli@@', 'c', 'cooperation', 'is', 'very', 'much', 'more', 'about', 'the', 'agen@@', 'da', '.', '</s>']
2026-05-09 10:55:59,530 - INFO - joeynmt.training - 	Source:     Pläne für eine stärkere kerntechnische Zusammenarbeit stehen ganz oben auf der Tagesordnung .
2026-05-09 10:55:59,530 - INFO - joeynmt.training - 	Reference:  high on the agenda are plans for greater nuclear co @-@ operation .
2026-05-09 10:55:59,530 - INFO - joeynmt.training - 	Hypothesis: Public cooperation is very much more about the agenda .
2026-05-09 10:55:59,530 - INFO - joeynmt.training - Example #4
2026-05-09 10:55:59,530 - DEBUG - joeynmt.training - 	Tokenized source:     ['Berich@@', 'ten', 'zu@@', 'fol@@', 'ge', 'ho@@', 'fft', 'Indi@@', 'en', 'darüber', 'hinaus', 'auf', 'einen', 'Ver@@', 'trag', 'zur', 'Ver@@', 'tei@@', 'dig@@', 'ungs@@', 'zusammen@@', 'arbeit', 'zwischen', 'den', 'beiden', 'N@@', 'ationen', '.']
2026-05-09 10:55:59,530 - DEBUG - joeynmt.training - 	Tokenized reference:  ['Indi@@', 'a', 'is', 'also', 're@@', 'porte@@', 'dly', 'hop@@', 'ing', 'for', 'a', 'de@@', 'al', 'on', 'def@@', 'ence', 'c@@', 'oll@@', 'ab@@', 'or@@', 'ation', 'between', 'the', 'two', 'n@@', 'ations', '.']
2026-05-09 10:55:59,530 - DEBUG - joeynmt.training - 	Tokenized hypothesis: ['re@@', 'ports', 'on', 'the', 'con@@', 'sequ@@', 'ences', 'of', 'the', 'two', 'N@@', 'ations', 'on', 'the', 'con@@', 'tra@@', 'ct', 'between', 'both', 'N@@', 'ations', '.', '</s>']
2026-05-09 10:55:59,530 - INFO - joeynmt.training - 	Source:     Berichten zufolge hofft Indien darüber hinaus auf einen Vertrag zur Verteidigungszusammenarbeit zwischen den beiden Nationen .
2026-05-09 10:55:59,530 - INFO - joeynmt.training - 	Reference:  India is also reportedly hoping for a deal on defence collaboration between the two nations .
2026-05-09 10:55:59,531 - INFO - joeynmt.training - 	Hypothesis: reports on the consequences of the two Nations on the contract between both Nations .
2026-05-09 10:56:13,593 - INFO - joeynmt.training - Epoch   4, Step:    13600, Batch Loss:     2.078670, Batch Acc: 0.445039, Tokens per Sec:     6480, Lr: 0.000300
2026-05-09 10:56:27,617 - INFO - joeynmt.training - Epoch   4, Step:    13700, Batch Loss:     1.920921, Batch Acc: 0.448791, Tokens per Sec:     6543, Lr: 0.000300
2026-05-09 10:56:41,670 - INFO - joeynmt.training - Epoch   4, Step:    13800, Batch Loss:     2.077133, Batch Acc: 0.448146, Tokens per Sec:     6533, Lr: 0.000300
2026-05-09 10:56:55,715 - INFO - joeynmt.training - Epoch   4, Step:    13900, Batch Loss:     2.110224, Batch Acc: 0.452312, Tokens per Sec:     6374, Lr: 0.000300
2026-05-09 10:57:09,667 - INFO - joeynmt.training - Epoch   4, Step:    14000, Batch Loss:     2.151118, Batch Acc: 0.453372, Tokens per Sec:     6648, Lr: 0.000300
2026-05-09 10:57:09,668 - INFO - joeynmt.prediction - Predicting 500 example(s)... (Greedy decoding with min_output_length=1, max_output_length=-1, return_prob='none', generate_unk=True, repetition_penalty=-1, no_repeat_ngram_size=-1)
2026-05-09 10:57:30,412 - INFO - joeynmt.prediction - Evaluation result (greedy) loss:   2.39, ppl:  10.93, acc:   0.39, generation: 20.7406[sec], evaluation: 0.0000[sec]
2026-05-09 10:57:30,414 - INFO - joeynmt.training - Hooray! New best validation result [ppl]!
2026-05-09 10:57:30,486 - INFO - joeynmt.helpers - delete models/deen_transformer_post/11500.ckpt
2026-05-09 10:57:30,487 - INFO - joeynmt.training - Example #0
2026-05-09 10:57:30,487 - DEBUG - joeynmt.training - 	Tokenized source:     ['die', 'Pre@@', 'mi@@', 'er@@', 'minist@@', 'er', 'Indi@@', 'ens', 'und', 'J@@', 'ap@@', 'ans', 'tra@@', 'fen', 'sich', 'in', 'T@@', 'ok@@', 'i@@', 'o', '.']
2026-05-09 10:57:30,487 - DEBUG - joeynmt.training - 	Tokenized reference:  ['Indi@@', 'a', 'and', 'J@@', 'ap@@', 'an', 'pri@@', 'me', 'minist@@', 'ers', 'me@@', 'et', 'in', 'T@@', 'ok@@', 'y@@', 'o']
2026-05-09 10:57:30,487 - DEBUG - joeynmt.training - 	Tokenized hypothesis: ['the', 'Pri@@', 'me', 'Minist@@', 'er', 'and', 'J@@', 'ap@@', 'ans', ',', 'in', 'T@@', 'ok@@', 'i@@', 'o', '.', '</s>']
2026-05-09 10:57:30,488 - INFO - joeynmt.training - 	Source:     die Premierminister Indiens und Japans trafen sich in Tokio .
2026-05-09 10:57:30,488 - INFO - joeynmt.training - 	Reference:  India and Japan prime ministers meet in Tokyo
2026-05-09 10:57:30,488 - INFO - joeynmt.training - 	Hypothesis: the Prime Minister and Japans , in Tokio .
2026-05-09 10:57:30,488 - INFO - joeynmt.training - Example #1
2026-05-09 10:57:30,488 - DEBUG - joeynmt.training - 	Tokenized source:     ['Indi@@', 'ens', 'neu@@', 'er', 'Pre@@', 'mi@@', 'er@@', 'minist@@', 'er', 'N@@', 'ar@@', 'end@@', 'ra', 'Mo@@', 'd@@', 'i', 'tri@@', 'fft', 'bei', 's@@', 'einem', 'ersten', 'wichti@@', 'gen', 'Aus@@', 'land@@', 's@@', 'bes@@', 'u@@', 'ch', 'seit', 's@@', 'einem', 'W@@', 'ah@@', 'l@@', 'si@@', 'e@@', 'g', 'im', 'Ma@@', 'i', 'seinen', 'j@@', 'ap@@', 'an@@', 'ischen', 'Am@@', 'ts@@', 'k@@', 'olle@@', 'gen', 'S@@', 'hin@@', 'z@@', 'o', 'A@@', 'be', 'in', 'T@@', 'ok@@', 'o', ',', 'um', 'wirtschaf@@', 'tliche', 'und', 'sicher@@', 'heits@@', 'politische', 'Be@@', 'zieh@@', 'ungen', 'zu', 'bes@@', 'pre@@', 'chen', '.']
2026-05-09 10:57:30,488 - DEBUG - joeynmt.training - 	Tokenized reference:  ['Indi@@', 'a', '&apos;s', 'new', 'pri@@', 'me', 'minist@@', 'er', ',', 'N@@', 'ar@@', 'end@@', 'ra', 'Mo@@', 'd@@', 'i', ',', 'is', 'me@@', 'eting', 'his', 'J@@', 'ap@@', 'an@@', 'ese', 'coun@@', 'ter@@', 'part', ',', 'S@@', 'hin@@', 'z@@', 'o', 'A@@', 'be', ',', 'in', 'T@@', 'ok@@', 'y@@', 'o', 'to', 'disc@@', 'uss', 'economic', 'and', 'security', 'ties', ',', 'on', 'his', 'first', 'major', 'fore@@', 'ign', 'visi@@', 't', 'since', 'w@@', 'inn@@', 'ing', 'Ma@@', 'y', '&apos;s', 'elec@@', 'tion', '.']
2026-05-09 10:57:30,488 - DEBUG - joeynmt.training - 	Tokenized hypothesis: ['Indi@@', 'a', '&apos;s', 'new', 'Pri@@', 'me', 'Minist@@', 'er', 'N@@', 'ar@@', 'd@@', 'i', 'Mo@@', 'd@@', 'i', '&apos;s', 'first', 'me@@', 'eting', 'in', 'his', 'first', 'of', 'his', 'own', 'own', 'own', 'own', 'own', ',', 'has', 'been', 'the', 'first', 'sign@@', 'ed', 'to', 'the', 'S@@', 'hin@@', 'z@@', 'o', 'A@@', 'be', 'in', 'the', 'Ma@@', 'y', 'of', 'A@@', 'be', 'in', 'the', 'Ma@@', 'y', 'of', 'A@@', 'be', 'in', 'the', 'Ma@@', 'y', 'of', 'A@@', 'be', '.', '</s>']
2026-05-09 10:57:30,488 - INFO - joeynmt.training - 	Source:     Indiens neuer Premierminister Narendra Modi trifft bei seinem ersten wichtigen Auslandsbesuch seit seinem Wahlsieg im Mai seinen japanischen Amtskollegen Shinzo Abe in Toko , um wirtschaftliche und sicherheitspolitische Beziehungen zu besprechen .
2026-05-09 10:57:30,488 - INFO - joeynmt.training - 	Reference:  India &apos;s new prime minister , Narendra Modi , is meeting his Japanese counterpart , Shinzo Abe , in Tokyo to discuss economic and security ties , on his first major foreign visit since winning May &apos;s election .
2026-05-09 10:57:30,488 - INFO - joeynmt.training - 	Hypothesis: India &apos;s new Prime Minister Nardi Modi &apos;s first meeting in his first of his own own own own own , has been the first signed to the Shinzo Abe in the May of Abe in the May of Abe in the May of Abe .
2026-05-09 10:57:30,488 - INFO - joeynmt.training - Example #2
2026-05-09 10:57:30,488 - DEBUG - joeynmt.training - 	Tokenized source:     ['Herr', 'Mo@@', 'd@@', 'i', 'befindet', 'sich', 'auf', 'einer', 'fü@@', 'n@@', 'f@@', 'tä@@', 'gi@@', 'gen', 'Rei@@', 'se', 'nach', 'J@@', 'ap@@', 'an', ',', 'um', 'die', 'wirtschaf@@', 'tlichen', 'Be@@', 'zieh@@', 'ungen', 'mit', 'der', 'd@@', 'rit@@', 't@@', 'größ@@', 'ten', 'Wirtschafts@@', 'n@@', 'ation', 'der', 'Welt', 'zu', 'fes@@', 'tigen', '.']
2026-05-09 10:57:30,488 - DEBUG - joeynmt.training - 	Tokenized reference:  ['Mr', 'Mo@@', 'd@@', 'i', 'is', 'on', 'a', 'fi@@', 've', '@@@', '-@@', '@', 'day', 'tri@@', 'p', 'to', 'J@@', 'ap@@', 'an', 'to', 'streng@@', 'then', 'economic', 'ties', 'with', 'the', 'third', 'lar@@', 'ges@@', 't', 'econom@@', 'y', 'in', 'the', 'world', '.']
2026-05-09 10:57:30,488 - DEBUG - joeynmt.training - 	Tokenized hypothesis: ['Mr', 'Mo@@', 'd@@', 'i', 'is', 'a', 'fi@@', 'f@@', 'ty', 'of', 'a', 'fi@@', 'f@@', 'ty', 'to', 'J@@', 'ap@@', 'an', 'to', 'J@@', 'ap@@', 'an', 'to', 'J@@', 'ap@@', 'an', 'to', 'the', 'economic', 'rel@@', 'ations', 'with', 'the', 'world', 'of', 'the', 'world', '.', '</s>']
2026-05-09 10:57:30,488 - INFO - joeynmt.training - 	Source:     Herr Modi befindet sich auf einer fünftägigen Reise nach Japan , um die wirtschaftlichen Beziehungen mit der drittgrößten Wirtschaftsnation der Welt zu festigen .
2026-05-09 10:57:30,488 - INFO - joeynmt.training - 	Reference:  Mr Modi is on a five @-@ day trip to Japan to strengthen economic ties with the third largest economy in the world .
2026-05-09 10:57:30,488 - INFO - joeynmt.training - 	Hypothesis: Mr Modi is a fifty of a fifty to Japan to Japan to Japan to the economic relations with the world of the world .
2026-05-09 10:57:30,488 - INFO - joeynmt.training - Example #3
2026-05-09 10:57:30,488 - DEBUG - joeynmt.training - 	Tokenized source:     ['P@@', 'län@@', 'e', 'für', 'eine', 'stärk@@', 'ere', 'k@@', 'ern@@', 'techn@@', 'ische', 'Zusammenarbeit', 'stehen', 'ganz', 'ob@@', 'en', 'auf', 'der', 'Tag@@', 'es@@', 'ordnung', '.']
2026-05-09 10:57:30,488 - DEBUG - joeynmt.training - 	Tokenized reference:  ['high', 'on', 'the', 'agen@@', 'da', 'are', 'pl@@', 'ans', 'for', 'gre@@', 'ater', 'nu@@', 'clear', 'c@@', 'o', '@@@', '-@@', '@', 'operation', '.']
2026-05-09 10:57:30,488 - DEBUG - joeynmt.training - 	Tokenized hypothesis: ['P@@', 'ubli@@', 'c', 'cooperation', 'is', 'very', 'much', 'more', 'than', 'the', 'agen@@', 'da', '.', '</s>']
2026-05-09 10:57:30,488 - INFO - joeynmt.training - 	Source:     Pläne für eine stärkere kerntechnische Zusammenarbeit stehen ganz oben auf der Tagesordnung .
2026-05-09 10:57:30,488 - INFO - joeynmt.training - 	Reference:  high on the agenda are plans for greater nuclear co @-@ operation .
2026-05-09 10:57:30,488 - INFO - joeynmt.training - 	Hypothesis: Public cooperation is very much more than the agenda .
2026-05-09 10:57:30,488 - INFO - joeynmt.training - Example #4
2026-05-09 10:57:30,488 - DEBUG - joeynmt.training - 	Tokenized source:     ['Berich@@', 'ten', 'zu@@', 'fol@@', 'ge', 'ho@@', 'fft', 'Indi@@', 'en', 'darüber', 'hinaus', 'auf', 'einen', 'Ver@@', 'trag', 'zur', 'Ver@@', 'tei@@', 'dig@@', 'ungs@@', 'zusammen@@', 'arbeit', 'zwischen', 'den', 'beiden', 'N@@', 'ationen', '.']
2026-05-09 10:57:30,488 - DEBUG - joeynmt.training - 	Tokenized reference:  ['Indi@@', 'a', 'is', 'also', 're@@', 'porte@@', 'dly', 'hop@@', 'ing', 'for', 'a', 'de@@', 'al', 'on', 'def@@', 'ence', 'c@@', 'oll@@', 'ab@@', 'or@@', 'ation', 'between', 'the', 'two', 'n@@', 'ations', '.']
2026-05-09 10:57:30,488 - DEBUG - joeynmt.training - 	Tokenized hypothesis: ['the', 'conclu@@', 'sion', 'is', 'also', 'the', 'fact', 'that', 'Indi@@', 'a', 'has', 'been', 're@@', 'ports', 'between', 'the', 'two', 'N@@', 'ations', '.', '</s>']
2026-05-09 10:57:30,488 - INFO - joeynmt.training - 	Source:     Berichten zufolge hofft Indien darüber hinaus auf einen Vertrag zur Verteidigungszusammenarbeit zwischen den beiden Nationen .
2026-05-09 10:57:30,488 - INFO - joeynmt.training - 	Reference:  India is also reportedly hoping for a deal on defence collaboration between the two nations .
2026-05-09 10:57:30,489 - INFO - joeynmt.training - 	Hypothesis: the conclusion is also the fact that India has been reports between the two Nations .
2026-05-09 10:57:44,656 - INFO - joeynmt.training - Epoch   4, Step:    14100, Batch Loss:     2.004867, Batch Acc: 0.452766, Tokens per Sec:     6635, Lr: 0.000300
2026-05-09 10:57:59,491 - INFO - joeynmt.training - Epoch   4, Step:    14200, Batch Loss:     1.928830, Batch Acc: 0.457091, Tokens per Sec:     6164, Lr: 0.000300
2026-05-09 10:58:14,611 - INFO - joeynmt.training - Epoch   4, Step:    14300, Batch Loss:     2.004130, Batch Acc: 0.451615, Tokens per Sec:     6104, Lr: 0.000300
2026-05-09 10:58:31,471 - INFO - joeynmt.training - Epoch   4, Step:    14400, Batch Loss:     2.117664, Batch Acc: 0.448034, Tokens per Sec:     5512, Lr: 0.000300
2026-05-09 10:58:45,811 - INFO - joeynmt.training - Epoch   4, Step:    14500, Batch Loss:     2.179249, Batch Acc: 0.454815, Tokens per Sec:     6249, Lr: 0.000300
2026-05-09 10:58:45,812 - INFO - joeynmt.prediction - Predicting 500 example(s)... (Greedy decoding with min_output_length=1, max_output_length=-1, return_prob='none', generate_unk=True, repetition_penalty=-1, no_repeat_ngram_size=-1)
2026-05-09 10:59:08,080 - INFO - joeynmt.prediction - Evaluation result (greedy) loss:   2.38, ppl:  10.81, acc:   0.39, generation: 22.2640[sec], evaluation: 0.0000[sec]
2026-05-09 10:59:08,082 - INFO - joeynmt.training - Hooray! New best validation result [ppl]!
2026-05-09 10:59:08,159 - INFO - joeynmt.helpers - delete models/deen_transformer_post/12000.ckpt
2026-05-09 10:59:08,162 - INFO - joeynmt.training - Example #0
2026-05-09 10:59:08,162 - DEBUG - joeynmt.training - 	Tokenized source:     ['die', 'Pre@@', 'mi@@', 'er@@', 'minist@@', 'er', 'Indi@@', 'ens', 'und', 'J@@', 'ap@@', 'ans', 'tra@@', 'fen', 'sich', 'in', 'T@@', 'ok@@', 'i@@', 'o', '.']
2026-05-09 10:59:08,162 - DEBUG - joeynmt.training - 	Tokenized reference:  ['Indi@@', 'a', 'and', 'J@@', 'ap@@', 'an', 'pri@@', 'me', 'minist@@', 'ers', 'me@@', 'et', 'in', 'T@@', 'ok@@', 'y@@', 'o']
2026-05-09 10:59:08,162 - DEBUG - joeynmt.training - 	Tokenized hypothesis: ['the', 'Pre@@', 'mi@@', 'um', 'M@@', 'ini@@', 'stry', 'and', 'J@@', 'ap@@', 'ans', 'in', 'T@@', 'ok@@', 'i@@', 'o', '.', '</s>']
2026-05-09 10:59:08,162 - INFO - joeynmt.training - 	Source:     die Premierminister Indiens und Japans trafen sich in Tokio .
2026-05-09 10:59:08,162 - INFO - joeynmt.training - 	Reference:  India and Japan prime ministers meet in Tokyo
2026-05-09 10:59:08,162 - INFO - joeynmt.training - 	Hypothesis: the Premium Ministry and Japans in Tokio .
2026-05-09 10:59:08,162 - INFO - joeynmt.training - Example #1
2026-05-09 10:59:08,162 - DEBUG - joeynmt.training - 	Tokenized source:     ['Indi@@', 'ens', 'neu@@', 'er', 'Pre@@', 'mi@@', 'er@@', 'minist@@', 'er', 'N@@', 'ar@@', 'end@@', 'ra', 'Mo@@', 'd@@', 'i', 'tri@@', 'fft', 'bei', 's@@', 'einem', 'ersten', 'wichti@@', 'gen', 'Aus@@', 'land@@', 's@@', 'bes@@', 'u@@', 'ch', 'seit', 's@@', 'einem', 'W@@', 'ah@@', 'l@@', 'si@@', 'e@@', 'g', 'im', 'Ma@@', 'i', 'seinen', 'j@@', 'ap@@', 'an@@', 'ischen', 'Am@@', 'ts@@', 'k@@', 'olle@@', 'gen', 'S@@', 'hin@@', 'z@@', 'o', 'A@@', 'be', 'in', 'T@@', 'ok@@', 'o', ',', 'um', 'wirtschaf@@', 'tliche', 'und', 'sicher@@', 'heits@@', 'politische', 'Be@@', 'zieh@@', 'ungen', 'zu', 'bes@@', 'pre@@', 'chen', '.']
2026-05-09 10:59:08,162 - DEBUG - joeynmt.training - 	Tokenized reference:  ['Indi@@', 'a', '&apos;s', 'new', 'pri@@', 'me', 'minist@@', 'er', ',', 'N@@', 'ar@@', 'end@@', 'ra', 'Mo@@', 'd@@', 'i', ',', 'is', 'me@@', 'eting', 'his', 'J@@', 'ap@@', 'an@@', 'ese', 'coun@@', 'ter@@', 'part', ',', 'S@@', 'hin@@', 'z@@', 'o', 'A@@', 'be', ',', 'in', 'T@@', 'ok@@', 'y@@', 'o', 'to', 'disc@@', 'uss', 'economic', 'and', 'security', 'ties', ',', 'on', 'his', 'first', 'major', 'fore@@', 'ign', 'visi@@', 't', 'since', 'w@@', 'inn@@', 'ing', 'Ma@@', 'y', '&apos;s', 'elec@@', 'tion', '.']
2026-05-09 10:59:08,162 - DEBUG - joeynmt.training - 	Tokenized hypothesis: ['Indi@@', 'a', '&apos;s', 'new', 'Pri@@', 'me', 'Minist@@', 'er', 'N@@', 'ar@@', 'd@@', 'i', 'Mo@@', 'd@@', 'i', 'was', 'a', 'first', 'important', 'ex@@', 'clu@@', 'sive', 'ex@@', 'clu@@', 'sive', 'ex@@', 'hi@@', 'bi@@', 'tion', 'in', 'the', 'Ma@@', 'y', 'of', 'the', 'Ma@@', 'y', 'of', 'his', 'first', 'year', ',', 'in', 'the', 'Ma@@', 'y', 'of', 'A@@', 'C@@', 'E', ',', 'A@@', 'C@@', 'E', ',', 'A@@', 'be', 'in', 'T@@', 'ok@@', 'ed', 'in', 'the', 'Ma@@', 'y', 'A@@', 'sia', '.', '</s>']
2026-05-09 10:59:08,163 - INFO - joeynmt.training - 	Source:     Indiens neuer Premierminister Narendra Modi trifft bei seinem ersten wichtigen Auslandsbesuch seit seinem Wahlsieg im Mai seinen japanischen Amtskollegen Shinzo Abe in Toko , um wirtschaftliche und sicherheitspolitische Beziehungen zu besprechen .
2026-05-09 10:59:08,163 - INFO - joeynmt.training - 	Reference:  India &apos;s new prime minister , Narendra Modi , is meeting his Japanese counterpart , Shinzo Abe , in Tokyo to discuss economic and security ties , on his first major foreign visit since winning May &apos;s election .
2026-05-09 10:59:08,163 - INFO - joeynmt.training - 	Hypothesis: India &apos;s new Prime Minister Nardi Modi was a first important exclusive exclusive exhibition in the May of the May of his first year , in the May of ACE , ACE , Abe in Toked in the May Asia .
2026-05-09 10:59:08,163 - INFO - joeynmt.training - Example #2
2026-05-09 10:59:08,163 - DEBUG - joeynmt.training - 	Tokenized source:     ['Herr', 'Mo@@', 'd@@', 'i', 'befindet', 'sich', 'auf', 'einer', 'fü@@', 'n@@', 'f@@', 'tä@@', 'gi@@', 'gen', 'Rei@@', 'se', 'nach', 'J@@', 'ap@@', 'an', ',', 'um', 'die', 'wirtschaf@@', 'tlichen', 'Be@@', 'zieh@@', 'ungen', 'mit', 'der', 'd@@', 'rit@@', 't@@', 'größ@@', 'ten', 'Wirtschafts@@', 'n@@', 'ation', 'der', 'Welt', 'zu', 'fes@@', 'tigen', '.']
2026-05-09 10:59:08,163 - DEBUG - joeynmt.training - 	Tokenized reference:  ['Mr', 'Mo@@', 'd@@', 'i', 'is', 'on', 'a', 'fi@@', 've', '@@@', '-@@', '@', 'day', 'tri@@', 'p', 'to', 'J@@', 'ap@@', 'an', 'to', 'streng@@', 'then', 'economic', 'ties', 'with', 'the', 'third', 'lar@@', 'ges@@', 't', 'econom@@', 'y', 'in', 'the', 'world', '.']
2026-05-09 10:59:08,163 - DEBUG - joeynmt.training - 	Tokenized hypothesis: ['Mr', 'Mo@@', 'd@@', 'i', 'is', 'a', 'fi@@', 'le', 'for', 'a', 'fi@@', 'x@@', 'ed', 'number', 'of', 'j@@', 'ap@@', 'an', 'to', 'the', 'economic', 'rel@@', 'ations', 'of', 'the', 'world', '&apos;s', 'economic', 'rel@@', 'ations', '.', '</s>']
2026-05-09 10:59:08,163 - INFO - joeynmt.training - 	Source:     Herr Modi befindet sich auf einer fünftägigen Reise nach Japan , um die wirtschaftlichen Beziehungen mit der drittgrößten Wirtschaftsnation der Welt zu festigen .
2026-05-09 10:59:08,163 - INFO - joeynmt.training - 	Reference:  Mr Modi is on a five @-@ day trip to Japan to strengthen economic ties with the third largest economy in the world .
2026-05-09 10:59:08,163 - INFO - joeynmt.training - 	Hypothesis: Mr Modi is a file for a fixed number of japan to the economic relations of the world &apos;s economic relations .
2026-05-09 10:59:08,163 - INFO - joeynmt.training - Example #3
2026-05-09 10:59:08,163 - DEBUG - joeynmt.training - 	Tokenized source:     ['P@@', 'län@@', 'e', 'für', 'eine', 'stärk@@', 'ere', 'k@@', 'ern@@', 'techn@@', 'ische', 'Zusammenarbeit', 'stehen', 'ganz', 'ob@@', 'en', 'auf', 'der', 'Tag@@', 'es@@', 'ordnung', '.']
2026-05-09 10:59:08,163 - DEBUG - joeynmt.training - 	Tokenized reference:  ['high', 'on', 'the', 'agen@@', 'da', 'are', 'pl@@', 'ans', 'for', 'gre@@', 'ater', 'nu@@', 'clear', 'c@@', 'o', '@@@', '-@@', '@', 'operation', '.']
2026-05-09 10:59:08,163 - DEBUG - joeynmt.training - 	Tokenized hypothesis: ['P@@', 'ubli@@', 'c', 'cooperation', 'is', 'based', 'on', 'a', 'more', 'seri@@', 'ous', 'techn@@', 'ical', 'cooperation', '.', '</s>']
2026-05-09 10:59:08,163 - INFO - joeynmt.training - 	Source:     Pläne für eine stärkere kerntechnische Zusammenarbeit stehen ganz oben auf der Tagesordnung .
2026-05-09 10:59:08,163 - INFO - joeynmt.training - 	Reference:  high on the agenda are plans for greater nuclear co @-@ operation .
2026-05-09 10:59:08,163 - INFO - joeynmt.training - 	Hypothesis: Public cooperation is based on a more serious technical cooperation .
2026-05-09 10:59:08,163 - INFO - joeynmt.training - Example #4
2026-05-09 10:59:08,163 - DEBUG - joeynmt.training - 	Tokenized source:     ['Berich@@', 'ten', 'zu@@', 'fol@@', 'ge', 'ho@@', 'fft', 'Indi@@', 'en', 'darüber', 'hinaus', 'auf', 'einen', 'Ver@@', 'trag', 'zur', 'Ver@@', 'tei@@', 'dig@@', 'ungs@@', 'zusammen@@', 'arbeit', 'zwischen', 'den', 'beiden', 'N@@', 'ationen', '.']
2026-05-09 10:59:08,163 - DEBUG - joeynmt.training - 	Tokenized reference:  ['Indi@@', 'a', 'is', 'also', 're@@', 'porte@@', 'dly', 'hop@@', 'ing', 'for', 'a', 'de@@', 'al', 'on', 'def@@', 'ence', 'c@@', 'oll@@', 'ab@@', 'or@@', 'ation', 'between', 'the', 'two', 'n@@', 'ations', '.']
2026-05-09 10:59:08,163 - DEBUG - joeynmt.training - 	Tokenized hypothesis: ['in', 'ad@@', 'dition', ',', 'the', 'report', ',', 'the', 'fact', 'that', 'the', 'two', 'N@@', 'ations', 'on', 'the', 'other', 'hand', '.', '</s>']
2026-05-09 10:59:08,163 - INFO - joeynmt.training - 	Source:     Berichten zufolge hofft Indien darüber hinaus auf einen Vertrag zur Verteidigungszusammenarbeit zwischen den beiden Nationen .
2026-05-09 10:59:08,163 - INFO - joeynmt.training - 	Reference:  India is also reportedly hoping for a deal on defence collaboration between the two nations .
2026-05-09 10:59:08,163 - INFO - joeynmt.training - 	Hypothesis: in addition , the report , the fact that the two Nations on the other hand .
2026-05-09 10:59:23,545 - INFO - joeynmt.training - Epoch   4, Step:    14600, Batch Loss:     2.139010, Batch Acc: 0.455043, Tokens per Sec:     5894, Lr: 0.000300
2026-05-09 10:59:38,782 - INFO - joeynmt.training - Epoch   4, Step:    14700, Batch Loss:     2.013409, Batch Acc: 0.452215, Tokens per Sec:     5993, Lr: 0.000300
2026-05-09 10:59:54,329 - INFO - joeynmt.training - Epoch   4, Step:    14800, Batch Loss:     1.814027, Batch Acc: 0.449072, Tokens per Sec:     5914, Lr: 0.000300
2026-05-09 11:00:13,709 - INFO - joeynmt.training - Epoch   4, Step:    14900, Batch Loss:     1.918977, Batch Acc: 0.447261, Tokens per Sec:     4728, Lr: 0.000300
2026-05-09 11:00:31,283 - INFO - joeynmt.training - Epoch   4, Step:    15000, Batch Loss:     1.790460, Batch Acc: 0.456775, Tokens per Sec:     5129, Lr: 0.000300
2026-05-09 11:00:31,284 - INFO - joeynmt.prediction - Predicting 500 example(s)... (Greedy decoding with min_output_length=1, max_output_length=-1, return_prob='none', generate_unk=True, repetition_penalty=-1, no_repeat_ngram_size=-1)
2026-05-09 11:00:55,771 - INFO - joeynmt.prediction - Evaluation result (greedy) loss:   2.37, ppl:  10.66, acc:   0.39, generation: 24.4832[sec], evaluation: 0.0000[sec]
2026-05-09 11:00:55,773 - INFO - joeynmt.training - Hooray! New best validation result [ppl]!
2026-05-09 11:00:55,849 - INFO - joeynmt.helpers - delete models/deen_transformer_post/12500.ckpt
2026-05-09 11:00:55,851 - INFO - joeynmt.training - Example #0
2026-05-09 11:00:55,851 - DEBUG - joeynmt.training - 	Tokenized source:     ['die', 'Pre@@', 'mi@@', 'er@@', 'minist@@', 'er', 'Indi@@', 'ens', 'und', 'J@@', 'ap@@', 'ans', 'tra@@', 'fen', 'sich', 'in', 'T@@', 'ok@@', 'i@@', 'o', '.']
2026-05-09 11:00:55,851 - DEBUG - joeynmt.training - 	Tokenized reference:  ['Indi@@', 'a', 'and', 'J@@', 'ap@@', 'an', 'pri@@', 'me', 'minist@@', 'ers', 'me@@', 'et', 'in', 'T@@', 'ok@@', 'y@@', 'o']
2026-05-09 11:00:55,851 - DEBUG - joeynmt.training - 	Tokenized hypothesis: ['the', 'pri@@', 'm@@', 'ary', 'minist@@', 'er', 'and', 'J@@', 'ap@@', 'an', 'and', 'J@@', 'ap@@', 'an', '.', '</s>']
2026-05-09 11:00:55,851 - INFO - joeynmt.training - 	Source:     die Premierminister Indiens und Japans trafen sich in Tokio .
2026-05-09 11:00:55,851 - INFO - joeynmt.training - 	Reference:  India and Japan prime ministers meet in Tokyo
2026-05-09 11:00:55,851 - INFO - joeynmt.training - 	Hypothesis: the primary minister and Japan and Japan .
2026-05-09 11:00:55,851 - INFO - joeynmt.training - Example #1
2026-05-09 11:00:55,851 - DEBUG - joeynmt.training - 	Tokenized source:     ['Indi@@', 'ens', 'neu@@', 'er', 'Pre@@', 'mi@@', 'er@@', 'minist@@', 'er', 'N@@', 'ar@@', 'end@@', 'ra', 'Mo@@', 'd@@', 'i', 'tri@@', 'fft', 'bei', 's@@', 'einem', 'ersten', 'wichti@@', 'gen', 'Aus@@', 'land@@', 's@@', 'bes@@', 'u@@', 'ch', 'seit', 's@@', 'einem', 'W@@', 'ah@@', 'l@@', 'si@@', 'e@@', 'g', 'im', 'Ma@@', 'i', 'seinen', 'j@@', 'ap@@', 'an@@', 'ischen', 'Am@@', 'ts@@', 'k@@', 'olle@@', 'gen', 'S@@', 'hin@@', 'z@@', 'o', 'A@@', 'be', 'in', 'T@@', 'ok@@', 'o', ',', 'um', 'wirtschaf@@', 'tliche', 'und', 'sicher@@', 'heits@@', 'politische', 'Be@@', 'zieh@@', 'ungen', 'zu', 'bes@@', 'pre@@', 'chen', '.']
2026-05-09 11:00:55,851 - DEBUG - joeynmt.training - 	Tokenized reference:  ['Indi@@', 'a', '&apos;s', 'new', 'pri@@', 'me', 'minist@@', 'er', ',', 'N@@', 'ar@@', 'end@@', 'ra', 'Mo@@', 'd@@', 'i', ',', 'is', 'me@@', 'eting', 'his', 'J@@', 'ap@@', 'an@@', 'ese', 'coun@@', 'ter@@', 'part', ',', 'S@@', 'hin@@', 'z@@', 'o', 'A@@', 'be', ',', 'in', 'T@@', 'ok@@', 'y@@', 'o', 'to', 'disc@@', 'uss', 'economic', 'and', 'security', 'ties', ',', 'on', 'his', 'first', 'major', 'fore@@', 'ign', 'visi@@', 't', 'since', 'w@@', 'inn@@', 'ing', 'Ma@@', 'y', '&apos;s', 'elec@@', 'tion', '.']
2026-05-09 11:00:55,851 - DEBUG - joeynmt.training - 	Tokenized hypothesis: ['Indi@@', 'a', '&apos;s', 'Pri@@', 'me', 'Minist@@', 'er', 'N@@', 'ar@@', 'end@@', 'ra', 'Mo@@', 'd@@', 'i', '&apos;s', 'first', 'sign@@', 'ific@@', 'ant', 'ex@@', 'clu@@', 'sive', 'ex@@', 'clu@@', 'si@@', 'vely', 'in', 'the', 'Ma@@', 'y', 'of', 'the', 'first', 'important', 'ex@@', 'clu@@', 'sive', 'H@@', 'ung@@', 'ary', 'of', 'S@@', 'hin@@', 'z@@', 'an@@', 'o', 'A@@', 'el@@', 'se@@', 'where', ',', 'the', 'C@@', 'hr@@', 'is@@', 'ti@@', 'an', 'Am@@', 'ster@@', 'dam', 'A@@', 'sia', '&apos;s', 'H@@', 'um@@', 'an', 'Ri@@', 'ghts', '.', '</s>']
2026-05-09 11:00:55,851 - INFO - joeynmt.training - 	Source:     Indiens neuer Premierminister Narendra Modi trifft bei seinem ersten wichtigen Auslandsbesuch seit seinem Wahlsieg im Mai seinen japanischen Amtskollegen Shinzo Abe in Toko , um wirtschaftliche und sicherheitspolitische Beziehungen zu besprechen .
2026-05-09 11:00:55,851 - INFO - joeynmt.training - 	Reference:  India &apos;s new prime minister , Narendra Modi , is meeting his Japanese counterpart , Shinzo Abe , in Tokyo to discuss economic and security ties , on his first major foreign visit since winning May &apos;s election .
2026-05-09 11:00:55,851 - INFO - joeynmt.training - 	Hypothesis: India &apos;s Prime Minister Narendra Modi &apos;s first significant exclusive exclusively in the May of the first important exclusive Hungary of Shinzano Aelsewhere , the Christian Amsterdam Asia &apos;s Human Rights .
2026-05-09 11:00:55,851 - INFO - joeynmt.training - Example #2
2026-05-09 11:00:55,851 - DEBUG - joeynmt.training - 	Tokenized source:     ['Herr', 'Mo@@', 'd@@', 'i', 'befindet', 'sich', 'auf', 'einer', 'fü@@', 'n@@', 'f@@', 'tä@@', 'gi@@', 'gen', 'Rei@@', 'se', 'nach', 'J@@', 'ap@@', 'an', ',', 'um', 'die', 'wirtschaf@@', 'tlichen', 'Be@@', 'zieh@@', 'ungen', 'mit', 'der', 'd@@', 'rit@@', 't@@', 'größ@@', 'ten', 'Wirtschafts@@', 'n@@', 'ation', 'der', 'Welt', 'zu', 'fes@@', 'tigen', '.']
2026-05-09 11:00:55,851 - DEBUG - joeynmt.training - 	Tokenized reference:  ['Mr', 'Mo@@', 'd@@', 'i', 'is', 'on', 'a', 'fi@@', 've', '@@@', '-@@', '@', 'day', 'tri@@', 'p', 'to', 'J@@', 'ap@@', 'an', 'to', 'streng@@', 'then', 'economic', 'ties', 'with', 'the', 'third', 'lar@@', 'ges@@', 't', 'econom@@', 'y', 'in', 'the', 'world', '.']
2026-05-09 11:00:55,852 - DEBUG - joeynmt.training - 	Tokenized hypothesis: ['Mr', 'Mo@@', 'd@@', 'i', 'is', 'a', 'fi@@', 'f@@', 'ting', 'of', 'a', 'fi@@', 'f@@', 'ting', 'of', 'j@@', 'ap@@', 'an', 'to', 'the', 'economic', 'rel@@', 'ations', 'with', 'the', 'economic', 'rel@@', 'ations', 'with', 'the', 'world', '&apos;s', 'economic', 'n@@', 'ation', 'of', 'the', 'world', '.', '</s>']
2026-05-09 11:00:55,852 - INFO - joeynmt.training - 	Source:     Herr Modi befindet sich auf einer fünftägigen Reise nach Japan , um die wirtschaftlichen Beziehungen mit der drittgrößten Wirtschaftsnation der Welt zu festigen .
2026-05-09 11:00:55,852 - INFO - joeynmt.training - 	Reference:  Mr Modi is on a five @-@ day trip to Japan to strengthen economic ties with the third largest economy in the world .
2026-05-09 11:00:55,852 - INFO - joeynmt.training - 	Hypothesis: Mr Modi is a fifting of a fifting of japan to the economic relations with the economic relations with the world &apos;s economic nation of the world .
2026-05-09 11:00:55,852 - INFO - joeynmt.training - Example #3
2026-05-09 11:00:55,852 - DEBUG - joeynmt.training - 	Tokenized source:     ['P@@', 'län@@', 'e', 'für', 'eine', 'stärk@@', 'ere', 'k@@', 'ern@@', 'techn@@', 'ische', 'Zusammenarbeit', 'stehen', 'ganz', 'ob@@', 'en', 'auf', 'der', 'Tag@@', 'es@@', 'ordnung', '.']
2026-05-09 11:00:55,852 - DEBUG - joeynmt.training - 	Tokenized reference:  ['high', 'on', 'the', 'agen@@', 'da', 'are', 'pl@@', 'ans', 'for', 'gre@@', 'ater', 'nu@@', 'clear', 'c@@', 'o', '@@@', '-@@', '@', 'operation', '.']
2026-05-09 11:00:55,852 - DEBUG - joeynmt.training - 	Tokenized hypothesis: ['P@@', 'ubli@@', 'c', 'partn@@', 'er@@', 'ship', 'for', 'a', 'gre@@', 'ater', 'cooperation', 'on', 'the', 'agen@@', 'da', '.', '</s>']
2026-05-09 11:00:55,852 - INFO - joeynmt.training - 	Source:     Pläne für eine stärkere kerntechnische Zusammenarbeit stehen ganz oben auf der Tagesordnung .
2026-05-09 11:00:55,852 - INFO - joeynmt.training - 	Reference:  high on the agenda are plans for greater nuclear co @-@ operation .
2026-05-09 11:00:55,852 - INFO - joeynmt.training - 	Hypothesis: Public partnership for a greater cooperation on the agenda .
2026-05-09 11:00:55,852 - INFO - joeynmt.training - Example #4
2026-05-09 11:00:55,852 - DEBUG - joeynmt.training - 	Tokenized source:     ['Berich@@', 'ten', 'zu@@', 'fol@@', 'ge', 'ho@@', 'fft', 'Indi@@', 'en', 'darüber', 'hinaus', 'auf', 'einen', 'Ver@@', 'trag', 'zur', 'Ver@@', 'tei@@', 'dig@@', 'ungs@@', 'zusammen@@', 'arbeit', 'zwischen', 'den', 'beiden', 'N@@', 'ationen', '.']
2026-05-09 11:00:55,852 - DEBUG - joeynmt.training - 	Tokenized reference:  ['Indi@@', 'a', 'is', 'also', 're@@', 'porte@@', 'dly', 'hop@@', 'ing', 'for', 'a', 'de@@', 'al', 'on', 'def@@', 'ence', 'c@@', 'oll@@', 'ab@@', 'or@@', 'ation', 'between', 'the', 'two', 'n@@', 'ations', '.']
2026-05-09 11:00:55,852 - DEBUG - joeynmt.training - 	Tokenized hypothesis: ['I', 'also', 'think', 'that', 'there', 'is', 'a', 'Tre@@', 'aty', 'on', 'the', 'Tre@@', 'aty', 'of', 'the', 'two', 'N@@', 'ations', 'on', 'the', 'def@@', 'ence', 'between', 'the', 'two', 'N@@', 'ations', '.', '</s>']
2026-05-09 11:00:55,852 - INFO - joeynmt.training - 	Source:     Berichten zufolge hofft Indien darüber hinaus auf einen Vertrag zur Verteidigungszusammenarbeit zwischen den beiden Nationen .
2026-05-09 11:00:55,852 - INFO - joeynmt.training - 	Reference:  India is also reportedly hoping for a deal on defence collaboration between the two nations .
2026-05-09 11:00:55,852 - INFO - joeynmt.training - 	Hypothesis: I also think that there is a Treaty on the Treaty of the two Nations on the defence between the two Nations .
2026-05-09 11:01:10,702 - INFO - joeynmt.training - Epoch   4, Step:    15100, Batch Loss:     2.086366, Batch Acc: 0.458678, Tokens per Sec:     6115, Lr: 0.000300
2026-05-09 11:01:26,645 - INFO - joeynmt.training - Epoch   4, Step:    15200, Batch Loss:     1.901839, Batch Acc: 0.458463, Tokens per Sec:     5717, Lr: 0.000300
2026-05-09 11:01:42,086 - INFO - joeynmt.training - Epoch   4, Step:    15300, Batch Loss:     2.043496, Batch Acc: 0.454768, Tokens per Sec:     5992, Lr: 0.000300
2026-05-09 11:01:56,894 - INFO - joeynmt.training - Epoch   4, Step:    15400, Batch Loss:     2.043839, Batch Acc: 0.458391, Tokens per Sec:     6179, Lr: 0.000300
2026-05-09 11:02:13,266 - INFO - joeynmt.training - Epoch   4, Step:    15500, Batch Loss:     1.975869, Batch Acc: 0.458895, Tokens per Sec:     5659, Lr: 0.000300
2026-05-09 11:02:13,267 - INFO - joeynmt.prediction - Predicting 500 example(s)... (Greedy decoding with min_output_length=1, max_output_length=-1, return_prob='none', generate_unk=True, repetition_penalty=-1, no_repeat_ngram_size=-1)
2026-05-09 11:02:43,594 - INFO - joeynmt.prediction - Evaluation result (greedy) loss:   2.36, ppl:  10.60, acc:   0.39, generation: 30.3233[sec], evaluation: 0.0000[sec]
2026-05-09 11:02:43,596 - INFO - joeynmt.training - Hooray! New best validation result [ppl]!
2026-05-09 11:02:43,689 - INFO - joeynmt.helpers - delete models/deen_transformer_post/13000.ckpt
2026-05-09 11:02:43,690 - INFO - joeynmt.training - Example #0
2026-05-09 11:02:43,690 - DEBUG - joeynmt.training - 	Tokenized source:     ['die', 'Pre@@', 'mi@@', 'er@@', 'minist@@', 'er', 'Indi@@', 'ens', 'und', 'J@@', 'ap@@', 'ans', 'tra@@', 'fen', 'sich', 'in', 'T@@', 'ok@@', 'i@@', 'o', '.']
2026-05-09 11:02:43,690 - DEBUG - joeynmt.training - 	Tokenized reference:  ['Indi@@', 'a', 'and', 'J@@', 'ap@@', 'an', 'pri@@', 'me', 'minist@@', 'ers', 'me@@', 'et', 'in', 'T@@', 'ok@@', 'y@@', 'o']
2026-05-09 11:02:43,690 - DEBUG - joeynmt.training - 	Tokenized hypothesis: ['the', 'Pri@@', 'me', 'Minist@@', 'er', 'of', 'the', 'Pri@@', 'me', 'Minist@@', 'er', 'of', 'T@@', 'ok@@', 'i', '.', '</s>']
2026-05-09 11:02:43,690 - INFO - joeynmt.training - 	Source:     die Premierminister Indiens und Japans trafen sich in Tokio .
2026-05-09 11:02:43,690 - INFO - joeynmt.training - 	Reference:  India and Japan prime ministers meet in Tokyo
2026-05-09 11:02:43,690 - INFO - joeynmt.training - 	Hypothesis: the Prime Minister of the Prime Minister of Toki .
2026-05-09 11:02:43,690 - INFO - joeynmt.training - Example #1
2026-05-09 11:02:43,690 - DEBUG - joeynmt.training - 	Tokenized source:     ['Indi@@', 'ens', 'neu@@', 'er', 'Pre@@', 'mi@@', 'er@@', 'minist@@', 'er', 'N@@', 'ar@@', 'end@@', 'ra', 'Mo@@', 'd@@', 'i', 'tri@@', 'fft', 'bei', 's@@', 'einem', 'ersten', 'wichti@@', 'gen', 'Aus@@', 'land@@', 's@@', 'bes@@', 'u@@', 'ch', 'seit', 's@@', 'einem', 'W@@', 'ah@@', 'l@@', 'si@@', 'e@@', 'g', 'im', 'Ma@@', 'i', 'seinen', 'j@@', 'ap@@', 'an@@', 'ischen', 'Am@@', 'ts@@', 'k@@', 'olle@@', 'gen', 'S@@', 'hin@@', 'z@@', 'o', 'A@@', 'be', 'in', 'T@@', 'ok@@', 'o', ',', 'um', 'wirtschaf@@', 'tliche', 'und', 'sicher@@', 'heits@@', 'politische', 'Be@@', 'zieh@@', 'ungen', 'zu', 'bes@@', 'pre@@', 'chen', '.']
2026-05-09 11:02:43,690 - DEBUG - joeynmt.training - 	Tokenized reference:  ['Indi@@', 'a', '&apos;s', 'new', 'pri@@', 'me', 'minist@@', 'er', ',', 'N@@', 'ar@@', 'end@@', 'ra', 'Mo@@', 'd@@', 'i', ',', 'is', 'me@@', 'eting', 'his', 'J@@', 'ap@@', 'an@@', 'ese', 'coun@@', 'ter@@', 'part', ',', 'S@@', 'hin@@', 'z@@', 'o', 'A@@', 'be', ',', 'in', 'T@@', 'ok@@', 'y@@', 'o', 'to', 'disc@@', 'uss', 'economic', 'and', 'security', 'ties', ',', 'on', 'his', 'first', 'major', 'fore@@', 'ign', 'visi@@', 't', 'since', 'w@@', 'inn@@', 'ing', 'Ma@@', 'y', '&apos;s', 'elec@@', 'tion', '.']
2026-05-09 11:02:43,690 - DEBUG - joeynmt.training - 	Tokenized hypothesis: ['Indi@@', 'a', '&apos;s', 'new', 'Pri@@', 'me', 'Minist@@', 'er', 'N@@', 'ar@@', 'end@@', 'ra', 'Mo@@', 'd@@', 'i', '&apos;s', 'first', 'important', 'ex@@', 'clu@@', 'si@@', 'vely', ',', 'the', 'first', 'important', 'fore@@', 'ign', 'and', 'to', 'the', 'first', 'sign@@', 'ific@@', 'ant', 'S@@', 'hin@@', 'z@@', 'e@@', 'ch', ',', 'the', 'first', 'first', 'of', 'all', 'the', 'year', ',', 'and', 'to', 'ensure', 'that', 'the', 'first', 'of', 'all', 'the', 're@@', 'st', 'of', 'the', 'S@@', 'hin@@', 'z@@', 'z@@', 'a@@', 'i', 'A@@', '.@@', '.@@', '.', '</s>']
2026-05-09 11:02:43,690 - INFO - joeynmt.training - 	Source:     Indiens neuer Premierminister Narendra Modi trifft bei seinem ersten wichtigen Auslandsbesuch seit seinem Wahlsieg im Mai seinen japanischen Amtskollegen Shinzo Abe in Toko , um wirtschaftliche und sicherheitspolitische Beziehungen zu besprechen .
2026-05-09 11:02:43,690 - INFO - joeynmt.training - 	Reference:  India &apos;s new prime minister , Narendra Modi , is meeting his Japanese counterpart , Shinzo Abe , in Tokyo to discuss economic and security ties , on his first major foreign visit since winning May &apos;s election .
2026-05-09 11:02:43,690 - INFO - joeynmt.training - 	Hypothesis: India &apos;s new Prime Minister Narendra Modi &apos;s first important exclusively , the first important foreign and to the first significant Shinzech , the first first of all the year , and to ensure that the first of all the rest of the Shinzzai A...
2026-05-09 11:02:43,690 - INFO - joeynmt.training - Example #2
2026-05-09 11:02:43,690 - DEBUG - joeynmt.training - 	Tokenized source:     ['Herr', 'Mo@@', 'd@@', 'i', 'befindet', 'sich', 'auf', 'einer', 'fü@@', 'n@@', 'f@@', 'tä@@', 'gi@@', 'gen', 'Rei@@', 'se', 'nach', 'J@@', 'ap@@', 'an', ',', 'um', 'die', 'wirtschaf@@', 'tlichen', 'Be@@', 'zieh@@', 'ungen', 'mit', 'der', 'd@@', 'rit@@', 't@@', 'größ@@', 'ten', 'Wirtschafts@@', 'n@@', 'ation', 'der', 'Welt', 'zu', 'fes@@', 'tigen', '.']
2026-05-09 11:02:43,690 - DEBUG - joeynmt.training - 	Tokenized reference:  ['Mr', 'Mo@@', 'd@@', 'i', 'is', 'on', 'a', 'fi@@', 've', '@@@', '-@@', '@', 'day', 'tri@@', 'p', 'to', 'J@@', 'ap@@', 'an', 'to', 'streng@@', 'then', 'economic', 'ties', 'with', 'the', 'third', 'lar@@', 'ges@@', 't', 'econom@@', 'y', 'in', 'the', 'world', '.']
2026-05-09 11:02:43,690 - DEBUG - joeynmt.training - 	Tokenized hypothesis: ['Mr', 'Mo@@', 'd@@', 'i', 'is', 'located', 'in', 'a', 'fi@@', 'f@@', 'th', 'of', 'the', 'world', '&apos;s', 'j@@', 'ap@@', 'an', 'to', 'the', 'economic', 'rel@@', 'ations', 'with', 'the', 'd@@', 'rit@@', 't@@', 'y-@@', 'to@@', '-@@', 'day', 'econom@@', 'y', '.', '</s>']
2026-05-09 11:02:43,690 - INFO - joeynmt.training - 	Source:     Herr Modi befindet sich auf einer fünftägigen Reise nach Japan , um die wirtschaftlichen Beziehungen mit der drittgrößten Wirtschaftsnation der Welt zu festigen .
2026-05-09 11:02:43,690 - INFO - joeynmt.training - 	Reference:  Mr Modi is on a five @-@ day trip to Japan to strengthen economic ties with the third largest economy in the world .
2026-05-09 11:02:43,691 - INFO - joeynmt.training - 	Hypothesis: Mr Modi is located in a fifth of the world &apos;s japan to the economic relations with the dritty-to-day economy .
2026-05-09 11:02:43,691 - INFO - joeynmt.training - Example #3
2026-05-09 11:02:43,691 - DEBUG - joeynmt.training - 	Tokenized source:     ['P@@', 'län@@', 'e', 'für', 'eine', 'stärk@@', 'ere', 'k@@', 'ern@@', 'techn@@', 'ische', 'Zusammenarbeit', 'stehen', 'ganz', 'ob@@', 'en', 'auf', 'der', 'Tag@@', 'es@@', 'ordnung', '.']
2026-05-09 11:02:43,691 - DEBUG - joeynmt.training - 	Tokenized reference:  ['high', 'on', 'the', 'agen@@', 'da', 'are', 'pl@@', 'ans', 'for', 'gre@@', 'ater', 'nu@@', 'clear', 'c@@', 'o', '@@@', '-@@', '@', 'operation', '.']
2026-05-09 11:02:43,691 - DEBUG - joeynmt.training - 	Tokenized hypothesis: ['P@@', 'lan@@', 'e', 'is', 'a', 'major', 'techn@@', 'ical', 'cooperation', 'on', 'the', 'agen@@', 'da', '.', '</s>']
2026-05-09 11:02:43,691 - INFO - joeynmt.training - 	Source:     Pläne für eine stärkere kerntechnische Zusammenarbeit stehen ganz oben auf der Tagesordnung .
2026-05-09 11:02:43,691 - INFO - joeynmt.training - 	Reference:  high on the agenda are plans for greater nuclear co @-@ operation .
2026-05-09 11:02:43,691 - INFO - joeynmt.training - 	Hypothesis: Plane is a major technical cooperation on the agenda .
2026-05-09 11:02:43,691 - INFO - joeynmt.training - Example #4
2026-05-09 11:02:43,691 - DEBUG - joeynmt.training - 	Tokenized source:     ['Berich@@', 'ten', 'zu@@', 'fol@@', 'ge', 'ho@@', 'fft', 'Indi@@', 'en', 'darüber', 'hinaus', 'auf', 'einen', 'Ver@@', 'trag', 'zur', 'Ver@@', 'tei@@', 'dig@@', 'ungs@@', 'zusammen@@', 'arbeit', 'zwischen', 'den', 'beiden', 'N@@', 'ationen', '.']
2026-05-09 11:02:43,691 - DEBUG - joeynmt.training - 	Tokenized reference:  ['Indi@@', 'a', 'is', 'also', 're@@', 'porte@@', 'dly', 'hop@@', 'ing', 'for', 'a', 'de@@', 'al', 'on', 'def@@', 'ence', 'c@@', 'oll@@', 'ab@@', 'or@@', 'ation', 'between', 'the', 'two', 'n@@', 'ations', '.']
2026-05-09 11:02:43,691 - DEBUG - joeynmt.training - 	Tokenized hypothesis: ['the', 're@@', 'ports', 'are', 'also', 'very', 'much', 'more', ',', 'in', 'the', 'con@@', 'text', 'of', 'the', 'two', 'N@@', 'ations', 'on', 'the', 'Tre@@', 'aty', 'of', 'N@@', 'ations', '.', '</s>']
2026-05-09 11:02:43,691 - INFO - joeynmt.training - 	Source:     Berichten zufolge hofft Indien darüber hinaus auf einen Vertrag zur Verteidigungszusammenarbeit zwischen den beiden Nationen .
2026-05-09 11:02:43,691 - INFO - joeynmt.training - 	Reference:  India is also reportedly hoping for a deal on defence collaboration between the two nations .
2026-05-09 11:02:43,691 - INFO - joeynmt.training - 	Hypothesis: the reports are also very much more , in the context of the two Nations on the Treaty of Nations .
2026-05-09 11:02:58,668 - INFO - joeynmt.training - Epoch   4, Step:    15600, Batch Loss:     1.934208, Batch Acc: 0.460338, Tokens per Sec:     6061, Lr: 0.000300
2026-05-09 11:03:13,824 - INFO - joeynmt.training - Epoch   4, Step:    15700, Batch Loss:     1.936645, Batch Acc: 0.457399, Tokens per Sec:     6112, Lr: 0.000300
2026-05-09 11:03:28,958 - INFO - joeynmt.training - Epoch   4, Step:    15800, Batch Loss:     1.913352, Batch Acc: 0.462989, Tokens per Sec:     6066, Lr: 0.000300
2026-05-09 11:03:43,435 - INFO - joeynmt.training - Epoch   4, Step:    15900, Batch Loss:     2.023459, Batch Acc: 0.456490, Tokens per Sec:     6419, Lr: 0.000300
2026-05-09 11:03:57,999 - INFO - joeynmt.training - Epoch   4, Step:    16000, Batch Loss:     1.832464, Batch Acc: 0.457264, Tokens per Sec:     6339, Lr: 0.000300
2026-05-09 11:03:57,999 - INFO - joeynmt.prediction - Predicting 500 example(s)... (Greedy decoding with min_output_length=1, max_output_length=-1, return_prob='none', generate_unk=True, repetition_penalty=-1, no_repeat_ngram_size=-1)
2026-05-09 11:04:23,277 - INFO - joeynmt.prediction - Evaluation result (greedy) loss:   2.33, ppl:  10.26, acc:   0.40, generation: 25.2745[sec], evaluation: 0.0000[sec]
2026-05-09 11:04:23,279 - INFO - joeynmt.training - Hooray! New best validation result [ppl]!
2026-05-09 11:04:23,351 - INFO - joeynmt.helpers - delete models/deen_transformer_post/13500.ckpt
2026-05-09 11:04:23,353 - INFO - joeynmt.training - Example #0
2026-05-09 11:04:23,353 - DEBUG - joeynmt.training - 	Tokenized source:     ['die', 'Pre@@', 'mi@@', 'er@@', 'minist@@', 'er', 'Indi@@', 'ens', 'und', 'J@@', 'ap@@', 'ans', 'tra@@', 'fen', 'sich', 'in', 'T@@', 'ok@@', 'i@@', 'o', '.']
2026-05-09 11:04:23,353 - DEBUG - joeynmt.training - 	Tokenized reference:  ['Indi@@', 'a', 'and', 'J@@', 'ap@@', 'an', 'pri@@', 'me', 'minist@@', 'ers', 'me@@', 'et', 'in', 'T@@', 'ok@@', 'y@@', 'o']
2026-05-09 11:04:23,353 - DEBUG - joeynmt.training - 	Tokenized hypothesis: ['the', 'Pri@@', 'me', 'Minist@@', 'er', 'of', 'Indi@@', 'a', 'and', 'J@@', 'ap@@', 'ans', 'in', 'T@@', 'ok@@', 'i@@', 'o', '.', '</s>']
2026-05-09 11:04:23,353 - INFO - joeynmt.training - 	Source:     die Premierminister Indiens und Japans trafen sich in Tokio .
2026-05-09 11:04:23,353 - INFO - joeynmt.training - 	Reference:  India and Japan prime ministers meet in Tokyo
2026-05-09 11:04:23,353 - INFO - joeynmt.training - 	Hypothesis: the Prime Minister of India and Japans in Tokio .
2026-05-09 11:04:23,353 - INFO - joeynmt.training - Example #1
2026-05-09 11:04:23,353 - DEBUG - joeynmt.training - 	Tokenized source:     ['Indi@@', 'ens', 'neu@@', 'er', 'Pre@@', 'mi@@', 'er@@', 'minist@@', 'er', 'N@@', 'ar@@', 'end@@', 'ra', 'Mo@@', 'd@@', 'i', 'tri@@', 'fft', 'bei', 's@@', 'einem', 'ersten', 'wichti@@', 'gen', 'Aus@@', 'land@@', 's@@', 'bes@@', 'u@@', 'ch', 'seit', 's@@', 'einem', 'W@@', 'ah@@', 'l@@', 'si@@', 'e@@', 'g', 'im', 'Ma@@', 'i', 'seinen', 'j@@', 'ap@@', 'an@@', 'ischen', 'Am@@', 'ts@@', 'k@@', 'olle@@', 'gen', 'S@@', 'hin@@', 'z@@', 'o', 'A@@', 'be', 'in', 'T@@', 'ok@@', 'o', ',', 'um', 'wirtschaf@@', 'tliche', 'und', 'sicher@@', 'heits@@', 'politische', 'Be@@', 'zieh@@', 'ungen', 'zu', 'bes@@', 'pre@@', 'chen', '.']
2026-05-09 11:04:23,353 - DEBUG - joeynmt.training - 	Tokenized reference:  ['Indi@@', 'a', '&apos;s', 'new', 'pri@@', 'me', 'minist@@', 'er', ',', 'N@@', 'ar@@', 'end@@', 'ra', 'Mo@@', 'd@@', 'i', ',', 'is', 'me@@', 'eting', 'his', 'J@@', 'ap@@', 'an@@', 'ese', 'coun@@', 'ter@@', 'part', ',', 'S@@', 'hin@@', 'z@@', 'o', 'A@@', 'be', ',', 'in', 'T@@', 'ok@@', 'y@@', 'o', 'to', 'disc@@', 'uss', 'economic', 'and', 'security', 'ties', ',', 'on', 'his', 'first', 'major', 'fore@@', 'ign', 'visi@@', 't', 'since', 'w@@', 'inn@@', 'ing', 'Ma@@', 'y', '&apos;s', 'elec@@', 'tion', '.']
2026-05-09 11:04:23,353 - DEBUG - joeynmt.training - 	Tokenized hypothesis: ['Indi@@', 'a', '&apos;s', 'pri@@', 'orities', 'for', 'the', 'first', 'first', 'of', 'all', ',', 'the', 're@@', 'st', 'of', 'his', 'first', 'important', 'ex@@', 'hi@@', 'bi@@', 'tion', 'of', 'his', 'first', 'important', 'ex@@', 'hi@@', 'bi@@', 'tion', ',', 'in', 'his', 'first', 'place', 'in', 'the', 'Ma@@', 'y', 'of', 'his', 'year', ',', 'in', 'the', 'Ma@@', 'y', 'of', 'A@@', 'be', 'A@@', 'sia', 'in', 'T@@', 'ok@@', 'o', ',', 'to', 're@@', 'ad', 'economic', 'and', 'saf@@', 'ety', 'policy', 'rel@@', 'ations', '.', '</s>']
2026-05-09 11:04:23,353 - INFO - joeynmt.training - 	Source:     Indiens neuer Premierminister Narendra Modi trifft bei seinem ersten wichtigen Auslandsbesuch seit seinem Wahlsieg im Mai seinen japanischen Amtskollegen Shinzo Abe in Toko , um wirtschaftliche und sicherheitspolitische Beziehungen zu besprechen .
2026-05-09 11:04:23,353 - INFO - joeynmt.training - 	Reference:  India &apos;s new prime minister , Narendra Modi , is meeting his Japanese counterpart , Shinzo Abe , in Tokyo to discuss economic and security ties , on his first major foreign visit since winning May &apos;s election .
2026-05-09 11:04:23,353 - INFO - joeynmt.training - 	Hypothesis: India &apos;s priorities for the first first of all , the rest of his first important exhibition of his first important exhibition , in his first place in the May of his year , in the May of Abe Asia in Toko , to read economic and safety policy relations .
2026-05-09 11:04:23,353 - INFO - joeynmt.training - Example #2
2026-05-09 11:04:23,353 - DEBUG - joeynmt.training - 	Tokenized source:     ['Herr', 'Mo@@', 'd@@', 'i', 'befindet', 'sich', 'auf', 'einer', 'fü@@', 'n@@', 'f@@', 'tä@@', 'gi@@', 'gen', 'Rei@@', 'se', 'nach', 'J@@', 'ap@@', 'an', ',', 'um', 'die', 'wirtschaf@@', 'tlichen', 'Be@@', 'zieh@@', 'ungen', 'mit', 'der', 'd@@', 'rit@@', 't@@', 'größ@@', 'ten', 'Wirtschafts@@', 'n@@', 'ation', 'der', 'Welt', 'zu', 'fes@@', 'tigen', '.']
2026-05-09 11:04:23,353 - DEBUG - joeynmt.training - 	Tokenized reference:  ['Mr', 'Mo@@', 'd@@', 'i', 'is', 'on', 'a', 'fi@@', 've', '@@@', '-@@', '@', 'day', 'tri@@', 'p', 'to', 'J@@', 'ap@@', 'an', 'to', 'streng@@', 'then', 'economic', 'ties', 'with', 'the', 'third', 'lar@@', 'ges@@', 't', 'econom@@', 'y', 'in', 'the', 'world', '.']
2026-05-09 11:04:23,353 - DEBUG - joeynmt.training - 	Tokenized hypothesis: ['Mr', 'Mo@@', 'd@@', 'i', 'is', 'the', 'first', 'of', 'all', ',', 'to', 'be', 'the', 'economic', 'rel@@', 'ations', 'with', 'the', 'economic', 'rel@@', 'ation@@', 'ship', 'with', 'the', 'd@@', 'or@@', 'e', 'of', 'the', 'world', '&apos;s', 'economic', 'and', '.', '</s>']
2026-05-09 11:04:23,354 - INFO - joeynmt.training - 	Source:     Herr Modi befindet sich auf einer fünftägigen Reise nach Japan , um die wirtschaftlichen Beziehungen mit der drittgrößten Wirtschaftsnation der Welt zu festigen .
2026-05-09 11:04:23,354 - INFO - joeynmt.training - 	Reference:  Mr Modi is on a five @-@ day trip to Japan to strengthen economic ties with the third largest economy in the world .
2026-05-09 11:04:23,354 - INFO - joeynmt.training - 	Hypothesis: Mr Modi is the first of all , to be the economic relations with the economic relationship with the dore of the world &apos;s economic and .
2026-05-09 11:04:23,354 - INFO - joeynmt.training - Example #3
2026-05-09 11:04:23,354 - DEBUG - joeynmt.training - 	Tokenized source:     ['P@@', 'län@@', 'e', 'für', 'eine', 'stärk@@', 'ere', 'k@@', 'ern@@', 'techn@@', 'ische', 'Zusammenarbeit', 'stehen', 'ganz', 'ob@@', 'en', 'auf', 'der', 'Tag@@', 'es@@', 'ordnung', '.']
2026-05-09 11:04:23,354 - DEBUG - joeynmt.training - 	Tokenized reference:  ['high', 'on', 'the', 'agen@@', 'da', 'are', 'pl@@', 'ans', 'for', 'gre@@', 'ater', 'nu@@', 'clear', 'c@@', 'o', '@@@', '-@@', '@', 'operation', '.']
2026-05-09 11:04:23,354 - DEBUG - joeynmt.training - 	Tokenized hypothesis: ['P@@', 'ru@@', 's', 'for', 'more', 'seri@@', 'ous', 'techn@@', 'ical', 'cooperation', 'on', 'the', 'agen@@', 'da', '.', '</s>']
2026-05-09 11:04:23,354 - INFO - joeynmt.training - 	Source:     Pläne für eine stärkere kerntechnische Zusammenarbeit stehen ganz oben auf der Tagesordnung .
2026-05-09 11:04:23,354 - INFO - joeynmt.training - 	Reference:  high on the agenda are plans for greater nuclear co @-@ operation .
2026-05-09 11:04:23,354 - INFO - joeynmt.training - 	Hypothesis: Prus for more serious technical cooperation on the agenda .
2026-05-09 11:04:23,354 - INFO - joeynmt.training - Example #4
2026-05-09 11:04:23,354 - DEBUG - joeynmt.training - 	Tokenized source:     ['Berich@@', 'ten', 'zu@@', 'fol@@', 'ge', 'ho@@', 'fft', 'Indi@@', 'en', 'darüber', 'hinaus', 'auf', 'einen', 'Ver@@', 'trag', 'zur', 'Ver@@', 'tei@@', 'dig@@', 'ungs@@', 'zusammen@@', 'arbeit', 'zwischen', 'den', 'beiden', 'N@@', 'ationen', '.']
2026-05-09 11:04:23,354 - DEBUG - joeynmt.training - 	Tokenized reference:  ['Indi@@', 'a', 'is', 'also', 're@@', 'porte@@', 'dly', 'hop@@', 'ing', 'for', 'a', 'de@@', 'al', 'on', 'def@@', 'ence', 'c@@', 'oll@@', 'ab@@', 'or@@', 'ation', 'between', 'the', 'two', 'n@@', 'ations', '.']
2026-05-09 11:04:23,354 - DEBUG - joeynmt.training - 	Tokenized hypothesis: ['in', 'ad@@', 'dition', ',', 'Indi@@', 'a', ',', 'Indi@@', 'a', ',', 'the', 'con@@', 'stitu@@', 'tional', 'A@@', 'gre@@', 'ement', 'on', 'the', 'con@@', 'stitu@@', 'tional', 'cooperation', 'between', 'the', 'two', 'N@@', 'ations', '.', '</s>']
2026-05-09 11:04:23,354 - INFO - joeynmt.training - 	Source:     Berichten zufolge hofft Indien darüber hinaus auf einen Vertrag zur Verteidigungszusammenarbeit zwischen den beiden Nationen .
2026-05-09 11:04:23,354 - INFO - joeynmt.training - 	Reference:  India is also reportedly hoping for a deal on defence collaboration between the two nations .
2026-05-09 11:04:23,354 - INFO - joeynmt.training - 	Hypothesis: in addition , India , India , the constitutional Agreement on the constitutional cooperation between the two Nations .
2026-05-09 11:04:37,816 - INFO - joeynmt.training - Epoch   4, Step:    16100, Batch Loss:     2.071304, Batch Acc: 0.460402, Tokens per Sec:     6303, Lr: 0.000300
2026-05-09 11:04:52,337 - INFO - joeynmt.training - Epoch   4, Step:    16200, Batch Loss:     2.007329, Batch Acc: 0.462805, Tokens per Sec:     6418, Lr: 0.000300
2026-05-09 11:05:01,937 - INFO - joeynmt.training - Epoch   4: total training loss 8270.10
2026-05-09 11:05:01,938 - INFO - joeynmt.training - EPOCH 5
2026-05-09 11:05:07,334 - INFO - joeynmt.training - Epoch   5, Step:    16300, Batch Loss:     1.976716, Batch Acc: 0.474709, Tokens per Sec:     6090, Lr: 0.000300
2026-05-09 11:05:22,864 - INFO - joeynmt.training - Epoch   5, Step:    16400, Batch Loss:     1.917230, Batch Acc: 0.478679, Tokens per Sec:     5915, Lr: 0.000300
2026-05-09 11:05:37,449 - INFO - joeynmt.training - Epoch   5, Step:    16500, Batch Loss:     2.069748, Batch Acc: 0.476610, Tokens per Sec:     6388, Lr: 0.000300
2026-05-09 11:05:37,450 - INFO - joeynmt.prediction - Predicting 500 example(s)... (Greedy decoding with min_output_length=1, max_output_length=-1, return_prob='none', generate_unk=True, repetition_penalty=-1, no_repeat_ngram_size=-1)
2026-05-09 11:06:07,199 - INFO - joeynmt.prediction - Evaluation result (greedy) loss:   2.33, ppl:  10.33, acc:   0.40, generation: 29.7447[sec], evaluation: 0.0000[sec]
2026-05-09 11:06:07,274 - INFO - joeynmt.helpers - delete models/deen_transformer_post/14000.ckpt
2026-05-09 11:06:07,276 - INFO - joeynmt.training - Example #0
2026-05-09 11:06:07,276 - DEBUG - joeynmt.training - 	Tokenized source:     ['die', 'Pre@@', 'mi@@', 'er@@', 'minist@@', 'er', 'Indi@@', 'ens', 'und', 'J@@', 'ap@@', 'ans', 'tra@@', 'fen', 'sich', 'in', 'T@@', 'ok@@', 'i@@', 'o', '.']
2026-05-09 11:06:07,276 - DEBUG - joeynmt.training - 	Tokenized reference:  ['Indi@@', 'a', 'and', 'J@@', 'ap@@', 'an', 'pri@@', 'me', 'minist@@', 'ers', 'me@@', 'et', 'in', 'T@@', 'ok@@', 'y@@', 'o']
2026-05-09 11:06:07,276 - DEBUG - joeynmt.training - 	Tokenized hypothesis: ['the', 'Pri@@', 'me', 'Minist@@', 'er', 'Indi@@', 'a', 'and', 'J@@', 'ap@@', 'ans', 'in', 'T@@', 'ok@@', 'i@@', 'o', '.', '</s>']
2026-05-09 11:06:07,276 - INFO - joeynmt.training - 	Source:     die Premierminister Indiens und Japans trafen sich in Tokio .
2026-05-09 11:06:07,276 - INFO - joeynmt.training - 	Reference:  India and Japan prime ministers meet in Tokyo
2026-05-09 11:06:07,276 - INFO - joeynmt.training - 	Hypothesis: the Prime Minister India and Japans in Tokio .
2026-05-09 11:06:07,276 - INFO - joeynmt.training - Example #1
2026-05-09 11:06:07,277 - DEBUG - joeynmt.training - 	Tokenized source:     ['Indi@@', 'ens', 'neu@@', 'er', 'Pre@@', 'mi@@', 'er@@', 'minist@@', 'er', 'N@@', 'ar@@', 'end@@', 'ra', 'Mo@@', 'd@@', 'i', 'tri@@', 'fft', 'bei', 's@@', 'einem', 'ersten', 'wichti@@', 'gen', 'Aus@@', 'land@@', 's@@', 'bes@@', 'u@@', 'ch', 'seit', 's@@', 'einem', 'W@@', 'ah@@', 'l@@', 'si@@', 'e@@', 'g', 'im', 'Ma@@', 'i', 'seinen', 'j@@', 'ap@@', 'an@@', 'ischen', 'Am@@', 'ts@@', 'k@@', 'olle@@', 'gen', 'S@@', 'hin@@', 'z@@', 'o', 'A@@', 'be', 'in', 'T@@', 'ok@@', 'o', ',', 'um', 'wirtschaf@@', 'tliche', 'und', 'sicher@@', 'heits@@', 'politische', 'Be@@', 'zieh@@', 'ungen', 'zu', 'bes@@', 'pre@@', 'chen', '.']
2026-05-09 11:06:07,277 - DEBUG - joeynmt.training - 	Tokenized reference:  ['Indi@@', 'a', '&apos;s', 'new', 'pri@@', 'me', 'minist@@', 'er', ',', 'N@@', 'ar@@', 'end@@', 'ra', 'Mo@@', 'd@@', 'i', ',', 'is', 'me@@', 'eting', 'his', 'J@@', 'ap@@', 'an@@', 'ese', 'coun@@', 'ter@@', 'part', ',', 'S@@', 'hin@@', 'z@@', 'o', 'A@@', 'be', ',', 'in', 'T@@', 'ok@@', 'y@@', 'o', 'to', 'disc@@', 'uss', 'economic', 'and', 'security', 'ties', ',', 'on', 'his', 'first', 'major', 'fore@@', 'ign', 'visi@@', 't', 'since', 'w@@', 'inn@@', 'ing', 'Ma@@', 'y', '&apos;s', 'elec@@', 'tion', '.']
2026-05-09 11:06:07,277 - DEBUG - joeynmt.training - 	Tokenized hypothesis: ['Indi@@', 'a', ',', 'N@@', 'ar@@', 'o', 'Mo@@', 'd@@', 'i', ',', 'N@@', 'ar@@', 'd@@', 'i', ',', 'the', 'first', 'important', 'ex@@', 'clu@@', 'sive', 'A@@', 'be', 'in', 'the', 'Ma@@', 'y', 'of', 'his', 'first', 'important', 'ex@@', 'clu@@', 'sive', 'and', 'the', 'S@@', 'hin@@', 'z@@', 'e@@', 'ch', 'S@@', 'hin@@', 'z@@', 'e@@', 'ch', ',', 'the', 'S@@', 'hin@@', 'z@@', 'e@@', 'ch', 'of', 'S@@', 'hin@@', 'o', 'A@@', 'be', 'in', 'T@@', 'ok@@', 'o', ',', 'and', 'saf@@', 'ety', 'policy', 'rel@@', 'ations', '.', '</s>']
2026-05-09 11:06:07,277 - INFO - joeynmt.training - 	Source:     Indiens neuer Premierminister Narendra Modi trifft bei seinem ersten wichtigen Auslandsbesuch seit seinem Wahlsieg im Mai seinen japanischen Amtskollegen Shinzo Abe in Toko , um wirtschaftliche und sicherheitspolitische Beziehungen zu besprechen .
2026-05-09 11:06:07,277 - INFO - joeynmt.training - 	Reference:  India &apos;s new prime minister , Narendra Modi , is meeting his Japanese counterpart , Shinzo Abe , in Tokyo to discuss economic and security ties , on his first major foreign visit since winning May &apos;s election .
2026-05-09 11:06:07,277 - INFO - joeynmt.training - 	Hypothesis: India , Naro Modi , Nardi , the first important exclusive Abe in the May of his first important exclusive and the Shinzech Shinzech , the Shinzech of Shino Abe in Toko , and safety policy relations .
2026-05-09 11:06:07,277 - INFO - joeynmt.training - Example #2
2026-05-09 11:06:07,277 - DEBUG - joeynmt.training - 	Tokenized source:     ['Herr', 'Mo@@', 'd@@', 'i', 'befindet', 'sich', 'auf', 'einer', 'fü@@', 'n@@', 'f@@', 'tä@@', 'gi@@', 'gen', 'Rei@@', 'se', 'nach', 'J@@', 'ap@@', 'an', ',', 'um', 'die', 'wirtschaf@@', 'tlichen', 'Be@@', 'zieh@@', 'ungen', 'mit', 'der', 'd@@', 'rit@@', 't@@', 'größ@@', 'ten', 'Wirtschafts@@', 'n@@', 'ation', 'der', 'Welt', 'zu', 'fes@@', 'tigen', '.']
2026-05-09 11:06:07,277 - DEBUG - joeynmt.training - 	Tokenized reference:  ['Mr', 'Mo@@', 'd@@', 'i', 'is', 'on', 'a', 'fi@@', 've', '@@@', '-@@', '@', 'day', 'tri@@', 'p', 'to', 'J@@', 'ap@@', 'an', 'to', 'streng@@', 'then', 'economic', 'ties', 'with', 'the', 'third', 'lar@@', 'ges@@', 't', 'econom@@', 'y', 'in', 'the', 'world', '.']
2026-05-09 11:06:07,277 - DEBUG - joeynmt.training - 	Tokenized hypothesis: ['Mr', 'Mo@@', 'd@@', 'i', 'is', 'the', 'first', 'of', 'all', ',', 'on', 'the', 'j@@', 'ap@@', 'an', 'to', 'the', 'economic', 'rel@@', 'ations', 'with', 'the', 'economic', 'rel@@', 'ations', 'with', 'the', 'd@@', 'ut@@', 'y', 'of', 'the', 'world', '&apos;s', 'economic', 'n@@', 'ation', '.', '</s>']
2026-05-09 11:06:07,277 - INFO - joeynmt.training - 	Source:     Herr Modi befindet sich auf einer fünftägigen Reise nach Japan , um die wirtschaftlichen Beziehungen mit der drittgrößten Wirtschaftsnation der Welt zu festigen .
2026-05-09 11:06:07,277 - INFO - joeynmt.training - 	Reference:  Mr Modi is on a five @-@ day trip to Japan to strengthen economic ties with the third largest economy in the world .
2026-05-09 11:06:07,277 - INFO - joeynmt.training - 	Hypothesis: Mr Modi is the first of all , on the japan to the economic relations with the economic relations with the duty of the world &apos;s economic nation .
2026-05-09 11:06:07,277 - INFO - joeynmt.training - Example #3
2026-05-09 11:06:07,277 - DEBUG - joeynmt.training - 	Tokenized source:     ['P@@', 'län@@', 'e', 'für', 'eine', 'stärk@@', 'ere', 'k@@', 'ern@@', 'techn@@', 'ische', 'Zusammenarbeit', 'stehen', 'ganz', 'ob@@', 'en', 'auf', 'der', 'Tag@@', 'es@@', 'ordnung', '.']
2026-05-09 11:06:07,277 - DEBUG - joeynmt.training - 	Tokenized reference:  ['high', 'on', 'the', 'agen@@', 'da', 'are', 'pl@@', 'ans', 'for', 'gre@@', 'ater', 'nu@@', 'clear', 'c@@', 'o', '@@@', '-@@', '@', 'operation', '.']
2026-05-09 11:06:07,277 - DEBUG - joeynmt.training - 	Tokenized hypothesis: ['pl@@', 'ans', 'for', 'gre@@', 'ater', 'techn@@', 'ical', 'cooperation', ',', 'is', 'very', 'ob@@', 'tain@@', 'ed', 'on', 'the', 'agen@@', 'da', '.', '</s>']
2026-05-09 11:06:07,277 - INFO - joeynmt.training - 	Source:     Pläne für eine stärkere kerntechnische Zusammenarbeit stehen ganz oben auf der Tagesordnung .
2026-05-09 11:06:07,277 - INFO - joeynmt.training - 	Reference:  high on the agenda are plans for greater nuclear co @-@ operation .
2026-05-09 11:06:07,277 - INFO - joeynmt.training - 	Hypothesis: plans for greater technical cooperation , is very obtained on the agenda .
2026-05-09 11:06:07,277 - INFO - joeynmt.training - Example #4
2026-05-09 11:06:07,277 - DEBUG - joeynmt.training - 	Tokenized source:     ['Berich@@', 'ten', 'zu@@', 'fol@@', 'ge', 'ho@@', 'fft', 'Indi@@', 'en', 'darüber', 'hinaus', 'auf', 'einen', 'Ver@@', 'trag', 'zur', 'Ver@@', 'tei@@', 'dig@@', 'ungs@@', 'zusammen@@', 'arbeit', 'zwischen', 'den', 'beiden', 'N@@', 'ationen', '.']
2026-05-09 11:06:07,277 - DEBUG - joeynmt.training - 	Tokenized reference:  ['Indi@@', 'a', 'is', 'also', 're@@', 'porte@@', 'dly', 'hop@@', 'ing', 'for', 'a', 'de@@', 'al', 'on', 'def@@', 'ence', 'c@@', 'oll@@', 'ab@@', 'or@@', 'ation', 'between', 'the', 'two', 'n@@', 'ations', '.']
2026-05-09 11:06:07,277 - DEBUG - joeynmt.training - 	Tokenized hypothesis: ['the', 're@@', 'ports', 'of', 'the', 'two', 'N@@', 'ations', 'on', 'the', 'con@@', 'stitu@@', 'tion', 'on', 'the', 'con@@', 'stitu@@', 'tional', 'cooperation', 'between', 'the', 'two', 'N@@', 'ations', '.', '</s>']
2026-05-09 11:06:07,277 - INFO - joeynmt.training - 	Source:     Berichten zufolge hofft Indien darüber hinaus auf einen Vertrag zur Verteidigungszusammenarbeit zwischen den beiden Nationen .
2026-05-09 11:06:07,277 - INFO - joeynmt.training - 	Reference:  India is also reportedly hoping for a deal on defence collaboration between the two nations .
2026-05-09 11:06:07,277 - INFO - joeynmt.training - 	Hypothesis: the reports of the two Nations on the constitution on the constitutional cooperation between the two Nations .
2026-05-09 11:06:21,795 - INFO - joeynmt.training - Epoch   5, Step:    16600, Batch Loss:     1.986093, Batch Acc: 0.474758, Tokens per Sec:     6256, Lr: 0.000300
2026-05-09 11:06:37,599 - INFO - joeynmt.training - Epoch   5, Step:    16700, Batch Loss:     2.060009, Batch Acc: 0.475974, Tokens per Sec:     5789, Lr: 0.000300
2026-05-09 11:06:52,996 - INFO - joeynmt.training - Epoch   5, Step:    16800, Batch Loss:     1.876270, Batch Acc: 0.476767, Tokens per Sec:     6055, Lr: 0.000300
2026-05-09 11:07:08,307 - INFO - joeynmt.training - Epoch   5, Step:    16900, Batch Loss:     1.856103, Batch Acc: 0.479245, Tokens per Sec:     6014, Lr: 0.000300
2026-05-09 11:07:23,546 - INFO - joeynmt.training - Epoch   5, Step:    17000, Batch Loss:     1.923164, Batch Acc: 0.471326, Tokens per Sec:     6199, Lr: 0.000300
2026-05-09 11:07:23,546 - INFO - joeynmt.prediction - Predicting 500 example(s)... (Greedy decoding with min_output_length=1, max_output_length=-1, return_prob='none', generate_unk=True, repetition_penalty=-1, no_repeat_ngram_size=-1)
2026-05-09 11:07:50,648 - INFO - joeynmt.prediction - Evaluation result (greedy) loss:   2.32, ppl:  10.22, acc:   0.41, generation: 27.0981[sec], evaluation: 0.0000[sec]
2026-05-09 11:07:50,650 - INFO - joeynmt.training - Hooray! New best validation result [ppl]!
2026-05-09 11:07:50,727 - INFO - joeynmt.helpers - delete models/deen_transformer_post/14500.ckpt
2026-05-09 11:07:50,728 - INFO - joeynmt.training - Example #0
2026-05-09 11:07:50,729 - DEBUG - joeynmt.training - 	Tokenized source:     ['die', 'Pre@@', 'mi@@', 'er@@', 'minist@@', 'er', 'Indi@@', 'ens', 'und', 'J@@', 'ap@@', 'ans', 'tra@@', 'fen', 'sich', 'in', 'T@@', 'ok@@', 'i@@', 'o', '.']
2026-05-09 11:07:50,729 - DEBUG - joeynmt.training - 	Tokenized reference:  ['Indi@@', 'a', 'and', 'J@@', 'ap@@', 'an', 'pri@@', 'me', 'minist@@', 'ers', 'me@@', 'et', 'in', 'T@@', 'ok@@', 'y@@', 'o']
2026-05-09 11:07:50,729 - DEBUG - joeynmt.training - 	Tokenized hypothesis: ['the', 'Pri@@', 'me', 'Minist@@', 'er', 'of', 'Indi@@', 'a', 'and', 'J@@', 'ap@@', 'ans', 'in', 'T@@', 'ok@@', 'i', '.', '</s>']
2026-05-09 11:07:50,729 - INFO - joeynmt.training - 	Source:     die Premierminister Indiens und Japans trafen sich in Tokio .
2026-05-09 11:07:50,729 - INFO - joeynmt.training - 	Reference:  India and Japan prime ministers meet in Tokyo
2026-05-09 11:07:50,729 - INFO - joeynmt.training - 	Hypothesis: the Prime Minister of India and Japans in Toki .
2026-05-09 11:07:50,729 - INFO - joeynmt.training - Example #1
2026-05-09 11:07:50,729 - DEBUG - joeynmt.training - 	Tokenized source:     ['Indi@@', 'ens', 'neu@@', 'er', 'Pre@@', 'mi@@', 'er@@', 'minist@@', 'er', 'N@@', 'ar@@', 'end@@', 'ra', 'Mo@@', 'd@@', 'i', 'tri@@', 'fft', 'bei', 's@@', 'einem', 'ersten', 'wichti@@', 'gen', 'Aus@@', 'land@@', 's@@', 'bes@@', 'u@@', 'ch', 'seit', 's@@', 'einem', 'W@@', 'ah@@', 'l@@', 'si@@', 'e@@', 'g', 'im', 'Ma@@', 'i', 'seinen', 'j@@', 'ap@@', 'an@@', 'ischen', 'Am@@', 'ts@@', 'k@@', 'olle@@', 'gen', 'S@@', 'hin@@', 'z@@', 'o', 'A@@', 'be', 'in', 'T@@', 'ok@@', 'o', ',', 'um', 'wirtschaf@@', 'tliche', 'und', 'sicher@@', 'heits@@', 'politische', 'Be@@', 'zieh@@', 'ungen', 'zu', 'bes@@', 'pre@@', 'chen', '.']
2026-05-09 11:07:50,729 - DEBUG - joeynmt.training - 	Tokenized reference:  ['Indi@@', 'a', '&apos;s', 'new', 'pri@@', 'me', 'minist@@', 'er', ',', 'N@@', 'ar@@', 'end@@', 'ra', 'Mo@@', 'd@@', 'i', ',', 'is', 'me@@', 'eting', 'his', 'J@@', 'ap@@', 'an@@', 'ese', 'coun@@', 'ter@@', 'part', ',', 'S@@', 'hin@@', 'z@@', 'o', 'A@@', 'be', ',', 'in', 'T@@', 'ok@@', 'y@@', 'o', 'to', 'disc@@', 'uss', 'economic', 'and', 'security', 'ties', ',', 'on', 'his', 'first', 'major', 'fore@@', 'ign', 'visi@@', 't', 'since', 'w@@', 'inn@@', 'ing', 'Ma@@', 'y', '&apos;s', 'elec@@', 'tion', '.']
2026-05-09 11:07:50,729 - DEBUG - joeynmt.training - 	Tokenized hypothesis: ['Indi@@', 'a', '&apos;s', 'new', 'Pri@@', 'me', 'Minist@@', 'er', 'N@@', 'ar@@', 'end@@', 'ra', 'Mo@@', 'd@@', 'i', ',', 'in', 'his', 'first', 'important', 'ex@@', 'hi@@', 'bi@@', 'tion', 'to', 'his', 'first', 'me@@', 'eting', ',', 'the', 'S@@', 'hin@@', 'z@@', 'z@@', 'a@@', 'in', 'T@@', 'ok@@', 'y@@', 'o', ',', 'the', 'S@@', 'hin@@', 'z@@', 'o', 'A@@', 'be', 'in', 'T@@', 'ok@@', 'o', ',', 'to', 'the', 'C@@', 'z@@', 'o', 'A@@', 'be', 'in', 'T@@', 'ok@@', 'o', ',', 'to', 'the', 'economic', 'and', 'security', 'political', 'rel@@', 'ations', '.', '</s>']
2026-05-09 11:07:50,729 - INFO - joeynmt.training - 	Source:     Indiens neuer Premierminister Narendra Modi trifft bei seinem ersten wichtigen Auslandsbesuch seit seinem Wahlsieg im Mai seinen japanischen Amtskollegen Shinzo Abe in Toko , um wirtschaftliche und sicherheitspolitische Beziehungen zu besprechen .
2026-05-09 11:07:50,729 - INFO - joeynmt.training - 	Reference:  India &apos;s new prime minister , Narendra Modi , is meeting his Japanese counterpart , Shinzo Abe , in Tokyo to discuss economic and security ties , on his first major foreign visit since winning May &apos;s election .
2026-05-09 11:07:50,729 - INFO - joeynmt.training - 	Hypothesis: India &apos;s new Prime Minister Narendra Modi , in his first important exhibition to his first meeting , the Shinzzain Tokyo , the Shinzo Abe in Toko , to the Czo Abe in Toko , to the economic and security political relations .
2026-05-09 11:07:50,729 - INFO - joeynmt.training - Example #2
2026-05-09 11:07:50,729 - DEBUG - joeynmt.training - 	Tokenized source:     ['Herr', 'Mo@@', 'd@@', 'i', 'befindet', 'sich', 'auf', 'einer', 'fü@@', 'n@@', 'f@@', 'tä@@', 'gi@@', 'gen', 'Rei@@', 'se', 'nach', 'J@@', 'ap@@', 'an', ',', 'um', 'die', 'wirtschaf@@', 'tlichen', 'Be@@', 'zieh@@', 'ungen', 'mit', 'der', 'd@@', 'rit@@', 't@@', 'größ@@', 'ten', 'Wirtschafts@@', 'n@@', 'ation', 'der', 'Welt', 'zu', 'fes@@', 'tigen', '.']
2026-05-09 11:07:50,729 - DEBUG - joeynmt.training - 	Tokenized reference:  ['Mr', 'Mo@@', 'd@@', 'i', 'is', 'on', 'a', 'fi@@', 've', '@@@', '-@@', '@', 'day', 'tri@@', 'p', 'to', 'J@@', 'ap@@', 'an', 'to', 'streng@@', 'then', 'economic', 'ties', 'with', 'the', 'third', 'lar@@', 'ges@@', 't', 'econom@@', 'y', 'in', 'the', 'world', '.']
2026-05-09 11:07:50,729 - DEBUG - joeynmt.training - 	Tokenized hypothesis: ['Mr', 'Mo@@', 'd@@', 'i', 'is', 'a', 'fi@@', 'f@@', 'th', 't@@', 'ou@@', 'ri@@', 'sts', ',', 'to', 'j@@', 'ap@@', 'an', 'to', 'the', 'economic', 'rel@@', 'ations', 'with', 'the', 'third', 'lar@@', 'ges@@', 't', 'economic', 'n@@', 'ation', 'of', 'the', 'world', '.', '</s>']
2026-05-09 11:07:50,729 - INFO - joeynmt.training - 	Source:     Herr Modi befindet sich auf einer fünftägigen Reise nach Japan , um die wirtschaftlichen Beziehungen mit der drittgrößten Wirtschaftsnation der Welt zu festigen .
2026-05-09 11:07:50,729 - INFO - joeynmt.training - 	Reference:  Mr Modi is on a five @-@ day trip to Japan to strengthen economic ties with the third largest economy in the world .
2026-05-09 11:07:50,729 - INFO - joeynmt.training - 	Hypothesis: Mr Modi is a fifth tourists , to japan to the economic relations with the third largest economic nation of the world .
2026-05-09 11:07:50,729 - INFO - joeynmt.training - Example #3
2026-05-09 11:07:50,729 - DEBUG - joeynmt.training - 	Tokenized source:     ['P@@', 'län@@', 'e', 'für', 'eine', 'stärk@@', 'ere', 'k@@', 'ern@@', 'techn@@', 'ische', 'Zusammenarbeit', 'stehen', 'ganz', 'ob@@', 'en', 'auf', 'der', 'Tag@@', 'es@@', 'ordnung', '.']
2026-05-09 11:07:50,729 - DEBUG - joeynmt.training - 	Tokenized reference:  ['high', 'on', 'the', 'agen@@', 'da', 'are', 'pl@@', 'ans', 'for', 'gre@@', 'ater', 'nu@@', 'clear', 'c@@', 'o', '@@@', '-@@', '@', 'operation', '.']
2026-05-09 11:07:50,729 - DEBUG - joeynmt.training - 	Tokenized hypothesis: ['pl@@', 'ans', 'for', 'more', 'seri@@', 'ous', 'techn@@', 'ical', 'cooperation', ',', 'on', 'the', 'agen@@', 'da', '.', '</s>']
2026-05-09 11:07:50,729 - INFO - joeynmt.training - 	Source:     Pläne für eine stärkere kerntechnische Zusammenarbeit stehen ganz oben auf der Tagesordnung .
2026-05-09 11:07:50,729 - INFO - joeynmt.training - 	Reference:  high on the agenda are plans for greater nuclear co @-@ operation .
2026-05-09 11:07:50,729 - INFO - joeynmt.training - 	Hypothesis: plans for more serious technical cooperation , on the agenda .
2026-05-09 11:07:50,729 - INFO - joeynmt.training - Example #4
2026-05-09 11:07:50,730 - DEBUG - joeynmt.training - 	Tokenized source:     ['Berich@@', 'ten', 'zu@@', 'fol@@', 'ge', 'ho@@', 'fft', 'Indi@@', 'en', 'darüber', 'hinaus', 'auf', 'einen', 'Ver@@', 'trag', 'zur', 'Ver@@', 'tei@@', 'dig@@', 'ungs@@', 'zusammen@@', 'arbeit', 'zwischen', 'den', 'beiden', 'N@@', 'ationen', '.']
2026-05-09 11:07:50,730 - DEBUG - joeynmt.training - 	Tokenized reference:  ['Indi@@', 'a', 'is', 'also', 're@@', 'porte@@', 'dly', 'hop@@', 'ing', 'for', 'a', 'de@@', 'al', 'on', 'def@@', 'ence', 'c@@', 'oll@@', 'ab@@', 'or@@', 'ation', 'between', 'the', 'two', 'n@@', 'ations', '.']
2026-05-09 11:07:50,730 - DEBUG - joeynmt.training - 	Tokenized hypothesis: ['mo@@', 're@@', 'over', ',', 'Indi@@', 'a', ',', 'the', 'con@@', 'text', 'of', 'the', 'two', 'N@@', 'ations', 'on', 'the', 'con@@', 'text', 'of', 'the', 'two', 'N@@', 'ations', '.', '</s>']
2026-05-09 11:07:50,730 - INFO - joeynmt.training - 	Source:     Berichten zufolge hofft Indien darüber hinaus auf einen Vertrag zur Verteidigungszusammenarbeit zwischen den beiden Nationen .
2026-05-09 11:07:50,730 - INFO - joeynmt.training - 	Reference:  India is also reportedly hoping for a deal on defence collaboration between the two nations .
2026-05-09 11:07:50,730 - INFO - joeynmt.training - 	Hypothesis: moreover , India , the context of the two Nations on the context of the two Nations .
2026-05-09 11:08:05,949 - INFO - joeynmt.training - Epoch   5, Step:    17100, Batch Loss:     1.821108, Batch Acc: 0.473751, Tokens per Sec:     5946, Lr: 0.000300
2026-05-09 11:08:21,114 - INFO - joeynmt.training - Epoch   5, Step:    17200, Batch Loss:     2.004738, Batch Acc: 0.478810, Tokens per Sec:     5985, Lr: 0.000300
2026-05-09 11:08:36,400 - INFO - joeynmt.training - Epoch   5, Step:    17300, Batch Loss:     2.092709, Batch Acc: 0.474564, Tokens per Sec:     6040, Lr: 0.000300
2026-05-09 11:08:51,653 - INFO - joeynmt.training - Epoch   5, Step:    17400, Batch Loss:     2.333991, Batch Acc: 0.479862, Tokens per Sec:     5995, Lr: 0.000300
2026-05-09 11:09:06,481 - INFO - joeynmt.training - Epoch   5, Step:    17500, Batch Loss:     1.965793, Batch Acc: 0.474475, Tokens per Sec:     6292, Lr: 0.000300
2026-05-09 11:09:06,482 - INFO - joeynmt.prediction - Predicting 500 example(s)... (Greedy decoding with min_output_length=1, max_output_length=-1, return_prob='none', generate_unk=True, repetition_penalty=-1, no_repeat_ngram_size=-1)
2026-05-09 11:09:31,088 - INFO - joeynmt.prediction - Evaluation result (greedy) loss:   2.31, ppl:  10.09, acc:   0.41, generation: 24.6023[sec], evaluation: 0.0000[sec]
2026-05-09 11:09:31,090 - INFO - joeynmt.training - Hooray! New best validation result [ppl]!
2026-05-09 11:09:31,157 - INFO - joeynmt.helpers - delete models/deen_transformer_post/15000.ckpt
2026-05-09 11:09:31,158 - INFO - joeynmt.training - Example #0
2026-05-09 11:09:31,158 - DEBUG - joeynmt.training - 	Tokenized source:     ['die', 'Pre@@', 'mi@@', 'er@@', 'minist@@', 'er', 'Indi@@', 'ens', 'und', 'J@@', 'ap@@', 'ans', 'tra@@', 'fen', 'sich', 'in', 'T@@', 'ok@@', 'i@@', 'o', '.']
2026-05-09 11:09:31,158 - DEBUG - joeynmt.training - 	Tokenized reference:  ['Indi@@', 'a', 'and', 'J@@', 'ap@@', 'an', 'pri@@', 'me', 'minist@@', 'ers', 'me@@', 'et', 'in', 'T@@', 'ok@@', 'y@@', 'o']
2026-05-09 11:09:31,158 - DEBUG - joeynmt.training - 	Tokenized hypothesis: ['the', 'Pri@@', 'me', 'Minist@@', 'er', 'Indi@@', 'a', 'and', 'J@@', 'ap@@', 'ans', 'in', 'T@@', 'ok@@', 'i', '.', '</s>']
2026-05-09 11:09:31,158 - INFO - joeynmt.training - 	Source:     die Premierminister Indiens und Japans trafen sich in Tokio .
2026-05-09 11:09:31,159 - INFO - joeynmt.training - 	Reference:  India and Japan prime ministers meet in Tokyo
2026-05-09 11:09:31,159 - INFO - joeynmt.training - 	Hypothesis: the Prime Minister India and Japans in Toki .
2026-05-09 11:09:31,159 - INFO - joeynmt.training - Example #1
2026-05-09 11:09:31,159 - DEBUG - joeynmt.training - 	Tokenized source:     ['Indi@@', 'ens', 'neu@@', 'er', 'Pre@@', 'mi@@', 'er@@', 'minist@@', 'er', 'N@@', 'ar@@', 'end@@', 'ra', 'Mo@@', 'd@@', 'i', 'tri@@', 'fft', 'bei', 's@@', 'einem', 'ersten', 'wichti@@', 'gen', 'Aus@@', 'land@@', 's@@', 'bes@@', 'u@@', 'ch', 'seit', 's@@', 'einem', 'W@@', 'ah@@', 'l@@', 'si@@', 'e@@', 'g', 'im', 'Ma@@', 'i', 'seinen', 'j@@', 'ap@@', 'an@@', 'ischen', 'Am@@', 'ts@@', 'k@@', 'olle@@', 'gen', 'S@@', 'hin@@', 'z@@', 'o', 'A@@', 'be', 'in', 'T@@', 'ok@@', 'o', ',', 'um', 'wirtschaf@@', 'tliche', 'und', 'sicher@@', 'heits@@', 'politische', 'Be@@', 'zieh@@', 'ungen', 'zu', 'bes@@', 'pre@@', 'chen', '.']
2026-05-09 11:09:31,159 - DEBUG - joeynmt.training - 	Tokenized reference:  ['Indi@@', 'a', '&apos;s', 'new', 'pri@@', 'me', 'minist@@', 'er', ',', 'N@@', 'ar@@', 'end@@', 'ra', 'Mo@@', 'd@@', 'i', ',', 'is', 'me@@', 'eting', 'his', 'J@@', 'ap@@', 'an@@', 'ese', 'coun@@', 'ter@@', 'part', ',', 'S@@', 'hin@@', 'z@@', 'o', 'A@@', 'be', ',', 'in', 'T@@', 'ok@@', 'y@@', 'o', 'to', 'disc@@', 'uss', 'economic', 'and', 'security', 'ties', ',', 'on', 'his', 'first', 'major', 'fore@@', 'ign', 'visi@@', 't', 'since', 'w@@', 'inn@@', 'ing', 'Ma@@', 'y', '&apos;s', 'elec@@', 'tion', '.']
2026-05-09 11:09:31,159 - DEBUG - joeynmt.training - 	Tokenized hypothesis: ['Indi@@', 'a', '&apos;s', 'new', 'Pri@@', 'me', 'Minist@@', 'er', 'N@@', 'ar@@', 'end@@', 'ra', 'Mo@@', 'd@@', 'i', '&apos;s', 'first', 'important', 'ex@@', 'clu@@', 'sive', 'de@@', 'ath', 'for', 'his', 'first', 'important', 'ex@@', 'clu@@', 'sive', 'ex@@', 'clu@@', 'sive', 'colle@@', 'c@@', 'tions', 'in', 'the', 'Mi@@', 'd@@', 'i', 'A@@', 'be', 'in', 'the', 'Ma@@', 'y', 'of', 'A@@', 'be', 'in', 'T@@', 'ok@@', 'a@@', 'y', 'in', 'T@@', 'ok@@', 'o', ',', 'in', 'T@@', 'ok@@', 'o', ',', 'and', 'security', 'policy', 'rel@@', 'ations', '.', '</s>']
2026-05-09 11:09:31,159 - INFO - joeynmt.training - 	Source:     Indiens neuer Premierminister Narendra Modi trifft bei seinem ersten wichtigen Auslandsbesuch seit seinem Wahlsieg im Mai seinen japanischen Amtskollegen Shinzo Abe in Toko , um wirtschaftliche und sicherheitspolitische Beziehungen zu besprechen .
2026-05-09 11:09:31,159 - INFO - joeynmt.training - 	Reference:  India &apos;s new prime minister , Narendra Modi , is meeting his Japanese counterpart , Shinzo Abe , in Tokyo to discuss economic and security ties , on his first major foreign visit since winning May &apos;s election .
2026-05-09 11:09:31,159 - INFO - joeynmt.training - 	Hypothesis: India &apos;s new Prime Minister Narendra Modi &apos;s first important exclusive death for his first important exclusive exclusive collections in the Midi Abe in the May of Abe in Tokay in Toko , in Toko , and security policy relations .
2026-05-09 11:09:31,159 - INFO - joeynmt.training - Example #2
2026-05-09 11:09:31,159 - DEBUG - joeynmt.training - 	Tokenized source:     ['Herr', 'Mo@@', 'd@@', 'i', 'befindet', 'sich', 'auf', 'einer', 'fü@@', 'n@@', 'f@@', 'tä@@', 'gi@@', 'gen', 'Rei@@', 'se', 'nach', 'J@@', 'ap@@', 'an', ',', 'um', 'die', 'wirtschaf@@', 'tlichen', 'Be@@', 'zieh@@', 'ungen', 'mit', 'der', 'd@@', 'rit@@', 't@@', 'größ@@', 'ten', 'Wirtschafts@@', 'n@@', 'ation', 'der', 'Welt', 'zu', 'fes@@', 'tigen', '.']
2026-05-09 11:09:31,159 - DEBUG - joeynmt.training - 	Tokenized reference:  ['Mr', 'Mo@@', 'd@@', 'i', 'is', 'on', 'a', 'fi@@', 've', '@@@', '-@@', '@', 'day', 'tri@@', 'p', 'to', 'J@@', 'ap@@', 'an', 'to', 'streng@@', 'then', 'economic', 'ties', 'with', 'the', 'third', 'lar@@', 'ges@@', 't', 'econom@@', 'y', 'in', 'the', 'world', '.']
2026-05-09 11:09:31,159 - DEBUG - joeynmt.training - 	Tokenized hypothesis: ['Mr', 'Mo@@', 'd@@', 'i', 'is', 'located', 'on', 'a', 'fi@@', 'f@@', 'th', 'from', 'a', 'fi@@', 'f@@', 'th', 'to', 'the', 'economic', 'rel@@', 'ation@@', 'ship', 'with', 'the', 'third', 'world', '&apos;s', 'economic', 'and', 'economic', 'rel@@', 'ation@@', 'ship', 'with', 'the', 'third', 'world', '.', '</s>']
2026-05-09 11:09:31,159 - INFO - joeynmt.training - 	Source:     Herr Modi befindet sich auf einer fünftägigen Reise nach Japan , um die wirtschaftlichen Beziehungen mit der drittgrößten Wirtschaftsnation der Welt zu festigen .
2026-05-09 11:09:31,159 - INFO - joeynmt.training - 	Reference:  Mr Modi is on a five @-@ day trip to Japan to strengthen economic ties with the third largest economy in the world .
2026-05-09 11:09:31,159 - INFO - joeynmt.training - 	Hypothesis: Mr Modi is located on a fifth from a fifth to the economic relationship with the third world &apos;s economic and economic relationship with the third world .
2026-05-09 11:09:31,159 - INFO - joeynmt.training - Example #3
2026-05-09 11:09:31,159 - DEBUG - joeynmt.training - 	Tokenized source:     ['P@@', 'län@@', 'e', 'für', 'eine', 'stärk@@', 'ere', 'k@@', 'ern@@', 'techn@@', 'ische', 'Zusammenarbeit', 'stehen', 'ganz', 'ob@@', 'en', 'auf', 'der', 'Tag@@', 'es@@', 'ordnung', '.']
2026-05-09 11:09:31,159 - DEBUG - joeynmt.training - 	Tokenized reference:  ['high', 'on', 'the', 'agen@@', 'da', 'are', 'pl@@', 'ans', 'for', 'gre@@', 'ater', 'nu@@', 'clear', 'c@@', 'o', '@@@', '-@@', '@', 'operation', '.']
2026-05-09 11:09:31,159 - DEBUG - joeynmt.training - 	Tokenized hypothesis: ['pl@@', 'ans', 'for', 'gre@@', 'ater', 'nu@@', 'clear', 'techn@@', 'ical', 'cooperation', 'on', 'the', 'agen@@', 'da', '.', '</s>']
2026-05-09 11:09:31,159 - INFO - joeynmt.training - 	Source:     Pläne für eine stärkere kerntechnische Zusammenarbeit stehen ganz oben auf der Tagesordnung .
2026-05-09 11:09:31,159 - INFO - joeynmt.training - 	Reference:  high on the agenda are plans for greater nuclear co @-@ operation .
2026-05-09 11:09:31,159 - INFO - joeynmt.training - 	Hypothesis: plans for greater nuclear technical cooperation on the agenda .
2026-05-09 11:09:31,159 - INFO - joeynmt.training - Example #4
2026-05-09 11:09:31,159 - DEBUG - joeynmt.training - 	Tokenized source:     ['Berich@@', 'ten', 'zu@@', 'fol@@', 'ge', 'ho@@', 'fft', 'Indi@@', 'en', 'darüber', 'hinaus', 'auf', 'einen', 'Ver@@', 'trag', 'zur', 'Ver@@', 'tei@@', 'dig@@', 'ungs@@', 'zusammen@@', 'arbeit', 'zwischen', 'den', 'beiden', 'N@@', 'ationen', '.']
2026-05-09 11:09:31,159 - DEBUG - joeynmt.training - 	Tokenized reference:  ['Indi@@', 'a', 'is', 'also', 're@@', 'porte@@', 'dly', 'hop@@', 'ing', 'for', 'a', 'de@@', 'al', 'on', 'def@@', 'ence', 'c@@', 'oll@@', 'ab@@', 'or@@', 'ation', 'between', 'the', 'two', 'n@@', 'ations', '.']
2026-05-09 11:09:31,159 - DEBUG - joeynmt.training - 	Tokenized hypothesis: ['the', 'report', 'also', 'de@@', 'als', 'with', 'regard', 'to', 'the', 'con@@', 'stitu@@', 'tion', 'on', 'the', 'con@@', 'stitu@@', 'tion', 'between', 'the', 'two', 'N@@', 'ations', '.', '</s>']
2026-05-09 11:09:31,159 - INFO - joeynmt.training - 	Source:     Berichten zufolge hofft Indien darüber hinaus auf einen Vertrag zur Verteidigungszusammenarbeit zwischen den beiden Nationen .
2026-05-09 11:09:31,159 - INFO - joeynmt.training - 	Reference:  India is also reportedly hoping for a deal on defence collaboration between the two nations .
2026-05-09 11:09:31,159 - INFO - joeynmt.training - 	Hypothesis: the report also deals with regard to the constitution on the constitution between the two Nations .
2026-05-09 11:09:46,736 - INFO - joeynmt.training - Epoch   5, Step:    17600, Batch Loss:     1.895012, Batch Acc: 0.477512, Tokens per Sec:     5784, Lr: 0.000300
2026-05-09 11:10:01,533 - INFO - joeynmt.training - Epoch   5, Step:    17700, Batch Loss:     2.035908, Batch Acc: 0.476674, Tokens per Sec:     6154, Lr: 0.000300
2026-05-09 11:10:17,038 - INFO - joeynmt.training - Epoch   5, Step:    17800, Batch Loss:     1.853244, Batch Acc: 0.475967, Tokens per Sec:     5979, Lr: 0.000300
2026-05-09 11:10:31,792 - INFO - joeynmt.training - Epoch   5, Step:    17900, Batch Loss:     1.830861, Batch Acc: 0.478888, Tokens per Sec:     6246, Lr: 0.000300
2026-05-09 11:10:46,401 - INFO - joeynmt.training - Epoch   5, Step:    18000, Batch Loss:     2.029900, Batch Acc: 0.479271, Tokens per Sec:     6278, Lr: 0.000300
2026-05-09 11:10:46,401 - INFO - joeynmt.prediction - Predicting 500 example(s)... (Greedy decoding with min_output_length=1, max_output_length=-1, return_prob='none', generate_unk=True, repetition_penalty=-1, no_repeat_ngram_size=-1)
2026-05-09 11:11:14,527 - INFO - joeynmt.prediction - Evaluation result (greedy) loss:   2.29, ppl:   9.92, acc:   0.41, generation: 28.1225[sec], evaluation: 0.0000[sec]
2026-05-09 11:11:14,528 - INFO - joeynmt.training - Hooray! New best validation result [ppl]!
2026-05-09 11:11:14,599 - INFO - joeynmt.helpers - delete models/deen_transformer_post/15500.ckpt
2026-05-09 11:11:14,601 - INFO - joeynmt.training - Example #0
2026-05-09 11:11:14,601 - DEBUG - joeynmt.training - 	Tokenized source:     ['die', 'Pre@@', 'mi@@', 'er@@', 'minist@@', 'er', 'Indi@@', 'ens', 'und', 'J@@', 'ap@@', 'ans', 'tra@@', 'fen', 'sich', 'in', 'T@@', 'ok@@', 'i@@', 'o', '.']
2026-05-09 11:11:14,601 - DEBUG - joeynmt.training - 	Tokenized reference:  ['Indi@@', 'a', 'and', 'J@@', 'ap@@', 'an', 'pri@@', 'me', 'minist@@', 'ers', 'me@@', 'et', 'in', 'T@@', 'ok@@', 'y@@', 'o']
2026-05-09 11:11:14,601 - DEBUG - joeynmt.training - 	Tokenized hypothesis: ['the', 'Pri@@', 'me', 'Minist@@', 'er', 'Indi@@', 'a', 'and', 'J@@', 'ap@@', 'ans', 'are', 'in', 'T@@', 'ok@@', 'i@@', 'o', '.', '</s>']
2026-05-09 11:11:14,601 - INFO - joeynmt.training - 	Source:     die Premierminister Indiens und Japans trafen sich in Tokio .
2026-05-09 11:11:14,601 - INFO - joeynmt.training - 	Reference:  India and Japan prime ministers meet in Tokyo
2026-05-09 11:11:14,602 - INFO - joeynmt.training - 	Hypothesis: the Prime Minister India and Japans are in Tokio .
2026-05-09 11:11:14,602 - INFO - joeynmt.training - Example #1
2026-05-09 11:11:14,602 - DEBUG - joeynmt.training - 	Tokenized source:     ['Indi@@', 'ens', 'neu@@', 'er', 'Pre@@', 'mi@@', 'er@@', 'minist@@', 'er', 'N@@', 'ar@@', 'end@@', 'ra', 'Mo@@', 'd@@', 'i', 'tri@@', 'fft', 'bei', 's@@', 'einem', 'ersten', 'wichti@@', 'gen', 'Aus@@', 'land@@', 's@@', 'bes@@', 'u@@', 'ch', 'seit', 's@@', 'einem', 'W@@', 'ah@@', 'l@@', 'si@@', 'e@@', 'g', 'im', 'Ma@@', 'i', 'seinen', 'j@@', 'ap@@', 'an@@', 'ischen', 'Am@@', 'ts@@', 'k@@', 'olle@@', 'gen', 'S@@', 'hin@@', 'z@@', 'o', 'A@@', 'be', 'in', 'T@@', 'ok@@', 'o', ',', 'um', 'wirtschaf@@', 'tliche', 'und', 'sicher@@', 'heits@@', 'politische', 'Be@@', 'zieh@@', 'ungen', 'zu', 'bes@@', 'pre@@', 'chen', '.']
2026-05-09 11:11:14,602 - DEBUG - joeynmt.training - 	Tokenized reference:  ['Indi@@', 'a', '&apos;s', 'new', 'pri@@', 'me', 'minist@@', 'er', ',', 'N@@', 'ar@@', 'end@@', 'ra', 'Mo@@', 'd@@', 'i', ',', 'is', 'me@@', 'eting', 'his', 'J@@', 'ap@@', 'an@@', 'ese', 'coun@@', 'ter@@', 'part', ',', 'S@@', 'hin@@', 'z@@', 'o', 'A@@', 'be', ',', 'in', 'T@@', 'ok@@', 'y@@', 'o', 'to', 'disc@@', 'uss', 'economic', 'and', 'security', 'ties', ',', 'on', 'his', 'first', 'major', 'fore@@', 'ign', 'visi@@', 't', 'since', 'w@@', 'inn@@', 'ing', 'Ma@@', 'y', '&apos;s', 'elec@@', 'tion', '.']
2026-05-09 11:11:14,602 - DEBUG - joeynmt.training - 	Tokenized hypothesis: ['Indi@@', 'a', '&apos;s', 'Pri@@', 'me', 'Minist@@', 'er', 'N@@', 'ar@@', 'end@@', 'ra', 'Mo@@', 'd@@', 'i', ',', 'the', 'first', 'important', 'ex@@', 'clu@@', 'si@@', 'vely', 'in', 'the', 'Ma@@', 'y', 'of', 'his', 'first', 'important', 'ex@@', 'clu@@', 'sive', 'A@@', 'sia', 'in', 'Ma@@', 'y', ',', 'in', 'the', 'Ma@@', 'y', 'of', 'S@@', 'hin@@', 'z@@', 'e@@', 'ch', ',', 'in', 'the', 'Ma@@', 'y', 'of', 'A@@', 'be', 'in', 'T@@', 'ok@@', 'y@@', 'o', ',', 'to', 'be', 'able', 'to', 'visi@@', 't', 'economic', 'and', 'security', 'policy', 'rel@@', 'ations', '.', '</s>']
2026-05-09 11:11:14,602 - INFO - joeynmt.training - 	Source:     Indiens neuer Premierminister Narendra Modi trifft bei seinem ersten wichtigen Auslandsbesuch seit seinem Wahlsieg im Mai seinen japanischen Amtskollegen Shinzo Abe in Toko , um wirtschaftliche und sicherheitspolitische Beziehungen zu besprechen .
2026-05-09 11:11:14,602 - INFO - joeynmt.training - 	Reference:  India &apos;s new prime minister , Narendra Modi , is meeting his Japanese counterpart , Shinzo Abe , in Tokyo to discuss economic and security ties , on his first major foreign visit since winning May &apos;s election .
2026-05-09 11:11:14,602 - INFO - joeynmt.training - 	Hypothesis: India &apos;s Prime Minister Narendra Modi , the first important exclusively in the May of his first important exclusive Asia in May , in the May of Shinzech , in the May of Abe in Tokyo , to be able to visit economic and security policy relations .
2026-05-09 11:11:14,602 - INFO - joeynmt.training - Example #2
2026-05-09 11:11:14,602 - DEBUG - joeynmt.training - 	Tokenized source:     ['Herr', 'Mo@@', 'd@@', 'i', 'befindet', 'sich', 'auf', 'einer', 'fü@@', 'n@@', 'f@@', 'tä@@', 'gi@@', 'gen', 'Rei@@', 'se', 'nach', 'J@@', 'ap@@', 'an', ',', 'um', 'die', 'wirtschaf@@', 'tlichen', 'Be@@', 'zieh@@', 'ungen', 'mit', 'der', 'd@@', 'rit@@', 't@@', 'größ@@', 'ten', 'Wirtschafts@@', 'n@@', 'ation', 'der', 'Welt', 'zu', 'fes@@', 'tigen', '.']
2026-05-09 11:11:14,602 - DEBUG - joeynmt.training - 	Tokenized reference:  ['Mr', 'Mo@@', 'd@@', 'i', 'is', 'on', 'a', 'fi@@', 've', '@@@', '-@@', '@', 'day', 'tri@@', 'p', 'to', 'J@@', 'ap@@', 'an', 'to', 'streng@@', 'then', 'economic', 'ties', 'with', 'the', 'third', 'lar@@', 'ges@@', 't', 'econom@@', 'y', 'in', 'the', 'world', '.']
2026-05-09 11:11:14,602 - DEBUG - joeynmt.training - 	Tokenized hypothesis: ['Mr', 'Mo@@', 'd@@', 'i', 'is', 'a', 'fi@@', 'f@@', 'th', 're@@', 'le@@', 'ase', 'to', 'the', 'economic', 'rel@@', 'ations', 'with', 'the', 'third', 'lar@@', 'ges@@', 't', 'economic', 'rel@@', 'ations', 'with', 'the', 'third', 'lar@@', 'ges@@', 't', 'economic', 'n@@', 'ation', 'of', 'the', 'world', '.', '</s>']
2026-05-09 11:11:14,602 - INFO - joeynmt.training - 	Source:     Herr Modi befindet sich auf einer fünftägigen Reise nach Japan , um die wirtschaftlichen Beziehungen mit der drittgrößten Wirtschaftsnation der Welt zu festigen .
2026-05-09 11:11:14,602 - INFO - joeynmt.training - 	Reference:  Mr Modi is on a five @-@ day trip to Japan to strengthen economic ties with the third largest economy in the world .
2026-05-09 11:11:14,602 - INFO - joeynmt.training - 	Hypothesis: Mr Modi is a fifth release to the economic relations with the third largest economic relations with the third largest economic nation of the world .
2026-05-09 11:11:14,602 - INFO - joeynmt.training - Example #3
2026-05-09 11:11:14,602 - DEBUG - joeynmt.training - 	Tokenized source:     ['P@@', 'län@@', 'e', 'für', 'eine', 'stärk@@', 'ere', 'k@@', 'ern@@', 'techn@@', 'ische', 'Zusammenarbeit', 'stehen', 'ganz', 'ob@@', 'en', 'auf', 'der', 'Tag@@', 'es@@', 'ordnung', '.']
2026-05-09 11:11:14,602 - DEBUG - joeynmt.training - 	Tokenized reference:  ['high', 'on', 'the', 'agen@@', 'da', 'are', 'pl@@', 'ans', 'for', 'gre@@', 'ater', 'nu@@', 'clear', 'c@@', 'o', '@@@', '-@@', '@', 'operation', '.']
2026-05-09 11:11:14,602 - DEBUG - joeynmt.training - 	Tokenized hypothesis: ['P@@', 'lan@@', 'e', 'for', 'more', 'seri@@', 'ous', 'techn@@', 'ical', 'cooperation', 'on', 'the', 'agen@@', 'da', '.', '</s>']
2026-05-09 11:11:14,602 - INFO - joeynmt.training - 	Source:     Pläne für eine stärkere kerntechnische Zusammenarbeit stehen ganz oben auf der Tagesordnung .
2026-05-09 11:11:14,602 - INFO - joeynmt.training - 	Reference:  high on the agenda are plans for greater nuclear co @-@ operation .
2026-05-09 11:11:14,602 - INFO - joeynmt.training - 	Hypothesis: Plane for more serious technical cooperation on the agenda .
2026-05-09 11:11:14,602 - INFO - joeynmt.training - Example #4
2026-05-09 11:11:14,602 - DEBUG - joeynmt.training - 	Tokenized source:     ['Berich@@', 'ten', 'zu@@', 'fol@@', 'ge', 'ho@@', 'fft', 'Indi@@', 'en', 'darüber', 'hinaus', 'auf', 'einen', 'Ver@@', 'trag', 'zur', 'Ver@@', 'tei@@', 'dig@@', 'ungs@@', 'zusammen@@', 'arbeit', 'zwischen', 'den', 'beiden', 'N@@', 'ationen', '.']
2026-05-09 11:11:14,602 - DEBUG - joeynmt.training - 	Tokenized reference:  ['Indi@@', 'a', 'is', 'also', 're@@', 'porte@@', 'dly', 'hop@@', 'ing', 'for', 'a', 'de@@', 'al', 'on', 'def@@', 'ence', 'c@@', 'oll@@', 'ab@@', 'or@@', 'ation', 'between', 'the', 'two', 'n@@', 'ations', '.']
2026-05-09 11:11:14,602 - DEBUG - joeynmt.training - 	Tokenized hypothesis: ['in', 'ad@@', 'dition', ',', 'it', 'is', 'also', ',', 'in', 'ad@@', 'dition', 'to', 'the', 'Tre@@', 'aty', 'on', 'the', 'Tre@@', 'aty', 'of', 'N@@', 'ations', '.', '</s>']
2026-05-09 11:11:14,602 - INFO - joeynmt.training - 	Source:     Berichten zufolge hofft Indien darüber hinaus auf einen Vertrag zur Verteidigungszusammenarbeit zwischen den beiden Nationen .
2026-05-09 11:11:14,602 - INFO - joeynmt.training - 	Reference:  India is also reportedly hoping for a deal on defence collaboration between the two nations .
2026-05-09 11:11:14,602 - INFO - joeynmt.training - 	Hypothesis: in addition , it is also , in addition to the Treaty on the Treaty of Nations .
2026-05-09 11:11:28,945 - INFO - joeynmt.training - Epoch   5, Step:    18100, Batch Loss:     1.949261, Batch Acc: 0.473683, Tokens per Sec:     6336, Lr: 0.000300
2026-05-09 11:11:43,255 - INFO - joeynmt.training - Epoch   5, Step:    18200, Batch Loss:     1.885327, Batch Acc: 0.480262, Tokens per Sec:     6366, Lr: 0.000300
2026-05-09 11:11:57,495 - INFO - joeynmt.training - Epoch   5, Step:    18300, Batch Loss:     2.010685, Batch Acc: 0.470216, Tokens per Sec:     6482, Lr: 0.000300
2026-05-09 11:12:11,873 - INFO - joeynmt.training - Epoch   5, Step:    18400, Batch Loss:     2.139610, Batch Acc: 0.470402, Tokens per Sec:     6403, Lr: 0.000300
2026-05-09 11:12:26,348 - INFO - joeynmt.training - Epoch   5, Step:    18500, Batch Loss:     1.929138, Batch Acc: 0.471639, Tokens per Sec:     6441, Lr: 0.000300
2026-05-09 11:12:26,348 - INFO - joeynmt.prediction - Predicting 500 example(s)... (Greedy decoding with min_output_length=1, max_output_length=-1, return_prob='none', generate_unk=True, repetition_penalty=-1, no_repeat_ngram_size=-1)
2026-05-09 11:12:50,490 - INFO - joeynmt.prediction - Evaluation result (greedy) loss:   2.30, ppl:   9.98, acc:   0.41, generation: 24.1389[sec], evaluation: 0.0000[sec]
2026-05-09 11:12:50,561 - INFO - joeynmt.helpers - delete models/deen_transformer_post/16500.ckpt
2026-05-09 11:12:50,562 - INFO - joeynmt.training - Example #0
2026-05-09 11:12:50,562 - DEBUG - joeynmt.training - 	Tokenized source:     ['die', 'Pre@@', 'mi@@', 'er@@', 'minist@@', 'er', 'Indi@@', 'ens', 'und', 'J@@', 'ap@@', 'ans', 'tra@@', 'fen', 'sich', 'in', 'T@@', 'ok@@', 'i@@', 'o', '.']
2026-05-09 11:12:50,562 - DEBUG - joeynmt.training - 	Tokenized reference:  ['Indi@@', 'a', 'and', 'J@@', 'ap@@', 'an', 'pri@@', 'me', 'minist@@', 'ers', 'me@@', 'et', 'in', 'T@@', 'ok@@', 'y@@', 'o']
2026-05-09 11:12:50,562 - DEBUG - joeynmt.training - 	Tokenized hypothesis: ['the', 'Pri@@', 'me', 'Minist@@', 'er', 'of', 'Indi@@', 'a', 'and', 'J@@', 'ap@@', 'ans', 'in', 'T@@', 'ok@@', 'y@@', 'o', '.', '</s>']
2026-05-09 11:12:50,562 - INFO - joeynmt.training - 	Source:     die Premierminister Indiens und Japans trafen sich in Tokio .
2026-05-09 11:12:50,562 - INFO - joeynmt.training - 	Reference:  India and Japan prime ministers meet in Tokyo
2026-05-09 11:12:50,562 - INFO - joeynmt.training - 	Hypothesis: the Prime Minister of India and Japans in Tokyo .
2026-05-09 11:12:50,562 - INFO - joeynmt.training - Example #1
2026-05-09 11:12:50,562 - DEBUG - joeynmt.training - 	Tokenized source:     ['Indi@@', 'ens', 'neu@@', 'er', 'Pre@@', 'mi@@', 'er@@', 'minist@@', 'er', 'N@@', 'ar@@', 'end@@', 'ra', 'Mo@@', 'd@@', 'i', 'tri@@', 'fft', 'bei', 's@@', 'einem', 'ersten', 'wichti@@', 'gen', 'Aus@@', 'land@@', 's@@', 'bes@@', 'u@@', 'ch', 'seit', 's@@', 'einem', 'W@@', 'ah@@', 'l@@', 'si@@', 'e@@', 'g', 'im', 'Ma@@', 'i', 'seinen', 'j@@', 'ap@@', 'an@@', 'ischen', 'Am@@', 'ts@@', 'k@@', 'olle@@', 'gen', 'S@@', 'hin@@', 'z@@', 'o', 'A@@', 'be', 'in', 'T@@', 'ok@@', 'o', ',', 'um', 'wirtschaf@@', 'tliche', 'und', 'sicher@@', 'heits@@', 'politische', 'Be@@', 'zieh@@', 'ungen', 'zu', 'bes@@', 'pre@@', 'chen', '.']
2026-05-09 11:12:50,562 - DEBUG - joeynmt.training - 	Tokenized reference:  ['Indi@@', 'a', '&apos;s', 'new', 'pri@@', 'me', 'minist@@', 'er', ',', 'N@@', 'ar@@', 'end@@', 'ra', 'Mo@@', 'd@@', 'i', ',', 'is', 'me@@', 'eting', 'his', 'J@@', 'ap@@', 'an@@', 'ese', 'coun@@', 'ter@@', 'part', ',', 'S@@', 'hin@@', 'z@@', 'o', 'A@@', 'be', ',', 'in', 'T@@', 'ok@@', 'y@@', 'o', 'to', 'disc@@', 'uss', 'economic', 'and', 'security', 'ties', ',', 'on', 'his', 'first', 'major', 'fore@@', 'ign', 'visi@@', 't', 'since', 'w@@', 'inn@@', 'ing', 'Ma@@', 'y', '&apos;s', 'elec@@', 'tion', '.']
2026-05-09 11:12:50,562 - DEBUG - joeynmt.training - 	Tokenized hypothesis: ['Indi@@', 'a', '&apos;s', 'pri@@', 'me', 'minist@@', 'er', 'N@@', 'ar@@', 'd@@', 'i', 'N@@', 'ar@@', 'th', ',', 'his', 'first', 'important', 'ex@@', 'clu@@', 'si@@', 'vely', 'in', 'his', 'first', 'important', 'ex@@', 'clu@@', 'si@@', 'vely', 'in', 'the', 'year', ',', 'he', 'was', 'in', 'the', 'first', 'of', 'all', 'of', 'the', 're@@', 'lev@@', 'ant', 'and', 'security', 'policy', 'rel@@', 'ations', 'in', 'T@@', 'ok@@', 'y@@', 'o', 'A@@', 'be', 'in', 'T@@', 'ok@@', 'y@@', 'o', 'A@@', 'be', 'in', 'T@@', 'ok@@', 'y@@', 'o', ',', 'and', 'the', 'security', 'policy', 'rel@@', 'ations', '.', '</s>']
2026-05-09 11:12:50,562 - INFO - joeynmt.training - 	Source:     Indiens neuer Premierminister Narendra Modi trifft bei seinem ersten wichtigen Auslandsbesuch seit seinem Wahlsieg im Mai seinen japanischen Amtskollegen Shinzo Abe in Toko , um wirtschaftliche und sicherheitspolitische Beziehungen zu besprechen .
2026-05-09 11:12:50,562 - INFO - joeynmt.training - 	Reference:  India &apos;s new prime minister , Narendra Modi , is meeting his Japanese counterpart , Shinzo Abe , in Tokyo to discuss economic and security ties , on his first major foreign visit since winning May &apos;s election .
2026-05-09 11:12:50,562 - INFO - joeynmt.training - 	Hypothesis: India &apos;s prime minister Nardi Narth , his first important exclusively in his first important exclusively in the year , he was in the first of all of the relevant and security policy relations in Tokyo Abe in Tokyo Abe in Tokyo , and the security policy relations .
2026-05-09 11:12:50,562 - INFO - joeynmt.training - Example #2
2026-05-09 11:12:50,563 - DEBUG - joeynmt.training - 	Tokenized source:     ['Herr', 'Mo@@', 'd@@', 'i', 'befindet', 'sich', 'auf', 'einer', 'fü@@', 'n@@', 'f@@', 'tä@@', 'gi@@', 'gen', 'Rei@@', 'se', 'nach', 'J@@', 'ap@@', 'an', ',', 'um', 'die', 'wirtschaf@@', 'tlichen', 'Be@@', 'zieh@@', 'ungen', 'mit', 'der', 'd@@', 'rit@@', 't@@', 'größ@@', 'ten', 'Wirtschafts@@', 'n@@', 'ation', 'der', 'Welt', 'zu', 'fes@@', 'tigen', '.']
2026-05-09 11:12:50,563 - DEBUG - joeynmt.training - 	Tokenized reference:  ['Mr', 'Mo@@', 'd@@', 'i', 'is', 'on', 'a', 'fi@@', 've', '@@@', '-@@', '@', 'day', 'tri@@', 'p', 'to', 'J@@', 'ap@@', 'an', 'to', 'streng@@', 'then', 'economic', 'ties', 'with', 'the', 'third', 'lar@@', 'ges@@', 't', 'econom@@', 'y', 'in', 'the', 'world', '.']
2026-05-09 11:12:50,563 - DEBUG - joeynmt.training - 	Tokenized hypothesis: ['Mr', 'Mo@@', 'd@@', 'i', 'is', 'located', 'on', 'a', 'fi@@', 'f@@', 'th', 'of', 'the', 'world', ',', 'to', 'the', 'economic', 'rel@@', 'ations', 'with', 'the', 'third', 'of', 'the', 'world', '&apos;s', 'economic', 'rel@@', 'ations', 'with', 'the', 'third', 'world', '&apos;s', 'economic', 'rel@@', 'ations', '.', '</s>']
2026-05-09 11:12:50,563 - INFO - joeynmt.training - 	Source:     Herr Modi befindet sich auf einer fünftägigen Reise nach Japan , um die wirtschaftlichen Beziehungen mit der drittgrößten Wirtschaftsnation der Welt zu festigen .
2026-05-09 11:12:50,563 - INFO - joeynmt.training - 	Reference:  Mr Modi is on a five @-@ day trip to Japan to strengthen economic ties with the third largest economy in the world .
2026-05-09 11:12:50,563 - INFO - joeynmt.training - 	Hypothesis: Mr Modi is located on a fifth of the world , to the economic relations with the third of the world &apos;s economic relations with the third world &apos;s economic relations .
2026-05-09 11:12:50,563 - INFO - joeynmt.training - Example #3
2026-05-09 11:12:50,563 - DEBUG - joeynmt.training - 	Tokenized source:     ['P@@', 'län@@', 'e', 'für', 'eine', 'stärk@@', 'ere', 'k@@', 'ern@@', 'techn@@', 'ische', 'Zusammenarbeit', 'stehen', 'ganz', 'ob@@', 'en', 'auf', 'der', 'Tag@@', 'es@@', 'ordnung', '.']
2026-05-09 11:12:50,563 - DEBUG - joeynmt.training - 	Tokenized reference:  ['high', 'on', 'the', 'agen@@', 'da', 'are', 'pl@@', 'ans', 'for', 'gre@@', 'ater', 'nu@@', 'clear', 'c@@', 'o', '@@@', '-@@', '@', 'operation', '.']
2026-05-09 11:12:50,563 - DEBUG - joeynmt.training - 	Tokenized hypothesis: ['P@@', 'e@@', 'op@@', 'le', 'for', 'more', 'seri@@', 'ous', 'techn@@', 'ical', 'cooperation', 'on', 'the', 'agen@@', 'da', '.', '</s>']
2026-05-09 11:12:50,563 - INFO - joeynmt.training - 	Source:     Pläne für eine stärkere kerntechnische Zusammenarbeit stehen ganz oben auf der Tagesordnung .
2026-05-09 11:12:50,563 - INFO - joeynmt.training - 	Reference:  high on the agenda are plans for greater nuclear co @-@ operation .
2026-05-09 11:12:50,563 - INFO - joeynmt.training - 	Hypothesis: People for more serious technical cooperation on the agenda .
2026-05-09 11:12:50,563 - INFO - joeynmt.training - Example #4
2026-05-09 11:12:50,563 - DEBUG - joeynmt.training - 	Tokenized source:     ['Berich@@', 'ten', 'zu@@', 'fol@@', 'ge', 'ho@@', 'fft', 'Indi@@', 'en', 'darüber', 'hinaus', 'auf', 'einen', 'Ver@@', 'trag', 'zur', 'Ver@@', 'tei@@', 'dig@@', 'ungs@@', 'zusammen@@', 'arbeit', 'zwischen', 'den', 'beiden', 'N@@', 'ationen', '.']
2026-05-09 11:12:50,563 - DEBUG - joeynmt.training - 	Tokenized reference:  ['Indi@@', 'a', 'is', 'also', 're@@', 'porte@@', 'dly', 'hop@@', 'ing', 'for', 'a', 'de@@', 'al', 'on', 'def@@', 'ence', 'c@@', 'oll@@', 'ab@@', 'or@@', 'ation', 'between', 'the', 'two', 'n@@', 'ations', '.']
2026-05-09 11:12:50,563 - DEBUG - joeynmt.training - 	Tokenized hypothesis: ['the', 're@@', 'ports', 'of', 'the', 'two', 'of', 'Indi@@', 'a', ',', 'the', 'Tre@@', 'aty', 'of', 'the', 'two', 'N@@', 'ations', 'on', 'the', 'con@@', 'stitu@@', 'tional', 'cooperation', 'between', 'the', 'two', 'N@@', 'ations', '.', '</s>']
2026-05-09 11:12:50,563 - INFO - joeynmt.training - 	Source:     Berichten zufolge hofft Indien darüber hinaus auf einen Vertrag zur Verteidigungszusammenarbeit zwischen den beiden Nationen .
2026-05-09 11:12:50,563 - INFO - joeynmt.training - 	Reference:  India is also reportedly hoping for a deal on defence collaboration between the two nations .
2026-05-09 11:12:50,563 - INFO - joeynmt.training - 	Hypothesis: the reports of the two of India , the Treaty of the two Nations on the constitutional cooperation between the two Nations .
2026-05-09 11:13:04,936 - INFO - joeynmt.training - Epoch   5, Step:    18600, Batch Loss:     1.856219, Batch Acc: 0.473716, Tokens per Sec:     6360, Lr: 0.000300
2026-05-09 11:13:19,490 - INFO - joeynmt.training - Epoch   5, Step:    18700, Batch Loss:     1.871201, Batch Acc: 0.478525, Tokens per Sec:     6250, Lr: 0.000300
2026-05-09 11:13:34,139 - INFO - joeynmt.training - Epoch   5, Step:    18800, Batch Loss:     1.857482, Batch Acc: 0.477405, Tokens per Sec:     6249, Lr: 0.000300
2026-05-09 11:13:48,709 - INFO - joeynmt.training - Epoch   5, Step:    18900, Batch Loss:     1.998943, Batch Acc: 0.471845, Tokens per Sec:     6462, Lr: 0.000300
2026-05-09 11:14:03,375 - INFO - joeynmt.training - Epoch   5, Step:    19000, Batch Loss:     1.852622, Batch Acc: 0.476026, Tokens per Sec:     6164, Lr: 0.000300
2026-05-09 11:14:03,375 - INFO - joeynmt.prediction - Predicting 500 example(s)... (Greedy decoding with min_output_length=1, max_output_length=-1, return_prob='none', generate_unk=True, repetition_penalty=-1, no_repeat_ngram_size=-1)
2026-05-09 11:14:29,898 - INFO - joeynmt.prediction - Evaluation result (greedy) loss:   2.28, ppl:   9.82, acc:   0.41, generation: 26.5193[sec], evaluation: 0.0000[sec]
2026-05-09 11:14:29,900 - INFO - joeynmt.training - Hooray! New best validation result [ppl]!
2026-05-09 11:14:29,967 - INFO - joeynmt.helpers - delete models/deen_transformer_post/16000.ckpt
2026-05-09 11:14:29,968 - INFO - joeynmt.training - Example #0
2026-05-09 11:14:29,968 - DEBUG - joeynmt.training - 	Tokenized source:     ['die', 'Pre@@', 'mi@@', 'er@@', 'minist@@', 'er', 'Indi@@', 'ens', 'und', 'J@@', 'ap@@', 'ans', 'tra@@', 'fen', 'sich', 'in', 'T@@', 'ok@@', 'i@@', 'o', '.']
2026-05-09 11:14:29,968 - DEBUG - joeynmt.training - 	Tokenized reference:  ['Indi@@', 'a', 'and', 'J@@', 'ap@@', 'an', 'pri@@', 'me', 'minist@@', 'ers', 'me@@', 'et', 'in', 'T@@', 'ok@@', 'y@@', 'o']
2026-05-09 11:14:29,968 - DEBUG - joeynmt.training - 	Tokenized hypothesis: ['the', 'Pri@@', 'me', 'Minist@@', 'er', ',', 'and', 'J@@', 'ap@@', 'an', ',', 'the', 'Pri@@', 'me', 'Minist@@', 'er', ',', 'T@@', 'ok@@', 'i@@', 'o', '.', '</s>']
2026-05-09 11:14:29,968 - INFO - joeynmt.training - 	Source:     die Premierminister Indiens und Japans trafen sich in Tokio .
2026-05-09 11:14:29,968 - INFO - joeynmt.training - 	Reference:  India and Japan prime ministers meet in Tokyo
2026-05-09 11:14:29,968 - INFO - joeynmt.training - 	Hypothesis: the Prime Minister , and Japan , the Prime Minister , Tokio .
2026-05-09 11:14:29,968 - INFO - joeynmt.training - Example #1
2026-05-09 11:14:29,968 - DEBUG - joeynmt.training - 	Tokenized source:     ['Indi@@', 'ens', 'neu@@', 'er', 'Pre@@', 'mi@@', 'er@@', 'minist@@', 'er', 'N@@', 'ar@@', 'end@@', 'ra', 'Mo@@', 'd@@', 'i', 'tri@@', 'fft', 'bei', 's@@', 'einem', 'ersten', 'wichti@@', 'gen', 'Aus@@', 'land@@', 's@@', 'bes@@', 'u@@', 'ch', 'seit', 's@@', 'einem', 'W@@', 'ah@@', 'l@@', 'si@@', 'e@@', 'g', 'im', 'Ma@@', 'i', 'seinen', 'j@@', 'ap@@', 'an@@', 'ischen', 'Am@@', 'ts@@', 'k@@', 'olle@@', 'gen', 'S@@', 'hin@@', 'z@@', 'o', 'A@@', 'be', 'in', 'T@@', 'ok@@', 'o', ',', 'um', 'wirtschaf@@', 'tliche', 'und', 'sicher@@', 'heits@@', 'politische', 'Be@@', 'zieh@@', 'ungen', 'zu', 'bes@@', 'pre@@', 'chen', '.']
2026-05-09 11:14:29,968 - DEBUG - joeynmt.training - 	Tokenized reference:  ['Indi@@', 'a', '&apos;s', 'new', 'pri@@', 'me', 'minist@@', 'er', ',', 'N@@', 'ar@@', 'end@@', 'ra', 'Mo@@', 'd@@', 'i', ',', 'is', 'me@@', 'eting', 'his', 'J@@', 'ap@@', 'an@@', 'ese', 'coun@@', 'ter@@', 'part', ',', 'S@@', 'hin@@', 'z@@', 'o', 'A@@', 'be', ',', 'in', 'T@@', 'ok@@', 'y@@', 'o', 'to', 'disc@@', 'uss', 'economic', 'and', 'security', 'ties', ',', 'on', 'his', 'first', 'major', 'fore@@', 'ign', 'visi@@', 't', 'since', 'w@@', 'inn@@', 'ing', 'Ma@@', 'y', '&apos;s', 'elec@@', 'tion', '.']
2026-05-09 11:14:29,968 - DEBUG - joeynmt.training - 	Tokenized hypothesis: ['Indi@@', 'a', '&apos;s', 'Pri@@', 'me', 'Minist@@', 'er', 'N@@', 'ar@@', 'end@@', 'ra', 'Mo@@', 'd@@', 'i', ',', 'the', 'first', 'important', 'ex@@', 'clu@@', 'ding', 'his', 'first', 'important', 'ex@@', 'clu@@', 'sive', 'colle@@', 'c@@', 'ting', 'his', 'J@@', 'ap@@', 'an@@', 'ese', 'Am@@', 'ster@@', 'dam', ',', 'the', 'J@@', 'ap@@', 'an@@', 'ese', 'Am@@', 'ster@@', 'dam', ',', 'in', 'the', 'Ma@@', 'y', 'of', 'A@@', 'gre@@', 'ement', 'in', 'T@@', 'ok@@', 'y@@', 'o', ',', 'and', 'security', 'political', 'rel@@', 'ations', '.', '</s>']
2026-05-09 11:14:29,968 - INFO - joeynmt.training - 	Source:     Indiens neuer Premierminister Narendra Modi trifft bei seinem ersten wichtigen Auslandsbesuch seit seinem Wahlsieg im Mai seinen japanischen Amtskollegen Shinzo Abe in Toko , um wirtschaftliche und sicherheitspolitische Beziehungen zu besprechen .
2026-05-09 11:14:29,968 - INFO - joeynmt.training - 	Reference:  India &apos;s new prime minister , Narendra Modi , is meeting his Japanese counterpart , Shinzo Abe , in Tokyo to discuss economic and security ties , on his first major foreign visit since winning May &apos;s election .
2026-05-09 11:14:29,968 - INFO - joeynmt.training - 	Hypothesis: India &apos;s Prime Minister Narendra Modi , the first important excluding his first important exclusive collecting his Japanese Amsterdam , the Japanese Amsterdam , in the May of Agreement in Tokyo , and security political relations .
2026-05-09 11:14:29,968 - INFO - joeynmt.training - Example #2
2026-05-09 11:14:29,968 - DEBUG - joeynmt.training - 	Tokenized source:     ['Herr', 'Mo@@', 'd@@', 'i', 'befindet', 'sich', 'auf', 'einer', 'fü@@', 'n@@', 'f@@', 'tä@@', 'gi@@', 'gen', 'Rei@@', 'se', 'nach', 'J@@', 'ap@@', 'an', ',', 'um', 'die', 'wirtschaf@@', 'tlichen', 'Be@@', 'zieh@@', 'ungen', 'mit', 'der', 'd@@', 'rit@@', 't@@', 'größ@@', 'ten', 'Wirtschafts@@', 'n@@', 'ation', 'der', 'Welt', 'zu', 'fes@@', 'tigen', '.']
2026-05-09 11:14:29,968 - DEBUG - joeynmt.training - 	Tokenized reference:  ['Mr', 'Mo@@', 'd@@', 'i', 'is', 'on', 'a', 'fi@@', 've', '@@@', '-@@', '@', 'day', 'tri@@', 'p', 'to', 'J@@', 'ap@@', 'an', 'to', 'streng@@', 'then', 'economic', 'ties', 'with', 'the', 'third', 'lar@@', 'ges@@', 't', 'econom@@', 'y', 'in', 'the', 'world', '.']
2026-05-09 11:14:29,968 - DEBUG - joeynmt.training - 	Tokenized hypothesis: ['Mr', 'Mo@@', 'd@@', 'i', 'is', 'a', 'fi@@', 'f@@', 'ty', 'of', 'a', 'fi@@', 'f@@', 'ty', 'to@@', 'p', 'to@@', 'p', 'to', 'the', 'economic', 'rel@@', 'ations', 'with', 'the', 'third', 'lar@@', 'ges@@', 't', 'lar@@', 'ger', 'economic', 'rel@@', 'ations', '.', '</s>']
2026-05-09 11:14:29,968 - INFO - joeynmt.training - 	Source:     Herr Modi befindet sich auf einer fünftägigen Reise nach Japan , um die wirtschaftlichen Beziehungen mit der drittgrößten Wirtschaftsnation der Welt zu festigen .
2026-05-09 11:14:29,968 - INFO - joeynmt.training - 	Reference:  Mr Modi is on a five @-@ day trip to Japan to strengthen economic ties with the third largest economy in the world .
2026-05-09 11:14:29,969 - INFO - joeynmt.training - 	Hypothesis: Mr Modi is a fifty of a fifty top top to the economic relations with the third largest larger economic relations .
2026-05-09 11:14:29,969 - INFO - joeynmt.training - Example #3
2026-05-09 11:14:29,969 - DEBUG - joeynmt.training - 	Tokenized source:     ['P@@', 'län@@', 'e', 'für', 'eine', 'stärk@@', 'ere', 'k@@', 'ern@@', 'techn@@', 'ische', 'Zusammenarbeit', 'stehen', 'ganz', 'ob@@', 'en', 'auf', 'der', 'Tag@@', 'es@@', 'ordnung', '.']
2026-05-09 11:14:29,969 - DEBUG - joeynmt.training - 	Tokenized reference:  ['high', 'on', 'the', 'agen@@', 'da', 'are', 'pl@@', 'ans', 'for', 'gre@@', 'ater', 'nu@@', 'clear', 'c@@', 'o', '@@@', '-@@', '@', 'operation', '.']
2026-05-09 11:14:29,969 - DEBUG - joeynmt.training - 	Tokenized hypothesis: ['P@@', 'ubli@@', 'c', 'cooperation', 'is', 'a', 'str@@', 'ong', 'techn@@', 'ical', 'cooperation', 'on', 'the', 'agen@@', 'da', '.', '</s>']
2026-05-09 11:14:29,969 - INFO - joeynmt.training - 	Source:     Pläne für eine stärkere kerntechnische Zusammenarbeit stehen ganz oben auf der Tagesordnung .
2026-05-09 11:14:29,969 - INFO - joeynmt.training - 	Reference:  high on the agenda are plans for greater nuclear co @-@ operation .
2026-05-09 11:14:29,969 - INFO - joeynmt.training - 	Hypothesis: Public cooperation is a strong technical cooperation on the agenda .
2026-05-09 11:14:29,969 - INFO - joeynmt.training - Example #4
2026-05-09 11:14:29,969 - DEBUG - joeynmt.training - 	Tokenized source:     ['Berich@@', 'ten', 'zu@@', 'fol@@', 'ge', 'ho@@', 'fft', 'Indi@@', 'en', 'darüber', 'hinaus', 'auf', 'einen', 'Ver@@', 'trag', 'zur', 'Ver@@', 'tei@@', 'dig@@', 'ungs@@', 'zusammen@@', 'arbeit', 'zwischen', 'den', 'beiden', 'N@@', 'ationen', '.']
2026-05-09 11:14:29,969 - DEBUG - joeynmt.training - 	Tokenized reference:  ['Indi@@', 'a', 'is', 'also', 're@@', 'porte@@', 'dly', 'hop@@', 'ing', 'for', 'a', 'de@@', 'al', 'on', 'def@@', 'ence', 'c@@', 'oll@@', 'ab@@', 'or@@', 'ation', 'between', 'the', 'two', 'n@@', 'ations', '.']
2026-05-09 11:14:29,969 - DEBUG - joeynmt.training - 	Tokenized hypothesis: ['in', 'ad@@', 'dition', ',', 'the', 'fact', ',', 'the', 'con@@', 'stitu@@', 'tional', 'cooperation', 'between', 'the', 'two', 'N@@', 'ations', ',', 'the', 'F@@', 'ren@@', 'ch', 'work', 'between', 'the', 'two', 'N@@', 'ations', '.', '</s>']
2026-05-09 11:14:29,969 - INFO - joeynmt.training - 	Source:     Berichten zufolge hofft Indien darüber hinaus auf einen Vertrag zur Verteidigungszusammenarbeit zwischen den beiden Nationen .
2026-05-09 11:14:29,969 - INFO - joeynmt.training - 	Reference:  India is also reportedly hoping for a deal on defence collaboration between the two nations .
2026-05-09 11:14:29,969 - INFO - joeynmt.training - 	Hypothesis: in addition , the fact , the constitutional cooperation between the two Nations , the French work between the two Nations .
2026-05-09 11:14:44,549 - INFO - joeynmt.training - Epoch   5, Step:    19100, Batch Loss:     1.634876, Batch Acc: 0.478052, Tokens per Sec:     6225, Lr: 0.000300
2026-05-09 11:14:59,174 - INFO - joeynmt.training - Epoch   5, Step:    19200, Batch Loss:     1.722820, Batch Acc: 0.480934, Tokens per Sec:     6246, Lr: 0.000300
2026-05-09 11:15:13,764 - INFO - joeynmt.training - Epoch   5, Step:    19300, Batch Loss:     1.795473, Batch Acc: 0.475398, Tokens per Sec:     6237, Lr: 0.000300
2026-05-09 11:15:28,398 - INFO - joeynmt.training - Epoch   5, Step:    19400, Batch Loss:     2.061789, Batch Acc: 0.477658, Tokens per Sec:     6214, Lr: 0.000300
2026-05-09 11:15:43,143 - INFO - joeynmt.training - Epoch   5, Step:    19500, Batch Loss:     1.835012, Batch Acc: 0.480757, Tokens per Sec:     6268, Lr: 0.000300
2026-05-09 11:15:43,144 - INFO - joeynmt.prediction - Predicting 500 example(s)... (Greedy decoding with min_output_length=1, max_output_length=-1, return_prob='none', generate_unk=True, repetition_penalty=-1, no_repeat_ngram_size=-1)
2026-05-09 11:16:07,445 - INFO - joeynmt.prediction - Evaluation result (greedy) loss:   2.26, ppl:   9.58, acc:   0.42, generation: 24.2968[sec], evaluation: 0.0000[sec]
2026-05-09 11:16:07,445 - INFO - joeynmt.training - Hooray! New best validation result [ppl]!
2026-05-09 11:16:07,512 - INFO - joeynmt.helpers - delete models/deen_transformer_post/17000.ckpt
2026-05-09 11:16:07,516 - INFO - joeynmt.training - Example #0
2026-05-09 11:16:07,516 - DEBUG - joeynmt.training - 	Tokenized source:     ['die', 'Pre@@', 'mi@@', 'er@@', 'minist@@', 'er', 'Indi@@', 'ens', 'und', 'J@@', 'ap@@', 'ans', 'tra@@', 'fen', 'sich', 'in', 'T@@', 'ok@@', 'i@@', 'o', '.']
2026-05-09 11:16:07,516 - DEBUG - joeynmt.training - 	Tokenized reference:  ['Indi@@', 'a', 'and', 'J@@', 'ap@@', 'an', 'pri@@', 'me', 'minist@@', 'ers', 'me@@', 'et', 'in', 'T@@', 'ok@@', 'y@@', 'o']
2026-05-09 11:16:07,516 - DEBUG - joeynmt.training - 	Tokenized hypothesis: ['the', 'pri@@', 'me', 'minist@@', 'er', 'of', 'Indi@@', 'a', 'and', 'J@@', 'ap@@', 'ans', 'in', 'T@@', 'ok@@', 'y@@', 'o', '.', '</s>']
2026-05-09 11:16:07,517 - INFO - joeynmt.training - 	Source:     die Premierminister Indiens und Japans trafen sich in Tokio .
2026-05-09 11:16:07,517 - INFO - joeynmt.training - 	Reference:  India and Japan prime ministers meet in Tokyo
2026-05-09 11:16:07,517 - INFO - joeynmt.training - 	Hypothesis: the prime minister of India and Japans in Tokyo .
2026-05-09 11:16:07,517 - INFO - joeynmt.training - Example #1
2026-05-09 11:16:07,517 - DEBUG - joeynmt.training - 	Tokenized source:     ['Indi@@', 'ens', 'neu@@', 'er', 'Pre@@', 'mi@@', 'er@@', 'minist@@', 'er', 'N@@', 'ar@@', 'end@@', 'ra', 'Mo@@', 'd@@', 'i', 'tri@@', 'fft', 'bei', 's@@', 'einem', 'ersten', 'wichti@@', 'gen', 'Aus@@', 'land@@', 's@@', 'bes@@', 'u@@', 'ch', 'seit', 's@@', 'einem', 'W@@', 'ah@@', 'l@@', 'si@@', 'e@@', 'g', 'im', 'Ma@@', 'i', 'seinen', 'j@@', 'ap@@', 'an@@', 'ischen', 'Am@@', 'ts@@', 'k@@', 'olle@@', 'gen', 'S@@', 'hin@@', 'z@@', 'o', 'A@@', 'be', 'in', 'T@@', 'ok@@', 'o', ',', 'um', 'wirtschaf@@', 'tliche', 'und', 'sicher@@', 'heits@@', 'politische', 'Be@@', 'zieh@@', 'ungen', 'zu', 'bes@@', 'pre@@', 'chen', '.']
2026-05-09 11:16:07,517 - DEBUG - joeynmt.training - 	Tokenized reference:  ['Indi@@', 'a', '&apos;s', 'new', 'pri@@', 'me', 'minist@@', 'er', ',', 'N@@', 'ar@@', 'end@@', 'ra', 'Mo@@', 'd@@', 'i', ',', 'is', 'me@@', 'eting', 'his', 'J@@', 'ap@@', 'an@@', 'ese', 'coun@@', 'ter@@', 'part', ',', 'S@@', 'hin@@', 'z@@', 'o', 'A@@', 'be', ',', 'in', 'T@@', 'ok@@', 'y@@', 'o', 'to', 'disc@@', 'uss', 'economic', 'and', 'security', 'ties', ',', 'on', 'his', 'first', 'major', 'fore@@', 'ign', 'visi@@', 't', 'since', 'w@@', 'inn@@', 'ing', 'Ma@@', 'y', '&apos;s', 'elec@@', 'tion', '.']
2026-05-09 11:16:07,517 - DEBUG - joeynmt.training - 	Tokenized hypothesis: ['Indi@@', 'a', '&apos;s', 'Pri@@', 'me', 'Minist@@', 'er', 'N@@', 'ar@@', 'end@@', 'ra', 'Mo@@', 'd@@', 'i', '&apos;s', 'first', 'important', 'ex@@', 'am@@', 'in@@', 'ed', 'in', 'his', 'first', 'important', 'ex@@', 'clu@@', 'sive', 'ex@@', 'plan@@', 'ation', 'of', 'his', 'elec@@', 'tion', ',', 'since', 'his', 'elec@@', 'tion', ',', 'he', 'has', 'been', 'in', 'the', 'Ma@@', 'y', 'of', 'T@@', 'ok@@', 'y@@', 'o', ',', 'with', 'the', 'S@@', 'hin@@', 'z@@', 'ap@@', 'an@@', 'ese', 'and', 'security', 'political', 'rel@@', 'ations', '.', '</s>']
2026-05-09 11:16:07,517 - INFO - joeynmt.training - 	Source:     Indiens neuer Premierminister Narendra Modi trifft bei seinem ersten wichtigen Auslandsbesuch seit seinem Wahlsieg im Mai seinen japanischen Amtskollegen Shinzo Abe in Toko , um wirtschaftliche und sicherheitspolitische Beziehungen zu besprechen .
2026-05-09 11:16:07,517 - INFO - joeynmt.training - 	Reference:  India &apos;s new prime minister , Narendra Modi , is meeting his Japanese counterpart , Shinzo Abe , in Tokyo to discuss economic and security ties , on his first major foreign visit since winning May &apos;s election .
2026-05-09 11:16:07,517 - INFO - joeynmt.training - 	Hypothesis: India &apos;s Prime Minister Narendra Modi &apos;s first important examined in his first important exclusive explanation of his election , since his election , he has been in the May of Tokyo , with the Shinzapanese and security political relations .
2026-05-09 11:16:07,517 - INFO - joeynmt.training - Example #2
2026-05-09 11:16:07,517 - DEBUG - joeynmt.training - 	Tokenized source:     ['Herr', 'Mo@@', 'd@@', 'i', 'befindet', 'sich', 'auf', 'einer', 'fü@@', 'n@@', 'f@@', 'tä@@', 'gi@@', 'gen', 'Rei@@', 'se', 'nach', 'J@@', 'ap@@', 'an', ',', 'um', 'die', 'wirtschaf@@', 'tlichen', 'Be@@', 'zieh@@', 'ungen', 'mit', 'der', 'd@@', 'rit@@', 't@@', 'größ@@', 'ten', 'Wirtschafts@@', 'n@@', 'ation', 'der', 'Welt', 'zu', 'fes@@', 'tigen', '.']
2026-05-09 11:16:07,517 - DEBUG - joeynmt.training - 	Tokenized reference:  ['Mr', 'Mo@@', 'd@@', 'i', 'is', 'on', 'a', 'fi@@', 've', '@@@', '-@@', '@', 'day', 'tri@@', 'p', 'to', 'J@@', 'ap@@', 'an', 'to', 'streng@@', 'then', 'economic', 'ties', 'with', 'the', 'third', 'lar@@', 'ges@@', 't', 'econom@@', 'y', 'in', 'the', 'world', '.']
2026-05-09 11:16:07,517 - DEBUG - joeynmt.training - 	Tokenized hypothesis: ['Mr', 'Mo@@', 'd@@', 'i', 'is', 'a', 'fi@@', 'f@@', 'ting', 'on', 'a', 'fi@@', 'f@@', 'ting', 'of', 'the', 'world', 'to', 'be', 'able', 'to', 'con@@', 'v@@', 'in@@', 'ce', 'the', 'world', '&apos;s', 'economic', 'rel@@', 'ations', 'with', 'the', 'lar@@', 'ges@@', 't', 'econom@@', 'y', '.', '</s>']
2026-05-09 11:16:07,517 - INFO - joeynmt.training - 	Source:     Herr Modi befindet sich auf einer fünftägigen Reise nach Japan , um die wirtschaftlichen Beziehungen mit der drittgrößten Wirtschaftsnation der Welt zu festigen .
2026-05-09 11:16:07,517 - INFO - joeynmt.training - 	Reference:  Mr Modi is on a five @-@ day trip to Japan to strengthen economic ties with the third largest economy in the world .
2026-05-09 11:16:07,517 - INFO - joeynmt.training - 	Hypothesis: Mr Modi is a fifting on a fifting of the world to be able to convince the world &apos;s economic relations with the largest economy .
2026-05-09 11:16:07,517 - INFO - joeynmt.training - Example #3
2026-05-09 11:16:07,517 - DEBUG - joeynmt.training - 	Tokenized source:     ['P@@', 'län@@', 'e', 'für', 'eine', 'stärk@@', 'ere', 'k@@', 'ern@@', 'techn@@', 'ische', 'Zusammenarbeit', 'stehen', 'ganz', 'ob@@', 'en', 'auf', 'der', 'Tag@@', 'es@@', 'ordnung', '.']
2026-05-09 11:16:07,517 - DEBUG - joeynmt.training - 	Tokenized reference:  ['high', 'on', 'the', 'agen@@', 'da', 'are', 'pl@@', 'ans', 'for', 'gre@@', 'ater', 'nu@@', 'clear', 'c@@', 'o', '@@@', '-@@', '@', 'operation', '.']
2026-05-09 11:16:07,517 - DEBUG - joeynmt.training - 	Tokenized hypothesis: ['P@@', 'countries', 'are', 'very', 'much', 'more', 'seri@@', 'ous', 'techn@@', 'ical', 'cooperation', 'is', 'on', 'the', 'agen@@', 'da', '.', '</s>']
2026-05-09 11:16:07,517 - INFO - joeynmt.training - 	Source:     Pläne für eine stärkere kerntechnische Zusammenarbeit stehen ganz oben auf der Tagesordnung .
2026-05-09 11:16:07,517 - INFO - joeynmt.training - 	Reference:  high on the agenda are plans for greater nuclear co @-@ operation .
2026-05-09 11:16:07,517 - INFO - joeynmt.training - 	Hypothesis: Pcountries are very much more serious technical cooperation is on the agenda .
2026-05-09 11:16:07,517 - INFO - joeynmt.training - Example #4
2026-05-09 11:16:07,517 - DEBUG - joeynmt.training - 	Tokenized source:     ['Berich@@', 'ten', 'zu@@', 'fol@@', 'ge', 'ho@@', 'fft', 'Indi@@', 'en', 'darüber', 'hinaus', 'auf', 'einen', 'Ver@@', 'trag', 'zur', 'Ver@@', 'tei@@', 'dig@@', 'ungs@@', 'zusammen@@', 'arbeit', 'zwischen', 'den', 'beiden', 'N@@', 'ationen', '.']
2026-05-09 11:16:07,517 - DEBUG - joeynmt.training - 	Tokenized reference:  ['Indi@@', 'a', 'is', 'also', 're@@', 'porte@@', 'dly', 'hop@@', 'ing', 'for', 'a', 'de@@', 'al', 'on', 'def@@', 'ence', 'c@@', 'oll@@', 'ab@@', 'or@@', 'ation', 'between', 'the', 'two', 'n@@', 'ations', '.']
2026-05-09 11:16:07,517 - DEBUG - joeynmt.training - 	Tokenized hypothesis: ['in', 'ad@@', 'dition', ',', 'it', 'is', 'also', 'a', 'con@@', 'stitu@@', 'tion', 'to', 'a', 'con@@', 'stitu@@', 'tion', 'on', 'the', 'con@@', 'stitu@@', 'tion', '.', '</s>']
2026-05-09 11:16:07,517 - INFO - joeynmt.training - 	Source:     Berichten zufolge hofft Indien darüber hinaus auf einen Vertrag zur Verteidigungszusammenarbeit zwischen den beiden Nationen .
2026-05-09 11:16:07,517 - INFO - joeynmt.training - 	Reference:  India is also reportedly hoping for a deal on defence collaboration between the two nations .
2026-05-09 11:16:07,517 - INFO - joeynmt.training - 	Hypothesis: in addition , it is also a constitution to a constitution on the constitution .
2026-05-09 11:16:22,011 - INFO - joeynmt.training - Epoch   5, Step:    19600, Batch Loss:     1.992884, Batch Acc: 0.480127, Tokens per Sec:     6339, Lr: 0.000300
2026-05-09 11:16:36,844 - INFO - joeynmt.training - Epoch   5, Step:    19700, Batch Loss:     1.910297, Batch Acc: 0.479649, Tokens per Sec:     6321, Lr: 0.000300
2026-05-09 11:16:51,326 - INFO - joeynmt.training - Epoch   5, Step:    19800, Batch Loss:     1.896271, Batch Acc: 0.477428, Tokens per Sec:     6347, Lr: 0.000300
2026-05-09 11:17:05,797 - INFO - joeynmt.training - Epoch   5, Step:    19900, Batch Loss:     1.821638, Batch Acc: 0.475588, Tokens per Sec:     6417, Lr: 0.000300
2026-05-09 11:17:20,233 - INFO - joeynmt.training - Epoch   5, Step:    20000, Batch Loss:     1.881017, Batch Acc: 0.483579, Tokens per Sec:     6393, Lr: 0.000300
2026-05-09 11:17:20,233 - INFO - joeynmt.prediction - Predicting 500 example(s)... (Greedy decoding with min_output_length=1, max_output_length=-1, return_prob='none', generate_unk=True, repetition_penalty=-1, no_repeat_ngram_size=-1)
2026-05-09 11:17:48,364 - INFO - joeynmt.prediction - Evaluation result (greedy) loss:   2.26, ppl:   9.60, acc:   0.42, generation: 28.1272[sec], evaluation: 0.0000[sec]
2026-05-09 11:17:48,435 - INFO - joeynmt.helpers - delete models/deen_transformer_post/17500.ckpt
2026-05-09 11:17:48,437 - INFO - joeynmt.training - Example #0
2026-05-09 11:17:48,437 - DEBUG - joeynmt.training - 	Tokenized source:     ['die', 'Pre@@', 'mi@@', 'er@@', 'minist@@', 'er', 'Indi@@', 'ens', 'und', 'J@@', 'ap@@', 'ans', 'tra@@', 'fen', 'sich', 'in', 'T@@', 'ok@@', 'i@@', 'o', '.']
2026-05-09 11:17:48,437 - DEBUG - joeynmt.training - 	Tokenized reference:  ['Indi@@', 'a', 'and', 'J@@', 'ap@@', 'an', 'pri@@', 'me', 'minist@@', 'ers', 'me@@', 'et', 'in', 'T@@', 'ok@@', 'y@@', 'o']
2026-05-09 11:17:48,437 - DEBUG - joeynmt.training - 	Tokenized hypothesis: ['the', 'pri@@', 'm@@', 'ari@@', 'ly', 'Indi@@', 'a', 'and', 'J@@', 'ap@@', 'ans', 'in', 'T@@', 'ok@@', 'i@@', 'o', '.', '</s>']
2026-05-09 11:17:48,437 - INFO - joeynmt.training - 	Source:     die Premierminister Indiens und Japans trafen sich in Tokio .
2026-05-09 11:17:48,437 - INFO - joeynmt.training - 	Reference:  India and Japan prime ministers meet in Tokyo
2026-05-09 11:17:48,437 - INFO - joeynmt.training - 	Hypothesis: the primarily India and Japans in Tokio .
2026-05-09 11:17:48,437 - INFO - joeynmt.training - Example #1
2026-05-09 11:17:48,437 - DEBUG - joeynmt.training - 	Tokenized source:     ['Indi@@', 'ens', 'neu@@', 'er', 'Pre@@', 'mi@@', 'er@@', 'minist@@', 'er', 'N@@', 'ar@@', 'end@@', 'ra', 'Mo@@', 'd@@', 'i', 'tri@@', 'fft', 'bei', 's@@', 'einem', 'ersten', 'wichti@@', 'gen', 'Aus@@', 'land@@', 's@@', 'bes@@', 'u@@', 'ch', 'seit', 's@@', 'einem', 'W@@', 'ah@@', 'l@@', 'si@@', 'e@@', 'g', 'im', 'Ma@@', 'i', 'seinen', 'j@@', 'ap@@', 'an@@', 'ischen', 'Am@@', 'ts@@', 'k@@', 'olle@@', 'gen', 'S@@', 'hin@@', 'z@@', 'o', 'A@@', 'be', 'in', 'T@@', 'ok@@', 'o', ',', 'um', 'wirtschaf@@', 'tliche', 'und', 'sicher@@', 'heits@@', 'politische', 'Be@@', 'zieh@@', 'ungen', 'zu', 'bes@@', 'pre@@', 'chen', '.']
2026-05-09 11:17:48,437 - DEBUG - joeynmt.training - 	Tokenized reference:  ['Indi@@', 'a', '&apos;s', 'new', 'pri@@', 'me', 'minist@@', 'er', ',', 'N@@', 'ar@@', 'end@@', 'ra', 'Mo@@', 'd@@', 'i', ',', 'is', 'me@@', 'eting', 'his', 'J@@', 'ap@@', 'an@@', 'ese', 'coun@@', 'ter@@', 'part', ',', 'S@@', 'hin@@', 'z@@', 'o', 'A@@', 'be', ',', 'in', 'T@@', 'ok@@', 'y@@', 'o', 'to', 'disc@@', 'uss', 'economic', 'and', 'security', 'ties', ',', 'on', 'his', 'first', 'major', 'fore@@', 'ign', 'visi@@', 't', 'since', 'w@@', 'inn@@', 'ing', 'Ma@@', 'y', '&apos;s', 'elec@@', 'tion', '.']
2026-05-09 11:17:48,437 - DEBUG - joeynmt.training - 	Tokenized hypothesis: ['Indi@@', 'a', '&apos;s', 'Pri@@', 'me', 'Minist@@', 'er', 'N@@', 'ar@@', 'end@@', 'ra', 'Mo@@', 'd@@', 'i', 'is', 'in', 'his', 'first', 'important', 'ex@@', 'clu@@', 'sive', 'de@@', 'bt', ',', 'in', 'his', 'first', 'important', 'ex@@', 'clu@@', 'sive', 'spe@@', 'e@@', 'ch', ',', 'the', 'S@@', 'hin@@', 'z@@', 'e@@', 'g', 'in', 'Ma@@', 'y', 'A@@', 'be', ',', 'in', 'the', 'Ma@@', 'y', 'A@@', 'be', 'in', 'T@@', 'ok@@', 'o', ',', 'in', 'T@@', 'ok@@', 'o', ',', 'and', 'saf@@', 'ety', 'political', 'rel@@', 'ations', '.', '</s>']
2026-05-09 11:17:48,437 - INFO - joeynmt.training - 	Source:     Indiens neuer Premierminister Narendra Modi trifft bei seinem ersten wichtigen Auslandsbesuch seit seinem Wahlsieg im Mai seinen japanischen Amtskollegen Shinzo Abe in Toko , um wirtschaftliche und sicherheitspolitische Beziehungen zu besprechen .
2026-05-09 11:17:48,437 - INFO - joeynmt.training - 	Reference:  India &apos;s new prime minister , Narendra Modi , is meeting his Japanese counterpart , Shinzo Abe , in Tokyo to discuss economic and security ties , on his first major foreign visit since winning May &apos;s election .
2026-05-09 11:17:48,437 - INFO - joeynmt.training - 	Hypothesis: India &apos;s Prime Minister Narendra Modi is in his first important exclusive debt , in his first important exclusive speech , the Shinzeg in May Abe , in the May Abe in Toko , in Toko , and safety political relations .
2026-05-09 11:17:48,437 - INFO - joeynmt.training - Example #2
2026-05-09 11:17:48,437 - DEBUG - joeynmt.training - 	Tokenized source:     ['Herr', 'Mo@@', 'd@@', 'i', 'befindet', 'sich', 'auf', 'einer', 'fü@@', 'n@@', 'f@@', 'tä@@', 'gi@@', 'gen', 'Rei@@', 'se', 'nach', 'J@@', 'ap@@', 'an', ',', 'um', 'die', 'wirtschaf@@', 'tlichen', 'Be@@', 'zieh@@', 'ungen', 'mit', 'der', 'd@@', 'rit@@', 't@@', 'größ@@', 'ten', 'Wirtschafts@@', 'n@@', 'ation', 'der', 'Welt', 'zu', 'fes@@', 'tigen', '.']
2026-05-09 11:17:48,437 - DEBUG - joeynmt.training - 	Tokenized reference:  ['Mr', 'Mo@@', 'd@@', 'i', 'is', 'on', 'a', 'fi@@', 've', '@@@', '-@@', '@', 'day', 'tri@@', 'p', 'to', 'J@@', 'ap@@', 'an', 'to', 'streng@@', 'then', 'economic', 'ties', 'with', 'the', 'third', 'lar@@', 'ges@@', 't', 'econom@@', 'y', 'in', 'the', 'world', '.']
2026-05-09 11:17:48,437 - DEBUG - joeynmt.training - 	Tokenized hypothesis: ['Mr', 'Mo@@', 'd@@', 'i', 'is', 'a', 'fi@@', 'f@@', 'ty', 'in', 'order', 'to', 'achie@@', 've', 'the', 'economic', 'rel@@', 'ations', 'with', 'the', 'economic', 'rel@@', 'ations', 'with', 'the', 'third', 'lar@@', 'ger', 'economic', 'rel@@', 'ations', 'with', 'the', 'world', '&apos;s', 'economic', 'n@@', 'ation', '.', '</s>']
2026-05-09 11:17:48,437 - INFO - joeynmt.training - 	Source:     Herr Modi befindet sich auf einer fünftägigen Reise nach Japan , um die wirtschaftlichen Beziehungen mit der drittgrößten Wirtschaftsnation der Welt zu festigen .
2026-05-09 11:17:48,437 - INFO - joeynmt.training - 	Reference:  Mr Modi is on a five @-@ day trip to Japan to strengthen economic ties with the third largest economy in the world .
2026-05-09 11:17:48,437 - INFO - joeynmt.training - 	Hypothesis: Mr Modi is a fifty in order to achieve the economic relations with the economic relations with the third larger economic relations with the world &apos;s economic nation .
2026-05-09 11:17:48,437 - INFO - joeynmt.training - Example #3
2026-05-09 11:17:48,438 - DEBUG - joeynmt.training - 	Tokenized source:     ['P@@', 'län@@', 'e', 'für', 'eine', 'stärk@@', 'ere', 'k@@', 'ern@@', 'techn@@', 'ische', 'Zusammenarbeit', 'stehen', 'ganz', 'ob@@', 'en', 'auf', 'der', 'Tag@@', 'es@@', 'ordnung', '.']
2026-05-09 11:17:48,438 - DEBUG - joeynmt.training - 	Tokenized reference:  ['high', 'on', 'the', 'agen@@', 'da', 'are', 'pl@@', 'ans', 'for', 'gre@@', 'ater', 'nu@@', 'clear', 'c@@', 'o', '@@@', '-@@', '@', 'operation', '.']
2026-05-09 11:17:48,438 - DEBUG - joeynmt.training - 	Tokenized hypothesis: ['P@@', 'develop@@', 's', 'are', 'very', 'much', 'more', 'seri@@', 'ous', 'techn@@', 'ical', 'cooperation', 'are', 'on', 'the', 'agen@@', 'da', '.', '</s>']
2026-05-09 11:17:48,438 - INFO - joeynmt.training - 	Source:     Pläne für eine stärkere kerntechnische Zusammenarbeit stehen ganz oben auf der Tagesordnung .
2026-05-09 11:17:48,438 - INFO - joeynmt.training - 	Reference:  high on the agenda are plans for greater nuclear co @-@ operation .
2026-05-09 11:17:48,438 - INFO - joeynmt.training - 	Hypothesis: Pdevelops are very much more serious technical cooperation are on the agenda .
2026-05-09 11:17:48,438 - INFO - joeynmt.training - Example #4
2026-05-09 11:17:48,438 - DEBUG - joeynmt.training - 	Tokenized source:     ['Berich@@', 'ten', 'zu@@', 'fol@@', 'ge', 'ho@@', 'fft', 'Indi@@', 'en', 'darüber', 'hinaus', 'auf', 'einen', 'Ver@@', 'trag', 'zur', 'Ver@@', 'tei@@', 'dig@@', 'ungs@@', 'zusammen@@', 'arbeit', 'zwischen', 'den', 'beiden', 'N@@', 'ationen', '.']
2026-05-09 11:17:48,438 - DEBUG - joeynmt.training - 	Tokenized reference:  ['Indi@@', 'a', 'is', 'also', 're@@', 'porte@@', 'dly', 'hop@@', 'ing', 'for', 'a', 'de@@', 'al', 'on', 'def@@', 'ence', 'c@@', 'oll@@', 'ab@@', 'or@@', 'ation', 'between', 'the', 'two', 'n@@', 'ations', '.']
2026-05-09 11:17:48,438 - DEBUG - joeynmt.training - 	Tokenized hypothesis: ['fur@@', 'ther@@', 'more', ',', 'the', 'high@@', 'est', 'standards', 'of', 'the', 'two', 'n@@', 'ations', 'in', 'the', 'con@@', 'text', 'of', 'the', 'two', 'N@@', 'ations', '.', '</s>']
2026-05-09 11:17:48,438 - INFO - joeynmt.training - 	Source:     Berichten zufolge hofft Indien darüber hinaus auf einen Vertrag zur Verteidigungszusammenarbeit zwischen den beiden Nationen .
2026-05-09 11:17:48,438 - INFO - joeynmt.training - 	Reference:  India is also reportedly hoping for a deal on defence collaboration between the two nations .
2026-05-09 11:17:48,438 - INFO - joeynmt.training - 	Hypothesis: furthermore , the highest standards of the two nations in the context of the two Nations .
2026-05-09 11:18:02,815 - INFO - joeynmt.training - Epoch   5, Step:    20100, Batch Loss:     1.871588, Batch Acc: 0.480579, Tokens per Sec:     6370, Lr: 0.000300
2026-05-09 11:18:17,171 - INFO - joeynmt.training - Epoch   5, Step:    20200, Batch Loss:     1.845766, Batch Acc: 0.483896, Tokens per Sec:     6432, Lr: 0.000300
2026-05-09 11:18:31,840 - INFO - joeynmt.training - Epoch   5, Step:    20300, Batch Loss:     1.950772, Batch Acc: 0.474075, Tokens per Sec:     6181, Lr: 0.000300
2026-05-09 11:18:35,926 - INFO - joeynmt.training - Epoch   5: total training loss 7854.71
2026-05-09 11:18:35,926 - INFO - joeynmt.training - EPOCH 6
2026-05-09 11:18:46,403 - INFO - joeynmt.training - Epoch   6, Step:    20400, Batch Loss:     2.077148, Batch Acc: 0.501653, Tokens per Sec:     6294, Lr: 0.000300
2026-05-09 11:19:00,889 - INFO - joeynmt.training - Epoch   6, Step:    20500, Batch Loss:     1.695304, Batch Acc: 0.498291, Tokens per Sec:     6320, Lr: 0.000300
2026-05-09 11:19:00,889 - INFO - joeynmt.prediction - Predicting 500 example(s)... (Greedy decoding with min_output_length=1, max_output_length=-1, return_prob='none', generate_unk=True, repetition_penalty=-1, no_repeat_ngram_size=-1)
2026-05-09 11:19:21,980 - INFO - joeynmt.prediction - Evaluation result (greedy) loss:   2.26, ppl:   9.59, acc:   0.42, generation: 21.0866[sec], evaluation: 0.0000[sec]
2026-05-09 11:19:22,052 - INFO - joeynmt.helpers - delete models/deen_transformer_post/18500.ckpt
2026-05-09 11:19:22,054 - INFO - joeynmt.training - Example #0
2026-05-09 11:19:22,054 - DEBUG - joeynmt.training - 	Tokenized source:     ['die', 'Pre@@', 'mi@@', 'er@@', 'minist@@', 'er', 'Indi@@', 'ens', 'und', 'J@@', 'ap@@', 'ans', 'tra@@', 'fen', 'sich', 'in', 'T@@', 'ok@@', 'i@@', 'o', '.']
2026-05-09 11:19:22,054 - DEBUG - joeynmt.training - 	Tokenized reference:  ['Indi@@', 'a', 'and', 'J@@', 'ap@@', 'an', 'pri@@', 'me', 'minist@@', 'ers', 'me@@', 'et', 'in', 'T@@', 'ok@@', 'y@@', 'o']
2026-05-09 11:19:22,054 - DEBUG - joeynmt.training - 	Tokenized hypothesis: ['the', 'pri@@', 'm@@', 'ari@@', 'ly', 'Indi@@', 'a', 'and', 'J@@', 'ap@@', 'ans', 'are', 'in', 'T@@', 'ok@@', 'y@@', 'o', '.', '</s>']
2026-05-09 11:19:22,054 - INFO - joeynmt.training - 	Source:     die Premierminister Indiens und Japans trafen sich in Tokio .
2026-05-09 11:19:22,054 - INFO - joeynmt.training - 	Reference:  India and Japan prime ministers meet in Tokyo
2026-05-09 11:19:22,054 - INFO - joeynmt.training - 	Hypothesis: the primarily India and Japans are in Tokyo .
2026-05-09 11:19:22,054 - INFO - joeynmt.training - Example #1
2026-05-09 11:19:22,054 - DEBUG - joeynmt.training - 	Tokenized source:     ['Indi@@', 'ens', 'neu@@', 'er', 'Pre@@', 'mi@@', 'er@@', 'minist@@', 'er', 'N@@', 'ar@@', 'end@@', 'ra', 'Mo@@', 'd@@', 'i', 'tri@@', 'fft', 'bei', 's@@', 'einem', 'ersten', 'wichti@@', 'gen', 'Aus@@', 'land@@', 's@@', 'bes@@', 'u@@', 'ch', 'seit', 's@@', 'einem', 'W@@', 'ah@@', 'l@@', 'si@@', 'e@@', 'g', 'im', 'Ma@@', 'i', 'seinen', 'j@@', 'ap@@', 'an@@', 'ischen', 'Am@@', 'ts@@', 'k@@', 'olle@@', 'gen', 'S@@', 'hin@@', 'z@@', 'o', 'A@@', 'be', 'in', 'T@@', 'ok@@', 'o', ',', 'um', 'wirtschaf@@', 'tliche', 'und', 'sicher@@', 'heits@@', 'politische', 'Be@@', 'zieh@@', 'ungen', 'zu', 'bes@@', 'pre@@', 'chen', '.']
2026-05-09 11:19:22,054 - DEBUG - joeynmt.training - 	Tokenized reference:  ['Indi@@', 'a', '&apos;s', 'new', 'pri@@', 'me', 'minist@@', 'er', ',', 'N@@', 'ar@@', 'end@@', 'ra', 'Mo@@', 'd@@', 'i', ',', 'is', 'me@@', 'eting', 'his', 'J@@', 'ap@@', 'an@@', 'ese', 'coun@@', 'ter@@', 'part', ',', 'S@@', 'hin@@', 'z@@', 'o', 'A@@', 'be', ',', 'in', 'T@@', 'ok@@', 'y@@', 'o', 'to', 'disc@@', 'uss', 'economic', 'and', 'security', 'ties', ',', 'on', 'his', 'first', 'major', 'fore@@', 'ign', 'visi@@', 't', 'since', 'w@@', 'inn@@', 'ing', 'Ma@@', 'y', '&apos;s', 'elec@@', 'tion', '.']
2026-05-09 11:19:22,054 - DEBUG - joeynmt.training - 	Tokenized hypothesis: ['Indi@@', 'a', '&apos;s', 'first', 'pri@@', 'me', 'minist@@', 'er', 'N@@', 'ar@@', 'end@@', 'ra', 'Mo@@', 'd@@', 'i', ',', 'in', 'his', 'first', 'important', 'ex@@', 'am@@', 'pl@@', 'es', 'in', 'the', 'first', 'important', 'ex@@', 'am@@', 'pl@@', 'es', 'of', 'his', 'elec@@', 'tion', 'in', 'Ma@@', 'y', ',', 'and', 'his', 'j@@', 'ap@@', 'an@@', 'ese', 'colle@@', 'c@@', 'tive', 'and', 'saf@@', 'ety', 'policy', 'rel@@', 'ations', '.', '</s>']
2026-05-09 11:19:22,054 - INFO - joeynmt.training - 	Source:     Indiens neuer Premierminister Narendra Modi trifft bei seinem ersten wichtigen Auslandsbesuch seit seinem Wahlsieg im Mai seinen japanischen Amtskollegen Shinzo Abe in Toko , um wirtschaftliche und sicherheitspolitische Beziehungen zu besprechen .
2026-05-09 11:19:22,054 - INFO - joeynmt.training - 	Reference:  India &apos;s new prime minister , Narendra Modi , is meeting his Japanese counterpart , Shinzo Abe , in Tokyo to discuss economic and security ties , on his first major foreign visit since winning May &apos;s election .
2026-05-09 11:19:22,054 - INFO - joeynmt.training - 	Hypothesis: India &apos;s first prime minister Narendra Modi , in his first important examples in the first important examples of his election in May , and his japanese collective and safety policy relations .
2026-05-09 11:19:22,054 - INFO - joeynmt.training - Example #2
2026-05-09 11:19:22,054 - DEBUG - joeynmt.training - 	Tokenized source:     ['Herr', 'Mo@@', 'd@@', 'i', 'befindet', 'sich', 'auf', 'einer', 'fü@@', 'n@@', 'f@@', 'tä@@', 'gi@@', 'gen', 'Rei@@', 'se', 'nach', 'J@@', 'ap@@', 'an', ',', 'um', 'die', 'wirtschaf@@', 'tlichen', 'Be@@', 'zieh@@', 'ungen', 'mit', 'der', 'd@@', 'rit@@', 't@@', 'größ@@', 'ten', 'Wirtschafts@@', 'n@@', 'ation', 'der', 'Welt', 'zu', 'fes@@', 'tigen', '.']
2026-05-09 11:19:22,054 - DEBUG - joeynmt.training - 	Tokenized reference:  ['Mr', 'Mo@@', 'd@@', 'i', 'is', 'on', 'a', 'fi@@', 've', '@@@', '-@@', '@', 'day', 'tri@@', 'p', 'to', 'J@@', 'ap@@', 'an', 'to', 'streng@@', 'then', 'economic', 'ties', 'with', 'the', 'third', 'lar@@', 'ges@@', 't', 'econom@@', 'y', 'in', 'the', 'world', '.']
2026-05-09 11:19:22,054 - DEBUG - joeynmt.training - 	Tokenized hypothesis: ['Mr', 'Mo@@', 'd@@', 'i', 'is', 'a', 'fi@@', 'f@@', 'th', 'f@@', 'it@@', 'ted', 'on', 'the', 'gro@@', 'und', 'to', 'j@@', 'us@@', 'ti@@', 'fy', 'the', 'economic', 'n@@', 'ation', 'of', 'the', 'world', '&apos;s', 'economic', 'n@@', 'ation', '.', '</s>']
2026-05-09 11:19:22,054 - INFO - joeynmt.training - 	Source:     Herr Modi befindet sich auf einer fünftägigen Reise nach Japan , um die wirtschaftlichen Beziehungen mit der drittgrößten Wirtschaftsnation der Welt zu festigen .
2026-05-09 11:19:22,054 - INFO - joeynmt.training - 	Reference:  Mr Modi is on a five @-@ day trip to Japan to strengthen economic ties with the third largest economy in the world .
2026-05-09 11:19:22,055 - INFO - joeynmt.training - 	Hypothesis: Mr Modi is a fifth fitted on the ground to justify the economic nation of the world &apos;s economic nation .
2026-05-09 11:19:22,055 - INFO - joeynmt.training - Example #3
2026-05-09 11:19:22,055 - DEBUG - joeynmt.training - 	Tokenized source:     ['P@@', 'län@@', 'e', 'für', 'eine', 'stärk@@', 'ere', 'k@@', 'ern@@', 'techn@@', 'ische', 'Zusammenarbeit', 'stehen', 'ganz', 'ob@@', 'en', 'auf', 'der', 'Tag@@', 'es@@', 'ordnung', '.']
2026-05-09 11:19:22,055 - DEBUG - joeynmt.training - 	Tokenized reference:  ['high', 'on', 'the', 'agen@@', 'da', 'are', 'pl@@', 'ans', 'for', 'gre@@', 'ater', 'nu@@', 'clear', 'c@@', 'o', '@@@', '-@@', '@', 'operation', '.']
2026-05-09 11:19:22,055 - DEBUG - joeynmt.training - 	Tokenized hypothesis: ['P@@', 'develop@@', 'ing', 'techn@@', 'ical', 'cooperation', 'are', 'very', 'important', 'to', 'the', 'agen@@', 'da', '.', '</s>']
2026-05-09 11:19:22,055 - INFO - joeynmt.training - 	Source:     Pläne für eine stärkere kerntechnische Zusammenarbeit stehen ganz oben auf der Tagesordnung .
2026-05-09 11:19:22,055 - INFO - joeynmt.training - 	Reference:  high on the agenda are plans for greater nuclear co @-@ operation .
2026-05-09 11:19:22,055 - INFO - joeynmt.training - 	Hypothesis: Pdeveloping technical cooperation are very important to the agenda .
2026-05-09 11:19:22,055 - INFO - joeynmt.training - Example #4
2026-05-09 11:19:22,055 - DEBUG - joeynmt.training - 	Tokenized source:     ['Berich@@', 'ten', 'zu@@', 'fol@@', 'ge', 'ho@@', 'fft', 'Indi@@', 'en', 'darüber', 'hinaus', 'auf', 'einen', 'Ver@@', 'trag', 'zur', 'Ver@@', 'tei@@', 'dig@@', 'ungs@@', 'zusammen@@', 'arbeit', 'zwischen', 'den', 'beiden', 'N@@', 'ationen', '.']
2026-05-09 11:19:22,055 - DEBUG - joeynmt.training - 	Tokenized reference:  ['Indi@@', 'a', 'is', 'also', 're@@', 'porte@@', 'dly', 'hop@@', 'ing', 'for', 'a', 'de@@', 'al', 'on', 'def@@', 'ence', 'c@@', 'oll@@', 'ab@@', 'or@@', 'ation', 'between', 'the', 'two', 'n@@', 'ations', '.']
2026-05-09 11:19:22,055 - DEBUG - joeynmt.training - 	Tokenized hypothesis: ['mo@@', 're@@', 'over', ',', 'Indi@@', 'a', 'is', 'also', 'the', 'con@@', 'tra@@', 'ct', 'to', 'a', 'con@@', 'tra@@', 'ct', 'between', 'the', 'two', 'n@@', 'ations', '.', '</s>']
2026-05-09 11:19:22,055 - INFO - joeynmt.training - 	Source:     Berichten zufolge hofft Indien darüber hinaus auf einen Vertrag zur Verteidigungszusammenarbeit zwischen den beiden Nationen .
2026-05-09 11:19:22,055 - INFO - joeynmt.training - 	Reference:  India is also reportedly hoping for a deal on defence collaboration between the two nations .
2026-05-09 11:19:22,055 - INFO - joeynmt.training - 	Hypothesis: moreover , India is also the contract to a contract between the two nations .
2026-05-09 11:19:36,722 - INFO - joeynmt.training - Epoch   6, Step:    20600, Batch Loss:     1.867809, Batch Acc: 0.500902, Tokens per Sec:     6283, Lr: 0.000300
2026-05-09 11:19:51,436 - INFO - joeynmt.training - Epoch   6, Step:    20700, Batch Loss:     1.595220, Batch Acc: 0.493862, Tokens per Sec:     6295, Lr: 0.000300
2026-05-09 11:20:06,005 - INFO - joeynmt.training - Epoch   6, Step:    20800, Batch Loss:     1.854144, Batch Acc: 0.496966, Tokens per Sec:     6255, Lr: 0.000300
2026-05-09 11:20:20,731 - INFO - joeynmt.training - Epoch   6, Step:    20900, Batch Loss:     1.873555, Batch Acc: 0.494967, Tokens per Sec:     6308, Lr: 0.000300
2026-05-09 11:20:35,502 - INFO - joeynmt.training - Epoch   6, Step:    21000, Batch Loss:     1.701501, Batch Acc: 0.499590, Tokens per Sec:     6275, Lr: 0.000300
2026-05-09 11:20:35,502 - INFO - joeynmt.prediction - Predicting 500 example(s)... (Greedy decoding with min_output_length=1, max_output_length=-1, return_prob='none', generate_unk=True, repetition_penalty=-1, no_repeat_ngram_size=-1)
2026-05-09 11:20:56,016 - INFO - joeynmt.prediction - Evaluation result (greedy) loss:   2.26, ppl:   9.57, acc:   0.42, generation: 20.5110[sec], evaluation: 0.0000[sec]
2026-05-09 11:20:56,018 - INFO - joeynmt.training - Hooray! New best validation result [ppl]!
2026-05-09 11:20:56,089 - INFO - joeynmt.helpers - delete models/deen_transformer_post/18000.ckpt
2026-05-09 11:20:56,090 - INFO - joeynmt.training - Example #0
2026-05-09 11:20:56,091 - DEBUG - joeynmt.training - 	Tokenized source:     ['die', 'Pre@@', 'mi@@', 'er@@', 'minist@@', 'er', 'Indi@@', 'ens', 'und', 'J@@', 'ap@@', 'ans', 'tra@@', 'fen', 'sich', 'in', 'T@@', 'ok@@', 'i@@', 'o', '.']
2026-05-09 11:20:56,091 - DEBUG - joeynmt.training - 	Tokenized reference:  ['Indi@@', 'a', 'and', 'J@@', 'ap@@', 'an', 'pri@@', 'me', 'minist@@', 'ers', 'me@@', 'et', 'in', 'T@@', 'ok@@', 'y@@', 'o']
2026-05-09 11:20:56,091 - DEBUG - joeynmt.training - 	Tokenized hypothesis: ['the', 'Pri@@', 'me', 'Minist@@', 'er', 'of', 'Indi@@', 'a', 'and', 'J@@', 'ap@@', 'ans', ',', 'T@@', 'ok@@', 'i', '.', '</s>']
2026-05-09 11:20:56,091 - INFO - joeynmt.training - 	Source:     die Premierminister Indiens und Japans trafen sich in Tokio .
2026-05-09 11:20:56,091 - INFO - joeynmt.training - 	Reference:  India and Japan prime ministers meet in Tokyo
2026-05-09 11:20:56,091 - INFO - joeynmt.training - 	Hypothesis: the Prime Minister of India and Japans , Toki .
2026-05-09 11:20:56,091 - INFO - joeynmt.training - Example #1
2026-05-09 11:20:56,091 - DEBUG - joeynmt.training - 	Tokenized source:     ['Indi@@', 'ens', 'neu@@', 'er', 'Pre@@', 'mi@@', 'er@@', 'minist@@', 'er', 'N@@', 'ar@@', 'end@@', 'ra', 'Mo@@', 'd@@', 'i', 'tri@@', 'fft', 'bei', 's@@', 'einem', 'ersten', 'wichti@@', 'gen', 'Aus@@', 'land@@', 's@@', 'bes@@', 'u@@', 'ch', 'seit', 's@@', 'einem', 'W@@', 'ah@@', 'l@@', 'si@@', 'e@@', 'g', 'im', 'Ma@@', 'i', 'seinen', 'j@@', 'ap@@', 'an@@', 'ischen', 'Am@@', 'ts@@', 'k@@', 'olle@@', 'gen', 'S@@', 'hin@@', 'z@@', 'o', 'A@@', 'be', 'in', 'T@@', 'ok@@', 'o', ',', 'um', 'wirtschaf@@', 'tliche', 'und', 'sicher@@', 'heits@@', 'politische', 'Be@@', 'zieh@@', 'ungen', 'zu', 'bes@@', 'pre@@', 'chen', '.']
2026-05-09 11:20:56,091 - DEBUG - joeynmt.training - 	Tokenized reference:  ['Indi@@', 'a', '&apos;s', 'new', 'pri@@', 'me', 'minist@@', 'er', ',', 'N@@', 'ar@@', 'end@@', 'ra', 'Mo@@', 'd@@', 'i', ',', 'is', 'me@@', 'eting', 'his', 'J@@', 'ap@@', 'an@@', 'ese', 'coun@@', 'ter@@', 'part', ',', 'S@@', 'hin@@', 'z@@', 'o', 'A@@', 'be', ',', 'in', 'T@@', 'ok@@', 'y@@', 'o', 'to', 'disc@@', 'uss', 'economic', 'and', 'security', 'ties', ',', 'on', 'his', 'first', 'major', 'fore@@', 'ign', 'visi@@', 't', 'since', 'w@@', 'inn@@', 'ing', 'Ma@@', 'y', '&apos;s', 'elec@@', 'tion', '.']
2026-05-09 11:20:56,091 - DEBUG - joeynmt.training - 	Tokenized hypothesis: ['Indi@@', 'a', '&apos;s', 'Pri@@', 'me', 'Minist@@', 'er', 'N@@', 'ar@@', 'd@@', 'i', 'N@@', 'ar@@', 'd@@', 'i', ',', 'has', 'been', 'made', 'in', 'his', 'first', 'important', 'ex@@', 'clu@@', 'si@@', 'vely', 'in', 'the', 'Ma@@', 'y', 'S@@', 'hin@@', 'z@@', 'e@@', 'ch', 'S@@', 'hin@@', 'z@@', 'e@@', 'ch', 'S@@', 'hin@@', 'z@@', 'e@@', 'ch', 'S@@', 'hin@@', 'z@@', 'e@@', 'ch', 'in', 'the', 'Ma@@', 'y', 'of', 'the', 'first', 'first', '.', '</s>']
2026-05-09 11:20:56,091 - INFO - joeynmt.training - 	Source:     Indiens neuer Premierminister Narendra Modi trifft bei seinem ersten wichtigen Auslandsbesuch seit seinem Wahlsieg im Mai seinen japanischen Amtskollegen Shinzo Abe in Toko , um wirtschaftliche und sicherheitspolitische Beziehungen zu besprechen .
2026-05-09 11:20:56,091 - INFO - joeynmt.training - 	Reference:  India &apos;s new prime minister , Narendra Modi , is meeting his Japanese counterpart , Shinzo Abe , in Tokyo to discuss economic and security ties , on his first major foreign visit since winning May &apos;s election .
2026-05-09 11:20:56,091 - INFO - joeynmt.training - 	Hypothesis: India &apos;s Prime Minister Nardi Nardi , has been made in his first important exclusively in the May Shinzech Shinzech Shinzech Shinzech in the May of the first first .
2026-05-09 11:20:56,091 - INFO - joeynmt.training - Example #2
2026-05-09 11:20:56,091 - DEBUG - joeynmt.training - 	Tokenized source:     ['Herr', 'Mo@@', 'd@@', 'i', 'befindet', 'sich', 'auf', 'einer', 'fü@@', 'n@@', 'f@@', 'tä@@', 'gi@@', 'gen', 'Rei@@', 'se', 'nach', 'J@@', 'ap@@', 'an', ',', 'um', 'die', 'wirtschaf@@', 'tlichen', 'Be@@', 'zieh@@', 'ungen', 'mit', 'der', 'd@@', 'rit@@', 't@@', 'größ@@', 'ten', 'Wirtschafts@@', 'n@@', 'ation', 'der', 'Welt', 'zu', 'fes@@', 'tigen', '.']
2026-05-09 11:20:56,091 - DEBUG - joeynmt.training - 	Tokenized reference:  ['Mr', 'Mo@@', 'd@@', 'i', 'is', 'on', 'a', 'fi@@', 've', '@@@', '-@@', '@', 'day', 'tri@@', 'p', 'to', 'J@@', 'ap@@', 'an', 'to', 'streng@@', 'then', 'economic', 'ties', 'with', 'the', 'third', 'lar@@', 'ges@@', 't', 'econom@@', 'y', 'in', 'the', 'world', '.']
2026-05-09 11:20:56,091 - DEBUG - joeynmt.training - 	Tokenized hypothesis: ['Mr', 'Mo@@', 'd@@', 'i', 'is', 'located', 'on', 'a', 'fi@@', 'f@@', 'ty', 'to@@', 'wn', 'to', 'the', 'economic', 'rel@@', 'ations', 'with', 'the', 'economic', 'rel@@', 'ations', 'with', 'the', 'third', 'world', '&apos;s', 'economic', 'n@@', 'ation', '.', '</s>']
2026-05-09 11:20:56,091 - INFO - joeynmt.training - 	Source:     Herr Modi befindet sich auf einer fünftägigen Reise nach Japan , um die wirtschaftlichen Beziehungen mit der drittgrößten Wirtschaftsnation der Welt zu festigen .
2026-05-09 11:20:56,091 - INFO - joeynmt.training - 	Reference:  Mr Modi is on a five @-@ day trip to Japan to strengthen economic ties with the third largest economy in the world .
2026-05-09 11:20:56,091 - INFO - joeynmt.training - 	Hypothesis: Mr Modi is located on a fifty town to the economic relations with the economic relations with the third world &apos;s economic nation .
2026-05-09 11:20:56,091 - INFO - joeynmt.training - Example #3
2026-05-09 11:20:56,091 - DEBUG - joeynmt.training - 	Tokenized source:     ['P@@', 'län@@', 'e', 'für', 'eine', 'stärk@@', 'ere', 'k@@', 'ern@@', 'techn@@', 'ische', 'Zusammenarbeit', 'stehen', 'ganz', 'ob@@', 'en', 'auf', 'der', 'Tag@@', 'es@@', 'ordnung', '.']
2026-05-09 11:20:56,091 - DEBUG - joeynmt.training - 	Tokenized reference:  ['high', 'on', 'the', 'agen@@', 'da', 'are', 'pl@@', 'ans', 'for', 'gre@@', 'ater', 'nu@@', 'clear', 'c@@', 'o', '@@@', '-@@', '@', 'operation', '.']
2026-05-09 11:20:56,091 - DEBUG - joeynmt.training - 	Tokenized hypothesis: ['P@@', 'lan@@', 'ce', 'has', 'more', 'seri@@', 'ous', 'techn@@', 'ical', 'cooperation', '.', '</s>']
2026-05-09 11:20:56,091 - INFO - joeynmt.training - 	Source:     Pläne für eine stärkere kerntechnische Zusammenarbeit stehen ganz oben auf der Tagesordnung .
2026-05-09 11:20:56,091 - INFO - joeynmt.training - 	Reference:  high on the agenda are plans for greater nuclear co @-@ operation .
2026-05-09 11:20:56,091 - INFO - joeynmt.training - 	Hypothesis: Plance has more serious technical cooperation .
2026-05-09 11:20:56,091 - INFO - joeynmt.training - Example #4
2026-05-09 11:20:56,091 - DEBUG - joeynmt.training - 	Tokenized source:     ['Berich@@', 'ten', 'zu@@', 'fol@@', 'ge', 'ho@@', 'fft', 'Indi@@', 'en', 'darüber', 'hinaus', 'auf', 'einen', 'Ver@@', 'trag', 'zur', 'Ver@@', 'tei@@', 'dig@@', 'ungs@@', 'zusammen@@', 'arbeit', 'zwischen', 'den', 'beiden', 'N@@', 'ationen', '.']
2026-05-09 11:20:56,091 - DEBUG - joeynmt.training - 	Tokenized reference:  ['Indi@@', 'a', 'is', 'also', 're@@', 'porte@@', 'dly', 'hop@@', 'ing', 'for', 'a', 'de@@', 'al', 'on', 'def@@', 'ence', 'c@@', 'oll@@', 'ab@@', 'or@@', 'ation', 'between', 'the', 'two', 'n@@', 'ations', '.']
2026-05-09 11:20:56,091 - DEBUG - joeynmt.training - 	Tokenized hypothesis: ['in', 'ad@@', 'dition', ',', 'Indi@@', 'a', 'has', 'also', 'been', 'made', 'to', 'a', 'con@@', 'tra@@', 'ct', 'on', 'the', 'con@@', 'tra@@', 'ct', 'between', 'the', 'two', 'n@@', 'ations', '.', '</s>']
2026-05-09 11:20:56,092 - INFO - joeynmt.training - 	Source:     Berichten zufolge hofft Indien darüber hinaus auf einen Vertrag zur Verteidigungszusammenarbeit zwischen den beiden Nationen .
2026-05-09 11:20:56,092 - INFO - joeynmt.training - 	Reference:  India is also reportedly hoping for a deal on defence collaboration between the two nations .
2026-05-09 11:20:56,092 - INFO - joeynmt.training - 	Hypothesis: in addition , India has also been made to a contract on the contract between the two nations .
2026-05-09 11:21:10,669 - INFO - joeynmt.training - Epoch   6, Step:    21100, Batch Loss:     1.804289, Batch Acc: 0.497363, Tokens per Sec:     6147, Lr: 0.000300
2026-05-09 11:21:25,344 - INFO - joeynmt.training - Epoch   6, Step:    21200, Batch Loss:     2.031358, Batch Acc: 0.489268, Tokens per Sec:     6281, Lr: 0.000300
2026-05-09 11:21:40,035 - INFO - joeynmt.training - Epoch   6, Step:    21300, Batch Loss:     1.971265, Batch Acc: 0.495078, Tokens per Sec:     6341, Lr: 0.000300
2026-05-09 11:21:54,691 - INFO - joeynmt.training - Epoch   6, Step:    21400, Batch Loss:     1.781100, Batch Acc: 0.494061, Tokens per Sec:     6193, Lr: 0.000300
2026-05-09 11:22:09,227 - INFO - joeynmt.training - Epoch   6, Step:    21500, Batch Loss:     1.767851, Batch Acc: 0.495417, Tokens per Sec:     6297, Lr: 0.000300
2026-05-09 11:22:09,227 - INFO - joeynmt.prediction - Predicting 500 example(s)... (Greedy decoding with min_output_length=1, max_output_length=-1, return_prob='none', generate_unk=True, repetition_penalty=-1, no_repeat_ngram_size=-1)
2026-05-09 11:22:33,551 - INFO - joeynmt.prediction - Evaluation result (greedy) loss:   2.24, ppl:   9.41, acc:   0.42, generation: 24.3199[sec], evaluation: 0.0000[sec]
2026-05-09 11:22:33,552 - INFO - joeynmt.training - Hooray! New best validation result [ppl]!
2026-05-09 11:22:33,619 - INFO - joeynmt.helpers - delete models/deen_transformer_post/19000.ckpt
2026-05-09 11:22:33,621 - INFO - joeynmt.training - Example #0
2026-05-09 11:22:33,621 - DEBUG - joeynmt.training - 	Tokenized source:     ['die', 'Pre@@', 'mi@@', 'er@@', 'minist@@', 'er', 'Indi@@', 'ens', 'und', 'J@@', 'ap@@', 'ans', 'tra@@', 'fen', 'sich', 'in', 'T@@', 'ok@@', 'i@@', 'o', '.']
2026-05-09 11:22:33,621 - DEBUG - joeynmt.training - 	Tokenized reference:  ['Indi@@', 'a', 'and', 'J@@', 'ap@@', 'an', 'pri@@', 'me', 'minist@@', 'ers', 'me@@', 'et', 'in', 'T@@', 'ok@@', 'y@@', 'o']
2026-05-09 11:22:33,621 - DEBUG - joeynmt.training - 	Tokenized hypothesis: ['the', 'Pri@@', 'me', 'Minist@@', 'er', 'Indi@@', 'a', 'and', 'J@@', 'ap@@', 'an', ',', 'in', 'T@@', 'ok@@', 'i', '.', '</s>']
2026-05-09 11:22:33,621 - INFO - joeynmt.training - 	Source:     die Premierminister Indiens und Japans trafen sich in Tokio .
2026-05-09 11:22:33,621 - INFO - joeynmt.training - 	Reference:  India and Japan prime ministers meet in Tokyo
2026-05-09 11:22:33,621 - INFO - joeynmt.training - 	Hypothesis: the Prime Minister India and Japan , in Toki .
2026-05-09 11:22:33,621 - INFO - joeynmt.training - Example #1
2026-05-09 11:22:33,621 - DEBUG - joeynmt.training - 	Tokenized source:     ['Indi@@', 'ens', 'neu@@', 'er', 'Pre@@', 'mi@@', 'er@@', 'minist@@', 'er', 'N@@', 'ar@@', 'end@@', 'ra', 'Mo@@', 'd@@', 'i', 'tri@@', 'fft', 'bei', 's@@', 'einem', 'ersten', 'wichti@@', 'gen', 'Aus@@', 'land@@', 's@@', 'bes@@', 'u@@', 'ch', 'seit', 's@@', 'einem', 'W@@', 'ah@@', 'l@@', 'si@@', 'e@@', 'g', 'im', 'Ma@@', 'i', 'seinen', 'j@@', 'ap@@', 'an@@', 'ischen', 'Am@@', 'ts@@', 'k@@', 'olle@@', 'gen', 'S@@', 'hin@@', 'z@@', 'o', 'A@@', 'be', 'in', 'T@@', 'ok@@', 'o', ',', 'um', 'wirtschaf@@', 'tliche', 'und', 'sicher@@', 'heits@@', 'politische', 'Be@@', 'zieh@@', 'ungen', 'zu', 'bes@@', 'pre@@', 'chen', '.']
2026-05-09 11:22:33,621 - DEBUG - joeynmt.training - 	Tokenized reference:  ['Indi@@', 'a', '&apos;s', 'new', 'pri@@', 'me', 'minist@@', 'er', ',', 'N@@', 'ar@@', 'end@@', 'ra', 'Mo@@', 'd@@', 'i', ',', 'is', 'me@@', 'eting', 'his', 'J@@', 'ap@@', 'an@@', 'ese', 'coun@@', 'ter@@', 'part', ',', 'S@@', 'hin@@', 'z@@', 'o', 'A@@', 'be', ',', 'in', 'T@@', 'ok@@', 'y@@', 'o', 'to', 'disc@@', 'uss', 'economic', 'and', 'security', 'ties', ',', 'on', 'his', 'first', 'major', 'fore@@', 'ign', 'visi@@', 't', 'since', 'w@@', 'inn@@', 'ing', 'Ma@@', 'y', '&apos;s', 'elec@@', 'tion', '.']
2026-05-09 11:22:33,621 - DEBUG - joeynmt.training - 	Tokenized hypothesis: ['Indi@@', 'a', '&apos;s', 'Ne@@', 'w', 'Pri@@', 'me', 'Minist@@', 'er', 'N@@', 'ar@@', 'd@@', 'i', ',', 'in', 'his', 'first', 'first', 'important', 'ex@@', 'clu@@', 'si@@', 'vely', ',', 'the', 'first', 'of', 'the', 'M@@', 'at@@', 'ri@@', 'c', ',', 'and', 'his', 'J@@', 'ap@@', 'an@@', 'ese', ',', 'and', 'the', 'S@@', 'hin@@', 'z@@', 'ap@@', 'an@@', 'ese', ',', 'and', 'the', 'S@@', 'hin@@', 'z@@', 'ap@@', 'an@@', 'ese', ',', 'to', 'be', 'able', 'to', 'de@@', 'al', 'with', 'economic', 'and', 'security', 'policy', 'rel@@', 'ations', '.', '</s>']
2026-05-09 11:22:33,621 - INFO - joeynmt.training - 	Source:     Indiens neuer Premierminister Narendra Modi trifft bei seinem ersten wichtigen Auslandsbesuch seit seinem Wahlsieg im Mai seinen japanischen Amtskollegen Shinzo Abe in Toko , um wirtschaftliche und sicherheitspolitische Beziehungen zu besprechen .
2026-05-09 11:22:33,621 - INFO - joeynmt.training - 	Reference:  India &apos;s new prime minister , Narendra Modi , is meeting his Japanese counterpart , Shinzo Abe , in Tokyo to discuss economic and security ties , on his first major foreign visit since winning May &apos;s election .
2026-05-09 11:22:33,621 - INFO - joeynmt.training - 	Hypothesis: India &apos;s New Prime Minister Nardi , in his first first important exclusively , the first of the Matric , and his Japanese , and the Shinzapanese , and the Shinzapanese , to be able to deal with economic and security policy relations .
2026-05-09 11:22:33,621 - INFO - joeynmt.training - Example #2
2026-05-09 11:22:33,622 - DEBUG - joeynmt.training - 	Tokenized source:     ['Herr', 'Mo@@', 'd@@', 'i', 'befindet', 'sich', 'auf', 'einer', 'fü@@', 'n@@', 'f@@', 'tä@@', 'gi@@', 'gen', 'Rei@@', 'se', 'nach', 'J@@', 'ap@@', 'an', ',', 'um', 'die', 'wirtschaf@@', 'tlichen', 'Be@@', 'zieh@@', 'ungen', 'mit', 'der', 'd@@', 'rit@@', 't@@', 'größ@@', 'ten', 'Wirtschafts@@', 'n@@', 'ation', 'der', 'Welt', 'zu', 'fes@@', 'tigen', '.']
2026-05-09 11:22:33,622 - DEBUG - joeynmt.training - 	Tokenized reference:  ['Mr', 'Mo@@', 'd@@', 'i', 'is', 'on', 'a', 'fi@@', 've', '@@@', '-@@', '@', 'day', 'tri@@', 'p', 'to', 'J@@', 'ap@@', 'an', 'to', 'streng@@', 'then', 'economic', 'ties', 'with', 'the', 'third', 'lar@@', 'ges@@', 't', 'econom@@', 'y', 'in', 'the', 'world', '.']
2026-05-09 11:22:33,622 - DEBUG - joeynmt.training - 	Tokenized hypothesis: ['Mr', 'Mo@@', 'd@@', 'i', 'is', 'a', 'fe@@', 'ed@@', 'ly', 'on', 'a', 'fi@@', 'f@@', 'ty', 'number', 'of', 'people', 'to', 'ex@@', 'er@@', 'c@@', 'ise', 'the', 'economic', 'rel@@', 'ations', 'with', 'the', 'third', 'lar@@', 'ges@@', 't', 'economic', 'rel@@', 'ations', '.', '</s>']
2026-05-09 11:22:33,622 - INFO - joeynmt.training - 	Source:     Herr Modi befindet sich auf einer fünftägigen Reise nach Japan , um die wirtschaftlichen Beziehungen mit der drittgrößten Wirtschaftsnation der Welt zu festigen .
2026-05-09 11:22:33,622 - INFO - joeynmt.training - 	Reference:  Mr Modi is on a five @-@ day trip to Japan to strengthen economic ties with the third largest economy in the world .
2026-05-09 11:22:33,622 - INFO - joeynmt.training - 	Hypothesis: Mr Modi is a feedly on a fifty number of people to exercise the economic relations with the third largest economic relations .
2026-05-09 11:22:33,622 - INFO - joeynmt.training - Example #3
2026-05-09 11:22:33,622 - DEBUG - joeynmt.training - 	Tokenized source:     ['P@@', 'län@@', 'e', 'für', 'eine', 'stärk@@', 'ere', 'k@@', 'ern@@', 'techn@@', 'ische', 'Zusammenarbeit', 'stehen', 'ganz', 'ob@@', 'en', 'auf', 'der', 'Tag@@', 'es@@', 'ordnung', '.']
2026-05-09 11:22:33,622 - DEBUG - joeynmt.training - 	Tokenized reference:  ['high', 'on', 'the', 'agen@@', 'da', 'are', 'pl@@', 'ans', 'for', 'gre@@', 'ater', 'nu@@', 'clear', 'c@@', 'o', '@@@', '-@@', '@', 'operation', '.']
2026-05-09 11:22:33,622 - DEBUG - joeynmt.training - 	Tokenized hypothesis: ['P@@', 'lan@@', 'k', '&apos;s', 'gre@@', 'ater', 'nu@@', 'clear', 'techn@@', 'ical', 'cooperation', 'is', 'based', 'on', 'the', 'agen@@', 'da', '.', '</s>']
2026-05-09 11:22:33,622 - INFO - joeynmt.training - 	Source:     Pläne für eine stärkere kerntechnische Zusammenarbeit stehen ganz oben auf der Tagesordnung .
2026-05-09 11:22:33,622 - INFO - joeynmt.training - 	Reference:  high on the agenda are plans for greater nuclear co @-@ operation .
2026-05-09 11:22:33,622 - INFO - joeynmt.training - 	Hypothesis: Plank &apos;s greater nuclear technical cooperation is based on the agenda .
2026-05-09 11:22:33,622 - INFO - joeynmt.training - Example #4
2026-05-09 11:22:33,622 - DEBUG - joeynmt.training - 	Tokenized source:     ['Berich@@', 'ten', 'zu@@', 'fol@@', 'ge', 'ho@@', 'fft', 'Indi@@', 'en', 'darüber', 'hinaus', 'auf', 'einen', 'Ver@@', 'trag', 'zur', 'Ver@@', 'tei@@', 'dig@@', 'ungs@@', 'zusammen@@', 'arbeit', 'zwischen', 'den', 'beiden', 'N@@', 'ationen', '.']
2026-05-09 11:22:33,622 - DEBUG - joeynmt.training - 	Tokenized reference:  ['Indi@@', 'a', 'is', 'also', 're@@', 'porte@@', 'dly', 'hop@@', 'ing', 'for', 'a', 'de@@', 'al', 'on', 'def@@', 'ence', 'c@@', 'oll@@', 'ab@@', 'or@@', 'ation', 'between', 'the', 'two', 'n@@', 'ations', '.']
2026-05-09 11:22:33,622 - DEBUG - joeynmt.training - 	Tokenized hypothesis: ['mo@@', 're@@', 'over', ',', 'Indi@@', 'a', '&apos;s', 'high@@', 'est', 'quality', 'between', 'the', 'two', 'N@@', 'ations', '.', '</s>']
2026-05-09 11:22:33,622 - INFO - joeynmt.training - 	Source:     Berichten zufolge hofft Indien darüber hinaus auf einen Vertrag zur Verteidigungszusammenarbeit zwischen den beiden Nationen .
2026-05-09 11:22:33,622 - INFO - joeynmt.training - 	Reference:  India is also reportedly hoping for a deal on defence collaboration between the two nations .
2026-05-09 11:22:33,622 - INFO - joeynmt.training - 	Hypothesis: moreover , India &apos;s highest quality between the two Nations .
2026-05-09 11:22:48,285 - INFO - joeynmt.training - Epoch   6, Step:    21600, Batch Loss:     1.879023, Batch Acc: 0.490748, Tokens per Sec:     6089, Lr: 0.000300
2026-05-09 11:23:03,089 - INFO - joeynmt.training - Epoch   6, Step:    21700, Batch Loss:     1.918987, Batch Acc: 0.497133, Tokens per Sec:     6138, Lr: 0.000300
2026-05-09 11:23:18,074 - INFO - joeynmt.training - Epoch   6, Step:    21800, Batch Loss:     1.858735, Batch Acc: 0.490600, Tokens per Sec:     6148, Lr: 0.000300
2026-05-09 11:23:32,946 - INFO - joeynmt.training - Epoch   6, Step:    21900, Batch Loss:     1.987304, Batch Acc: 0.492491, Tokens per Sec:     6255, Lr: 0.000300
2026-05-09 11:23:47,686 - INFO - joeynmt.training - Epoch   6, Step:    22000, Batch Loss:     1.709535, Batch Acc: 0.491746, Tokens per Sec:     6157, Lr: 0.000300
2026-05-09 11:23:47,686 - INFO - joeynmt.prediction - Predicting 500 example(s)... (Greedy decoding with min_output_length=1, max_output_length=-1, return_prob='none', generate_unk=True, repetition_penalty=-1, no_repeat_ngram_size=-1)
2026-05-09 11:24:10,836 - INFO - joeynmt.prediction - Evaluation result (greedy) loss:   2.24, ppl:   9.36, acc:   0.43, generation: 23.1468[sec], evaluation: 0.0000[sec]
2026-05-09 11:24:10,837 - INFO - joeynmt.training - Hooray! New best validation result [ppl]!
2026-05-09 11:24:10,907 - INFO - joeynmt.helpers - delete models/deen_transformer_post/20000.ckpt
2026-05-09 11:24:10,909 - INFO - joeynmt.training - Example #0
2026-05-09 11:24:10,909 - DEBUG - joeynmt.training - 	Tokenized source:     ['die', 'Pre@@', 'mi@@', 'er@@', 'minist@@', 'er', 'Indi@@', 'ens', 'und', 'J@@', 'ap@@', 'ans', 'tra@@', 'fen', 'sich', 'in', 'T@@', 'ok@@', 'i@@', 'o', '.']
2026-05-09 11:24:10,909 - DEBUG - joeynmt.training - 	Tokenized reference:  ['Indi@@', 'a', 'and', 'J@@', 'ap@@', 'an', 'pri@@', 'me', 'minist@@', 'ers', 'me@@', 'et', 'in', 'T@@', 'ok@@', 'y@@', 'o']
2026-05-09 11:24:10,909 - DEBUG - joeynmt.training - 	Tokenized hypothesis: ['the', 'Pri@@', 'me', 'Minist@@', 'er', 'of', 'Indi@@', 'a', 'and', 'J@@', 'ap@@', 'ans', ',', 'in', 'T@@', 'ok@@', 'i@@', 'o', '.', '</s>']
2026-05-09 11:24:10,909 - INFO - joeynmt.training - 	Source:     die Premierminister Indiens und Japans trafen sich in Tokio .
2026-05-09 11:24:10,909 - INFO - joeynmt.training - 	Reference:  India and Japan prime ministers meet in Tokyo
2026-05-09 11:24:10,909 - INFO - joeynmt.training - 	Hypothesis: the Prime Minister of India and Japans , in Tokio .
2026-05-09 11:24:10,909 - INFO - joeynmt.training - Example #1
2026-05-09 11:24:10,909 - DEBUG - joeynmt.training - 	Tokenized source:     ['Indi@@', 'ens', 'neu@@', 'er', 'Pre@@', 'mi@@', 'er@@', 'minist@@', 'er', 'N@@', 'ar@@', 'end@@', 'ra', 'Mo@@', 'd@@', 'i', 'tri@@', 'fft', 'bei', 's@@', 'einem', 'ersten', 'wichti@@', 'gen', 'Aus@@', 'land@@', 's@@', 'bes@@', 'u@@', 'ch', 'seit', 's@@', 'einem', 'W@@', 'ah@@', 'l@@', 'si@@', 'e@@', 'g', 'im', 'Ma@@', 'i', 'seinen', 'j@@', 'ap@@', 'an@@', 'ischen', 'Am@@', 'ts@@', 'k@@', 'olle@@', 'gen', 'S@@', 'hin@@', 'z@@', 'o', 'A@@', 'be', 'in', 'T@@', 'ok@@', 'o', ',', 'um', 'wirtschaf@@', 'tliche', 'und', 'sicher@@', 'heits@@', 'politische', 'Be@@', 'zieh@@', 'ungen', 'zu', 'bes@@', 'pre@@', 'chen', '.']
2026-05-09 11:24:10,909 - DEBUG - joeynmt.training - 	Tokenized reference:  ['Indi@@', 'a', '&apos;s', 'new', 'pri@@', 'me', 'minist@@', 'er', ',', 'N@@', 'ar@@', 'end@@', 'ra', 'Mo@@', 'd@@', 'i', ',', 'is', 'me@@', 'eting', 'his', 'J@@', 'ap@@', 'an@@', 'ese', 'coun@@', 'ter@@', 'part', ',', 'S@@', 'hin@@', 'z@@', 'o', 'A@@', 'be', ',', 'in', 'T@@', 'ok@@', 'y@@', 'o', 'to', 'disc@@', 'uss', 'economic', 'and', 'security', 'ties', ',', 'on', 'his', 'first', 'major', 'fore@@', 'ign', 'visi@@', 't', 'since', 'w@@', 'inn@@', 'ing', 'Ma@@', 'y', '&apos;s', 'elec@@', 'tion', '.']
2026-05-09 11:24:10,909 - DEBUG - joeynmt.training - 	Tokenized hypothesis: ['Indi@@', 'a', '&apos;s', 'Ne@@', 'ther@@', 'land@@', 's', ',', 'the', 'N@@', 'ar@@', 'end@@', 'ra', 'Mo@@', 'd@@', 'i', ',', 'in', 'his', 'first', 'important', 'ex@@', 'clu@@', 'sion', ',', 'in', 'his', 'elec@@', 'tion', ',', 'in', 'the', 'first', 'important', 'ex@@', 'am@@', 'in@@', 'ation', 'of', 'the', 'A@@', 's@@', 'soci@@', 'ation', 'of', 'the', 'A@@', 'c@@', 'coun@@', 't', 'in', 'T@@', 'ok@@', 'o', 'A@@', 'be', 'in', 'T@@', 'ok@@', 'o', ',', 'to', 'the', 'C@@', 'he@@', 'o', 'A@@', 'be', 'in', 'T@@', 'ok@@', 'o', ',', 'to', 'the', 'C@@', 'he@@', 'o', 'A@@', 'be', '.', '</s>']
2026-05-09 11:24:10,909 - INFO - joeynmt.training - 	Source:     Indiens neuer Premierminister Narendra Modi trifft bei seinem ersten wichtigen Auslandsbesuch seit seinem Wahlsieg im Mai seinen japanischen Amtskollegen Shinzo Abe in Toko , um wirtschaftliche und sicherheitspolitische Beziehungen zu besprechen .
2026-05-09 11:24:10,909 - INFO - joeynmt.training - 	Reference:  India &apos;s new prime minister , Narendra Modi , is meeting his Japanese counterpart , Shinzo Abe , in Tokyo to discuss economic and security ties , on his first major foreign visit since winning May &apos;s election .
2026-05-09 11:24:10,909 - INFO - joeynmt.training - 	Hypothesis: India &apos;s Netherlands , the Narendra Modi , in his first important exclusion , in his election , in the first important examination of the Association of the Account in Toko Abe in Toko , to the Cheo Abe in Toko , to the Cheo Abe .
2026-05-09 11:24:10,909 - INFO - joeynmt.training - Example #2
2026-05-09 11:24:10,909 - DEBUG - joeynmt.training - 	Tokenized source:     ['Herr', 'Mo@@', 'd@@', 'i', 'befindet', 'sich', 'auf', 'einer', 'fü@@', 'n@@', 'f@@', 'tä@@', 'gi@@', 'gen', 'Rei@@', 'se', 'nach', 'J@@', 'ap@@', 'an', ',', 'um', 'die', 'wirtschaf@@', 'tlichen', 'Be@@', 'zieh@@', 'ungen', 'mit', 'der', 'd@@', 'rit@@', 't@@', 'größ@@', 'ten', 'Wirtschafts@@', 'n@@', 'ation', 'der', 'Welt', 'zu', 'fes@@', 'tigen', '.']
2026-05-09 11:24:10,909 - DEBUG - joeynmt.training - 	Tokenized reference:  ['Mr', 'Mo@@', 'd@@', 'i', 'is', 'on', 'a', 'fi@@', 've', '@@@', '-@@', '@', 'day', 'tri@@', 'p', 'to', 'J@@', 'ap@@', 'an', 'to', 'streng@@', 'then', 'economic', 'ties', 'with', 'the', 'third', 'lar@@', 'ges@@', 't', 'econom@@', 'y', 'in', 'the', 'world', '.']
2026-05-09 11:24:10,910 - DEBUG - joeynmt.training - 	Tokenized hypothesis: ['Mr', 'Mo@@', 'd@@', 'i', 'is', 'on', 'a', 'fi@@', 'f@@', 'ty', 'f@@', 'rau@@', 'd', 'in', 'order', 'to', 'be', 're@@', 'ach@@', 'ed', 'to', 'the', 'economic', 'rel@@', 'ations', 'with', 'the', 'third', 'lar@@', 'ges@@', 't', 'economic', 'rel@@', 'ations', '.', '</s>']
2026-05-09 11:24:10,910 - INFO - joeynmt.training - 	Source:     Herr Modi befindet sich auf einer fünftägigen Reise nach Japan , um die wirtschaftlichen Beziehungen mit der drittgrößten Wirtschaftsnation der Welt zu festigen .
2026-05-09 11:24:10,910 - INFO - joeynmt.training - 	Reference:  Mr Modi is on a five @-@ day trip to Japan to strengthen economic ties with the third largest economy in the world .
2026-05-09 11:24:10,910 - INFO - joeynmt.training - 	Hypothesis: Mr Modi is on a fifty fraud in order to be reached to the economic relations with the third largest economic relations .
2026-05-09 11:24:10,910 - INFO - joeynmt.training - Example #3
2026-05-09 11:24:10,910 - DEBUG - joeynmt.training - 	Tokenized source:     ['P@@', 'län@@', 'e', 'für', 'eine', 'stärk@@', 'ere', 'k@@', 'ern@@', 'techn@@', 'ische', 'Zusammenarbeit', 'stehen', 'ganz', 'ob@@', 'en', 'auf', 'der', 'Tag@@', 'es@@', 'ordnung', '.']
2026-05-09 11:24:10,910 - DEBUG - joeynmt.training - 	Tokenized reference:  ['high', 'on', 'the', 'agen@@', 'da', 'are', 'pl@@', 'ans', 'for', 'gre@@', 'ater', 'nu@@', 'clear', 'c@@', 'o', '@@@', '-@@', '@', 'operation', '.']
2026-05-09 11:24:10,910 - DEBUG - joeynmt.training - 	Tokenized hypothesis: ['P@@', 'ru@@', 'ru@@', 'ru@@', 'le', '&apos;s', 'str@@', 'ong', 'techn@@', 'ical', 'cooperation', 'is', 'very', 'clear', 'on', 'the', 'agen@@', 'da', '.', '</s>']
2026-05-09 11:24:10,910 - INFO - joeynmt.training - 	Source:     Pläne für eine stärkere kerntechnische Zusammenarbeit stehen ganz oben auf der Tagesordnung .
2026-05-09 11:24:10,910 - INFO - joeynmt.training - 	Reference:  high on the agenda are plans for greater nuclear co @-@ operation .
2026-05-09 11:24:10,910 - INFO - joeynmt.training - 	Hypothesis: Prururule &apos;s strong technical cooperation is very clear on the agenda .
2026-05-09 11:24:10,910 - INFO - joeynmt.training - Example #4
2026-05-09 11:24:10,910 - DEBUG - joeynmt.training - 	Tokenized source:     ['Berich@@', 'ten', 'zu@@', 'fol@@', 'ge', 'ho@@', 'fft', 'Indi@@', 'en', 'darüber', 'hinaus', 'auf', 'einen', 'Ver@@', 'trag', 'zur', 'Ver@@', 'tei@@', 'dig@@', 'ungs@@', 'zusammen@@', 'arbeit', 'zwischen', 'den', 'beiden', 'N@@', 'ationen', '.']
2026-05-09 11:24:10,910 - DEBUG - joeynmt.training - 	Tokenized reference:  ['Indi@@', 'a', 'is', 'also', 're@@', 'porte@@', 'dly', 'hop@@', 'ing', 'for', 'a', 'de@@', 'al', 'on', 'def@@', 'ence', 'c@@', 'oll@@', 'ab@@', 'or@@', 'ation', 'between', 'the', 'two', 'n@@', 'ations', '.']
2026-05-09 11:24:10,910 - DEBUG - joeynmt.training - 	Tokenized hypothesis: ['it', 'is', 'also', 'tru@@', 'e', 'that', 'it', 'is', 'tru@@', 'e', 'to', 'the', 'Tre@@', 'aty', 'on', 'the', 'def@@', 'ence', 'for@@', 'ces', 'between', 'the', 'two', 'n@@', 'ations', '.', '</s>']
2026-05-09 11:24:10,910 - INFO - joeynmt.training - 	Source:     Berichten zufolge hofft Indien darüber hinaus auf einen Vertrag zur Verteidigungszusammenarbeit zwischen den beiden Nationen .
2026-05-09 11:24:10,910 - INFO - joeynmt.training - 	Reference:  India is also reportedly hoping for a deal on defence collaboration between the two nations .
2026-05-09 11:24:10,910 - INFO - joeynmt.training - 	Hypothesis: it is also true that it is true to the Treaty on the defence forces between the two nations .
2026-05-09 11:24:25,657 - INFO - joeynmt.training - Epoch   6, Step:    22100, Batch Loss:     1.765906, Batch Acc: 0.490875, Tokens per Sec:     6156, Lr: 0.000300
2026-05-09 11:24:40,487 - INFO - joeynmt.training - Epoch   6, Step:    22200, Batch Loss:     1.954099, Batch Acc: 0.492489, Tokens per Sec:     6209, Lr: 0.000300
2026-05-09 11:24:55,328 - INFO - joeynmt.training - Epoch   6, Step:    22300, Batch Loss:     1.907823, Batch Acc: 0.487019, Tokens per Sec:     6281, Lr: 0.000300
2026-05-09 11:25:10,134 - INFO - joeynmt.training - Epoch   6, Step:    22400, Batch Loss:     2.137499, Batch Acc: 0.490870, Tokens per Sec:     6144, Lr: 0.000300
2026-05-09 11:25:24,693 - INFO - joeynmt.training - Epoch   6, Step:    22500, Batch Loss:     1.991876, Batch Acc: 0.488541, Tokens per Sec:     6375, Lr: 0.000300
2026-05-09 11:25:24,693 - INFO - joeynmt.prediction - Predicting 500 example(s)... (Greedy decoding with min_output_length=1, max_output_length=-1, return_prob='none', generate_unk=True, repetition_penalty=-1, no_repeat_ngram_size=-1)
2026-05-09 11:25:52,255 - INFO - joeynmt.prediction - Evaluation result (greedy) loss:   2.24, ppl:   9.41, acc:   0.42, generation: 27.5584[sec], evaluation: 0.0000[sec]
2026-05-09 11:25:52,330 - INFO - joeynmt.helpers - delete models/deen_transformer_post/20500.ckpt
2026-05-09 11:25:52,332 - INFO - joeynmt.training - Example #0
2026-05-09 11:25:52,332 - DEBUG - joeynmt.training - 	Tokenized source:     ['die', 'Pre@@', 'mi@@', 'er@@', 'minist@@', 'er', 'Indi@@', 'ens', 'und', 'J@@', 'ap@@', 'ans', 'tra@@', 'fen', 'sich', 'in', 'T@@', 'ok@@', 'i@@', 'o', '.']
2026-05-09 11:25:52,332 - DEBUG - joeynmt.training - 	Tokenized reference:  ['Indi@@', 'a', 'and', 'J@@', 'ap@@', 'an', 'pri@@', 'me', 'minist@@', 'ers', 'me@@', 'et', 'in', 'T@@', 'ok@@', 'y@@', 'o']
2026-05-09 11:25:52,332 - DEBUG - joeynmt.training - 	Tokenized hypothesis: ['the', 'pri@@', 'me', 'minist@@', 'er', 'and', 'J@@', 'ap@@', 'ans', 'are', 'in', 'T@@', 'ok@@', 'i', '.', '</s>']
2026-05-09 11:25:52,332 - INFO - joeynmt.training - 	Source:     die Premierminister Indiens und Japans trafen sich in Tokio .
2026-05-09 11:25:52,332 - INFO - joeynmt.training - 	Reference:  India and Japan prime ministers meet in Tokyo
2026-05-09 11:25:52,332 - INFO - joeynmt.training - 	Hypothesis: the prime minister and Japans are in Toki .
2026-05-09 11:25:52,332 - INFO - joeynmt.training - Example #1
2026-05-09 11:25:52,332 - DEBUG - joeynmt.training - 	Tokenized source:     ['Indi@@', 'ens', 'neu@@', 'er', 'Pre@@', 'mi@@', 'er@@', 'minist@@', 'er', 'N@@', 'ar@@', 'end@@', 'ra', 'Mo@@', 'd@@', 'i', 'tri@@', 'fft', 'bei', 's@@', 'einem', 'ersten', 'wichti@@', 'gen', 'Aus@@', 'land@@', 's@@', 'bes@@', 'u@@', 'ch', 'seit', 's@@', 'einem', 'W@@', 'ah@@', 'l@@', 'si@@', 'e@@', 'g', 'im', 'Ma@@', 'i', 'seinen', 'j@@', 'ap@@', 'an@@', 'ischen', 'Am@@', 'ts@@', 'k@@', 'olle@@', 'gen', 'S@@', 'hin@@', 'z@@', 'o', 'A@@', 'be', 'in', 'T@@', 'ok@@', 'o', ',', 'um', 'wirtschaf@@', 'tliche', 'und', 'sicher@@', 'heits@@', 'politische', 'Be@@', 'zieh@@', 'ungen', 'zu', 'bes@@', 'pre@@', 'chen', '.']
2026-05-09 11:25:52,332 - DEBUG - joeynmt.training - 	Tokenized reference:  ['Indi@@', 'a', '&apos;s', 'new', 'pri@@', 'me', 'minist@@', 'er', ',', 'N@@', 'ar@@', 'end@@', 'ra', 'Mo@@', 'd@@', 'i', ',', 'is', 'me@@', 'eting', 'his', 'J@@', 'ap@@', 'an@@', 'ese', 'coun@@', 'ter@@', 'part', ',', 'S@@', 'hin@@', 'z@@', 'o', 'A@@', 'be', ',', 'in', 'T@@', 'ok@@', 'y@@', 'o', 'to', 'disc@@', 'uss', 'economic', 'and', 'security', 'ties', ',', 'on', 'his', 'first', 'major', 'fore@@', 'ign', 'visi@@', 't', 'since', 'w@@', 'inn@@', 'ing', 'Ma@@', 'y', '&apos;s', 'elec@@', 'tion', '.']
2026-05-09 11:25:52,332 - DEBUG - joeynmt.training - 	Tokenized hypothesis: ['Indi@@', 'a', '&apos;s', 'ne@@', 'ver', 'new', 'pri@@', 'me', 'minist@@', 'er', 'N@@', 'ar@@', 'end@@', 'ra', 'Mo@@', 'd@@', 'i', ',', 'in', 'his', 'first', 'half', 'of', 'his', 'first', 'important', 'ex@@', 'clu@@', 'sive', 'hi@@', 'st@@', 'ory', 'in', 'Ma@@', 'y', ',', 'in', 'the', 'Ma@@', 'y', 'of', 'S@@', 'hin@@', 'z@@', 'e@@', 'ch', ',', 'in', 'the', 'Ma@@', 'y', 'of', 'S@@', 'hin@@', 'z@@', 'e@@', 'ch', 'and', 'security', 'policy', 'rel@@', 'ations', '.', '</s>']
2026-05-09 11:25:52,332 - INFO - joeynmt.training - 	Source:     Indiens neuer Premierminister Narendra Modi trifft bei seinem ersten wichtigen Auslandsbesuch seit seinem Wahlsieg im Mai seinen japanischen Amtskollegen Shinzo Abe in Toko , um wirtschaftliche und sicherheitspolitische Beziehungen zu besprechen .
2026-05-09 11:25:52,332 - INFO - joeynmt.training - 	Reference:  India &apos;s new prime minister , Narendra Modi , is meeting his Japanese counterpart , Shinzo Abe , in Tokyo to discuss economic and security ties , on his first major foreign visit since winning May &apos;s election .
2026-05-09 11:25:52,332 - INFO - joeynmt.training - 	Hypothesis: India &apos;s never new prime minister Narendra Modi , in his first half of his first important exclusive history in May , in the May of Shinzech , in the May of Shinzech and security policy relations .
2026-05-09 11:25:52,333 - INFO - joeynmt.training - Example #2
2026-05-09 11:25:52,333 - DEBUG - joeynmt.training - 	Tokenized source:     ['Herr', 'Mo@@', 'd@@', 'i', 'befindet', 'sich', 'auf', 'einer', 'fü@@', 'n@@', 'f@@', 'tä@@', 'gi@@', 'gen', 'Rei@@', 'se', 'nach', 'J@@', 'ap@@', 'an', ',', 'um', 'die', 'wirtschaf@@', 'tlichen', 'Be@@', 'zieh@@', 'ungen', 'mit', 'der', 'd@@', 'rit@@', 't@@', 'größ@@', 'ten', 'Wirtschafts@@', 'n@@', 'ation', 'der', 'Welt', 'zu', 'fes@@', 'tigen', '.']
2026-05-09 11:25:52,333 - DEBUG - joeynmt.training - 	Tokenized reference:  ['Mr', 'Mo@@', 'd@@', 'i', 'is', 'on', 'a', 'fi@@', 've', '@@@', '-@@', '@', 'day', 'tri@@', 'p', 'to', 'J@@', 'ap@@', 'an', 'to', 'streng@@', 'then', 'economic', 'ties', 'with', 'the', 'third', 'lar@@', 'ges@@', 't', 'econom@@', 'y', 'in', 'the', 'world', '.']
2026-05-09 11:25:52,333 - DEBUG - joeynmt.training - 	Tokenized hypothesis: ['Mr', 'Mo@@', 'd@@', 'i', 'is', 'a', 'fi@@', 'f@@', 'th', 'in', 'to', 'the', 'world', '&apos;s', 'economic', 'n@@', 'ation', ',', 'to', 'be', 'able', 'to', 're@@', 'duce', 'the', 'economic', 'rel@@', 'ations', 'with', 'the', 'third', 'world', '.', '</s>']
2026-05-09 11:25:52,333 - INFO - joeynmt.training - 	Source:     Herr Modi befindet sich auf einer fünftägigen Reise nach Japan , um die wirtschaftlichen Beziehungen mit der drittgrößten Wirtschaftsnation der Welt zu festigen .
2026-05-09 11:25:52,333 - INFO - joeynmt.training - 	Reference:  Mr Modi is on a five @-@ day trip to Japan to strengthen economic ties with the third largest economy in the world .
2026-05-09 11:25:52,333 - INFO - joeynmt.training - 	Hypothesis: Mr Modi is a fifth in to the world &apos;s economic nation , to be able to reduce the economic relations with the third world .
2026-05-09 11:25:52,333 - INFO - joeynmt.training - Example #3
2026-05-09 11:25:52,333 - DEBUG - joeynmt.training - 	Tokenized source:     ['P@@', 'län@@', 'e', 'für', 'eine', 'stärk@@', 'ere', 'k@@', 'ern@@', 'techn@@', 'ische', 'Zusammenarbeit', 'stehen', 'ganz', 'ob@@', 'en', 'auf', 'der', 'Tag@@', 'es@@', 'ordnung', '.']
2026-05-09 11:25:52,333 - DEBUG - joeynmt.training - 	Tokenized reference:  ['high', 'on', 'the', 'agen@@', 'da', 'are', 'pl@@', 'ans', 'for', 'gre@@', 'ater', 'nu@@', 'clear', 'c@@', 'o', '@@@', '-@@', '@', 'operation', '.']
2026-05-09 11:25:52,333 - DEBUG - joeynmt.training - 	Tokenized hypothesis: ['pl@@', 'ans', 'for', 'gre@@', 'ater', 'c@@', 'oll@@', 'ab@@', 'or@@', 'ation', 'in', 'the', 'agen@@', 'da', '.', '</s>']
2026-05-09 11:25:52,333 - INFO - joeynmt.training - 	Source:     Pläne für eine stärkere kerntechnische Zusammenarbeit stehen ganz oben auf der Tagesordnung .
2026-05-09 11:25:52,333 - INFO - joeynmt.training - 	Reference:  high on the agenda are plans for greater nuclear co @-@ operation .
2026-05-09 11:25:52,333 - INFO - joeynmt.training - 	Hypothesis: plans for greater collaboration in the agenda .
2026-05-09 11:25:52,333 - INFO - joeynmt.training - Example #4
2026-05-09 11:25:52,333 - DEBUG - joeynmt.training - 	Tokenized source:     ['Berich@@', 'ten', 'zu@@', 'fol@@', 'ge', 'ho@@', 'fft', 'Indi@@', 'en', 'darüber', 'hinaus', 'auf', 'einen', 'Ver@@', 'trag', 'zur', 'Ver@@', 'tei@@', 'dig@@', 'ungs@@', 'zusammen@@', 'arbeit', 'zwischen', 'den', 'beiden', 'N@@', 'ationen', '.']
2026-05-09 11:25:52,333 - DEBUG - joeynmt.training - 	Tokenized reference:  ['Indi@@', 'a', 'is', 'also', 're@@', 'porte@@', 'dly', 'hop@@', 'ing', 'for', 'a', 'de@@', 'al', 'on', 'def@@', 'ence', 'c@@', 'oll@@', 'ab@@', 'or@@', 'ation', 'between', 'the', 'two', 'n@@', 'ations', '.']
2026-05-09 11:25:52,333 - DEBUG - joeynmt.training - 	Tokenized hypothesis: ['the', 're@@', 'ports', 'of', 'the', 're@@', 'ports', 'of', 'the', 'two', 'n@@', 'ations', 'on', 'the', 'con@@', 'stitu@@', 'tion', 'of', 'the', 'two', 'n@@', 'ations', '.', '</s>']
2026-05-09 11:25:52,333 - INFO - joeynmt.training - 	Source:     Berichten zufolge hofft Indien darüber hinaus auf einen Vertrag zur Verteidigungszusammenarbeit zwischen den beiden Nationen .
2026-05-09 11:25:52,333 - INFO - joeynmt.training - 	Reference:  India is also reportedly hoping for a deal on defence collaboration between the two nations .
2026-05-09 11:25:52,333 - INFO - joeynmt.training - 	Hypothesis: the reports of the reports of the two nations on the constitution of the two nations .
2026-05-09 11:26:06,945 - INFO - joeynmt.training - Epoch   6, Step:    22600, Batch Loss:     1.795422, Batch Acc: 0.488014, Tokens per Sec:     6234, Lr: 0.000300
2026-05-09 11:26:21,610 - INFO - joeynmt.training - Epoch   6, Step:    22700, Batch Loss:     1.951943, Batch Acc: 0.490982, Tokens per Sec:     6234, Lr: 0.000300
2026-05-09 11:26:36,295 - INFO - joeynmt.training - Epoch   6, Step:    22800, Batch Loss:     1.962413, Batch Acc: 0.491230, Tokens per Sec:     6235, Lr: 0.000300
2026-05-09 11:26:50,748 - INFO - joeynmt.training - Epoch   6, Step:    22900, Batch Loss:     1.931388, Batch Acc: 0.493683, Tokens per Sec:     6441, Lr: 0.000300
2026-05-09 11:27:05,290 - INFO - joeynmt.training - Epoch   6, Step:    23000, Batch Loss:     1.699822, Batch Acc: 0.491448, Tokens per Sec:     6284, Lr: 0.000300
2026-05-09 11:27:05,291 - INFO - joeynmt.prediction - Predicting 500 example(s)... (Greedy decoding with min_output_length=1, max_output_length=-1, return_prob='none', generate_unk=True, repetition_penalty=-1, no_repeat_ngram_size=-1)
2026-05-09 11:27:27,213 - INFO - joeynmt.prediction - Evaluation result (greedy) loss:   2.22, ppl:   9.17, acc:   0.43, generation: 21.9184[sec], evaluation: 0.0000[sec]
2026-05-09 11:27:27,213 - INFO - joeynmt.training - Hooray! New best validation result [ppl]!
2026-05-09 11:27:27,283 - INFO - joeynmt.helpers - delete models/deen_transformer_post/19500.ckpt
2026-05-09 11:27:27,283 - INFO - joeynmt.training - Example #0
2026-05-09 11:27:27,283 - DEBUG - joeynmt.training - 	Tokenized source:     ['die', 'Pre@@', 'mi@@', 'er@@', 'minist@@', 'er', 'Indi@@', 'ens', 'und', 'J@@', 'ap@@', 'ans', 'tra@@', 'fen', 'sich', 'in', 'T@@', 'ok@@', 'i@@', 'o', '.']
2026-05-09 11:27:27,284 - DEBUG - joeynmt.training - 	Tokenized reference:  ['Indi@@', 'a', 'and', 'J@@', 'ap@@', 'an', 'pri@@', 'me', 'minist@@', 'ers', 'me@@', 'et', 'in', 'T@@', 'ok@@', 'y@@', 'o']
2026-05-09 11:27:27,284 - DEBUG - joeynmt.training - 	Tokenized hypothesis: ['the', 'Pri@@', 'me', 'Minist@@', 'er', 'and', 'J@@', 'ap@@', 'ans', 'are', 'in', 'T@@', 'ok@@', 'y@@', 'o', '.', '</s>']
2026-05-09 11:27:27,284 - INFO - joeynmt.training - 	Source:     die Premierminister Indiens und Japans trafen sich in Tokio .
2026-05-09 11:27:27,284 - INFO - joeynmt.training - 	Reference:  India and Japan prime ministers meet in Tokyo
2026-05-09 11:27:27,284 - INFO - joeynmt.training - 	Hypothesis: the Prime Minister and Japans are in Tokyo .
2026-05-09 11:27:27,284 - INFO - joeynmt.training - Example #1
2026-05-09 11:27:27,284 - DEBUG - joeynmt.training - 	Tokenized source:     ['Indi@@', 'ens', 'neu@@', 'er', 'Pre@@', 'mi@@', 'er@@', 'minist@@', 'er', 'N@@', 'ar@@', 'end@@', 'ra', 'Mo@@', 'd@@', 'i', 'tri@@', 'fft', 'bei', 's@@', 'einem', 'ersten', 'wichti@@', 'gen', 'Aus@@', 'land@@', 's@@', 'bes@@', 'u@@', 'ch', 'seit', 's@@', 'einem', 'W@@', 'ah@@', 'l@@', 'si@@', 'e@@', 'g', 'im', 'Ma@@', 'i', 'seinen', 'j@@', 'ap@@', 'an@@', 'ischen', 'Am@@', 'ts@@', 'k@@', 'olle@@', 'gen', 'S@@', 'hin@@', 'z@@', 'o', 'A@@', 'be', 'in', 'T@@', 'ok@@', 'o', ',', 'um', 'wirtschaf@@', 'tliche', 'und', 'sicher@@', 'heits@@', 'politische', 'Be@@', 'zieh@@', 'ungen', 'zu', 'bes@@', 'pre@@', 'chen', '.']
2026-05-09 11:27:27,284 - DEBUG - joeynmt.training - 	Tokenized reference:  ['Indi@@', 'a', '&apos;s', 'new', 'pri@@', 'me', 'minist@@', 'er', ',', 'N@@', 'ar@@', 'end@@', 'ra', 'Mo@@', 'd@@', 'i', ',', 'is', 'me@@', 'eting', 'his', 'J@@', 'ap@@', 'an@@', 'ese', 'coun@@', 'ter@@', 'part', ',', 'S@@', 'hin@@', 'z@@', 'o', 'A@@', 'be', ',', 'in', 'T@@', 'ok@@', 'y@@', 'o', 'to', 'disc@@', 'uss', 'economic', 'and', 'security', 'ties', ',', 'on', 'his', 'first', 'major', 'fore@@', 'ign', 'visi@@', 't', 'since', 'w@@', 'inn@@', 'ing', 'Ma@@', 'y', '&apos;s', 'elec@@', 'tion', '.']
2026-05-09 11:27:27,284 - DEBUG - joeynmt.training - 	Tokenized hypothesis: ['Indi@@', 'a', '&apos;s', 'Pri@@', 'me', 'Minist@@', 'er', 'N@@', 'ar@@', 'end@@', 'ra', 'Mo@@', 'd@@', 'i', 'was', 'a', 'first', 'important', 'out@@', 'stand@@', 'ing', 'his', 'first', 'first', 'of', 'the', 'year', ',', 'has', 'been', 'in', 'the', 'Ma@@', 'y', 'of', 'his', 'elec@@', 'tion', 'in', 'the', 'Ma@@', 'y', 'of', 'S@@', 'hin@@', 'z@@', 'e@@', 'ch', ',', 'to', 'the', 'economic', 'and', 'saf@@', 'ety', 'political', 'rel@@', 'ations', '.', '</s>']
2026-05-09 11:27:27,284 - INFO - joeynmt.training - 	Source:     Indiens neuer Premierminister Narendra Modi trifft bei seinem ersten wichtigen Auslandsbesuch seit seinem Wahlsieg im Mai seinen japanischen Amtskollegen Shinzo Abe in Toko , um wirtschaftliche und sicherheitspolitische Beziehungen zu besprechen .
2026-05-09 11:27:27,284 - INFO - joeynmt.training - 	Reference:  India &apos;s new prime minister , Narendra Modi , is meeting his Japanese counterpart , Shinzo Abe , in Tokyo to discuss economic and security ties , on his first major foreign visit since winning May &apos;s election .
2026-05-09 11:27:27,284 - INFO - joeynmt.training - 	Hypothesis: India &apos;s Prime Minister Narendra Modi was a first important outstanding his first first of the year , has been in the May of his election in the May of Shinzech , to the economic and safety political relations .
2026-05-09 11:27:27,284 - INFO - joeynmt.training - Example #2
2026-05-09 11:27:27,284 - DEBUG - joeynmt.training - 	Tokenized source:     ['Herr', 'Mo@@', 'd@@', 'i', 'befindet', 'sich', 'auf', 'einer', 'fü@@', 'n@@', 'f@@', 'tä@@', 'gi@@', 'gen', 'Rei@@', 'se', 'nach', 'J@@', 'ap@@', 'an', ',', 'um', 'die', 'wirtschaf@@', 'tlichen', 'Be@@', 'zieh@@', 'ungen', 'mit', 'der', 'd@@', 'rit@@', 't@@', 'größ@@', 'ten', 'Wirtschafts@@', 'n@@', 'ation', 'der', 'Welt', 'zu', 'fes@@', 'tigen', '.']
2026-05-09 11:27:27,284 - DEBUG - joeynmt.training - 	Tokenized reference:  ['Mr', 'Mo@@', 'd@@', 'i', 'is', 'on', 'a', 'fi@@', 've', '@@@', '-@@', '@', 'day', 'tri@@', 'p', 'to', 'J@@', 'ap@@', 'an', 'to', 'streng@@', 'then', 'economic', 'ties', 'with', 'the', 'third', 'lar@@', 'ges@@', 't', 'econom@@', 'y', 'in', 'the', 'world', '.']
2026-05-09 11:27:27,284 - DEBUG - joeynmt.training - 	Tokenized hypothesis: ['Mr', 'Mo@@', 'd@@', 'i', 'is', 'a', 'fi@@', 'f@@', 'ty', 'f@@', 'it@@', 'ting', 'on', 'the', 'gro@@', 'und', 'of', 'the', 'world', '&apos;s', 'economic', 'rel@@', 'ations', 'with', 'the', 'third', 'lar@@', 'ges@@', 't', 'economic', 'rel@@', 'ations', 'with', 'the', 'world', '.', '</s>']
2026-05-09 11:27:27,284 - INFO - joeynmt.training - 	Source:     Herr Modi befindet sich auf einer fünftägigen Reise nach Japan , um die wirtschaftlichen Beziehungen mit der drittgrößten Wirtschaftsnation der Welt zu festigen .
2026-05-09 11:27:27,284 - INFO - joeynmt.training - 	Reference:  Mr Modi is on a five @-@ day trip to Japan to strengthen economic ties with the third largest economy in the world .
2026-05-09 11:27:27,284 - INFO - joeynmt.training - 	Hypothesis: Mr Modi is a fifty fitting on the ground of the world &apos;s economic relations with the third largest economic relations with the world .
2026-05-09 11:27:27,284 - INFO - joeynmt.training - Example #3
2026-05-09 11:27:27,284 - DEBUG - joeynmt.training - 	Tokenized source:     ['P@@', 'län@@', 'e', 'für', 'eine', 'stärk@@', 'ere', 'k@@', 'ern@@', 'techn@@', 'ische', 'Zusammenarbeit', 'stehen', 'ganz', 'ob@@', 'en', 'auf', 'der', 'Tag@@', 'es@@', 'ordnung', '.']
2026-05-09 11:27:27,284 - DEBUG - joeynmt.training - 	Tokenized reference:  ['high', 'on', 'the', 'agen@@', 'da', 'are', 'pl@@', 'ans', 'for', 'gre@@', 'ater', 'nu@@', 'clear', 'c@@', 'o', '@@@', '-@@', '@', 'operation', '.']
2026-05-09 11:27:27,284 - DEBUG - joeynmt.training - 	Tokenized hypothesis: ['pl@@', 'ans', 'for', 'more', 'seri@@', 'ous', 'techn@@', 'ical', 'cooperation', 'is', 'based', 'on', 'the', 'agen@@', 'da', '.', '</s>']
2026-05-09 11:27:27,284 - INFO - joeynmt.training - 	Source:     Pläne für eine stärkere kerntechnische Zusammenarbeit stehen ganz oben auf der Tagesordnung .
2026-05-09 11:27:27,284 - INFO - joeynmt.training - 	Reference:  high on the agenda are plans for greater nuclear co @-@ operation .
2026-05-09 11:27:27,284 - INFO - joeynmt.training - 	Hypothesis: plans for more serious technical cooperation is based on the agenda .
2026-05-09 11:27:27,284 - INFO - joeynmt.training - Example #4
2026-05-09 11:27:27,284 - DEBUG - joeynmt.training - 	Tokenized source:     ['Berich@@', 'ten', 'zu@@', 'fol@@', 'ge', 'ho@@', 'fft', 'Indi@@', 'en', 'darüber', 'hinaus', 'auf', 'einen', 'Ver@@', 'trag', 'zur', 'Ver@@', 'tei@@', 'dig@@', 'ungs@@', 'zusammen@@', 'arbeit', 'zwischen', 'den', 'beiden', 'N@@', 'ationen', '.']
2026-05-09 11:27:27,284 - DEBUG - joeynmt.training - 	Tokenized reference:  ['Indi@@', 'a', 'is', 'also', 're@@', 'porte@@', 'dly', 'hop@@', 'ing', 'for', 'a', 'de@@', 'al', 'on', 'def@@', 'ence', 'c@@', 'oll@@', 'ab@@', 'or@@', 'ation', 'between', 'the', 'two', 'n@@', 'ations', '.']
2026-05-09 11:27:27,284 - DEBUG - joeynmt.training - 	Tokenized hypothesis: ['it', 'is', 'also', 'the', 'fact', 'that', 'it', 'is', 'a', 'con@@', 'tra@@', 'ct', 'of', 'the', 'two', 'N@@', 'ations', 'on', 'the', 'def@@', 'ence', 'of', 'the', 'two', 'N@@', 'ations', '.', '</s>']
2026-05-09 11:27:27,284 - INFO - joeynmt.training - 	Source:     Berichten zufolge hofft Indien darüber hinaus auf einen Vertrag zur Verteidigungszusammenarbeit zwischen den beiden Nationen .
2026-05-09 11:27:27,285 - INFO - joeynmt.training - 	Reference:  India is also reportedly hoping for a deal on defence collaboration between the two nations .
2026-05-09 11:27:27,285 - INFO - joeynmt.training - 	Hypothesis: it is also the fact that it is a contract of the two Nations on the defence of the two Nations .
2026-05-09 11:27:41,857 - INFO - joeynmt.training - Epoch   6, Step:    23100, Batch Loss:     1.944453, Batch Acc: 0.494518, Tokens per Sec:     6310, Lr: 0.000300
2026-05-09 11:27:56,488 - INFO - joeynmt.training - Epoch   6, Step:    23200, Batch Loss:     1.987988, Batch Acc: 0.493455, Tokens per Sec:     6375, Lr: 0.000300
2026-05-09 11:28:10,948 - INFO - joeynmt.training - Epoch   6, Step:    23300, Batch Loss:     1.977916, Batch Acc: 0.493170, Tokens per Sec:     6278, Lr: 0.000300
2026-05-09 11:28:25,636 - INFO - joeynmt.training - Epoch   6, Step:    23400, Batch Loss:     1.882570, Batch Acc: 0.486517, Tokens per Sec:     6126, Lr: 0.000300
2026-05-09 11:28:40,156 - INFO - joeynmt.training - Epoch   6, Step:    23500, Batch Loss:     1.811570, Batch Acc: 0.494808, Tokens per Sec:     6367, Lr: 0.000300
2026-05-09 11:28:40,157 - INFO - joeynmt.prediction - Predicting 500 example(s)... (Greedy decoding with min_output_length=1, max_output_length=-1, return_prob='none', generate_unk=True, repetition_penalty=-1, no_repeat_ngram_size=-1)
2026-05-09 11:29:02,715 - INFO - joeynmt.prediction - Evaluation result (greedy) loss:   2.22, ppl:   9.19, acc:   0.43, generation: 22.5543[sec], evaluation: 0.0000[sec]
2026-05-09 11:29:02,785 - INFO - joeynmt.helpers - delete models/deen_transformer_post/21000.ckpt
2026-05-09 11:29:02,790 - INFO - joeynmt.training - Example #0
2026-05-09 11:29:02,790 - DEBUG - joeynmt.training - 	Tokenized source:     ['die', 'Pre@@', 'mi@@', 'er@@', 'minist@@', 'er', 'Indi@@', 'ens', 'und', 'J@@', 'ap@@', 'ans', 'tra@@', 'fen', 'sich', 'in', 'T@@', 'ok@@', 'i@@', 'o', '.']
2026-05-09 11:29:02,790 - DEBUG - joeynmt.training - 	Tokenized reference:  ['Indi@@', 'a', 'and', 'J@@', 'ap@@', 'an', 'pri@@', 'me', 'minist@@', 'ers', 'me@@', 'et', 'in', 'T@@', 'ok@@', 'y@@', 'o']
2026-05-09 11:29:02,790 - DEBUG - joeynmt.training - 	Tokenized hypothesis: ['the', 'Pri@@', 'me', 'Minist@@', 'er', 'Indi@@', 'a', 'and', 'J@@', 'ap@@', 'an', ',', 'T@@', 'ok@@', 'i@@', 'o', '.', '</s>']
2026-05-09 11:29:02,790 - INFO - joeynmt.training - 	Source:     die Premierminister Indiens und Japans trafen sich in Tokio .
2026-05-09 11:29:02,790 - INFO - joeynmt.training - 	Reference:  India and Japan prime ministers meet in Tokyo
2026-05-09 11:29:02,790 - INFO - joeynmt.training - 	Hypothesis: the Prime Minister India and Japan , Tokio .
2026-05-09 11:29:02,790 - INFO - joeynmt.training - Example #1
2026-05-09 11:29:02,790 - DEBUG - joeynmt.training - 	Tokenized source:     ['Indi@@', 'ens', 'neu@@', 'er', 'Pre@@', 'mi@@', 'er@@', 'minist@@', 'er', 'N@@', 'ar@@', 'end@@', 'ra', 'Mo@@', 'd@@', 'i', 'tri@@', 'fft', 'bei', 's@@', 'einem', 'ersten', 'wichti@@', 'gen', 'Aus@@', 'land@@', 's@@', 'bes@@', 'u@@', 'ch', 'seit', 's@@', 'einem', 'W@@', 'ah@@', 'l@@', 'si@@', 'e@@', 'g', 'im', 'Ma@@', 'i', 'seinen', 'j@@', 'ap@@', 'an@@', 'ischen', 'Am@@', 'ts@@', 'k@@', 'olle@@', 'gen', 'S@@', 'hin@@', 'z@@', 'o', 'A@@', 'be', 'in', 'T@@', 'ok@@', 'o', ',', 'um', 'wirtschaf@@', 'tliche', 'und', 'sicher@@', 'heits@@', 'politische', 'Be@@', 'zieh@@', 'ungen', 'zu', 'bes@@', 'pre@@', 'chen', '.']
2026-05-09 11:29:02,790 - DEBUG - joeynmt.training - 	Tokenized reference:  ['Indi@@', 'a', '&apos;s', 'new', 'pri@@', 'me', 'minist@@', 'er', ',', 'N@@', 'ar@@', 'end@@', 'ra', 'Mo@@', 'd@@', 'i', ',', 'is', 'me@@', 'eting', 'his', 'J@@', 'ap@@', 'an@@', 'ese', 'coun@@', 'ter@@', 'part', ',', 'S@@', 'hin@@', 'z@@', 'o', 'A@@', 'be', ',', 'in', 'T@@', 'ok@@', 'y@@', 'o', 'to', 'disc@@', 'uss', 'economic', 'and', 'security', 'ties', ',', 'on', 'his', 'first', 'major', 'fore@@', 'ign', 'visi@@', 't', 'since', 'w@@', 'inn@@', 'ing', 'Ma@@', 'y', '&apos;s', 'elec@@', 'tion', '.']
2026-05-09 11:29:02,790 - DEBUG - joeynmt.training - 	Tokenized hypothesis: ['Indi@@', 'a', 'Ne@@', 'w', 'Pre@@', 'mi@@', 'er', 'N@@', 'ar@@', 'end@@', 'ra', 'Mo@@', 'd@@', 'i', 'is', 'the', 'first', 'important', 'ex@@', 'clu@@', 'ding', 'his', 'first', 'important', 'ex@@', 'clu@@', 'ding', 'his', 'elec@@', 'tion', 'in', 'the', 'Ma@@', 'y', 'of', 'the', 'S@@', 'hin@@', 'z@@', 'e@@', 'ch', 'S@@', 'hin@@', 'z@@', 'e@@', 'ch', 'S@@', 'hin@@', 'z@@', 'e@@', 'ch', 'in', 'the', 'Ma@@', 'y', 'of', 'T@@', 'ok@@', 'o', ',', 'economic', 'and', 'security', 'policy', '.', '</s>']
2026-05-09 11:29:02,790 - INFO - joeynmt.training - 	Source:     Indiens neuer Premierminister Narendra Modi trifft bei seinem ersten wichtigen Auslandsbesuch seit seinem Wahlsieg im Mai seinen japanischen Amtskollegen Shinzo Abe in Toko , um wirtschaftliche und sicherheitspolitische Beziehungen zu besprechen .
2026-05-09 11:29:02,790 - INFO - joeynmt.training - 	Reference:  India &apos;s new prime minister , Narendra Modi , is meeting his Japanese counterpart , Shinzo Abe , in Tokyo to discuss economic and security ties , on his first major foreign visit since winning May &apos;s election .
2026-05-09 11:29:02,790 - INFO - joeynmt.training - 	Hypothesis: India New Premier Narendra Modi is the first important excluding his first important excluding his election in the May of the Shinzech Shinzech Shinzech in the May of Toko , economic and security policy .
2026-05-09 11:29:02,790 - INFO - joeynmt.training - Example #2
2026-05-09 11:29:02,790 - DEBUG - joeynmt.training - 	Tokenized source:     ['Herr', 'Mo@@', 'd@@', 'i', 'befindet', 'sich', 'auf', 'einer', 'fü@@', 'n@@', 'f@@', 'tä@@', 'gi@@', 'gen', 'Rei@@', 'se', 'nach', 'J@@', 'ap@@', 'an', ',', 'um', 'die', 'wirtschaf@@', 'tlichen', 'Be@@', 'zieh@@', 'ungen', 'mit', 'der', 'd@@', 'rit@@', 't@@', 'größ@@', 'ten', 'Wirtschafts@@', 'n@@', 'ation', 'der', 'Welt', 'zu', 'fes@@', 'tigen', '.']
2026-05-09 11:29:02,790 - DEBUG - joeynmt.training - 	Tokenized reference:  ['Mr', 'Mo@@', 'd@@', 'i', 'is', 'on', 'a', 'fi@@', 've', '@@@', '-@@', '@', 'day', 'tri@@', 'p', 'to', 'J@@', 'ap@@', 'an', 'to', 'streng@@', 'then', 'economic', 'ties', 'with', 'the', 'third', 'lar@@', 'ges@@', 't', 'econom@@', 'y', 'in', 'the', 'world', '.']
2026-05-09 11:29:02,790 - DEBUG - joeynmt.training - 	Tokenized hypothesis: ['Mr', 'Mo@@', 'd@@', 'i', 'is', 'a', 'fi@@', 'f@@', 'th', 'f@@', 'rau@@', 'd', 'for', 'J@@', 'ap@@', 'an', 'to', 'the', 'global', 'economic', 'rel@@', 'ation@@', 'ship', 'with', 'the', 'third', 'lar@@', 'ges@@', 't', 'economic', 'rel@@', 'ation@@', 'ship', 'with', 'the', 'third', 'lar@@', 'ges@@', 't', 'economic', 'and', '.', '</s>']
2026-05-09 11:29:02,790 - INFO - joeynmt.training - 	Source:     Herr Modi befindet sich auf einer fünftägigen Reise nach Japan , um die wirtschaftlichen Beziehungen mit der drittgrößten Wirtschaftsnation der Welt zu festigen .
2026-05-09 11:29:02,790 - INFO - joeynmt.training - 	Reference:  Mr Modi is on a five @-@ day trip to Japan to strengthen economic ties with the third largest economy in the world .
2026-05-09 11:29:02,790 - INFO - joeynmt.training - 	Hypothesis: Mr Modi is a fifth fraud for Japan to the global economic relationship with the third largest economic relationship with the third largest economic and .
2026-05-09 11:29:02,790 - INFO - joeynmt.training - Example #3
2026-05-09 11:29:02,790 - DEBUG - joeynmt.training - 	Tokenized source:     ['P@@', 'län@@', 'e', 'für', 'eine', 'stärk@@', 'ere', 'k@@', 'ern@@', 'techn@@', 'ische', 'Zusammenarbeit', 'stehen', 'ganz', 'ob@@', 'en', 'auf', 'der', 'Tag@@', 'es@@', 'ordnung', '.']
2026-05-09 11:29:02,790 - DEBUG - joeynmt.training - 	Tokenized reference:  ['high', 'on', 'the', 'agen@@', 'da', 'are', 'pl@@', 'ans', 'for', 'gre@@', 'ater', 'nu@@', 'clear', 'c@@', 'o', '@@@', '-@@', '@', 'operation', '.']
2026-05-09 11:29:02,790 - DEBUG - joeynmt.training - 	Tokenized hypothesis: ['pl@@', 'ans', 'for', 'more', 'difficul@@', 't', 'techn@@', 'ical', 'cooperation', 'are', 'in', 'the', 'agen@@', 'da', '.', '</s>']
2026-05-09 11:29:02,790 - INFO - joeynmt.training - 	Source:     Pläne für eine stärkere kerntechnische Zusammenarbeit stehen ganz oben auf der Tagesordnung .
2026-05-09 11:29:02,790 - INFO - joeynmt.training - 	Reference:  high on the agenda are plans for greater nuclear co @-@ operation .
2026-05-09 11:29:02,790 - INFO - joeynmt.training - 	Hypothesis: plans for more difficult technical cooperation are in the agenda .
2026-05-09 11:29:02,791 - INFO - joeynmt.training - Example #4
2026-05-09 11:29:02,791 - DEBUG - joeynmt.training - 	Tokenized source:     ['Berich@@', 'ten', 'zu@@', 'fol@@', 'ge', 'ho@@', 'fft', 'Indi@@', 'en', 'darüber', 'hinaus', 'auf', 'einen', 'Ver@@', 'trag', 'zur', 'Ver@@', 'tei@@', 'dig@@', 'ungs@@', 'zusammen@@', 'arbeit', 'zwischen', 'den', 'beiden', 'N@@', 'ationen', '.']
2026-05-09 11:29:02,791 - DEBUG - joeynmt.training - 	Tokenized reference:  ['Indi@@', 'a', 'is', 'also', 're@@', 'porte@@', 'dly', 'hop@@', 'ing', 'for', 'a', 'de@@', 'al', 'on', 'def@@', 'ence', 'c@@', 'oll@@', 'ab@@', 'or@@', 'ation', 'between', 'the', 'two', 'n@@', 'ations', '.']
2026-05-09 11:29:02,791 - DEBUG - joeynmt.training - 	Tokenized hypothesis: ['it', 'also', 'a', 'great', 'de@@', 'al', 'of', 'the', 're@@', 'ports', 'on', 'a', 'con@@', 'tra@@', 'ct', 'between', 'the', 'two', 'n@@', 'ations', '.', '</s>']
2026-05-09 11:29:02,791 - INFO - joeynmt.training - 	Source:     Berichten zufolge hofft Indien darüber hinaus auf einen Vertrag zur Verteidigungszusammenarbeit zwischen den beiden Nationen .
2026-05-09 11:29:02,791 - INFO - joeynmt.training - 	Reference:  India is also reportedly hoping for a deal on defence collaboration between the two nations .
2026-05-09 11:29:02,791 - INFO - joeynmt.training - 	Hypothesis: it also a great deal of the reports on a contract between the two nations .
2026-05-09 11:29:17,316 - INFO - joeynmt.training - Epoch   6, Step:    23600, Batch Loss:     2.042445, Batch Acc: 0.496606, Tokens per Sec:     6286, Lr: 0.000300
2026-05-09 11:29:31,890 - INFO - joeynmt.training - Epoch   6, Step:    23700, Batch Loss:     1.903171, Batch Acc: 0.491204, Tokens per Sec:     6350, Lr: 0.000300
2026-05-09 11:29:46,402 - INFO - joeynmt.training - Epoch   6, Step:    23800, Batch Loss:     2.101968, Batch Acc: 0.496303, Tokens per Sec:     6356, Lr: 0.000300
2026-05-09 11:30:00,900 - INFO - joeynmt.training - Epoch   6, Step:    23900, Batch Loss:     1.708617, Batch Acc: 0.496173, Tokens per Sec:     6345, Lr: 0.000300
2026-05-09 11:30:15,557 - INFO - joeynmt.training - Epoch   6, Step:    24000, Batch Loss:     1.892017, Batch Acc: 0.495217, Tokens per Sec:     6255, Lr: 0.000300
2026-05-09 11:30:15,558 - INFO - joeynmt.prediction - Predicting 500 example(s)... (Greedy decoding with min_output_length=1, max_output_length=-1, return_prob='none', generate_unk=True, repetition_penalty=-1, no_repeat_ngram_size=-1)
2026-05-09 11:30:41,165 - INFO - joeynmt.prediction - Evaluation result (greedy) loss:   2.22, ppl:   9.22, acc:   0.42, generation: 25.6036[sec], evaluation: 0.0000[sec]
2026-05-09 11:30:41,238 - INFO - joeynmt.helpers - delete models/deen_transformer_post/21500.ckpt
2026-05-09 11:30:41,240 - INFO - joeynmt.training - Example #0
2026-05-09 11:30:41,241 - DEBUG - joeynmt.training - 	Tokenized source:     ['die', 'Pre@@', 'mi@@', 'er@@', 'minist@@', 'er', 'Indi@@', 'ens', 'und', 'J@@', 'ap@@', 'ans', 'tra@@', 'fen', 'sich', 'in', 'T@@', 'ok@@', 'i@@', 'o', '.']
2026-05-09 11:30:41,241 - DEBUG - joeynmt.training - 	Tokenized reference:  ['Indi@@', 'a', 'and', 'J@@', 'ap@@', 'an', 'pri@@', 'me', 'minist@@', 'ers', 'me@@', 'et', 'in', 'T@@', 'ok@@', 'y@@', 'o']
2026-05-09 11:30:41,241 - DEBUG - joeynmt.training - 	Tokenized hypothesis: ['the', 'Pri@@', 'me', 'Minist@@', 'er', 'of', 'Indi@@', 'a', 'and', 'J@@', 'ap@@', 'ans', 'are', 'in', 'T@@', 'ok@@', 'y@@', 'o', '.', '</s>']
2026-05-09 11:30:41,241 - INFO - joeynmt.training - 	Source:     die Premierminister Indiens und Japans trafen sich in Tokio .
2026-05-09 11:30:41,241 - INFO - joeynmt.training - 	Reference:  India and Japan prime ministers meet in Tokyo
2026-05-09 11:30:41,241 - INFO - joeynmt.training - 	Hypothesis: the Prime Minister of India and Japans are in Tokyo .
2026-05-09 11:30:41,241 - INFO - joeynmt.training - Example #1
2026-05-09 11:30:41,241 - DEBUG - joeynmt.training - 	Tokenized source:     ['Indi@@', 'ens', 'neu@@', 'er', 'Pre@@', 'mi@@', 'er@@', 'minist@@', 'er', 'N@@', 'ar@@', 'end@@', 'ra', 'Mo@@', 'd@@', 'i', 'tri@@', 'fft', 'bei', 's@@', 'einem', 'ersten', 'wichti@@', 'gen', 'Aus@@', 'land@@', 's@@', 'bes@@', 'u@@', 'ch', 'seit', 's@@', 'einem', 'W@@', 'ah@@', 'l@@', 'si@@', 'e@@', 'g', 'im', 'Ma@@', 'i', 'seinen', 'j@@', 'ap@@', 'an@@', 'ischen', 'Am@@', 'ts@@', 'k@@', 'olle@@', 'gen', 'S@@', 'hin@@', 'z@@', 'o', 'A@@', 'be', 'in', 'T@@', 'ok@@', 'o', ',', 'um', 'wirtschaf@@', 'tliche', 'und', 'sicher@@', 'heits@@', 'politische', 'Be@@', 'zieh@@', 'ungen', 'zu', 'bes@@', 'pre@@', 'chen', '.']
2026-05-09 11:30:41,241 - DEBUG - joeynmt.training - 	Tokenized reference:  ['Indi@@', 'a', '&apos;s', 'new', 'pri@@', 'me', 'minist@@', 'er', ',', 'N@@', 'ar@@', 'end@@', 'ra', 'Mo@@', 'd@@', 'i', ',', 'is', 'me@@', 'eting', 'his', 'J@@', 'ap@@', 'an@@', 'ese', 'coun@@', 'ter@@', 'part', ',', 'S@@', 'hin@@', 'z@@', 'o', 'A@@', 'be', ',', 'in', 'T@@', 'ok@@', 'y@@', 'o', 'to', 'disc@@', 'uss', 'economic', 'and', 'security', 'ties', ',', 'on', 'his', 'first', 'major', 'fore@@', 'ign', 'visi@@', 't', 'since', 'w@@', 'inn@@', 'ing', 'Ma@@', 'y', '&apos;s', 'elec@@', 'tion', '.']
2026-05-09 11:30:41,241 - DEBUG - joeynmt.training - 	Tokenized hypothesis: ['Indi@@', 'an', 'off@@', 'i@@', 'cial', 'Pri@@', 'me', 'Minist@@', 'er', 'N@@', 'ar@@', 'd@@', 'i', 'is', 'the', 'first', 'of', 'all', 'its', 'own', 'own', 'own', ',', 'in', 'his', 'first', 'half', 'of', 'its', 'own', 'own', 'E@@', 'ast', 'A@@', 'sia', ',', 'in', 'Ma@@', 'y', ',', 'in', 'the', 'Ma@@', 'y', 'of', 'S@@', 'hin@@', 'z@@', 'e@@', 'o', 'A@@', 'be', 'in', 'T@@', 'ok@@', 'o', ',', 'to', 'the', 'first', 'time', ',', 'in', 'T@@', 'ok@@', 'o', ',', 'in', 'T@@', 'ok@@', 'a@@', 'o', ',', 'and', 'for', 'the', 'first', 'time', '.', '</s>']
2026-05-09 11:30:41,241 - INFO - joeynmt.training - 	Source:     Indiens neuer Premierminister Narendra Modi trifft bei seinem ersten wichtigen Auslandsbesuch seit seinem Wahlsieg im Mai seinen japanischen Amtskollegen Shinzo Abe in Toko , um wirtschaftliche und sicherheitspolitische Beziehungen zu besprechen .
2026-05-09 11:30:41,241 - INFO - joeynmt.training - 	Reference:  India &apos;s new prime minister , Narendra Modi , is meeting his Japanese counterpart , Shinzo Abe , in Tokyo to discuss economic and security ties , on his first major foreign visit since winning May &apos;s election .
2026-05-09 11:30:41,241 - INFO - joeynmt.training - 	Hypothesis: Indian official Prime Minister Nardi is the first of all its own own own , in his first half of its own own East Asia , in May , in the May of Shinzeo Abe in Toko , to the first time , in Toko , in Tokao , and for the first time .
2026-05-09 11:30:41,241 - INFO - joeynmt.training - Example #2
2026-05-09 11:30:41,241 - DEBUG - joeynmt.training - 	Tokenized source:     ['Herr', 'Mo@@', 'd@@', 'i', 'befindet', 'sich', 'auf', 'einer', 'fü@@', 'n@@', 'f@@', 'tä@@', 'gi@@', 'gen', 'Rei@@', 'se', 'nach', 'J@@', 'ap@@', 'an', ',', 'um', 'die', 'wirtschaf@@', 'tlichen', 'Be@@', 'zieh@@', 'ungen', 'mit', 'der', 'd@@', 'rit@@', 't@@', 'größ@@', 'ten', 'Wirtschafts@@', 'n@@', 'ation', 'der', 'Welt', 'zu', 'fes@@', 'tigen', '.']
2026-05-09 11:30:41,241 - DEBUG - joeynmt.training - 	Tokenized reference:  ['Mr', 'Mo@@', 'd@@', 'i', 'is', 'on', 'a', 'fi@@', 've', '@@@', '-@@', '@', 'day', 'tri@@', 'p', 'to', 'J@@', 'ap@@', 'an', 'to', 'streng@@', 'then', 'economic', 'ties', 'with', 'the', 'third', 'lar@@', 'ges@@', 't', 'econom@@', 'y', 'in', 'the', 'world', '.']
2026-05-09 11:30:41,241 - DEBUG - joeynmt.training - 	Tokenized hypothesis: ['Mr', 'Mo@@', 'd@@', 'i', 'is', 'located', 'on', 'a', 'fi@@', 'f@@', 'th', 'of', 'the', 'world', '&apos;s', 'economic', 'rel@@', 'ations', 'to', 'the', 'economic', 'rel@@', 'ations', 'with', 'the', 'third', 'lar@@', 'ges@@', 't', 'economic', 'rel@@', 'ations', '.', '</s>']
2026-05-09 11:30:41,241 - INFO - joeynmt.training - 	Source:     Herr Modi befindet sich auf einer fünftägigen Reise nach Japan , um die wirtschaftlichen Beziehungen mit der drittgrößten Wirtschaftsnation der Welt zu festigen .
2026-05-09 11:30:41,241 - INFO - joeynmt.training - 	Reference:  Mr Modi is on a five @-@ day trip to Japan to strengthen economic ties with the third largest economy in the world .
2026-05-09 11:30:41,241 - INFO - joeynmt.training - 	Hypothesis: Mr Modi is located on a fifth of the world &apos;s economic relations to the economic relations with the third largest economic relations .
2026-05-09 11:30:41,241 - INFO - joeynmt.training - Example #3
2026-05-09 11:30:41,241 - DEBUG - joeynmt.training - 	Tokenized source:     ['P@@', 'län@@', 'e', 'für', 'eine', 'stärk@@', 'ere', 'k@@', 'ern@@', 'techn@@', 'ische', 'Zusammenarbeit', 'stehen', 'ganz', 'ob@@', 'en', 'auf', 'der', 'Tag@@', 'es@@', 'ordnung', '.']
2026-05-09 11:30:41,241 - DEBUG - joeynmt.training - 	Tokenized reference:  ['high', 'on', 'the', 'agen@@', 'da', 'are', 'pl@@', 'ans', 'for', 'gre@@', 'ater', 'nu@@', 'clear', 'c@@', 'o', '@@@', '-@@', '@', 'operation', '.']
2026-05-09 11:30:41,241 - DEBUG - joeynmt.training - 	Tokenized hypothesis: ['pl@@', 'ans', 'for', 'more', 'seri@@', 'ous', 'techn@@', 'ical', 'cooperation', 'are', 'concer@@', 'ned', 'about', 'the', 'agen@@', 'da', '.', '</s>']
2026-05-09 11:30:41,241 - INFO - joeynmt.training - 	Source:     Pläne für eine stärkere kerntechnische Zusammenarbeit stehen ganz oben auf der Tagesordnung .
2026-05-09 11:30:41,241 - INFO - joeynmt.training - 	Reference:  high on the agenda are plans for greater nuclear co @-@ operation .
2026-05-09 11:30:41,241 - INFO - joeynmt.training - 	Hypothesis: plans for more serious technical cooperation are concerned about the agenda .
2026-05-09 11:30:41,241 - INFO - joeynmt.training - Example #4
2026-05-09 11:30:41,241 - DEBUG - joeynmt.training - 	Tokenized source:     ['Berich@@', 'ten', 'zu@@', 'fol@@', 'ge', 'ho@@', 'fft', 'Indi@@', 'en', 'darüber', 'hinaus', 'auf', 'einen', 'Ver@@', 'trag', 'zur', 'Ver@@', 'tei@@', 'dig@@', 'ungs@@', 'zusammen@@', 'arbeit', 'zwischen', 'den', 'beiden', 'N@@', 'ationen', '.']
2026-05-09 11:30:41,241 - DEBUG - joeynmt.training - 	Tokenized reference:  ['Indi@@', 'a', 'is', 'also', 're@@', 'porte@@', 'dly', 'hop@@', 'ing', 'for', 'a', 'de@@', 'al', 'on', 'def@@', 'ence', 'c@@', 'oll@@', 'ab@@', 'or@@', 'ation', 'between', 'the', 'two', 'n@@', 'ations', '.']
2026-05-09 11:30:41,241 - DEBUG - joeynmt.training - 	Tokenized hypothesis: ['mo@@', 're@@', 'over', ',', 'Indi@@', 'a', '&apos;s', 're@@', 'ports', 'on', 'the', 'con@@', 'stitu@@', 'tion', 'of', 'the', 'two', 'N@@', 'ations', ',', 'which', 'is', 'to', 'be', 'able', 'to', 'def@@', 'end', 'cooperation', 'between', 'the', 'two', 'N@@', 'ations', '.', '</s>']
2026-05-09 11:30:41,242 - INFO - joeynmt.training - 	Source:     Berichten zufolge hofft Indien darüber hinaus auf einen Vertrag zur Verteidigungszusammenarbeit zwischen den beiden Nationen .
2026-05-09 11:30:41,242 - INFO - joeynmt.training - 	Reference:  India is also reportedly hoping for a deal on defence collaboration between the two nations .
2026-05-09 11:30:41,242 - INFO - joeynmt.training - 	Hypothesis: moreover , India &apos;s reports on the constitution of the two Nations , which is to be able to defend cooperation between the two Nations .
2026-05-09 11:30:55,955 - INFO - joeynmt.training - Epoch   6, Step:    24100, Batch Loss:     2.075104, Batch Acc: 0.487892, Tokens per Sec:     6211, Lr: 0.000300
2026-05-09 11:31:10,381 - INFO - joeynmt.training - Epoch   6, Step:    24200, Batch Loss:     1.786766, Batch Acc: 0.496162, Tokens per Sec:     6367, Lr: 0.000300
2026-05-09 11:31:24,839 - INFO - joeynmt.training - Epoch   6, Step:    24300, Batch Loss:     1.860514, Batch Acc: 0.494833, Tokens per Sec:     6426, Lr: 0.000300
2026-05-09 11:31:38,859 - INFO - joeynmt.training - Epoch   6: total training loss 7587.01
2026-05-09 11:31:38,859 - INFO - joeynmt.training - EPOCH 7
2026-05-09 11:31:39,318 - INFO - joeynmt.training - Epoch   7, Step:    24400, Batch Loss:     1.821122, Batch Acc: 0.516498, Tokens per Sec:     6686, Lr: 0.000300
2026-05-09 11:31:53,716 - INFO - joeynmt.training - Epoch   7, Step:    24500, Batch Loss:     1.683225, Batch Acc: 0.516787, Tokens per Sec:     6448, Lr: 0.000300
2026-05-09 11:31:53,716 - INFO - joeynmt.prediction - Predicting 500 example(s)... (Greedy decoding with min_output_length=1, max_output_length=-1, return_prob='none', generate_unk=True, repetition_penalty=-1, no_repeat_ngram_size=-1)
2026-05-09 11:32:14,850 - INFO - joeynmt.prediction - Evaluation result (greedy) loss:   2.21, ppl:   9.12, acc:   0.43, generation: 21.1305[sec], evaluation: 0.0000[sec]
2026-05-09 11:32:14,852 - INFO - joeynmt.training - Hooray! New best validation result [ppl]!
2026-05-09 11:32:14,925 - INFO - joeynmt.helpers - delete models/deen_transformer_post/22500.ckpt
2026-05-09 11:32:14,929 - INFO - joeynmt.training - Example #0
2026-05-09 11:32:14,929 - DEBUG - joeynmt.training - 	Tokenized source:     ['die', 'Pre@@', 'mi@@', 'er@@', 'minist@@', 'er', 'Indi@@', 'ens', 'und', 'J@@', 'ap@@', 'ans', 'tra@@', 'fen', 'sich', 'in', 'T@@', 'ok@@', 'i@@', 'o', '.']
2026-05-09 11:32:14,929 - DEBUG - joeynmt.training - 	Tokenized reference:  ['Indi@@', 'a', 'and', 'J@@', 'ap@@', 'an', 'pri@@', 'me', 'minist@@', 'ers', 'me@@', 'et', 'in', 'T@@', 'ok@@', 'y@@', 'o']
2026-05-09 11:32:14,929 - DEBUG - joeynmt.training - 	Tokenized hypothesis: ['the', 'Pri@@', 'me', 'Minist@@', 'er', 'and', 'J@@', 'ap@@', 'ans', 'are', 'in', 'T@@', 'ok@@', 'y@@', 'o', '.', '</s>']
2026-05-09 11:32:14,929 - INFO - joeynmt.training - 	Source:     die Premierminister Indiens und Japans trafen sich in Tokio .
2026-05-09 11:32:14,929 - INFO - joeynmt.training - 	Reference:  India and Japan prime ministers meet in Tokyo
2026-05-09 11:32:14,929 - INFO - joeynmt.training - 	Hypothesis: the Prime Minister and Japans are in Tokyo .
2026-05-09 11:32:14,929 - INFO - joeynmt.training - Example #1
2026-05-09 11:32:14,929 - DEBUG - joeynmt.training - 	Tokenized source:     ['Indi@@', 'ens', 'neu@@', 'er', 'Pre@@', 'mi@@', 'er@@', 'minist@@', 'er', 'N@@', 'ar@@', 'end@@', 'ra', 'Mo@@', 'd@@', 'i', 'tri@@', 'fft', 'bei', 's@@', 'einem', 'ersten', 'wichti@@', 'gen', 'Aus@@', 'land@@', 's@@', 'bes@@', 'u@@', 'ch', 'seit', 's@@', 'einem', 'W@@', 'ah@@', 'l@@', 'si@@', 'e@@', 'g', 'im', 'Ma@@', 'i', 'seinen', 'j@@', 'ap@@', 'an@@', 'ischen', 'Am@@', 'ts@@', 'k@@', 'olle@@', 'gen', 'S@@', 'hin@@', 'z@@', 'o', 'A@@', 'be', 'in', 'T@@', 'ok@@', 'o', ',', 'um', 'wirtschaf@@', 'tliche', 'und', 'sicher@@', 'heits@@', 'politische', 'Be@@', 'zieh@@', 'ungen', 'zu', 'bes@@', 'pre@@', 'chen', '.']
2026-05-09 11:32:14,929 - DEBUG - joeynmt.training - 	Tokenized reference:  ['Indi@@', 'a', '&apos;s', 'new', 'pri@@', 'me', 'minist@@', 'er', ',', 'N@@', 'ar@@', 'end@@', 'ra', 'Mo@@', 'd@@', 'i', ',', 'is', 'me@@', 'eting', 'his', 'J@@', 'ap@@', 'an@@', 'ese', 'coun@@', 'ter@@', 'part', ',', 'S@@', 'hin@@', 'z@@', 'o', 'A@@', 'be', ',', 'in', 'T@@', 'ok@@', 'y@@', 'o', 'to', 'disc@@', 'uss', 'economic', 'and', 'security', 'ties', ',', 'on', 'his', 'first', 'major', 'fore@@', 'ign', 'visi@@', 't', 'since', 'w@@', 'inn@@', 'ing', 'Ma@@', 'y', '&apos;s', 'elec@@', 'tion', '.']
2026-05-09 11:32:14,929 - DEBUG - joeynmt.training - 	Tokenized hypothesis: ['Indi@@', 'a', '&apos;s', '&apos;s', 'first', 'de@@', 'te@@', 'c@@', 'ts', 'N@@', 'ar@@', 'd@@', 'i', 'was', 'se@@', 'en', 'in', 'his', 'first', 'important', 'ex@@', 'clu@@', 'sive', 're@@', 'mark@@', 's', 'for', 'his', 'first', 'important', 'ex@@', 'clu@@', 'sive', 'colle@@', 'c@@', 'tions', 'in', 'Ma@@', 'y', ',', 'in', 'Ma@@', 'y', ',', 'in', 'T@@', 'ok@@', 'o', ',', 'in', 'the', 'Ma@@', 'y', ',', 'in', 'T@@', 'ok@@', 'o', ',', 'in', 'T@@', 'ok@@', 'o', ',', 'in', 'the', 'first', 'of', 'all', 'of', 'the', 're@@', 'lev@@', 'ant', '.', '</s>']
2026-05-09 11:32:14,929 - INFO - joeynmt.training - 	Source:     Indiens neuer Premierminister Narendra Modi trifft bei seinem ersten wichtigen Auslandsbesuch seit seinem Wahlsieg im Mai seinen japanischen Amtskollegen Shinzo Abe in Toko , um wirtschaftliche und sicherheitspolitische Beziehungen zu besprechen .
2026-05-09 11:32:14,929 - INFO - joeynmt.training - 	Reference:  India &apos;s new prime minister , Narendra Modi , is meeting his Japanese counterpart , Shinzo Abe , in Tokyo to discuss economic and security ties , on his first major foreign visit since winning May &apos;s election .
2026-05-09 11:32:14,929 - INFO - joeynmt.training - 	Hypothesis: India &apos;s &apos;s first detects Nardi was seen in his first important exclusive remarks for his first important exclusive collections in May , in May , in Toko , in the May , in Toko , in Toko , in the first of all of the relevant .
2026-05-09 11:32:14,929 - INFO - joeynmt.training - Example #2
2026-05-09 11:32:14,929 - DEBUG - joeynmt.training - 	Tokenized source:     ['Herr', 'Mo@@', 'd@@', 'i', 'befindet', 'sich', 'auf', 'einer', 'fü@@', 'n@@', 'f@@', 'tä@@', 'gi@@', 'gen', 'Rei@@', 'se', 'nach', 'J@@', 'ap@@', 'an', ',', 'um', 'die', 'wirtschaf@@', 'tlichen', 'Be@@', 'zieh@@', 'ungen', 'mit', 'der', 'd@@', 'rit@@', 't@@', 'größ@@', 'ten', 'Wirtschafts@@', 'n@@', 'ation', 'der', 'Welt', 'zu', 'fes@@', 'tigen', '.']
2026-05-09 11:32:14,929 - DEBUG - joeynmt.training - 	Tokenized reference:  ['Mr', 'Mo@@', 'd@@', 'i', 'is', 'on', 'a', 'fi@@', 've', '@@@', '-@@', '@', 'day', 'tri@@', 'p', 'to', 'J@@', 'ap@@', 'an', 'to', 'streng@@', 'then', 'economic', 'ties', 'with', 'the', 'third', 'lar@@', 'ges@@', 't', 'econom@@', 'y', 'in', 'the', 'world', '.']
2026-05-09 11:32:14,929 - DEBUG - joeynmt.training - 	Tokenized hypothesis: ['Mr', 'Mo@@', 'd@@', 'i', 'is', 'on', 'a', 'fi@@', 'f@@', 'ty', 'after', 'J@@', 'ap@@', 'an', 'to', 'the', 'economic', 'rel@@', 'ations', 'with', 'the', 'third', 'lar@@', 'ges@@', 't', 'economic', 'rel@@', 'ations', 'with', 'the', 'third', 'lar@@', 'ges@@', 't', 'economic', 'rel@@', 'ations', '.', '</s>']
2026-05-09 11:32:14,930 - INFO - joeynmt.training - 	Source:     Herr Modi befindet sich auf einer fünftägigen Reise nach Japan , um die wirtschaftlichen Beziehungen mit der drittgrößten Wirtschaftsnation der Welt zu festigen .
2026-05-09 11:32:14,930 - INFO - joeynmt.training - 	Reference:  Mr Modi is on a five @-@ day trip to Japan to strengthen economic ties with the third largest economy in the world .
2026-05-09 11:32:14,930 - INFO - joeynmt.training - 	Hypothesis: Mr Modi is on a fifty after Japan to the economic relations with the third largest economic relations with the third largest economic relations .
2026-05-09 11:32:14,930 - INFO - joeynmt.training - Example #3
2026-05-09 11:32:14,930 - DEBUG - joeynmt.training - 	Tokenized source:     ['P@@', 'län@@', 'e', 'für', 'eine', 'stärk@@', 'ere', 'k@@', 'ern@@', 'techn@@', 'ische', 'Zusammenarbeit', 'stehen', 'ganz', 'ob@@', 'en', 'auf', 'der', 'Tag@@', 'es@@', 'ordnung', '.']
2026-05-09 11:32:14,930 - DEBUG - joeynmt.training - 	Tokenized reference:  ['high', 'on', 'the', 'agen@@', 'da', 'are', 'pl@@', 'ans', 'for', 'gre@@', 'ater', 'nu@@', 'clear', 'c@@', 'o', '@@@', '-@@', '@', 'operation', '.']
2026-05-09 11:32:14,930 - DEBUG - joeynmt.training - 	Tokenized hypothesis: ['P@@', 'lan@@', 'e', 'is', 'very', 'important', 'techn@@', 'ical', 'cooperation', 'are', 'concer@@', 'ned', '.', '</s>']
2026-05-09 11:32:14,930 - INFO - joeynmt.training - 	Source:     Pläne für eine stärkere kerntechnische Zusammenarbeit stehen ganz oben auf der Tagesordnung .
2026-05-09 11:32:14,930 - INFO - joeynmt.training - 	Reference:  high on the agenda are plans for greater nuclear co @-@ operation .
2026-05-09 11:32:14,930 - INFO - joeynmt.training - 	Hypothesis: Plane is very important technical cooperation are concerned .
2026-05-09 11:32:14,930 - INFO - joeynmt.training - Example #4
2026-05-09 11:32:14,930 - DEBUG - joeynmt.training - 	Tokenized source:     ['Berich@@', 'ten', 'zu@@', 'fol@@', 'ge', 'ho@@', 'fft', 'Indi@@', 'en', 'darüber', 'hinaus', 'auf', 'einen', 'Ver@@', 'trag', 'zur', 'Ver@@', 'tei@@', 'dig@@', 'ungs@@', 'zusammen@@', 'arbeit', 'zwischen', 'den', 'beiden', 'N@@', 'ationen', '.']
2026-05-09 11:32:14,930 - DEBUG - joeynmt.training - 	Tokenized reference:  ['Indi@@', 'a', 'is', 'also', 're@@', 'porte@@', 'dly', 'hop@@', 'ing', 'for', 'a', 'de@@', 'al', 'on', 'def@@', 'ence', 'c@@', 'oll@@', 'ab@@', 'or@@', 'ation', 'between', 'the', 'two', 'n@@', 'ations', '.']
2026-05-09 11:32:14,930 - DEBUG - joeynmt.training - 	Tokenized hypothesis: ['the', 'report', 'also', 're@@', 'ports', 'on', 'the', 'con@@', 'tra@@', 'ct', 'on', 'a', 'con@@', 'tra@@', 'ct', 'between', 'the', 'two', 'N@@', 'ations', '.', '</s>']
2026-05-09 11:32:14,930 - INFO - joeynmt.training - 	Source:     Berichten zufolge hofft Indien darüber hinaus auf einen Vertrag zur Verteidigungszusammenarbeit zwischen den beiden Nationen .
2026-05-09 11:32:14,930 - INFO - joeynmt.training - 	Reference:  India is also reportedly hoping for a deal on defence collaboration between the two nations .
2026-05-09 11:32:14,930 - INFO - joeynmt.training - 	Hypothesis: the report also reports on the contract on a contract between the two Nations .
2026-05-09 11:32:29,227 - INFO - joeynmt.training - Epoch   7, Step:    24600, Batch Loss:     1.951195, Batch Acc: 0.516684, Tokens per Sec:     6251, Lr: 0.000300
2026-05-09 11:32:43,722 - INFO - joeynmt.training - Epoch   7, Step:    24700, Batch Loss:     1.705823, Batch Acc: 0.510779, Tokens per Sec:     6516, Lr: 0.000300
2026-05-09 11:32:57,965 - INFO - joeynmt.training - Epoch   7, Step:    24800, Batch Loss:     1.803386, Batch Acc: 0.508966, Tokens per Sec:     6433, Lr: 0.000300
2026-05-09 11:33:12,372 - INFO - joeynmt.training - Epoch   7, Step:    24900, Batch Loss:     1.951480, Batch Acc: 0.506183, Tokens per Sec:     6370, Lr: 0.000300
2026-05-09 11:33:26,741 - INFO - joeynmt.training - Epoch   7, Step:    25000, Batch Loss:     1.954944, Batch Acc: 0.502717, Tokens per Sec:     6303, Lr: 0.000300
2026-05-09 11:33:26,741 - INFO - joeynmt.prediction - Predicting 500 example(s)... (Greedy decoding with min_output_length=1, max_output_length=-1, return_prob='none', generate_unk=True, repetition_penalty=-1, no_repeat_ngram_size=-1)
2026-05-09 11:33:48,252 - INFO - joeynmt.prediction - Evaluation result (greedy) loss:   2.21, ppl:   9.13, acc:   0.43, generation: 21.5073[sec], evaluation: 0.0000[sec]
2026-05-09 11:33:48,325 - INFO - joeynmt.helpers - delete models/deen_transformer_post/22000.ckpt
2026-05-09 11:33:48,327 - INFO - joeynmt.training - Example #0
2026-05-09 11:33:48,327 - DEBUG - joeynmt.training - 	Tokenized source:     ['die', 'Pre@@', 'mi@@', 'er@@', 'minist@@', 'er', 'Indi@@', 'ens', 'und', 'J@@', 'ap@@', 'ans', 'tra@@', 'fen', 'sich', 'in', 'T@@', 'ok@@', 'i@@', 'o', '.']
2026-05-09 11:33:48,327 - DEBUG - joeynmt.training - 	Tokenized reference:  ['Indi@@', 'a', 'and', 'J@@', 'ap@@', 'an', 'pri@@', 'me', 'minist@@', 'ers', 'me@@', 'et', 'in', 'T@@', 'ok@@', 'y@@', 'o']
2026-05-09 11:33:48,327 - DEBUG - joeynmt.training - 	Tokenized hypothesis: ['the', 'Pri@@', 'me', 'Minist@@', 'er', 'and', 'J@@', 'ap@@', 'ans', ',', 'the', 'J@@', 'ap@@', 'ans', 'of', 'T@@', 'ok@@', 'i@@', 'o', '.', '</s>']
2026-05-09 11:33:48,327 - INFO - joeynmt.training - 	Source:     die Premierminister Indiens und Japans trafen sich in Tokio .
2026-05-09 11:33:48,327 - INFO - joeynmt.training - 	Reference:  India and Japan prime ministers meet in Tokyo
2026-05-09 11:33:48,327 - INFO - joeynmt.training - 	Hypothesis: the Prime Minister and Japans , the Japans of Tokio .
2026-05-09 11:33:48,327 - INFO - joeynmt.training - Example #1
2026-05-09 11:33:48,327 - DEBUG - joeynmt.training - 	Tokenized source:     ['Indi@@', 'ens', 'neu@@', 'er', 'Pre@@', 'mi@@', 'er@@', 'minist@@', 'er', 'N@@', 'ar@@', 'end@@', 'ra', 'Mo@@', 'd@@', 'i', 'tri@@', 'fft', 'bei', 's@@', 'einem', 'ersten', 'wichti@@', 'gen', 'Aus@@', 'land@@', 's@@', 'bes@@', 'u@@', 'ch', 'seit', 's@@', 'einem', 'W@@', 'ah@@', 'l@@', 'si@@', 'e@@', 'g', 'im', 'Ma@@', 'i', 'seinen', 'j@@', 'ap@@', 'an@@', 'ischen', 'Am@@', 'ts@@', 'k@@', 'olle@@', 'gen', 'S@@', 'hin@@', 'z@@', 'o', 'A@@', 'be', 'in', 'T@@', 'ok@@', 'o', ',', 'um', 'wirtschaf@@', 'tliche', 'und', 'sicher@@', 'heits@@', 'politische', 'Be@@', 'zieh@@', 'ungen', 'zu', 'bes@@', 'pre@@', 'chen', '.']
2026-05-09 11:33:48,327 - DEBUG - joeynmt.training - 	Tokenized reference:  ['Indi@@', 'a', '&apos;s', 'new', 'pri@@', 'me', 'minist@@', 'er', ',', 'N@@', 'ar@@', 'end@@', 'ra', 'Mo@@', 'd@@', 'i', ',', 'is', 'me@@', 'eting', 'his', 'J@@', 'ap@@', 'an@@', 'ese', 'coun@@', 'ter@@', 'part', ',', 'S@@', 'hin@@', 'z@@', 'o', 'A@@', 'be', ',', 'in', 'T@@', 'ok@@', 'y@@', 'o', 'to', 'disc@@', 'uss', 'economic', 'and', 'security', 'ties', ',', 'on', 'his', 'first', 'major', 'fore@@', 'ign', 'visi@@', 't', 'since', 'w@@', 'inn@@', 'ing', 'Ma@@', 'y', '&apos;s', 'elec@@', 'tion', '.']
2026-05-09 11:33:48,327 - DEBUG - joeynmt.training - 	Tokenized hypothesis: ['Indi@@', 'a', '&apos;s', 'Ne@@', 'ther@@', 'land@@', 's', ',', 'N@@', 'ar@@', 'end@@', 'ra', 'Mo@@', 'd@@', 'i', '&apos;s', 'first', 'important', 'ex@@', 'clu@@', 'sion', 'in', 'his', 'first', 'place', ',', 'has', 'been', 'made', 'since', 'his', 'his', 'his', 'his', 'his', 'his', 'first', 'first', 'A@@', 'gre@@', 'ement', 'in', 'Ma@@', 'y', ',', 'A@@', 'be', 'in', 'T@@', 'ok@@', 'o', ',', 'A@@', 'be', 'in', 'T@@', 'ok@@', 'o', ',', 'to', 'be', 'able', 'to', 'de@@', 'termin@@', 'e', 'economic', 'and', 'security', 'political', 'rel@@', 'ations', '.', '</s>']
2026-05-09 11:33:48,327 - INFO - joeynmt.training - 	Source:     Indiens neuer Premierminister Narendra Modi trifft bei seinem ersten wichtigen Auslandsbesuch seit seinem Wahlsieg im Mai seinen japanischen Amtskollegen Shinzo Abe in Toko , um wirtschaftliche und sicherheitspolitische Beziehungen zu besprechen .
2026-05-09 11:33:48,327 - INFO - joeynmt.training - 	Reference:  India &apos;s new prime minister , Narendra Modi , is meeting his Japanese counterpart , Shinzo Abe , in Tokyo to discuss economic and security ties , on his first major foreign visit since winning May &apos;s election .
2026-05-09 11:33:48,327 - INFO - joeynmt.training - 	Hypothesis: India &apos;s Netherlands , Narendra Modi &apos;s first important exclusion in his first place , has been made since his his his his his his first first Agreement in May , Abe in Toko , Abe in Toko , to be able to determine economic and security political relations .
2026-05-09 11:33:48,327 - INFO - joeynmt.training - Example #2
2026-05-09 11:33:48,327 - DEBUG - joeynmt.training - 	Tokenized source:     ['Herr', 'Mo@@', 'd@@', 'i', 'befindet', 'sich', 'auf', 'einer', 'fü@@', 'n@@', 'f@@', 'tä@@', 'gi@@', 'gen', 'Rei@@', 'se', 'nach', 'J@@', 'ap@@', 'an', ',', 'um', 'die', 'wirtschaf@@', 'tlichen', 'Be@@', 'zieh@@', 'ungen', 'mit', 'der', 'd@@', 'rit@@', 't@@', 'größ@@', 'ten', 'Wirtschafts@@', 'n@@', 'ation', 'der', 'Welt', 'zu', 'fes@@', 'tigen', '.']
2026-05-09 11:33:48,327 - DEBUG - joeynmt.training - 	Tokenized reference:  ['Mr', 'Mo@@', 'd@@', 'i', 'is', 'on', 'a', 'fi@@', 've', '@@@', '-@@', '@', 'day', 'tri@@', 'p', 'to', 'J@@', 'ap@@', 'an', 'to', 'streng@@', 'then', 'economic', 'ties', 'with', 'the', 'third', 'lar@@', 'ges@@', 't', 'econom@@', 'y', 'in', 'the', 'world', '.']
2026-05-09 11:33:48,327 - DEBUG - joeynmt.training - 	Tokenized hypothesis: ['Mr', 'Mo@@', 'd@@', 'i', 'is', 'located', 'on', 'a', 'fi@@', 'f@@', 'ty', 'after', 'J@@', 'ap@@', 'an', 'to', 'the', 'economic', 'rel@@', 'ations', 'with', 'the', 'third', 'lar@@', 'ges@@', 't', 'lar@@', 'ges@@', 't', 'economic', 'rel@@', 'ations', 'with', 'the', 'third', 'lar@@', 'ges@@', 't', 'economic', 'n@@', 'ation', 'of', 'the', 'world', '.', '</s>']
2026-05-09 11:33:48,328 - INFO - joeynmt.training - 	Source:     Herr Modi befindet sich auf einer fünftägigen Reise nach Japan , um die wirtschaftlichen Beziehungen mit der drittgrößten Wirtschaftsnation der Welt zu festigen .
2026-05-09 11:33:48,328 - INFO - joeynmt.training - 	Reference:  Mr Modi is on a five @-@ day trip to Japan to strengthen economic ties with the third largest economy in the world .
2026-05-09 11:33:48,328 - INFO - joeynmt.training - 	Hypothesis: Mr Modi is located on a fifty after Japan to the economic relations with the third largest largest economic relations with the third largest economic nation of the world .
2026-05-09 11:33:48,328 - INFO - joeynmt.training - Example #3
2026-05-09 11:33:48,328 - DEBUG - joeynmt.training - 	Tokenized source:     ['P@@', 'län@@', 'e', 'für', 'eine', 'stärk@@', 'ere', 'k@@', 'ern@@', 'techn@@', 'ische', 'Zusammenarbeit', 'stehen', 'ganz', 'ob@@', 'en', 'auf', 'der', 'Tag@@', 'es@@', 'ordnung', '.']
2026-05-09 11:33:48,328 - DEBUG - joeynmt.training - 	Tokenized reference:  ['high', 'on', 'the', 'agen@@', 'da', 'are', 'pl@@', 'ans', 'for', 'gre@@', 'ater', 'nu@@', 'clear', 'c@@', 'o', '@@@', '-@@', '@', 'operation', '.']
2026-05-09 11:33:48,328 - DEBUG - joeynmt.training - 	Tokenized hypothesis: ['pl@@', 'ans', 'for', 'more', 'nu@@', 'clear', 'techn@@', 'ical', 'cooperation', 'are', 'concer@@', 'ned', '.', '</s>']
2026-05-09 11:33:48,328 - INFO - joeynmt.training - 	Source:     Pläne für eine stärkere kerntechnische Zusammenarbeit stehen ganz oben auf der Tagesordnung .
2026-05-09 11:33:48,328 - INFO - joeynmt.training - 	Reference:  high on the agenda are plans for greater nuclear co @-@ operation .
2026-05-09 11:33:48,328 - INFO - joeynmt.training - 	Hypothesis: plans for more nuclear technical cooperation are concerned .
2026-05-09 11:33:48,328 - INFO - joeynmt.training - Example #4
2026-05-09 11:33:48,328 - DEBUG - joeynmt.training - 	Tokenized source:     ['Berich@@', 'ten', 'zu@@', 'fol@@', 'ge', 'ho@@', 'fft', 'Indi@@', 'en', 'darüber', 'hinaus', 'auf', 'einen', 'Ver@@', 'trag', 'zur', 'Ver@@', 'tei@@', 'dig@@', 'ungs@@', 'zusammen@@', 'arbeit', 'zwischen', 'den', 'beiden', 'N@@', 'ationen', '.']
2026-05-09 11:33:48,328 - DEBUG - joeynmt.training - 	Tokenized reference:  ['Indi@@', 'a', 'is', 'also', 're@@', 'porte@@', 'dly', 'hop@@', 'ing', 'for', 'a', 'de@@', 'al', 'on', 'def@@', 'ence', 'c@@', 'oll@@', 'ab@@', 'or@@', 'ation', 'between', 'the', 'two', 'n@@', 'ations', '.']
2026-05-09 11:33:48,328 - DEBUG - joeynmt.training - 	Tokenized hypothesis: ['the', 'fact', 'that', 'the', 'fact', 'that', 'the', 'con@@', 'tra@@', 'ct', 'between', 'the', 'two', 'n@@', 'ations', '.', '</s>']
2026-05-09 11:33:48,328 - INFO - joeynmt.training - 	Source:     Berichten zufolge hofft Indien darüber hinaus auf einen Vertrag zur Verteidigungszusammenarbeit zwischen den beiden Nationen .
2026-05-09 11:33:48,328 - INFO - joeynmt.training - 	Reference:  India is also reportedly hoping for a deal on defence collaboration between the two nations .
2026-05-09 11:33:48,328 - INFO - joeynmt.training - 	Hypothesis: the fact that the fact that the contract between the two nations .
2026-05-09 11:34:02,944 - INFO - joeynmt.training - Epoch   7, Step:    25100, Batch Loss:     1.769377, Batch Acc: 0.505635, Tokens per Sec:     6221, Lr: 0.000300
2026-05-09 11:34:17,393 - INFO - joeynmt.training - Epoch   7, Step:    25200, Batch Loss:     1.772584, Batch Acc: 0.513421, Tokens per Sec:     6374, Lr: 0.000300
2026-05-09 11:34:31,925 - INFO - joeynmt.training - Epoch   7, Step:    25300, Batch Loss:     1.936025, Batch Acc: 0.502707, Tokens per Sec:     6380, Lr: 0.000300
2026-05-09 11:34:46,788 - INFO - joeynmt.training - Epoch   7, Step:    25400, Batch Loss:     1.683564, Batch Acc: 0.510351, Tokens per Sec:     6123, Lr: 0.000300
2026-05-09 11:35:01,334 - INFO - joeynmt.training - Epoch   7, Step:    25500, Batch Loss:     1.826224, Batch Acc: 0.506063, Tokens per Sec:     6338, Lr: 0.000300
2026-05-09 11:35:01,334 - INFO - joeynmt.prediction - Predicting 500 example(s)... (Greedy decoding with min_output_length=1, max_output_length=-1, return_prob='none', generate_unk=True, repetition_penalty=-1, no_repeat_ngram_size=-1)
2026-05-09 11:35:27,629 - INFO - joeynmt.prediction - Evaluation result (greedy) loss:   2.20, ppl:   9.05, acc:   0.44, generation: 26.2906[sec], evaluation: 0.0000[sec]
2026-05-09 11:35:27,631 - INFO - joeynmt.training - Hooray! New best validation result [ppl]!
2026-05-09 11:35:27,702 - INFO - joeynmt.helpers - delete models/deen_transformer_post/24000.ckpt
2026-05-09 11:35:27,705 - INFO - joeynmt.training - Example #0
2026-05-09 11:35:27,705 - DEBUG - joeynmt.training - 	Tokenized source:     ['die', 'Pre@@', 'mi@@', 'er@@', 'minist@@', 'er', 'Indi@@', 'ens', 'und', 'J@@', 'ap@@', 'ans', 'tra@@', 'fen', 'sich', 'in', 'T@@', 'ok@@', 'i@@', 'o', '.']
2026-05-09 11:35:27,705 - DEBUG - joeynmt.training - 	Tokenized reference:  ['Indi@@', 'a', 'and', 'J@@', 'ap@@', 'an', 'pri@@', 'me', 'minist@@', 'ers', 'me@@', 'et', 'in', 'T@@', 'ok@@', 'y@@', 'o']
2026-05-09 11:35:27,705 - DEBUG - joeynmt.training - 	Tokenized hypothesis: ['the', 'Pre@@', 'mi@@', 'er', 'Indi@@', 'a', 'and', 'J@@', 'ap@@', 'an', ',', 'the', 'Pri@@', 'me', 'Minist@@', 'er', 'of', 'T@@', 'ok@@', 'y@@', 'o', '.', '</s>']
2026-05-09 11:35:27,705 - INFO - joeynmt.training - 	Source:     die Premierminister Indiens und Japans trafen sich in Tokio .
2026-05-09 11:35:27,705 - INFO - joeynmt.training - 	Reference:  India and Japan prime ministers meet in Tokyo
2026-05-09 11:35:27,705 - INFO - joeynmt.training - 	Hypothesis: the Premier India and Japan , the Prime Minister of Tokyo .
2026-05-09 11:35:27,705 - INFO - joeynmt.training - Example #1
2026-05-09 11:35:27,705 - DEBUG - joeynmt.training - 	Tokenized source:     ['Indi@@', 'ens', 'neu@@', 'er', 'Pre@@', 'mi@@', 'er@@', 'minist@@', 'er', 'N@@', 'ar@@', 'end@@', 'ra', 'Mo@@', 'd@@', 'i', 'tri@@', 'fft', 'bei', 's@@', 'einem', 'ersten', 'wichti@@', 'gen', 'Aus@@', 'land@@', 's@@', 'bes@@', 'u@@', 'ch', 'seit', 's@@', 'einem', 'W@@', 'ah@@', 'l@@', 'si@@', 'e@@', 'g', 'im', 'Ma@@', 'i', 'seinen', 'j@@', 'ap@@', 'an@@', 'ischen', 'Am@@', 'ts@@', 'k@@', 'olle@@', 'gen', 'S@@', 'hin@@', 'z@@', 'o', 'A@@', 'be', 'in', 'T@@', 'ok@@', 'o', ',', 'um', 'wirtschaf@@', 'tliche', 'und', 'sicher@@', 'heits@@', 'politische', 'Be@@', 'zieh@@', 'ungen', 'zu', 'bes@@', 'pre@@', 'chen', '.']
2026-05-09 11:35:27,705 - DEBUG - joeynmt.training - 	Tokenized reference:  ['Indi@@', 'a', '&apos;s', 'new', 'pri@@', 'me', 'minist@@', 'er', ',', 'N@@', 'ar@@', 'end@@', 'ra', 'Mo@@', 'd@@', 'i', ',', 'is', 'me@@', 'eting', 'his', 'J@@', 'ap@@', 'an@@', 'ese', 'coun@@', 'ter@@', 'part', ',', 'S@@', 'hin@@', 'z@@', 'o', 'A@@', 'be', ',', 'in', 'T@@', 'ok@@', 'y@@', 'o', 'to', 'disc@@', 'uss', 'economic', 'and', 'security', 'ties', ',', 'on', 'his', 'first', 'major', 'fore@@', 'ign', 'visi@@', 't', 'since', 'w@@', 'inn@@', 'ing', 'Ma@@', 'y', '&apos;s', 'elec@@', 'tion', '.']
2026-05-09 11:35:27,705 - DEBUG - joeynmt.training - 	Tokenized hypothesis: ['Indi@@', 'a', '&apos;s', 'pri@@', 'me', 'minist@@', 'er', 'N@@', 'ar@@', 'end@@', 'a', 'first', 'important', 'ex@@', 'clu@@', 'sive', 'de@@', 'si@@', 'red', 'in', 'his', 'first', 'important', 'ex@@', 'clu@@', 'sive', 'experience', 'in', 'the', 'first', 'of', 'its', 'yo@@', 'ung', 'people', 'in', 'Ma@@', 'y', 'in', 'T@@', 'ok@@', 'o', ',', 'in', 'T@@', 'ok@@', 'o', ',', 'for', 'economic', 'and', 'security', 'policy', '.', '</s>']
2026-05-09 11:35:27,705 - INFO - joeynmt.training - 	Source:     Indiens neuer Premierminister Narendra Modi trifft bei seinem ersten wichtigen Auslandsbesuch seit seinem Wahlsieg im Mai seinen japanischen Amtskollegen Shinzo Abe in Toko , um wirtschaftliche und sicherheitspolitische Beziehungen zu besprechen .
2026-05-09 11:35:27,705 - INFO - joeynmt.training - 	Reference:  India &apos;s new prime minister , Narendra Modi , is meeting his Japanese counterpart , Shinzo Abe , in Tokyo to discuss economic and security ties , on his first major foreign visit since winning May &apos;s election .
2026-05-09 11:35:27,705 - INFO - joeynmt.training - 	Hypothesis: India &apos;s prime minister Narenda first important exclusive desired in his first important exclusive experience in the first of its young people in May in Toko , in Toko , for economic and security policy .
2026-05-09 11:35:27,705 - INFO - joeynmt.training - Example #2
2026-05-09 11:35:27,706 - DEBUG - joeynmt.training - 	Tokenized source:     ['Herr', 'Mo@@', 'd@@', 'i', 'befindet', 'sich', 'auf', 'einer', 'fü@@', 'n@@', 'f@@', 'tä@@', 'gi@@', 'gen', 'Rei@@', 'se', 'nach', 'J@@', 'ap@@', 'an', ',', 'um', 'die', 'wirtschaf@@', 'tlichen', 'Be@@', 'zieh@@', 'ungen', 'mit', 'der', 'd@@', 'rit@@', 't@@', 'größ@@', 'ten', 'Wirtschafts@@', 'n@@', 'ation', 'der', 'Welt', 'zu', 'fes@@', 'tigen', '.']
2026-05-09 11:35:27,706 - DEBUG - joeynmt.training - 	Tokenized reference:  ['Mr', 'Mo@@', 'd@@', 'i', 'is', 'on', 'a', 'fi@@', 've', '@@@', '-@@', '@', 'day', 'tri@@', 'p', 'to', 'J@@', 'ap@@', 'an', 'to', 'streng@@', 'then', 'economic', 'ties', 'with', 'the', 'third', 'lar@@', 'ges@@', 't', 'econom@@', 'y', 'in', 'the', 'world', '.']
2026-05-09 11:35:27,706 - DEBUG - joeynmt.training - 	Tokenized hypothesis: ['Mr', 'Mo@@', 'd@@', 'i', 'is', 'located', 'on', 'a', 'fi@@', 'f@@', 'th', 'of', 'the', 'world', '&apos;s', 'fi@@', 'f@@', 'th', 'in', 'to', 'j@@', 'ap@@', 'an', 'to', 'the', 'economic', 'n@@', 'ation', 'of', 'the', 'world', '&apos;s', 'lar@@', 'ges@@', 't', 'economic', 'n@@', 'ation', '.', '</s>']
2026-05-09 11:35:27,706 - INFO - joeynmt.training - 	Source:     Herr Modi befindet sich auf einer fünftägigen Reise nach Japan , um die wirtschaftlichen Beziehungen mit der drittgrößten Wirtschaftsnation der Welt zu festigen .
2026-05-09 11:35:27,706 - INFO - joeynmt.training - 	Reference:  Mr Modi is on a five @-@ day trip to Japan to strengthen economic ties with the third largest economy in the world .
2026-05-09 11:35:27,706 - INFO - joeynmt.training - 	Hypothesis: Mr Modi is located on a fifth of the world &apos;s fifth in to japan to the economic nation of the world &apos;s largest economic nation .
2026-05-09 11:35:27,706 - INFO - joeynmt.training - Example #3
2026-05-09 11:35:27,706 - DEBUG - joeynmt.training - 	Tokenized source:     ['P@@', 'län@@', 'e', 'für', 'eine', 'stärk@@', 'ere', 'k@@', 'ern@@', 'techn@@', 'ische', 'Zusammenarbeit', 'stehen', 'ganz', 'ob@@', 'en', 'auf', 'der', 'Tag@@', 'es@@', 'ordnung', '.']
2026-05-09 11:35:27,706 - DEBUG - joeynmt.training - 	Tokenized reference:  ['high', 'on', 'the', 'agen@@', 'da', 'are', 'pl@@', 'ans', 'for', 'gre@@', 'ater', 'nu@@', 'clear', 'c@@', 'o', '@@@', '-@@', '@', 'operation', '.']
2026-05-09 11:35:27,706 - DEBUG - joeynmt.training - 	Tokenized hypothesis: ['pl@@', 'ans', 'for', 'more', 'seri@@', 'ous', 'techn@@', 'ical', 'cooperation', 'are', 'concer@@', 'ned', 'about', 'the', 'agen@@', 'da', '.', '</s>']
2026-05-09 11:35:27,706 - INFO - joeynmt.training - 	Source:     Pläne für eine stärkere kerntechnische Zusammenarbeit stehen ganz oben auf der Tagesordnung .
2026-05-09 11:35:27,706 - INFO - joeynmt.training - 	Reference:  high on the agenda are plans for greater nuclear co @-@ operation .
2026-05-09 11:35:27,706 - INFO - joeynmt.training - 	Hypothesis: plans for more serious technical cooperation are concerned about the agenda .
2026-05-09 11:35:27,706 - INFO - joeynmt.training - Example #4
2026-05-09 11:35:27,706 - DEBUG - joeynmt.training - 	Tokenized source:     ['Berich@@', 'ten', 'zu@@', 'fol@@', 'ge', 'ho@@', 'fft', 'Indi@@', 'en', 'darüber', 'hinaus', 'auf', 'einen', 'Ver@@', 'trag', 'zur', 'Ver@@', 'tei@@', 'dig@@', 'ungs@@', 'zusammen@@', 'arbeit', 'zwischen', 'den', 'beiden', 'N@@', 'ationen', '.']
2026-05-09 11:35:27,706 - DEBUG - joeynmt.training - 	Tokenized reference:  ['Indi@@', 'a', 'is', 'also', 're@@', 'porte@@', 'dly', 'hop@@', 'ing', 'for', 'a', 'de@@', 'al', 'on', 'def@@', 'ence', 'c@@', 'oll@@', 'ab@@', 'or@@', 'ation', 'between', 'the', 'two', 'n@@', 'ations', '.']
2026-05-09 11:35:27,706 - DEBUG - joeynmt.training - 	Tokenized hypothesis: ['it', 'is', 'also', 'tru@@', 'e', ',', 'Indi@@', 'a', '&apos;s', 're@@', 'ports', 'on', 'the', 'con@@', 'tra@@', 'ct', 'on', 'the', 'con@@', 'tra@@', 'ct', 'of', 'the', 'two', 'n@@', 'ations', '.', '</s>']
2026-05-09 11:35:27,706 - INFO - joeynmt.training - 	Source:     Berichten zufolge hofft Indien darüber hinaus auf einen Vertrag zur Verteidigungszusammenarbeit zwischen den beiden Nationen .
2026-05-09 11:35:27,706 - INFO - joeynmt.training - 	Reference:  India is also reportedly hoping for a deal on defence collaboration between the two nations .
2026-05-09 11:35:27,706 - INFO - joeynmt.training - 	Hypothesis: it is also true , India &apos;s reports on the contract on the contract of the two nations .
2026-05-09 11:35:42,238 - INFO - joeynmt.training - Epoch   7, Step:    25600, Batch Loss:     1.808488, Batch Acc: 0.500438, Tokens per Sec:     6408, Lr: 0.000300
2026-05-09 11:35:57,062 - INFO - joeynmt.training - Epoch   7, Step:    25700, Batch Loss:     1.801460, Batch Acc: 0.503090, Tokens per Sec:     6189, Lr: 0.000300
2026-05-09 11:36:11,506 - INFO - joeynmt.training - Epoch   7, Step:    25800, Batch Loss:     1.620502, Batch Acc: 0.509422, Tokens per Sec:     6301, Lr: 0.000300
2026-05-09 11:36:25,986 - INFO - joeynmt.training - Epoch   7, Step:    25900, Batch Loss:     1.970748, Batch Acc: 0.514321, Tokens per Sec:     6288, Lr: 0.000300
2026-05-09 11:36:40,508 - INFO - joeynmt.training - Epoch   7, Step:    26000, Batch Loss:     1.974106, Batch Acc: 0.504229, Tokens per Sec:     6342, Lr: 0.000300
2026-05-09 11:36:40,509 - INFO - joeynmt.prediction - Predicting 500 example(s)... (Greedy decoding with min_output_length=1, max_output_length=-1, return_prob='none', generate_unk=True, repetition_penalty=-1, no_repeat_ngram_size=-1)
2026-05-09 11:37:03,462 - INFO - joeynmt.prediction - Evaluation result (greedy) loss:   2.19, ppl:   8.98, acc:   0.44, generation: 22.9497[sec], evaluation: 0.0000[sec]
2026-05-09 11:37:03,463 - INFO - joeynmt.training - Hooray! New best validation result [ppl]!
2026-05-09 11:37:03,534 - INFO - joeynmt.helpers - delete models/deen_transformer_post/23500.ckpt
2026-05-09 11:37:03,535 - INFO - joeynmt.training - Example #0
2026-05-09 11:37:03,535 - DEBUG - joeynmt.training - 	Tokenized source:     ['die', 'Pre@@', 'mi@@', 'er@@', 'minist@@', 'er', 'Indi@@', 'ens', 'und', 'J@@', 'ap@@', 'ans', 'tra@@', 'fen', 'sich', 'in', 'T@@', 'ok@@', 'i@@', 'o', '.']
2026-05-09 11:37:03,535 - DEBUG - joeynmt.training - 	Tokenized reference:  ['Indi@@', 'a', 'and', 'J@@', 'ap@@', 'an', 'pri@@', 'me', 'minist@@', 'ers', 'me@@', 'et', 'in', 'T@@', 'ok@@', 'y@@', 'o']
2026-05-09 11:37:03,535 - DEBUG - joeynmt.training - 	Tokenized hypothesis: ['the', 'Pri@@', 'me', 'Minist@@', 'er', 'of', 'M@@', 'ini@@', 'stry', 'and', 'J@@', 'ap@@', 'ans', 'are', 'tra@@', 'ff@@', 'i@@', 'ck@@', 'ing', 'in', 'T@@', 'ok@@', 'i@@', 'o', '.', '</s>']
2026-05-09 11:37:03,535 - INFO - joeynmt.training - 	Source:     die Premierminister Indiens und Japans trafen sich in Tokio .
2026-05-09 11:37:03,535 - INFO - joeynmt.training - 	Reference:  India and Japan prime ministers meet in Tokyo
2026-05-09 11:37:03,535 - INFO - joeynmt.training - 	Hypothesis: the Prime Minister of Ministry and Japans are trafficking in Tokio .
2026-05-09 11:37:03,535 - INFO - joeynmt.training - Example #1
2026-05-09 11:37:03,535 - DEBUG - joeynmt.training - 	Tokenized source:     ['Indi@@', 'ens', 'neu@@', 'er', 'Pre@@', 'mi@@', 'er@@', 'minist@@', 'er', 'N@@', 'ar@@', 'end@@', 'ra', 'Mo@@', 'd@@', 'i', 'tri@@', 'fft', 'bei', 's@@', 'einem', 'ersten', 'wichti@@', 'gen', 'Aus@@', 'land@@', 's@@', 'bes@@', 'u@@', 'ch', 'seit', 's@@', 'einem', 'W@@', 'ah@@', 'l@@', 'si@@', 'e@@', 'g', 'im', 'Ma@@', 'i', 'seinen', 'j@@', 'ap@@', 'an@@', 'ischen', 'Am@@', 'ts@@', 'k@@', 'olle@@', 'gen', 'S@@', 'hin@@', 'z@@', 'o', 'A@@', 'be', 'in', 'T@@', 'ok@@', 'o', ',', 'um', 'wirtschaf@@', 'tliche', 'und', 'sicher@@', 'heits@@', 'politische', 'Be@@', 'zieh@@', 'ungen', 'zu', 'bes@@', 'pre@@', 'chen', '.']
2026-05-09 11:37:03,535 - DEBUG - joeynmt.training - 	Tokenized reference:  ['Indi@@', 'a', '&apos;s', 'new', 'pri@@', 'me', 'minist@@', 'er', ',', 'N@@', 'ar@@', 'end@@', 'ra', 'Mo@@', 'd@@', 'i', ',', 'is', 'me@@', 'eting', 'his', 'J@@', 'ap@@', 'an@@', 'ese', 'coun@@', 'ter@@', 'part', ',', 'S@@', 'hin@@', 'z@@', 'o', 'A@@', 'be', ',', 'in', 'T@@', 'ok@@', 'y@@', 'o', 'to', 'disc@@', 'uss', 'economic', 'and', 'security', 'ties', ',', 'on', 'his', 'first', 'major', 'fore@@', 'ign', 'visi@@', 't', 'since', 'w@@', 'inn@@', 'ing', 'Ma@@', 'y', '&apos;s', 'elec@@', 'tion', '.']
2026-05-09 11:37:03,535 - DEBUG - joeynmt.training - 	Tokenized hypothesis: ['Indi@@', 'a', '&apos;s', 'new', 'Pri@@', 'me', 'Minist@@', 'er', 'N@@', 'ar@@', 'end@@', 'ra', 'Mo@@', 'd@@', 'i', '&apos;s', 'first', 'ex@@', 'clu@@', 'sion', 'in', 'his', 'first', 'place', 'in', 'Ma@@', 'y', ',', 'has', 'been', 'in', 'Ma@@', 'y', 'in', 'M@@', 'ini@@', 'z@@', 'e@@', 'ch', ',', 'in', 'the', 'first', 'place', 'in', 'Ma@@', 'y', ',', 'to', 'S@@', 'hin@@', 'z@@', 'o', ',', 'to', 'de@@', 'al', 'with', 'economic', 'and', 'saf@@', 'ety', 'political', 'rel@@', 'ations', '.', '</s>']
2026-05-09 11:37:03,535 - INFO - joeynmt.training - 	Source:     Indiens neuer Premierminister Narendra Modi trifft bei seinem ersten wichtigen Auslandsbesuch seit seinem Wahlsieg im Mai seinen japanischen Amtskollegen Shinzo Abe in Toko , um wirtschaftliche und sicherheitspolitische Beziehungen zu besprechen .
2026-05-09 11:37:03,536 - INFO - joeynmt.training - 	Reference:  India &apos;s new prime minister , Narendra Modi , is meeting his Japanese counterpart , Shinzo Abe , in Tokyo to discuss economic and security ties , on his first major foreign visit since winning May &apos;s election .
2026-05-09 11:37:03,536 - INFO - joeynmt.training - 	Hypothesis: India &apos;s new Prime Minister Narendra Modi &apos;s first exclusion in his first place in May , has been in May in Minizech , in the first place in May , to Shinzo , to deal with economic and safety political relations .
2026-05-09 11:37:03,536 - INFO - joeynmt.training - Example #2
2026-05-09 11:37:03,536 - DEBUG - joeynmt.training - 	Tokenized source:     ['Herr', 'Mo@@', 'd@@', 'i', 'befindet', 'sich', 'auf', 'einer', 'fü@@', 'n@@', 'f@@', 'tä@@', 'gi@@', 'gen', 'Rei@@', 'se', 'nach', 'J@@', 'ap@@', 'an', ',', 'um', 'die', 'wirtschaf@@', 'tlichen', 'Be@@', 'zieh@@', 'ungen', 'mit', 'der', 'd@@', 'rit@@', 't@@', 'größ@@', 'ten', 'Wirtschafts@@', 'n@@', 'ation', 'der', 'Welt', 'zu', 'fes@@', 'tigen', '.']
2026-05-09 11:37:03,536 - DEBUG - joeynmt.training - 	Tokenized reference:  ['Mr', 'Mo@@', 'd@@', 'i', 'is', 'on', 'a', 'fi@@', 've', '@@@', '-@@', '@', 'day', 'tri@@', 'p', 'to', 'J@@', 'ap@@', 'an', 'to', 'streng@@', 'then', 'economic', 'ties', 'with', 'the', 'third', 'lar@@', 'ges@@', 't', 'econom@@', 'y', 'in', 'the', 'world', '.']
2026-05-09 11:37:03,536 - DEBUG - joeynmt.training - 	Tokenized hypothesis: ['Mr', 'Mo@@', 'd@@', 'i', 'is', 'located', 'on', 'a', 'fi@@', 'f@@', 'ty', 'after', 'J@@', 'ap@@', 'an', 'to', 'the', 'economic', 'rel@@', 'ations', 'with', 'the', 'third', 'lar@@', 'ges@@', 't', 'economic', 'rel@@', 'ations', 'with', 'the', 'third', 'lar@@', 'ges@@', 't', 'economic', 'and', '.', '</s>']
2026-05-09 11:37:03,536 - INFO - joeynmt.training - 	Source:     Herr Modi befindet sich auf einer fünftägigen Reise nach Japan , um die wirtschaftlichen Beziehungen mit der drittgrößten Wirtschaftsnation der Welt zu festigen .
2026-05-09 11:37:03,536 - INFO - joeynmt.training - 	Reference:  Mr Modi is on a five @-@ day trip to Japan to strengthen economic ties with the third largest economy in the world .
2026-05-09 11:37:03,536 - INFO - joeynmt.training - 	Hypothesis: Mr Modi is located on a fifty after Japan to the economic relations with the third largest economic relations with the third largest economic and .
2026-05-09 11:37:03,536 - INFO - joeynmt.training - Example #3
2026-05-09 11:37:03,536 - DEBUG - joeynmt.training - 	Tokenized source:     ['P@@', 'län@@', 'e', 'für', 'eine', 'stärk@@', 'ere', 'k@@', 'ern@@', 'techn@@', 'ische', 'Zusammenarbeit', 'stehen', 'ganz', 'ob@@', 'en', 'auf', 'der', 'Tag@@', 'es@@', 'ordnung', '.']
2026-05-09 11:37:03,536 - DEBUG - joeynmt.training - 	Tokenized reference:  ['high', 'on', 'the', 'agen@@', 'da', 'are', 'pl@@', 'ans', 'for', 'gre@@', 'ater', 'nu@@', 'clear', 'c@@', 'o', '@@@', '-@@', '@', 'operation', '.']
2026-05-09 11:37:03,536 - DEBUG - joeynmt.training - 	Tokenized hypothesis: ['pl@@', 'ans', 'for', 'a', 'more', 'seri@@', 'ous', 'techn@@', 'ical', 'cooperation', 'are', 'on', 'the', 'agen@@', 'da', '.', '</s>']
2026-05-09 11:37:03,536 - INFO - joeynmt.training - 	Source:     Pläne für eine stärkere kerntechnische Zusammenarbeit stehen ganz oben auf der Tagesordnung .
2026-05-09 11:37:03,536 - INFO - joeynmt.training - 	Reference:  high on the agenda are plans for greater nuclear co @-@ operation .
2026-05-09 11:37:03,536 - INFO - joeynmt.training - 	Hypothesis: plans for a more serious technical cooperation are on the agenda .
2026-05-09 11:37:03,536 - INFO - joeynmt.training - Example #4
2026-05-09 11:37:03,536 - DEBUG - joeynmt.training - 	Tokenized source:     ['Berich@@', 'ten', 'zu@@', 'fol@@', 'ge', 'ho@@', 'fft', 'Indi@@', 'en', 'darüber', 'hinaus', 'auf', 'einen', 'Ver@@', 'trag', 'zur', 'Ver@@', 'tei@@', 'dig@@', 'ungs@@', 'zusammen@@', 'arbeit', 'zwischen', 'den', 'beiden', 'N@@', 'ationen', '.']
2026-05-09 11:37:03,536 - DEBUG - joeynmt.training - 	Tokenized reference:  ['Indi@@', 'a', 'is', 'also', 're@@', 'porte@@', 'dly', 'hop@@', 'ing', 'for', 'a', 'de@@', 'al', 'on', 'def@@', 'ence', 'c@@', 'oll@@', 'ab@@', 'or@@', 'ation', 'between', 'the', 'two', 'n@@', 'ations', '.']
2026-05-09 11:37:03,536 - DEBUG - joeynmt.training - 	Tokenized hypothesis: ['in', 'ad@@', 'dition', ',', 'the', 're@@', 'ports', 'on', 'a', 'con@@', 'tra@@', 'ct', 'of', 'def@@', 'ence', 'cooperation', 'between', 'the', 'two', 'n@@', 'ations', '.', '</s>']
2026-05-09 11:37:03,536 - INFO - joeynmt.training - 	Source:     Berichten zufolge hofft Indien darüber hinaus auf einen Vertrag zur Verteidigungszusammenarbeit zwischen den beiden Nationen .
2026-05-09 11:37:03,536 - INFO - joeynmt.training - 	Reference:  India is also reportedly hoping for a deal on defence collaboration between the two nations .
2026-05-09 11:37:03,536 - INFO - joeynmt.training - 	Hypothesis: in addition , the reports on a contract of defence cooperation between the two nations .
2026-05-09 11:37:18,164 - INFO - joeynmt.training - Epoch   7, Step:    26100, Batch Loss:     1.857686, Batch Acc: 0.504515, Tokens per Sec:     6305, Lr: 0.000300
2026-05-09 11:37:33,975 - INFO - joeynmt.training - Epoch   7, Step:    26200, Batch Loss:     1.740363, Batch Acc: 0.500066, Tokens per Sec:     5748, Lr: 0.000300
2026-05-09 11:37:49,856 - INFO - joeynmt.training - Epoch   7, Step:    26300, Batch Loss:     1.735725, Batch Acc: 0.509655, Tokens per Sec:     5775, Lr: 0.000300
2026-05-09 11:38:06,168 - INFO - joeynmt.training - Epoch   7, Step:    26400, Batch Loss:     1.952796, Batch Acc: 0.508219, Tokens per Sec:     5669, Lr: 0.000300
2026-05-09 11:38:21,593 - INFO - joeynmt.training - Epoch   7, Step:    26500, Batch Loss:     2.032915, Batch Acc: 0.505778, Tokens per Sec:     5924, Lr: 0.000300
2026-05-09 11:38:21,594 - INFO - joeynmt.prediction - Predicting 500 example(s)... (Greedy decoding with min_output_length=1, max_output_length=-1, return_prob='none', generate_unk=True, repetition_penalty=-1, no_repeat_ngram_size=-1)
2026-05-09 11:38:49,083 - INFO - joeynmt.prediction - Evaluation result (greedy) loss:   2.19, ppl:   8.97, acc:   0.44, generation: 27.4843[sec], evaluation: 0.0000[sec]
2026-05-09 11:38:49,085 - INFO - joeynmt.training - Hooray! New best validation result [ppl]!
2026-05-09 11:38:49,164 - INFO - joeynmt.helpers - delete models/deen_transformer_post/23000.ckpt
2026-05-09 11:38:49,167 - INFO - joeynmt.training - Example #0
2026-05-09 11:38:49,167 - DEBUG - joeynmt.training - 	Tokenized source:     ['die', 'Pre@@', 'mi@@', 'er@@', 'minist@@', 'er', 'Indi@@', 'ens', 'und', 'J@@', 'ap@@', 'ans', 'tra@@', 'fen', 'sich', 'in', 'T@@', 'ok@@', 'i@@', 'o', '.']
2026-05-09 11:38:49,167 - DEBUG - joeynmt.training - 	Tokenized reference:  ['Indi@@', 'a', 'and', 'J@@', 'ap@@', 'an', 'pri@@', 'me', 'minist@@', 'ers', 'me@@', 'et', 'in', 'T@@', 'ok@@', 'y@@', 'o']
2026-05-09 11:38:49,167 - DEBUG - joeynmt.training - 	Tokenized hypothesis: ['the', 'Pri@@', 'me', 'Minist@@', 'er', 'of', 'Indi@@', 'a', 'and', 'J@@', 'ap@@', 'an', 'in', 'T@@', 'ok@@', 'i@@', 'o', '.', '</s>']
2026-05-09 11:38:49,167 - INFO - joeynmt.training - 	Source:     die Premierminister Indiens und Japans trafen sich in Tokio .
2026-05-09 11:38:49,167 - INFO - joeynmt.training - 	Reference:  India and Japan prime ministers meet in Tokyo
2026-05-09 11:38:49,167 - INFO - joeynmt.training - 	Hypothesis: the Prime Minister of India and Japan in Tokio .
2026-05-09 11:38:49,167 - INFO - joeynmt.training - Example #1
2026-05-09 11:38:49,167 - DEBUG - joeynmt.training - 	Tokenized source:     ['Indi@@', 'ens', 'neu@@', 'er', 'Pre@@', 'mi@@', 'er@@', 'minist@@', 'er', 'N@@', 'ar@@', 'end@@', 'ra', 'Mo@@', 'd@@', 'i', 'tri@@', 'fft', 'bei', 's@@', 'einem', 'ersten', 'wichti@@', 'gen', 'Aus@@', 'land@@', 's@@', 'bes@@', 'u@@', 'ch', 'seit', 's@@', 'einem', 'W@@', 'ah@@', 'l@@', 'si@@', 'e@@', 'g', 'im', 'Ma@@', 'i', 'seinen', 'j@@', 'ap@@', 'an@@', 'ischen', 'Am@@', 'ts@@', 'k@@', 'olle@@', 'gen', 'S@@', 'hin@@', 'z@@', 'o', 'A@@', 'be', 'in', 'T@@', 'ok@@', 'o', ',', 'um', 'wirtschaf@@', 'tliche', 'und', 'sicher@@', 'heits@@', 'politische', 'Be@@', 'zieh@@', 'ungen', 'zu', 'bes@@', 'pre@@', 'chen', '.']
2026-05-09 11:38:49,168 - DEBUG - joeynmt.training - 	Tokenized reference:  ['Indi@@', 'a', '&apos;s', 'new', 'pri@@', 'me', 'minist@@', 'er', ',', 'N@@', 'ar@@', 'end@@', 'ra', 'Mo@@', 'd@@', 'i', ',', 'is', 'me@@', 'eting', 'his', 'J@@', 'ap@@', 'an@@', 'ese', 'coun@@', 'ter@@', 'part', ',', 'S@@', 'hin@@', 'z@@', 'o', 'A@@', 'be', ',', 'in', 'T@@', 'ok@@', 'y@@', 'o', 'to', 'disc@@', 'uss', 'economic', 'and', 'security', 'ties', ',', 'on', 'his', 'first', 'major', 'fore@@', 'ign', 'visi@@', 't', 'since', 'w@@', 'inn@@', 'ing', 'Ma@@', 'y', '&apos;s', 'elec@@', 'tion', '.']
2026-05-09 11:38:49,168 - DEBUG - joeynmt.training - 	Tokenized hypothesis: ['Indi@@', 'a', '&apos;s', 'new', 'Pri@@', 'me', 'Minist@@', 'er', 'N@@', 'ar@@', 'end@@', 'ra', 'Mo@@', 'd@@', 'i', ',', 'in', 'his', 'first', 'place', 'in', 'the', 'M@@', 'ini@@', 'stry', 'of', 'his', 'elec@@', 'tion', 'in', 'Ma@@', 'y', ',', 'has', 'been', 'a', 'de@@', 'sign', 'of', 'the', 'S@@', 'hin@@', 'z@@', 'e@@', 'ch', 'of', 'the', 'S@@', 'hin@@', 'z@@', 'e@@', 'ch', 'of', 'the', 'S@@', 'hin@@', 'z@@', 'e@@', 'ch', 'and', 'security', 'of', 'health', 'rel@@', 'ations', '.', '</s>']
2026-05-09 11:38:49,168 - INFO - joeynmt.training - 	Source:     Indiens neuer Premierminister Narendra Modi trifft bei seinem ersten wichtigen Auslandsbesuch seit seinem Wahlsieg im Mai seinen japanischen Amtskollegen Shinzo Abe in Toko , um wirtschaftliche und sicherheitspolitische Beziehungen zu besprechen .
2026-05-09 11:38:49,168 - INFO - joeynmt.training - 	Reference:  India &apos;s new prime minister , Narendra Modi , is meeting his Japanese counterpart , Shinzo Abe , in Tokyo to discuss economic and security ties , on his first major foreign visit since winning May &apos;s election .
2026-05-09 11:38:49,168 - INFO - joeynmt.training - 	Hypothesis: India &apos;s new Prime Minister Narendra Modi , in his first place in the Ministry of his election in May , has been a design of the Shinzech of the Shinzech of the Shinzech and security of health relations .
2026-05-09 11:38:49,168 - INFO - joeynmt.training - Example #2
2026-05-09 11:38:49,168 - DEBUG - joeynmt.training - 	Tokenized source:     ['Herr', 'Mo@@', 'd@@', 'i', 'befindet', 'sich', 'auf', 'einer', 'fü@@', 'n@@', 'f@@', 'tä@@', 'gi@@', 'gen', 'Rei@@', 'se', 'nach', 'J@@', 'ap@@', 'an', ',', 'um', 'die', 'wirtschaf@@', 'tlichen', 'Be@@', 'zieh@@', 'ungen', 'mit', 'der', 'd@@', 'rit@@', 't@@', 'größ@@', 'ten', 'Wirtschafts@@', 'n@@', 'ation', 'der', 'Welt', 'zu', 'fes@@', 'tigen', '.']
2026-05-09 11:38:49,168 - DEBUG - joeynmt.training - 	Tokenized reference:  ['Mr', 'Mo@@', 'd@@', 'i', 'is', 'on', 'a', 'fi@@', 've', '@@@', '-@@', '@', 'day', 'tri@@', 'p', 'to', 'J@@', 'ap@@', 'an', 'to', 'streng@@', 'then', 'economic', 'ties', 'with', 'the', 'third', 'lar@@', 'ges@@', 't', 'econom@@', 'y', 'in', 'the', 'world', '.']
2026-05-09 11:38:49,168 - DEBUG - joeynmt.training - 	Tokenized hypothesis: ['Mr', 'Mo@@', 'd@@', 'i', 'is', 'a', 'fi@@', 'f@@', 'ty', 'number', 'of', 'economic', 'and', ',', 'in', 'order', 'to', 'be', 'able', 'to', 'be', 'the', 'economic', 'rel@@', 'ations', 'with', 'the', 'third', 'lar@@', 'ges@@', 't', 'economic', 'n@@', 'ation', 'of', 'the', 'world', '.', '</s>']
2026-05-09 11:38:49,168 - INFO - joeynmt.training - 	Source:     Herr Modi befindet sich auf einer fünftägigen Reise nach Japan , um die wirtschaftlichen Beziehungen mit der drittgrößten Wirtschaftsnation der Welt zu festigen .
2026-05-09 11:38:49,168 - INFO - joeynmt.training - 	Reference:  Mr Modi is on a five @-@ day trip to Japan to strengthen economic ties with the third largest economy in the world .
2026-05-09 11:38:49,168 - INFO - joeynmt.training - 	Hypothesis: Mr Modi is a fifty number of economic and , in order to be able to be the economic relations with the third largest economic nation of the world .
2026-05-09 11:38:49,168 - INFO - joeynmt.training - Example #3
2026-05-09 11:38:49,168 - DEBUG - joeynmt.training - 	Tokenized source:     ['P@@', 'län@@', 'e', 'für', 'eine', 'stärk@@', 'ere', 'k@@', 'ern@@', 'techn@@', 'ische', 'Zusammenarbeit', 'stehen', 'ganz', 'ob@@', 'en', 'auf', 'der', 'Tag@@', 'es@@', 'ordnung', '.']
2026-05-09 11:38:49,168 - DEBUG - joeynmt.training - 	Tokenized reference:  ['high', 'on', 'the', 'agen@@', 'da', 'are', 'pl@@', 'ans', 'for', 'gre@@', 'ater', 'nu@@', 'clear', 'c@@', 'o', '@@@', '-@@', '@', 'operation', '.']
2026-05-09 11:38:49,168 - DEBUG - joeynmt.training - 	Tokenized hypothesis: ['pl@@', 'ans', 'for', 'more', 'c@@', 'oll@@', 'ab@@', 'or@@', 'ation', ',', 'on', 'the', 'agen@@', 'da', '.', '</s>']
2026-05-09 11:38:49,168 - INFO - joeynmt.training - 	Source:     Pläne für eine stärkere kerntechnische Zusammenarbeit stehen ganz oben auf der Tagesordnung .
2026-05-09 11:38:49,168 - INFO - joeynmt.training - 	Reference:  high on the agenda are plans for greater nuclear co @-@ operation .
2026-05-09 11:38:49,168 - INFO - joeynmt.training - 	Hypothesis: plans for more collaboration , on the agenda .
2026-05-09 11:38:49,168 - INFO - joeynmt.training - Example #4
2026-05-09 11:38:49,168 - DEBUG - joeynmt.training - 	Tokenized source:     ['Berich@@', 'ten', 'zu@@', 'fol@@', 'ge', 'ho@@', 'fft', 'Indi@@', 'en', 'darüber', 'hinaus', 'auf', 'einen', 'Ver@@', 'trag', 'zur', 'Ver@@', 'tei@@', 'dig@@', 'ungs@@', 'zusammen@@', 'arbeit', 'zwischen', 'den', 'beiden', 'N@@', 'ationen', '.']
2026-05-09 11:38:49,168 - DEBUG - joeynmt.training - 	Tokenized reference:  ['Indi@@', 'a', 'is', 'also', 're@@', 'porte@@', 'dly', 'hop@@', 'ing', 'for', 'a', 'de@@', 'al', 'on', 'def@@', 'ence', 'c@@', 'oll@@', 'ab@@', 'or@@', 'ation', 'between', 'the', 'two', 'n@@', 'ations', '.']
2026-05-09 11:38:49,168 - DEBUG - joeynmt.training - 	Tokenized hypothesis: ['the', 're@@', 'ports', 'on', 'the', 'con@@', 'tra@@', 'ct', 'of', 'the', 'two', 'n@@', 'ations', 'between', 'the', 'two', 'n@@', 'ations', '.', '</s>']
2026-05-09 11:38:49,168 - INFO - joeynmt.training - 	Source:     Berichten zufolge hofft Indien darüber hinaus auf einen Vertrag zur Verteidigungszusammenarbeit zwischen den beiden Nationen .
2026-05-09 11:38:49,168 - INFO - joeynmt.training - 	Reference:  India is also reportedly hoping for a deal on defence collaboration between the two nations .
2026-05-09 11:38:49,168 - INFO - joeynmt.training - 	Hypothesis: the reports on the contract of the two nations between the two nations .
2026-05-09 11:39:03,467 - INFO - joeynmt.training - Epoch   7, Step:    26600, Batch Loss:     1.934584, Batch Acc: 0.501245, Tokens per Sec:     6450, Lr: 0.000300
2026-05-09 11:39:17,953 - INFO - joeynmt.training - Epoch   7, Step:    26700, Batch Loss:     1.871624, Batch Acc: 0.508926, Tokens per Sec:     6308, Lr: 0.000300
2026-05-09 11:39:32,382 - INFO - joeynmt.training - Epoch   7, Step:    26800, Batch Loss:     1.924095, Batch Acc: 0.502135, Tokens per Sec:     6428, Lr: 0.000300
2026-05-09 11:39:46,853 - INFO - joeynmt.training - Epoch   7, Step:    26900, Batch Loss:     1.821662, Batch Acc: 0.502016, Tokens per Sec:     6409, Lr: 0.000300
2026-05-09 11:40:01,122 - INFO - joeynmt.training - Epoch   7, Step:    27000, Batch Loss:     1.667306, Batch Acc: 0.508186, Tokens per Sec:     6378, Lr: 0.000300
2026-05-09 11:40:01,122 - INFO - joeynmt.prediction - Predicting 500 example(s)... (Greedy decoding with min_output_length=1, max_output_length=-1, return_prob='none', generate_unk=True, repetition_penalty=-1, no_repeat_ngram_size=-1)
2026-05-09 11:40:20,130 - INFO - joeynmt.prediction - Evaluation result (greedy) loss:   2.20, ppl:   8.99, acc:   0.44, generation: 19.0048[sec], evaluation: 0.0000[sec]
2026-05-09 11:40:20,203 - INFO - joeynmt.helpers - delete models/deen_transformer_post/25000.ckpt
2026-05-09 11:40:20,206 - INFO - joeynmt.training - Example #0
2026-05-09 11:40:20,206 - DEBUG - joeynmt.training - 	Tokenized source:     ['die', 'Pre@@', 'mi@@', 'er@@', 'minist@@', 'er', 'Indi@@', 'ens', 'und', 'J@@', 'ap@@', 'ans', 'tra@@', 'fen', 'sich', 'in', 'T@@', 'ok@@', 'i@@', 'o', '.']
2026-05-09 11:40:20,206 - DEBUG - joeynmt.training - 	Tokenized reference:  ['Indi@@', 'a', 'and', 'J@@', 'ap@@', 'an', 'pri@@', 'me', 'minist@@', 'ers', 'me@@', 'et', 'in', 'T@@', 'ok@@', 'y@@', 'o']
2026-05-09 11:40:20,206 - DEBUG - joeynmt.training - 	Tokenized hypothesis: ['the', 'Pri@@', 'me', 'Minist@@', 'er', 'of', 'Indi@@', 'a', 'and', 'J@@', 'ap@@', 'ans', ',', 'in', 'T@@', 'ok@@', 'i@@', 'o', '.', '</s>']
2026-05-09 11:40:20,206 - INFO - joeynmt.training - 	Source:     die Premierminister Indiens und Japans trafen sich in Tokio .
2026-05-09 11:40:20,206 - INFO - joeynmt.training - 	Reference:  India and Japan prime ministers meet in Tokyo
2026-05-09 11:40:20,206 - INFO - joeynmt.training - 	Hypothesis: the Prime Minister of India and Japans , in Tokio .
2026-05-09 11:40:20,206 - INFO - joeynmt.training - Example #1
2026-05-09 11:40:20,206 - DEBUG - joeynmt.training - 	Tokenized source:     ['Indi@@', 'ens', 'neu@@', 'er', 'Pre@@', 'mi@@', 'er@@', 'minist@@', 'er', 'N@@', 'ar@@', 'end@@', 'ra', 'Mo@@', 'd@@', 'i', 'tri@@', 'fft', 'bei', 's@@', 'einem', 'ersten', 'wichti@@', 'gen', 'Aus@@', 'land@@', 's@@', 'bes@@', 'u@@', 'ch', 'seit', 's@@', 'einem', 'W@@', 'ah@@', 'l@@', 'si@@', 'e@@', 'g', 'im', 'Ma@@', 'i', 'seinen', 'j@@', 'ap@@', 'an@@', 'ischen', 'Am@@', 'ts@@', 'k@@', 'olle@@', 'gen', 'S@@', 'hin@@', 'z@@', 'o', 'A@@', 'be', 'in', 'T@@', 'ok@@', 'o', ',', 'um', 'wirtschaf@@', 'tliche', 'und', 'sicher@@', 'heits@@', 'politische', 'Be@@', 'zieh@@', 'ungen', 'zu', 'bes@@', 'pre@@', 'chen', '.']
2026-05-09 11:40:20,206 - DEBUG - joeynmt.training - 	Tokenized reference:  ['Indi@@', 'a', '&apos;s', 'new', 'pri@@', 'me', 'minist@@', 'er', ',', 'N@@', 'ar@@', 'end@@', 'ra', 'Mo@@', 'd@@', 'i', ',', 'is', 'me@@', 'eting', 'his', 'J@@', 'ap@@', 'an@@', 'ese', 'coun@@', 'ter@@', 'part', ',', 'S@@', 'hin@@', 'z@@', 'o', 'A@@', 'be', ',', 'in', 'T@@', 'ok@@', 'y@@', 'o', 'to', 'disc@@', 'uss', 'economic', 'and', 'security', 'ties', ',', 'on', 'his', 'first', 'major', 'fore@@', 'ign', 'visi@@', 't', 'since', 'w@@', 'inn@@', 'ing', 'Ma@@', 'y', '&apos;s', 'elec@@', 'tion', '.']
2026-05-09 11:40:20,206 - DEBUG - joeynmt.training - 	Tokenized hypothesis: ['Indi@@', 'a', '&apos;s', 'N@@', 'ar@@', 'end@@', 'ra', 'Mo@@', 'd@@', 'i', ',', 'S@@', 'hin@@', 'z@@', 'o', ',', 'in', 'his', 'first', 'place', ',', 'has', 'been', 'a', 'major', 'de@@', 'si@@', 're', 'to', 'de@@', 'al', 'with', 'his', 'elec@@', 'tion', ',', 'in', 'the', 'S@@', 'hin@@', 'z@@', 'o', 'A@@', 'be', 'in', 'T@@', 'ok@@', 'o', ',', 'to', 'be', 'in', 'T@@', 'ok@@', 'o', ',', 'to', 'pre@@', 'fer', 'economic', 'and', 'security', 'policy', 'rel@@', 'ations', '.', '</s>']
2026-05-09 11:40:20,206 - INFO - joeynmt.training - 	Source:     Indiens neuer Premierminister Narendra Modi trifft bei seinem ersten wichtigen Auslandsbesuch seit seinem Wahlsieg im Mai seinen japanischen Amtskollegen Shinzo Abe in Toko , um wirtschaftliche und sicherheitspolitische Beziehungen zu besprechen .
2026-05-09 11:40:20,206 - INFO - joeynmt.training - 	Reference:  India &apos;s new prime minister , Narendra Modi , is meeting his Japanese counterpart , Shinzo Abe , in Tokyo to discuss economic and security ties , on his first major foreign visit since winning May &apos;s election .
2026-05-09 11:40:20,206 - INFO - joeynmt.training - 	Hypothesis: India &apos;s Narendra Modi , Shinzo , in his first place , has been a major desire to deal with his election , in the Shinzo Abe in Toko , to be in Toko , to prefer economic and security policy relations .
2026-05-09 11:40:20,206 - INFO - joeynmt.training - Example #2
2026-05-09 11:40:20,207 - DEBUG - joeynmt.training - 	Tokenized source:     ['Herr', 'Mo@@', 'd@@', 'i', 'befindet', 'sich', 'auf', 'einer', 'fü@@', 'n@@', 'f@@', 'tä@@', 'gi@@', 'gen', 'Rei@@', 'se', 'nach', 'J@@', 'ap@@', 'an', ',', 'um', 'die', 'wirtschaf@@', 'tlichen', 'Be@@', 'zieh@@', 'ungen', 'mit', 'der', 'd@@', 'rit@@', 't@@', 'größ@@', 'ten', 'Wirtschafts@@', 'n@@', 'ation', 'der', 'Welt', 'zu', 'fes@@', 'tigen', '.']
2026-05-09 11:40:20,207 - DEBUG - joeynmt.training - 	Tokenized reference:  ['Mr', 'Mo@@', 'd@@', 'i', 'is', 'on', 'a', 'fi@@', 've', '@@@', '-@@', '@', 'day', 'tri@@', 'p', 'to', 'J@@', 'ap@@', 'an', 'to', 'streng@@', 'then', 'economic', 'ties', 'with', 'the', 'third', 'lar@@', 'ges@@', 't', 'econom@@', 'y', 'in', 'the', 'world', '.']
2026-05-09 11:40:20,207 - DEBUG - joeynmt.training - 	Tokenized hypothesis: ['Mr', 'Mo@@', 'd@@', 'i', 'is', 'a', 'fi@@', 'f@@', 'ty', 'number', 'of', 'j@@', 'ap@@', 'an', 'to', 'the', 'economic', 'rel@@', 'ations', 'with', 'the', 'third', 'lar@@', 'ges@@', 't', 'economic', 'rel@@', 'ations', 'with', 'the', 'third', 'lar@@', 'ges@@', 't', 'economic', 'and', 'economic', 'n@@', 'ation', 'of', 'the', 'world', '.', '</s>']
2026-05-09 11:40:20,207 - INFO - joeynmt.training - 	Source:     Herr Modi befindet sich auf einer fünftägigen Reise nach Japan , um die wirtschaftlichen Beziehungen mit der drittgrößten Wirtschaftsnation der Welt zu festigen .
2026-05-09 11:40:20,207 - INFO - joeynmt.training - 	Reference:  Mr Modi is on a five @-@ day trip to Japan to strengthen economic ties with the third largest economy in the world .
2026-05-09 11:40:20,207 - INFO - joeynmt.training - 	Hypothesis: Mr Modi is a fifty number of japan to the economic relations with the third largest economic relations with the third largest economic and economic nation of the world .
2026-05-09 11:40:20,207 - INFO - joeynmt.training - Example #3
2026-05-09 11:40:20,207 - DEBUG - joeynmt.training - 	Tokenized source:     ['P@@', 'län@@', 'e', 'für', 'eine', 'stärk@@', 'ere', 'k@@', 'ern@@', 'techn@@', 'ische', 'Zusammenarbeit', 'stehen', 'ganz', 'ob@@', 'en', 'auf', 'der', 'Tag@@', 'es@@', 'ordnung', '.']
2026-05-09 11:40:20,207 - DEBUG - joeynmt.training - 	Tokenized reference:  ['high', 'on', 'the', 'agen@@', 'da', 'are', 'pl@@', 'ans', 'for', 'gre@@', 'ater', 'nu@@', 'clear', 'c@@', 'o', '@@@', '-@@', '@', 'operation', '.']
2026-05-09 11:40:20,207 - DEBUG - joeynmt.training - 	Tokenized hypothesis: ['pl@@', 'ans', 'for', 'gre@@', 'ater', 'nu@@', 'clear', 'techn@@', 'ical', 'cooperation', 'are', 'very', 'very', 'ob@@', 'tain@@', 'ed', 'on', 'the', 'agen@@', 'da', '.', '</s>']
2026-05-09 11:40:20,207 - INFO - joeynmt.training - 	Source:     Pläne für eine stärkere kerntechnische Zusammenarbeit stehen ganz oben auf der Tagesordnung .
2026-05-09 11:40:20,207 - INFO - joeynmt.training - 	Reference:  high on the agenda are plans for greater nuclear co @-@ operation .
2026-05-09 11:40:20,207 - INFO - joeynmt.training - 	Hypothesis: plans for greater nuclear technical cooperation are very very obtained on the agenda .
2026-05-09 11:40:20,207 - INFO - joeynmt.training - Example #4
2026-05-09 11:40:20,207 - DEBUG - joeynmt.training - 	Tokenized source:     ['Berich@@', 'ten', 'zu@@', 'fol@@', 'ge', 'ho@@', 'fft', 'Indi@@', 'en', 'darüber', 'hinaus', 'auf', 'einen', 'Ver@@', 'trag', 'zur', 'Ver@@', 'tei@@', 'dig@@', 'ungs@@', 'zusammen@@', 'arbeit', 'zwischen', 'den', 'beiden', 'N@@', 'ationen', '.']
2026-05-09 11:40:20,207 - DEBUG - joeynmt.training - 	Tokenized reference:  ['Indi@@', 'a', 'is', 'also', 're@@', 'porte@@', 'dly', 'hop@@', 'ing', 'for', 'a', 'de@@', 'al', 'on', 'def@@', 'ence', 'c@@', 'oll@@', 'ab@@', 'or@@', 'ation', 'between', 'the', 'two', 'n@@', 'ations', '.']
2026-05-09 11:40:20,207 - DEBUG - joeynmt.training - 	Tokenized hypothesis: ['the', 'conclu@@', 'sion', 'of', 'the', 'two', 'n@@', 'ations', 'of', 'the', 'Con@@', 'stitu@@', 'tional', 'Committee', 'on', 'Con@@', 'stitu@@', 'tional', 'A@@', 'gre@@', 'ement', 'on', 'the', 'Con@@', 'stitu@@', 'tional', 'work', 'between', 'the', 'two', 'n@@', 'ations', '.', '</s>']
2026-05-09 11:40:20,207 - INFO - joeynmt.training - 	Source:     Berichten zufolge hofft Indien darüber hinaus auf einen Vertrag zur Verteidigungszusammenarbeit zwischen den beiden Nationen .
2026-05-09 11:40:20,207 - INFO - joeynmt.training - 	Reference:  India is also reportedly hoping for a deal on defence collaboration between the two nations .
2026-05-09 11:40:20,207 - INFO - joeynmt.training - 	Hypothesis: the conclusion of the two nations of the Constitutional Committee on Constitutional Agreement on the Constitutional work between the two nations .
2026-05-09 11:40:34,333 - INFO - joeynmt.training - Epoch   7, Step:    27100, Batch Loss:     1.643462, Batch Acc: 0.507524, Tokens per Sec:     6547, Lr: 0.000300
2026-05-09 11:40:48,696 - INFO - joeynmt.training - Epoch   7, Step:    27200, Batch Loss:     1.997400, Batch Acc: 0.496297, Tokens per Sec:     6440, Lr: 0.000300
2026-05-09 11:41:02,845 - INFO - joeynmt.training - Epoch   7, Step:    27300, Batch Loss:     1.792101, Batch Acc: 0.506995, Tokens per Sec:     6467, Lr: 0.000300
2026-05-09 11:41:17,281 - INFO - joeynmt.training - Epoch   7, Step:    27400, Batch Loss:     2.019825, Batch Acc: 0.506625, Tokens per Sec:     6368, Lr: 0.000300
2026-05-09 11:41:31,591 - INFO - joeynmt.training - Epoch   7, Step:    27500, Batch Loss:     1.968948, Batch Acc: 0.501615, Tokens per Sec:     6490, Lr: 0.000300
2026-05-09 11:41:31,591 - INFO - joeynmt.prediction - Predicting 500 example(s)... (Greedy decoding with min_output_length=1, max_output_length=-1, return_prob='none', generate_unk=True, repetition_penalty=-1, no_repeat_ngram_size=-1)
2026-05-09 11:41:50,788 - INFO - joeynmt.prediction - Evaluation result (greedy) loss:   2.19, ppl:   8.93, acc:   0.44, generation: 19.1937[sec], evaluation: 0.0000[sec]
2026-05-09 11:41:50,789 - INFO - joeynmt.training - Hooray! New best validation result [ppl]!
2026-05-09 11:41:50,860 - INFO - joeynmt.helpers - delete models/deen_transformer_post/24500.ckpt
2026-05-09 11:41:50,862 - INFO - joeynmt.training - Example #0
2026-05-09 11:41:50,862 - DEBUG - joeynmt.training - 	Tokenized source:     ['die', 'Pre@@', 'mi@@', 'er@@', 'minist@@', 'er', 'Indi@@', 'ens', 'und', 'J@@', 'ap@@', 'ans', 'tra@@', 'fen', 'sich', 'in', 'T@@', 'ok@@', 'i@@', 'o', '.']
2026-05-09 11:41:50,862 - DEBUG - joeynmt.training - 	Tokenized reference:  ['Indi@@', 'a', 'and', 'J@@', 'ap@@', 'an', 'pri@@', 'me', 'minist@@', 'ers', 'me@@', 'et', 'in', 'T@@', 'ok@@', 'y@@', 'o']
2026-05-09 11:41:50,862 - DEBUG - joeynmt.training - 	Tokenized hypothesis: ['the', 'pri@@', 'me', 'minist@@', 'er', 'of', 'Indi@@', 'a', 'and', 'J@@', 'ap@@', 'ans', 'are', 'tra@@', 'v@@', 'ell@@', 'ing', 'in', 'T@@', 'ok@@', 'y@@', 'o', '.', '</s>']
2026-05-09 11:41:50,862 - INFO - joeynmt.training - 	Source:     die Premierminister Indiens und Japans trafen sich in Tokio .
2026-05-09 11:41:50,862 - INFO - joeynmt.training - 	Reference:  India and Japan prime ministers meet in Tokyo
2026-05-09 11:41:50,862 - INFO - joeynmt.training - 	Hypothesis: the prime minister of India and Japans are travelling in Tokyo .
2026-05-09 11:41:50,862 - INFO - joeynmt.training - Example #1
2026-05-09 11:41:50,862 - DEBUG - joeynmt.training - 	Tokenized source:     ['Indi@@', 'ens', 'neu@@', 'er', 'Pre@@', 'mi@@', 'er@@', 'minist@@', 'er', 'N@@', 'ar@@', 'end@@', 'ra', 'Mo@@', 'd@@', 'i', 'tri@@', 'fft', 'bei', 's@@', 'einem', 'ersten', 'wichti@@', 'gen', 'Aus@@', 'land@@', 's@@', 'bes@@', 'u@@', 'ch', 'seit', 's@@', 'einem', 'W@@', 'ah@@', 'l@@', 'si@@', 'e@@', 'g', 'im', 'Ma@@', 'i', 'seinen', 'j@@', 'ap@@', 'an@@', 'ischen', 'Am@@', 'ts@@', 'k@@', 'olle@@', 'gen', 'S@@', 'hin@@', 'z@@', 'o', 'A@@', 'be', 'in', 'T@@', 'ok@@', 'o', ',', 'um', 'wirtschaf@@', 'tliche', 'und', 'sicher@@', 'heits@@', 'politische', 'Be@@', 'zieh@@', 'ungen', 'zu', 'bes@@', 'pre@@', 'chen', '.']
2026-05-09 11:41:50,862 - DEBUG - joeynmt.training - 	Tokenized reference:  ['Indi@@', 'a', '&apos;s', 'new', 'pri@@', 'me', 'minist@@', 'er', ',', 'N@@', 'ar@@', 'end@@', 'ra', 'Mo@@', 'd@@', 'i', ',', 'is', 'me@@', 'eting', 'his', 'J@@', 'ap@@', 'an@@', 'ese', 'coun@@', 'ter@@', 'part', ',', 'S@@', 'hin@@', 'z@@', 'o', 'A@@', 'be', ',', 'in', 'T@@', 'ok@@', 'y@@', 'o', 'to', 'disc@@', 'uss', 'economic', 'and', 'security', 'ties', ',', 'on', 'his', 'first', 'major', 'fore@@', 'ign', 'visi@@', 't', 'since', 'w@@', 'inn@@', 'ing', 'Ma@@', 'y', '&apos;s', 'elec@@', 'tion', '.']
2026-05-09 11:41:50,862 - DEBUG - joeynmt.training - 	Tokenized hypothesis: ['Indi@@', 'a', '&apos;s', 'Ne@@', 'w', 'Y@@', 'e@@', 'ar', 'N@@', 'ar@@', 'end@@', 'ra', 'Mo@@', 'd@@', 'i', 'was', 'in', 'his', 'first', 'S@@', 'ec@@', 're@@', 't@@', 'ary', ',', 'in', 'his', 'elec@@', 'tion', ',', 'has', 'been', 'in', 'the', 'S@@', 'hin@@', 'z@@', 'e@@', 'ch', 'of', 'S@@', 'hin@@', 'z@@', 'e@@', 'ch', 'colle@@', 'c@@', 'tive', 'colle@@', 'c@@', 'tions', 'in', 'T@@', 'ok@@', 'o', ',', 'A@@', 'be', 'in', 'T@@', 'ok@@', 'o', ',', 'and', 'the', 'S@@', 'ec@@', 're@@', 't@@', 'ary', 'of', 'S@@', 'hin@@', 'z@@', 'e@@', 'ch', '.', '</s>']
2026-05-09 11:41:50,862 - INFO - joeynmt.training - 	Source:     Indiens neuer Premierminister Narendra Modi trifft bei seinem ersten wichtigen Auslandsbesuch seit seinem Wahlsieg im Mai seinen japanischen Amtskollegen Shinzo Abe in Toko , um wirtschaftliche und sicherheitspolitische Beziehungen zu besprechen .
2026-05-09 11:41:50,862 - INFO - joeynmt.training - 	Reference:  India &apos;s new prime minister , Narendra Modi , is meeting his Japanese counterpart , Shinzo Abe , in Tokyo to discuss economic and security ties , on his first major foreign visit since winning May &apos;s election .
2026-05-09 11:41:50,862 - INFO - joeynmt.training - 	Hypothesis: India &apos;s New Year Narendra Modi was in his first Secretary , in his election , has been in the Shinzech of Shinzech collective collections in Toko , Abe in Toko , and the Secretary of Shinzech .
2026-05-09 11:41:50,862 - INFO - joeynmt.training - Example #2
2026-05-09 11:41:50,862 - DEBUG - joeynmt.training - 	Tokenized source:     ['Herr', 'Mo@@', 'd@@', 'i', 'befindet', 'sich', 'auf', 'einer', 'fü@@', 'n@@', 'f@@', 'tä@@', 'gi@@', 'gen', 'Rei@@', 'se', 'nach', 'J@@', 'ap@@', 'an', ',', 'um', 'die', 'wirtschaf@@', 'tlichen', 'Be@@', 'zieh@@', 'ungen', 'mit', 'der', 'd@@', 'rit@@', 't@@', 'größ@@', 'ten', 'Wirtschafts@@', 'n@@', 'ation', 'der', 'Welt', 'zu', 'fes@@', 'tigen', '.']
2026-05-09 11:41:50,862 - DEBUG - joeynmt.training - 	Tokenized reference:  ['Mr', 'Mo@@', 'd@@', 'i', 'is', 'on', 'a', 'fi@@', 've', '@@@', '-@@', '@', 'day', 'tri@@', 'p', 'to', 'J@@', 'ap@@', 'an', 'to', 'streng@@', 'then', 'economic', 'ties', 'with', 'the', 'third', 'lar@@', 'ges@@', 't', 'econom@@', 'y', 'in', 'the', 'world', '.']
2026-05-09 11:41:50,863 - DEBUG - joeynmt.training - 	Tokenized hypothesis: ['Mr', 'Mo@@', 'd@@', 'i', 'is', 'located', 'on', 'a', 'fi@@', 'f@@', 'th', 'of', 'J@@', 'ap@@', 'an', 'to', 'the', 'economic', 'rel@@', 'ations', 'with', 'the', 'third', 'lar@@', 'ges@@', 't', 'economic', 'rel@@', 'ations', 'with', 'the', 'third', 'lar@@', 'ges@@', 't', 'economic', 'rel@@', 'ations', '.', '</s>']
2026-05-09 11:41:50,863 - INFO - joeynmt.training - 	Source:     Herr Modi befindet sich auf einer fünftägigen Reise nach Japan , um die wirtschaftlichen Beziehungen mit der drittgrößten Wirtschaftsnation der Welt zu festigen .
2026-05-09 11:41:50,863 - INFO - joeynmt.training - 	Reference:  Mr Modi is on a five @-@ day trip to Japan to strengthen economic ties with the third largest economy in the world .
2026-05-09 11:41:50,863 - INFO - joeynmt.training - 	Hypothesis: Mr Modi is located on a fifth of Japan to the economic relations with the third largest economic relations with the third largest economic relations .
2026-05-09 11:41:50,863 - INFO - joeynmt.training - Example #3
2026-05-09 11:41:50,863 - DEBUG - joeynmt.training - 	Tokenized source:     ['P@@', 'län@@', 'e', 'für', 'eine', 'stärk@@', 'ere', 'k@@', 'ern@@', 'techn@@', 'ische', 'Zusammenarbeit', 'stehen', 'ganz', 'ob@@', 'en', 'auf', 'der', 'Tag@@', 'es@@', 'ordnung', '.']
2026-05-09 11:41:50,863 - DEBUG - joeynmt.training - 	Tokenized reference:  ['high', 'on', 'the', 'agen@@', 'da', 'are', 'pl@@', 'ans', 'for', 'gre@@', 'ater', 'nu@@', 'clear', 'c@@', 'o', '@@@', '-@@', '@', 'operation', '.']
2026-05-09 11:41:50,863 - DEBUG - joeynmt.training - 	Tokenized hypothesis: ['pl@@', 'ans', 'for', 'gre@@', 'ater', 'C@@', 'our@@', 't', 'of', 'C@@', 'our@@', 't', 'is', 'on', 'the', 'agen@@', 'da', '.', '</s>']
2026-05-09 11:41:50,863 - INFO - joeynmt.training - 	Source:     Pläne für eine stärkere kerntechnische Zusammenarbeit stehen ganz oben auf der Tagesordnung .
2026-05-09 11:41:50,863 - INFO - joeynmt.training - 	Reference:  high on the agenda are plans for greater nuclear co @-@ operation .
2026-05-09 11:41:50,863 - INFO - joeynmt.training - 	Hypothesis: plans for greater Court of Court is on the agenda .
2026-05-09 11:41:50,863 - INFO - joeynmt.training - Example #4
2026-05-09 11:41:50,863 - DEBUG - joeynmt.training - 	Tokenized source:     ['Berich@@', 'ten', 'zu@@', 'fol@@', 'ge', 'ho@@', 'fft', 'Indi@@', 'en', 'darüber', 'hinaus', 'auf', 'einen', 'Ver@@', 'trag', 'zur', 'Ver@@', 'tei@@', 'dig@@', 'ungs@@', 'zusammen@@', 'arbeit', 'zwischen', 'den', 'beiden', 'N@@', 'ationen', '.']
2026-05-09 11:41:50,863 - DEBUG - joeynmt.training - 	Tokenized reference:  ['Indi@@', 'a', 'is', 'also', 're@@', 'porte@@', 'dly', 'hop@@', 'ing', 'for', 'a', 'de@@', 'al', 'on', 'def@@', 'ence', 'c@@', 'oll@@', 'ab@@', 'or@@', 'ation', 'between', 'the', 'two', 'n@@', 'ations', '.']
2026-05-09 11:41:50,863 - DEBUG - joeynmt.training - 	Tokenized hypothesis: ['the', 're@@', 'ports', 'on', 'the', 'con@@', 'tra@@', 'ct', 'of', 'the', 'con@@', 'tra@@', 'ct', 'cooperation', 'between', 'the', 'two', 'n@@', 'ations', '.', '</s>']
2026-05-09 11:41:50,863 - INFO - joeynmt.training - 	Source:     Berichten zufolge hofft Indien darüber hinaus auf einen Vertrag zur Verteidigungszusammenarbeit zwischen den beiden Nationen .
2026-05-09 11:41:50,863 - INFO - joeynmt.training - 	Reference:  India is also reportedly hoping for a deal on defence collaboration between the two nations .
2026-05-09 11:41:50,863 - INFO - joeynmt.training - 	Hypothesis: the reports on the contract of the contract cooperation between the two nations .
2026-05-09 11:42:05,097 - INFO - joeynmt.training - Epoch   7, Step:    27600, Batch Loss:     1.852495, Batch Acc: 0.510565, Tokens per Sec:     6420, Lr: 0.000300
2026-05-09 11:42:19,528 - INFO - joeynmt.training - Epoch   7, Step:    27700, Batch Loss:     1.783252, Batch Acc: 0.511287, Tokens per Sec:     6342, Lr: 0.000300
2026-05-09 11:42:33,854 - INFO - joeynmt.training - Epoch   7, Step:    27800, Batch Loss:     2.094108, Batch Acc: 0.501940, Tokens per Sec:     6441, Lr: 0.000300
2026-05-09 11:42:48,148 - INFO - joeynmt.training - Epoch   7, Step:    27900, Batch Loss:     1.857285, Batch Acc: 0.509338, Tokens per Sec:     6444, Lr: 0.000300
2026-05-09 11:43:02,320 - INFO - joeynmt.training - Epoch   7, Step:    28000, Batch Loss:     1.863133, Batch Acc: 0.504648, Tokens per Sec:     6444, Lr: 0.000300
2026-05-09 11:43:02,321 - INFO - joeynmt.prediction - Predicting 500 example(s)... (Greedy decoding with min_output_length=1, max_output_length=-1, return_prob='none', generate_unk=True, repetition_penalty=-1, no_repeat_ngram_size=-1)
2026-05-09 11:43:24,752 - INFO - joeynmt.prediction - Evaluation result (greedy) loss:   2.18, ppl:   8.85, acc:   0.44, generation: 22.4269[sec], evaluation: 0.0000[sec]
2026-05-09 11:43:24,752 - INFO - joeynmt.training - Hooray! New best validation result [ppl]!
2026-05-09 11:43:24,820 - INFO - joeynmt.helpers - delete models/deen_transformer_post/25500.ckpt
2026-05-09 11:43:24,821 - INFO - joeynmt.training - Example #0
2026-05-09 11:43:24,821 - DEBUG - joeynmt.training - 	Tokenized source:     ['die', 'Pre@@', 'mi@@', 'er@@', 'minist@@', 'er', 'Indi@@', 'ens', 'und', 'J@@', 'ap@@', 'ans', 'tra@@', 'fen', 'sich', 'in', 'T@@', 'ok@@', 'i@@', 'o', '.']
2026-05-09 11:43:24,821 - DEBUG - joeynmt.training - 	Tokenized reference:  ['Indi@@', 'a', 'and', 'J@@', 'ap@@', 'an', 'pri@@', 'me', 'minist@@', 'ers', 'me@@', 'et', 'in', 'T@@', 'ok@@', 'y@@', 'o']
2026-05-09 11:43:24,821 - DEBUG - joeynmt.training - 	Tokenized hypothesis: ['the', 'Pri@@', 'me', 'Minist@@', 'er', 'Indi@@', 'a', 'and', 'J@@', 'ap@@', 'ans', 'are', 'in', 'T@@', 'ok@@', 'i@@', 'o', '.', '</s>']
2026-05-09 11:43:24,821 - INFO - joeynmt.training - 	Source:     die Premierminister Indiens und Japans trafen sich in Tokio .
2026-05-09 11:43:24,822 - INFO - joeynmt.training - 	Reference:  India and Japan prime ministers meet in Tokyo
2026-05-09 11:43:24,822 - INFO - joeynmt.training - 	Hypothesis: the Prime Minister India and Japans are in Tokio .
2026-05-09 11:43:24,822 - INFO - joeynmt.training - Example #1
2026-05-09 11:43:24,822 - DEBUG - joeynmt.training - 	Tokenized source:     ['Indi@@', 'ens', 'neu@@', 'er', 'Pre@@', 'mi@@', 'er@@', 'minist@@', 'er', 'N@@', 'ar@@', 'end@@', 'ra', 'Mo@@', 'd@@', 'i', 'tri@@', 'fft', 'bei', 's@@', 'einem', 'ersten', 'wichti@@', 'gen', 'Aus@@', 'land@@', 's@@', 'bes@@', 'u@@', 'ch', 'seit', 's@@', 'einem', 'W@@', 'ah@@', 'l@@', 'si@@', 'e@@', 'g', 'im', 'Ma@@', 'i', 'seinen', 'j@@', 'ap@@', 'an@@', 'ischen', 'Am@@', 'ts@@', 'k@@', 'olle@@', 'gen', 'S@@', 'hin@@', 'z@@', 'o', 'A@@', 'be', 'in', 'T@@', 'ok@@', 'o', ',', 'um', 'wirtschaf@@', 'tliche', 'und', 'sicher@@', 'heits@@', 'politische', 'Be@@', 'zieh@@', 'ungen', 'zu', 'bes@@', 'pre@@', 'chen', '.']
2026-05-09 11:43:24,822 - DEBUG - joeynmt.training - 	Tokenized reference:  ['Indi@@', 'a', '&apos;s', 'new', 'pri@@', 'me', 'minist@@', 'er', ',', 'N@@', 'ar@@', 'end@@', 'ra', 'Mo@@', 'd@@', 'i', ',', 'is', 'me@@', 'eting', 'his', 'J@@', 'ap@@', 'an@@', 'ese', 'coun@@', 'ter@@', 'part', ',', 'S@@', 'hin@@', 'z@@', 'o', 'A@@', 'be', ',', 'in', 'T@@', 'ok@@', 'y@@', 'o', 'to', 'disc@@', 'uss', 'economic', 'and', 'security', 'ties', ',', 'on', 'his', 'first', 'major', 'fore@@', 'ign', 'visi@@', 't', 'since', 'w@@', 'inn@@', 'ing', 'Ma@@', 'y', '&apos;s', 'elec@@', 'tion', '.']
2026-05-09 11:43:24,822 - DEBUG - joeynmt.training - 	Tokenized hypothesis: ['Indi@@', 'a', '&apos;s', 'Pri@@', 'me', 'Minist@@', 'er', 'N@@', 'ar@@', 'end@@', 'ra', 'Mo@@', 'd@@', 'i', ',', 'has', 'been', 'made', 'in', 'his', 'first', 'half', 'of', 'S@@', 'hin@@', 'z@@', 'e@@', 'ch', 'his', 'J@@', 'ap@@', 'an@@', 'ese', ',', 'has', 'been', 'made', 'to', 'his', 'J@@', 'ap@@', 'an@@', 'ese', 'and', 'S@@', 'hin@@', 'z@@', 'ap@@', 'an@@', 'ese', ',', 'to', 'the', 'economic', 'and', 'security', 'political', 'rel@@', 'ations', '.', '</s>']
2026-05-09 11:43:24,822 - INFO - joeynmt.training - 	Source:     Indiens neuer Premierminister Narendra Modi trifft bei seinem ersten wichtigen Auslandsbesuch seit seinem Wahlsieg im Mai seinen japanischen Amtskollegen Shinzo Abe in Toko , um wirtschaftliche und sicherheitspolitische Beziehungen zu besprechen .
2026-05-09 11:43:24,822 - INFO - joeynmt.training - 	Reference:  India &apos;s new prime minister , Narendra Modi , is meeting his Japanese counterpart , Shinzo Abe , in Tokyo to discuss economic and security ties , on his first major foreign visit since winning May &apos;s election .
2026-05-09 11:43:24,822 - INFO - joeynmt.training - 	Hypothesis: India &apos;s Prime Minister Narendra Modi , has been made in his first half of Shinzech his Japanese , has been made to his Japanese and Shinzapanese , to the economic and security political relations .
2026-05-09 11:43:24,822 - INFO - joeynmt.training - Example #2
2026-05-09 11:43:24,822 - DEBUG - joeynmt.training - 	Tokenized source:     ['Herr', 'Mo@@', 'd@@', 'i', 'befindet', 'sich', 'auf', 'einer', 'fü@@', 'n@@', 'f@@', 'tä@@', 'gi@@', 'gen', 'Rei@@', 'se', 'nach', 'J@@', 'ap@@', 'an', ',', 'um', 'die', 'wirtschaf@@', 'tlichen', 'Be@@', 'zieh@@', 'ungen', 'mit', 'der', 'd@@', 'rit@@', 't@@', 'größ@@', 'ten', 'Wirtschafts@@', 'n@@', 'ation', 'der', 'Welt', 'zu', 'fes@@', 'tigen', '.']
2026-05-09 11:43:24,822 - DEBUG - joeynmt.training - 	Tokenized reference:  ['Mr', 'Mo@@', 'd@@', 'i', 'is', 'on', 'a', 'fi@@', 've', '@@@', '-@@', '@', 'day', 'tri@@', 'p', 'to', 'J@@', 'ap@@', 'an', 'to', 'streng@@', 'then', 'economic', 'ties', 'with', 'the', 'third', 'lar@@', 'ges@@', 't', 'econom@@', 'y', 'in', 'the', 'world', '.']
2026-05-09 11:43:24,822 - DEBUG - joeynmt.training - 	Tokenized hypothesis: ['Mr', 'Mo@@', 'd@@', 'i', 'is', 'on', 'a', 'fi@@', 'f@@', 'ty', 'to', 'the', 'world', '&apos;s', 'economic', 'rel@@', 'ations', 'to', 'the', 'economic', 'rel@@', 'ations', 'with', 'the', 'third', 'lar@@', 'ges@@', 't', 'economic', 'rel@@', 'ations', 'with', 'the', 'third', 'lar@@', 'ges@@', 't', 'economic', 'rel@@', 'ations', '.', '</s>']
2026-05-09 11:43:24,822 - INFO - joeynmt.training - 	Source:     Herr Modi befindet sich auf einer fünftägigen Reise nach Japan , um die wirtschaftlichen Beziehungen mit der drittgrößten Wirtschaftsnation der Welt zu festigen .
2026-05-09 11:43:24,822 - INFO - joeynmt.training - 	Reference:  Mr Modi is on a five @-@ day trip to Japan to strengthen economic ties with the third largest economy in the world .
2026-05-09 11:43:24,822 - INFO - joeynmt.training - 	Hypothesis: Mr Modi is on a fifty to the world &apos;s economic relations to the economic relations with the third largest economic relations with the third largest economic relations .
2026-05-09 11:43:24,822 - INFO - joeynmt.training - Example #3
2026-05-09 11:43:24,822 - DEBUG - joeynmt.training - 	Tokenized source:     ['P@@', 'län@@', 'e', 'für', 'eine', 'stärk@@', 'ere', 'k@@', 'ern@@', 'techn@@', 'ische', 'Zusammenarbeit', 'stehen', 'ganz', 'ob@@', 'en', 'auf', 'der', 'Tag@@', 'es@@', 'ordnung', '.']
2026-05-09 11:43:24,822 - DEBUG - joeynmt.training - 	Tokenized reference:  ['high', 'on', 'the', 'agen@@', 'da', 'are', 'pl@@', 'ans', 'for', 'gre@@', 'ater', 'nu@@', 'clear', 'c@@', 'o', '@@@', '-@@', '@', 'operation', '.']
2026-05-09 11:43:24,822 - DEBUG - joeynmt.training - 	Tokenized hypothesis: ['pl@@', 'ans', 'for', 'gre@@', 'ater', 'nu@@', 'clear', 'techn@@', 'ologi@@', 'cal', 'cooperation', 'are', 'on', 'the', 'agen@@', 'da', '.', '</s>']
2026-05-09 11:43:24,822 - INFO - joeynmt.training - 	Source:     Pläne für eine stärkere kerntechnische Zusammenarbeit stehen ganz oben auf der Tagesordnung .
2026-05-09 11:43:24,822 - INFO - joeynmt.training - 	Reference:  high on the agenda are plans for greater nuclear co @-@ operation .
2026-05-09 11:43:24,822 - INFO - joeynmt.training - 	Hypothesis: plans for greater nuclear technological cooperation are on the agenda .
2026-05-09 11:43:24,822 - INFO - joeynmt.training - Example #4
2026-05-09 11:43:24,822 - DEBUG - joeynmt.training - 	Tokenized source:     ['Berich@@', 'ten', 'zu@@', 'fol@@', 'ge', 'ho@@', 'fft', 'Indi@@', 'en', 'darüber', 'hinaus', 'auf', 'einen', 'Ver@@', 'trag', 'zur', 'Ver@@', 'tei@@', 'dig@@', 'ungs@@', 'zusammen@@', 'arbeit', 'zwischen', 'den', 'beiden', 'N@@', 'ationen', '.']
2026-05-09 11:43:24,822 - DEBUG - joeynmt.training - 	Tokenized reference:  ['Indi@@', 'a', 'is', 'also', 're@@', 'porte@@', 'dly', 'hop@@', 'ing', 'for', 'a', 'de@@', 'al', 'on', 'def@@', 'ence', 'c@@', 'oll@@', 'ab@@', 'or@@', 'ation', 'between', 'the', 'two', 'n@@', 'ations', '.']
2026-05-09 11:43:24,822 - DEBUG - joeynmt.training - 	Tokenized hypothesis: ['in', 'ad@@', 'dition', ',', 'Indi@@', 'a', 'is', 'also', 'tru@@', 'e', 'of', 'Indi@@', 'a', '&apos;s', 'con@@', 'tra@@', 'ct', 'cooperation', 'between', 'the', 'two', 'n@@', 'ations', '.', '</s>']
2026-05-09 11:43:24,822 - INFO - joeynmt.training - 	Source:     Berichten zufolge hofft Indien darüber hinaus auf einen Vertrag zur Verteidigungszusammenarbeit zwischen den beiden Nationen .
2026-05-09 11:43:24,822 - INFO - joeynmt.training - 	Reference:  India is also reportedly hoping for a deal on defence collaboration between the two nations .
2026-05-09 11:43:24,822 - INFO - joeynmt.training - 	Hypothesis: in addition , India is also true of India &apos;s contract cooperation between the two nations .
2026-05-09 11:43:39,170 - INFO - joeynmt.training - Epoch   7, Step:    28100, Batch Loss:     1.732000, Batch Acc: 0.504748, Tokens per Sec:     6377, Lr: 0.000300
2026-05-09 11:43:53,618 - INFO - joeynmt.training - Epoch   7, Step:    28200, Batch Loss:     1.882836, Batch Acc: 0.509597, Tokens per Sec:     6408, Lr: 0.000300
2026-05-09 11:44:07,942 - INFO - joeynmt.training - Epoch   7, Step:    28300, Batch Loss:     1.818516, Batch Acc: 0.509686, Tokens per Sec:     6429, Lr: 0.000300
2026-05-09 11:44:22,528 - INFO - joeynmt.training - Epoch   7, Step:    28400, Batch Loss:     1.798082, Batch Acc: 0.502645, Tokens per Sec:     6365, Lr: 0.000300
2026-05-09 11:44:30,986 - INFO - joeynmt.training - Epoch   7: total training loss 7360.54
2026-05-09 11:44:30,986 - INFO - joeynmt.training - EPOCH 8
2026-05-09 11:44:37,022 - INFO - joeynmt.training - Epoch   8, Step:    28500, Batch Loss:     1.847309, Batch Acc: 0.517191, Tokens per Sec:     6188, Lr: 0.000300
2026-05-09 11:44:37,022 - INFO - joeynmt.prediction - Predicting 500 example(s)... (Greedy decoding with min_output_length=1, max_output_length=-1, return_prob='none', generate_unk=True, repetition_penalty=-1, no_repeat_ngram_size=-1)
2026-05-09 11:44:58,100 - INFO - joeynmt.prediction - Evaluation result (greedy) loss:   2.17, ppl:   8.80, acc:   0.44, generation: 21.0740[sec], evaluation: 0.0000[sec]
2026-05-09 11:44:58,101 - INFO - joeynmt.training - Hooray! New best validation result [ppl]!
2026-05-09 11:44:58,170 - INFO - joeynmt.helpers - delete models/deen_transformer_post/27000.ckpt
2026-05-09 11:44:58,171 - INFO - joeynmt.training - Example #0
2026-05-09 11:44:58,171 - DEBUG - joeynmt.training - 	Tokenized source:     ['die', 'Pre@@', 'mi@@', 'er@@', 'minist@@', 'er', 'Indi@@', 'ens', 'und', 'J@@', 'ap@@', 'ans', 'tra@@', 'fen', 'sich', 'in', 'T@@', 'ok@@', 'i@@', 'o', '.']
2026-05-09 11:44:58,171 - DEBUG - joeynmt.training - 	Tokenized reference:  ['Indi@@', 'a', 'and', 'J@@', 'ap@@', 'an', 'pri@@', 'me', 'minist@@', 'ers', 'me@@', 'et', 'in', 'T@@', 'ok@@', 'y@@', 'o']
2026-05-09 11:44:58,171 - DEBUG - joeynmt.training - 	Tokenized hypothesis: ['the', 'Pri@@', 'me', 'Minist@@', 'er', 'Indi@@', 'a', 'and', 'J@@', 'ap@@', 'ans', 'in', 'T@@', 'ok@@', 'y@@', 'o', '.', '</s>']
2026-05-09 11:44:58,171 - INFO - joeynmt.training - 	Source:     die Premierminister Indiens und Japans trafen sich in Tokio .
2026-05-09 11:44:58,171 - INFO - joeynmt.training - 	Reference:  India and Japan prime ministers meet in Tokyo
2026-05-09 11:44:58,171 - INFO - joeynmt.training - 	Hypothesis: the Prime Minister India and Japans in Tokyo .
2026-05-09 11:44:58,171 - INFO - joeynmt.training - Example #1
2026-05-09 11:44:58,171 - DEBUG - joeynmt.training - 	Tokenized source:     ['Indi@@', 'ens', 'neu@@', 'er', 'Pre@@', 'mi@@', 'er@@', 'minist@@', 'er', 'N@@', 'ar@@', 'end@@', 'ra', 'Mo@@', 'd@@', 'i', 'tri@@', 'fft', 'bei', 's@@', 'einem', 'ersten', 'wichti@@', 'gen', 'Aus@@', 'land@@', 's@@', 'bes@@', 'u@@', 'ch', 'seit', 's@@', 'einem', 'W@@', 'ah@@', 'l@@', 'si@@', 'e@@', 'g', 'im', 'Ma@@', 'i', 'seinen', 'j@@', 'ap@@', 'an@@', 'ischen', 'Am@@', 'ts@@', 'k@@', 'olle@@', 'gen', 'S@@', 'hin@@', 'z@@', 'o', 'A@@', 'be', 'in', 'T@@', 'ok@@', 'o', ',', 'um', 'wirtschaf@@', 'tliche', 'und', 'sicher@@', 'heits@@', 'politische', 'Be@@', 'zieh@@', 'ungen', 'zu', 'bes@@', 'pre@@', 'chen', '.']
2026-05-09 11:44:58,171 - DEBUG - joeynmt.training - 	Tokenized reference:  ['Indi@@', 'a', '&apos;s', 'new', 'pri@@', 'me', 'minist@@', 'er', ',', 'N@@', 'ar@@', 'end@@', 'ra', 'Mo@@', 'd@@', 'i', ',', 'is', 'me@@', 'eting', 'his', 'J@@', 'ap@@', 'an@@', 'ese', 'coun@@', 'ter@@', 'part', ',', 'S@@', 'hin@@', 'z@@', 'o', 'A@@', 'be', ',', 'in', 'T@@', 'ok@@', 'y@@', 'o', 'to', 'disc@@', 'uss', 'economic', 'and', 'security', 'ties', ',', 'on', 'his', 'first', 'major', 'fore@@', 'ign', 'visi@@', 't', 'since', 'w@@', 'inn@@', 'ing', 'Ma@@', 'y', '&apos;s', 'elec@@', 'tion', '.']
2026-05-09 11:44:58,171 - DEBUG - joeynmt.training - 	Tokenized hypothesis: ['Indi@@', 'a', '&apos;s', 'new', 'Pri@@', 'me', 'Minist@@', 'er', 'N@@', 'ar@@', 'end@@', 'ra', 'Mo@@', 'd@@', 'i', ',', 'in', 'his', 'first', 'important', 'ex@@', 'clu@@', 'sive', 'ex@@', 'clu@@', 'sive', 'ex@@', 'clu@@', 'sion', 'for', 'his', 'first', 'important', 'ex@@', 'clu@@', 'sion', 'in', 'Ma@@', 'y', ',', 'for', 'its', 'J@@', 'ap@@', 'an@@', 'ese', ',', 'for', 'economic', 'and', 'saf@@', 'ety', '.', '</s>']
2026-05-09 11:44:58,171 - INFO - joeynmt.training - 	Source:     Indiens neuer Premierminister Narendra Modi trifft bei seinem ersten wichtigen Auslandsbesuch seit seinem Wahlsieg im Mai seinen japanischen Amtskollegen Shinzo Abe in Toko , um wirtschaftliche und sicherheitspolitische Beziehungen zu besprechen .
2026-05-09 11:44:58,171 - INFO - joeynmt.training - 	Reference:  India &apos;s new prime minister , Narendra Modi , is meeting his Japanese counterpart , Shinzo Abe , in Tokyo to discuss economic and security ties , on his first major foreign visit since winning May &apos;s election .
2026-05-09 11:44:58,171 - INFO - joeynmt.training - 	Hypothesis: India &apos;s new Prime Minister Narendra Modi , in his first important exclusive exclusive exclusion for his first important exclusion in May , for its Japanese , for economic and safety .
2026-05-09 11:44:58,171 - INFO - joeynmt.training - Example #2
2026-05-09 11:44:58,172 - DEBUG - joeynmt.training - 	Tokenized source:     ['Herr', 'Mo@@', 'd@@', 'i', 'befindet', 'sich', 'auf', 'einer', 'fü@@', 'n@@', 'f@@', 'tä@@', 'gi@@', 'gen', 'Rei@@', 'se', 'nach', 'J@@', 'ap@@', 'an', ',', 'um', 'die', 'wirtschaf@@', 'tlichen', 'Be@@', 'zieh@@', 'ungen', 'mit', 'der', 'd@@', 'rit@@', 't@@', 'größ@@', 'ten', 'Wirtschafts@@', 'n@@', 'ation', 'der', 'Welt', 'zu', 'fes@@', 'tigen', '.']
2026-05-09 11:44:58,172 - DEBUG - joeynmt.training - 	Tokenized reference:  ['Mr', 'Mo@@', 'd@@', 'i', 'is', 'on', 'a', 'fi@@', 've', '@@@', '-@@', '@', 'day', 'tri@@', 'p', 'to', 'J@@', 'ap@@', 'an', 'to', 'streng@@', 'then', 'economic', 'ties', 'with', 'the', 'third', 'lar@@', 'ges@@', 't', 'econom@@', 'y', 'in', 'the', 'world', '.']
2026-05-09 11:44:58,172 - DEBUG - joeynmt.training - 	Tokenized hypothesis: ['Mr', 'Mo@@', 'd@@', 'i', 'is', 'on', 'a', 'fi@@', 'f@@', 'th', 't@@', 'ou@@', 'ch', 'to', 'the', 'economic', 'rel@@', 'ations', 'with', 'the', 'third', 'lar@@', 'ges@@', 't', 'economic', 'rel@@', 'ations', 'with', 'the', 'third', 'lar@@', 'ges@@', 't', 'economic', 'n@@', 'ation', 'of', 'the', 'world', '.', '</s>']
2026-05-09 11:44:58,172 - INFO - joeynmt.training - 	Source:     Herr Modi befindet sich auf einer fünftägigen Reise nach Japan , um die wirtschaftlichen Beziehungen mit der drittgrößten Wirtschaftsnation der Welt zu festigen .
2026-05-09 11:44:58,172 - INFO - joeynmt.training - 	Reference:  Mr Modi is on a five @-@ day trip to Japan to strengthen economic ties with the third largest economy in the world .
2026-05-09 11:44:58,172 - INFO - joeynmt.training - 	Hypothesis: Mr Modi is on a fifth touch to the economic relations with the third largest economic relations with the third largest economic nation of the world .
2026-05-09 11:44:58,172 - INFO - joeynmt.training - Example #3
2026-05-09 11:44:58,172 - DEBUG - joeynmt.training - 	Tokenized source:     ['P@@', 'län@@', 'e', 'für', 'eine', 'stärk@@', 'ere', 'k@@', 'ern@@', 'techn@@', 'ische', 'Zusammenarbeit', 'stehen', 'ganz', 'ob@@', 'en', 'auf', 'der', 'Tag@@', 'es@@', 'ordnung', '.']
2026-05-09 11:44:58,172 - DEBUG - joeynmt.training - 	Tokenized reference:  ['high', 'on', 'the', 'agen@@', 'da', 'are', 'pl@@', 'ans', 'for', 'gre@@', 'ater', 'nu@@', 'clear', 'c@@', 'o', '@@@', '-@@', '@', 'operation', '.']
2026-05-09 11:44:58,172 - DEBUG - joeynmt.training - 	Tokenized hypothesis: ['pl@@', 'ans', 'for', 'gre@@', 'ater', 'nu@@', 'clear', 'techn@@', 'ical', 'cooperation', 'are', 'on', 'the', 'agen@@', 'da', '.', '</s>']
2026-05-09 11:44:58,172 - INFO - joeynmt.training - 	Source:     Pläne für eine stärkere kerntechnische Zusammenarbeit stehen ganz oben auf der Tagesordnung .
2026-05-09 11:44:58,172 - INFO - joeynmt.training - 	Reference:  high on the agenda are plans for greater nuclear co @-@ operation .
2026-05-09 11:44:58,172 - INFO - joeynmt.training - 	Hypothesis: plans for greater nuclear technical cooperation are on the agenda .
2026-05-09 11:44:58,172 - INFO - joeynmt.training - Example #4
2026-05-09 11:44:58,172 - DEBUG - joeynmt.training - 	Tokenized source:     ['Berich@@', 'ten', 'zu@@', 'fol@@', 'ge', 'ho@@', 'fft', 'Indi@@', 'en', 'darüber', 'hinaus', 'auf', 'einen', 'Ver@@', 'trag', 'zur', 'Ver@@', 'tei@@', 'dig@@', 'ungs@@', 'zusammen@@', 'arbeit', 'zwischen', 'den', 'beiden', 'N@@', 'ationen', '.']
2026-05-09 11:44:58,172 - DEBUG - joeynmt.training - 	Tokenized reference:  ['Indi@@', 'a', 'is', 'also', 're@@', 'porte@@', 'dly', 'hop@@', 'ing', 'for', 'a', 'de@@', 'al', 'on', 'def@@', 'ence', 'c@@', 'oll@@', 'ab@@', 'or@@', 'ation', 'between', 'the', 'two', 'n@@', 'ations', '.']
2026-05-09 11:44:58,172 - DEBUG - joeynmt.training - 	Tokenized hypothesis: ['in', 'ad@@', 'dition', ',', 'Indi@@', 'a', 'is', 'high@@', 'ly', 'a@@', 'im@@', 'ed', 'at', 'def@@', 'ence', 'cooperation', 'between', 'the', 'two', 'n@@', 'ations', '.', '</s>']
2026-05-09 11:44:58,172 - INFO - joeynmt.training - 	Source:     Berichten zufolge hofft Indien darüber hinaus auf einen Vertrag zur Verteidigungszusammenarbeit zwischen den beiden Nationen .
2026-05-09 11:44:58,172 - INFO - joeynmt.training - 	Reference:  India is also reportedly hoping for a deal on defence collaboration between the two nations .
2026-05-09 11:44:58,172 - INFO - joeynmt.training - 	Hypothesis: in addition , India is highly aimed at defence cooperation between the two nations .
2026-05-09 11:45:13,034 - INFO - joeynmt.training - Epoch   8, Step:    28600, Batch Loss:     1.911429, Batch Acc: 0.529529, Tokens per Sec:     6114, Lr: 0.000300
2026-05-09 11:45:28,546 - INFO - joeynmt.training - Epoch   8, Step:    28700, Batch Loss:     1.608428, Batch Acc: 0.517210, Tokens per Sec:     5947, Lr: 0.000300
2026-05-09 11:45:43,349 - INFO - joeynmt.training - Epoch   8, Step:    28800, Batch Loss:     1.461753, Batch Acc: 0.522722, Tokens per Sec:     6225, Lr: 0.000300
2026-05-09 11:45:58,538 - INFO - joeynmt.training - Epoch   8, Step:    28900, Batch Loss:     1.989699, Batch Acc: 0.519842, Tokens per Sec:     6187, Lr: 0.000300
2026-05-09 11:46:13,990 - INFO - joeynmt.training - Epoch   8, Step:    29000, Batch Loss:     1.753706, Batch Acc: 0.516384, Tokens per Sec:     5961, Lr: 0.000300
2026-05-09 11:46:13,991 - INFO - joeynmt.prediction - Predicting 500 example(s)... (Greedy decoding with min_output_length=1, max_output_length=-1, return_prob='none', generate_unk=True, repetition_penalty=-1, no_repeat_ngram_size=-1)
2026-05-09 11:46:41,484 - INFO - joeynmt.prediction - Evaluation result (greedy) loss:   2.17, ppl:   8.76, acc:   0.45, generation: 27.4893[sec], evaluation: 0.0000[sec]
2026-05-09 11:46:41,486 - INFO - joeynmt.training - Hooray! New best validation result [ppl]!
2026-05-09 11:46:41,564 - INFO - joeynmt.helpers - delete models/deen_transformer_post/26000.ckpt
2026-05-09 11:46:41,567 - INFO - joeynmt.training - Example #0
2026-05-09 11:46:41,567 - DEBUG - joeynmt.training - 	Tokenized source:     ['die', 'Pre@@', 'mi@@', 'er@@', 'minist@@', 'er', 'Indi@@', 'ens', 'und', 'J@@', 'ap@@', 'ans', 'tra@@', 'fen', 'sich', 'in', 'T@@', 'ok@@', 'i@@', 'o', '.']
2026-05-09 11:46:41,567 - DEBUG - joeynmt.training - 	Tokenized reference:  ['Indi@@', 'a', 'and', 'J@@', 'ap@@', 'an', 'pri@@', 'me', 'minist@@', 'ers', 'me@@', 'et', 'in', 'T@@', 'ok@@', 'y@@', 'o']
2026-05-09 11:46:41,567 - DEBUG - joeynmt.training - 	Tokenized hypothesis: ['the', 'Pri@@', 'me', 'Minist@@', 'er', 'of', 'the', 'Pri@@', 'me', 'Minist@@', 'er', 'of', 'T@@', 'ok@@', 'i@@', 'o', '.', '</s>']
2026-05-09 11:46:41,567 - INFO - joeynmt.training - 	Source:     die Premierminister Indiens und Japans trafen sich in Tokio .
2026-05-09 11:46:41,567 - INFO - joeynmt.training - 	Reference:  India and Japan prime ministers meet in Tokyo
2026-05-09 11:46:41,567 - INFO - joeynmt.training - 	Hypothesis: the Prime Minister of the Prime Minister of Tokio .
2026-05-09 11:46:41,567 - INFO - joeynmt.training - Example #1
2026-05-09 11:46:41,568 - DEBUG - joeynmt.training - 	Tokenized source:     ['Indi@@', 'ens', 'neu@@', 'er', 'Pre@@', 'mi@@', 'er@@', 'minist@@', 'er', 'N@@', 'ar@@', 'end@@', 'ra', 'Mo@@', 'd@@', 'i', 'tri@@', 'fft', 'bei', 's@@', 'einem', 'ersten', 'wichti@@', 'gen', 'Aus@@', 'land@@', 's@@', 'bes@@', 'u@@', 'ch', 'seit', 's@@', 'einem', 'W@@', 'ah@@', 'l@@', 'si@@', 'e@@', 'g', 'im', 'Ma@@', 'i', 'seinen', 'j@@', 'ap@@', 'an@@', 'ischen', 'Am@@', 'ts@@', 'k@@', 'olle@@', 'gen', 'S@@', 'hin@@', 'z@@', 'o', 'A@@', 'be', 'in', 'T@@', 'ok@@', 'o', ',', 'um', 'wirtschaf@@', 'tliche', 'und', 'sicher@@', 'heits@@', 'politische', 'Be@@', 'zieh@@', 'ungen', 'zu', 'bes@@', 'pre@@', 'chen', '.']
2026-05-09 11:46:41,568 - DEBUG - joeynmt.training - 	Tokenized reference:  ['Indi@@', 'a', '&apos;s', 'new', 'pri@@', 'me', 'minist@@', 'er', ',', 'N@@', 'ar@@', 'end@@', 'ra', 'Mo@@', 'd@@', 'i', ',', 'is', 'me@@', 'eting', 'his', 'J@@', 'ap@@', 'an@@', 'ese', 'coun@@', 'ter@@', 'part', ',', 'S@@', 'hin@@', 'z@@', 'o', 'A@@', 'be', ',', 'in', 'T@@', 'ok@@', 'y@@', 'o', 'to', 'disc@@', 'uss', 'economic', 'and', 'security', 'ties', ',', 'on', 'his', 'first', 'major', 'fore@@', 'ign', 'visi@@', 't', 'since', 'w@@', 'inn@@', 'ing', 'Ma@@', 'y', '&apos;s', 'elec@@', 'tion', '.']
2026-05-09 11:46:41,568 - DEBUG - joeynmt.training - 	Tokenized hypothesis: ['Indi@@', 'a', '&apos;s', '&apos;s', 'new', 'Pri@@', 'me', 'Minist@@', 'er', 'N@@', 'ar@@', 'end@@', 'ra', 'Mo@@', 'd@@', 'i', 'is', 'h@@', 'u@@', 'ge', 'in', 'his', 'first', 'of', 'its', 'own', 'own', 'own', 'elec@@', 'tion', 'has', 'been', 'in', 'Ma@@', 'y', 'in', 'Ma@@', 'y', ',', 'with', 'his', 'J@@', 'ap@@', 'an@@', 'ese', 'Am@@', 'ts@@', 'colle@@', 'c@@', 'ted', 'in', 'the', 'Ma@@', 'y', 'of', 'A@@', 'be', 'in', 'T@@', 'ok@@', 'o', 'to', 'be', 'in', 'T@@', 'ok@@', 'o', ',', 'with', 'the', 'C@@', 'our@@', 't', 'of', 'S@@', 'hin@@', 'o', 'A@@', 'be', 'in', 'T@@', 'ok@@', 'o', 'to', 'be', 'in', 'the', 'S@@', 'hin@@', 'e', '.', '</s>']
2026-05-09 11:46:41,568 - INFO - joeynmt.training - 	Source:     Indiens neuer Premierminister Narendra Modi trifft bei seinem ersten wichtigen Auslandsbesuch seit seinem Wahlsieg im Mai seinen japanischen Amtskollegen Shinzo Abe in Toko , um wirtschaftliche und sicherheitspolitische Beziehungen zu besprechen .
2026-05-09 11:46:41,568 - INFO - joeynmt.training - 	Reference:  India &apos;s new prime minister , Narendra Modi , is meeting his Japanese counterpart , Shinzo Abe , in Tokyo to discuss economic and security ties , on his first major foreign visit since winning May &apos;s election .
2026-05-09 11:46:41,568 - INFO - joeynmt.training - 	Hypothesis: India &apos;s &apos;s new Prime Minister Narendra Modi is huge in his first of its own own own election has been in May in May , with his Japanese Amtscollected in the May of Abe in Toko to be in Toko , with the Court of Shino Abe in Toko to be in the Shine .
2026-05-09 11:46:41,568 - INFO - joeynmt.training - Example #2
2026-05-09 11:46:41,568 - DEBUG - joeynmt.training - 	Tokenized source:     ['Herr', 'Mo@@', 'd@@', 'i', 'befindet', 'sich', 'auf', 'einer', 'fü@@', 'n@@', 'f@@', 'tä@@', 'gi@@', 'gen', 'Rei@@', 'se', 'nach', 'J@@', 'ap@@', 'an', ',', 'um', 'die', 'wirtschaf@@', 'tlichen', 'Be@@', 'zieh@@', 'ungen', 'mit', 'der', 'd@@', 'rit@@', 't@@', 'größ@@', 'ten', 'Wirtschafts@@', 'n@@', 'ation', 'der', 'Welt', 'zu', 'fes@@', 'tigen', '.']
2026-05-09 11:46:41,568 - DEBUG - joeynmt.training - 	Tokenized reference:  ['Mr', 'Mo@@', 'd@@', 'i', 'is', 'on', 'a', 'fi@@', 've', '@@@', '-@@', '@', 'day', 'tri@@', 'p', 'to', 'J@@', 'ap@@', 'an', 'to', 'streng@@', 'then', 'economic', 'ties', 'with', 'the', 'third', 'lar@@', 'ges@@', 't', 'econom@@', 'y', 'in', 'the', 'world', '.']
2026-05-09 11:46:41,568 - DEBUG - joeynmt.training - 	Tokenized hypothesis: ['Mr', 'Mo@@', 'd@@', 'i', 'is', 'on', 'a', 'fi@@', 'f@@', 'ty', 'tra@@', 'v@@', 'el', 'to', 'J@@', 'ap@@', 'an', 'to', 'the', 'economic', 'rel@@', 'ations', 'with', 'the', 'third', 'lar@@', 'ges@@', 't', 'economic', 'rel@@', 'ations', 'with', 'the', 'third', 'lar@@', 'ges@@', 't', 'economic', 'rel@@', 'ations', 'with', 'the', 'third', 'lar@@', 'ges@@', 't', 'economic', 'rel@@', 'ations', '.', '</s>']
2026-05-09 11:46:41,568 - INFO - joeynmt.training - 	Source:     Herr Modi befindet sich auf einer fünftägigen Reise nach Japan , um die wirtschaftlichen Beziehungen mit der drittgrößten Wirtschaftsnation der Welt zu festigen .
2026-05-09 11:46:41,568 - INFO - joeynmt.training - 	Reference:  Mr Modi is on a five @-@ day trip to Japan to strengthen economic ties with the third largest economy in the world .
2026-05-09 11:46:41,568 - INFO - joeynmt.training - 	Hypothesis: Mr Modi is on a fifty travel to Japan to the economic relations with the third largest economic relations with the third largest economic relations with the third largest economic relations .
2026-05-09 11:46:41,568 - INFO - joeynmt.training - Example #3
2026-05-09 11:46:41,568 - DEBUG - joeynmt.training - 	Tokenized source:     ['P@@', 'län@@', 'e', 'für', 'eine', 'stärk@@', 'ere', 'k@@', 'ern@@', 'techn@@', 'ische', 'Zusammenarbeit', 'stehen', 'ganz', 'ob@@', 'en', 'auf', 'der', 'Tag@@', 'es@@', 'ordnung', '.']
2026-05-09 11:46:41,568 - DEBUG - joeynmt.training - 	Tokenized reference:  ['high', 'on', 'the', 'agen@@', 'da', 'are', 'pl@@', 'ans', 'for', 'gre@@', 'ater', 'nu@@', 'clear', 'c@@', 'o', '@@@', '-@@', '@', 'operation', '.']
2026-05-09 11:46:41,568 - DEBUG - joeynmt.training - 	Tokenized hypothesis: ['P@@', 'countries', 'for', 'gre@@', 'ater', 'C@@', 'our@@', 't', 'is', 'a', 'very', 'ob@@', 'vi@@', 'ous', 'techn@@', 'ical', 'cooperation', '.', '</s>']
2026-05-09 11:46:41,568 - INFO - joeynmt.training - 	Source:     Pläne für eine stärkere kerntechnische Zusammenarbeit stehen ganz oben auf der Tagesordnung .
2026-05-09 11:46:41,568 - INFO - joeynmt.training - 	Reference:  high on the agenda are plans for greater nuclear co @-@ operation .
2026-05-09 11:46:41,568 - INFO - joeynmt.training - 	Hypothesis: Pcountries for greater Court is a very obvious technical cooperation .
2026-05-09 11:46:41,568 - INFO - joeynmt.training - Example #4
2026-05-09 11:46:41,568 - DEBUG - joeynmt.training - 	Tokenized source:     ['Berich@@', 'ten', 'zu@@', 'fol@@', 'ge', 'ho@@', 'fft', 'Indi@@', 'en', 'darüber', 'hinaus', 'auf', 'einen', 'Ver@@', 'trag', 'zur', 'Ver@@', 'tei@@', 'dig@@', 'ungs@@', 'zusammen@@', 'arbeit', 'zwischen', 'den', 'beiden', 'N@@', 'ationen', '.']
2026-05-09 11:46:41,568 - DEBUG - joeynmt.training - 	Tokenized reference:  ['Indi@@', 'a', 'is', 'also', 're@@', 'porte@@', 'dly', 'hop@@', 'ing', 'for', 'a', 'de@@', 'al', 'on', 'def@@', 'ence', 'c@@', 'oll@@', 'ab@@', 'or@@', 'ation', 'between', 'the', 'two', 'n@@', 'ations', '.']
2026-05-09 11:46:41,568 - DEBUG - joeynmt.training - 	Tokenized hypothesis: ['the', 're@@', 'ports', 'of', 'the', 'two', 'n@@', 'ations', 'in', 'the', 'con@@', 'tra@@', 'ct', 'between', 'the', 'two', 'n@@', 'ations', '.', '</s>']
2026-05-09 11:46:41,568 - INFO - joeynmt.training - 	Source:     Berichten zufolge hofft Indien darüber hinaus auf einen Vertrag zur Verteidigungszusammenarbeit zwischen den beiden Nationen .
2026-05-09 11:46:41,568 - INFO - joeynmt.training - 	Reference:  India is also reportedly hoping for a deal on defence collaboration between the two nations .
2026-05-09 11:46:41,568 - INFO - joeynmt.training - 	Hypothesis: the reports of the two nations in the contract between the two nations .
2026-05-09 11:46:56,986 - INFO - joeynmt.training - Epoch   8, Step:    29100, Batch Loss:     1.996697, Batch Acc: 0.511831, Tokens per Sec:     5993, Lr: 0.000300
2026-05-09 11:47:11,811 - INFO - joeynmt.training - Epoch   8, Step:    29200, Batch Loss:     1.679522, Batch Acc: 0.523871, Tokens per Sec:     6126, Lr: 0.000300
2026-05-09 11:47:26,451 - INFO - joeynmt.training - Epoch   8, Step:    29300, Batch Loss:     1.625284, Batch Acc: 0.518028, Tokens per Sec:     6305, Lr: 0.000300
2026-05-09 11:47:41,261 - INFO - joeynmt.training - Epoch   8, Step:    29400, Batch Loss:     1.576889, Batch Acc: 0.514204, Tokens per Sec:     6183, Lr: 0.000300
2026-05-09 11:47:55,749 - INFO - joeynmt.training - Epoch   8, Step:    29500, Batch Loss:     1.796366, Batch Acc: 0.515641, Tokens per Sec:     6353, Lr: 0.000300
2026-05-09 11:47:55,750 - INFO - joeynmt.prediction - Predicting 500 example(s)... (Greedy decoding with min_output_length=1, max_output_length=-1, return_prob='none', generate_unk=True, repetition_penalty=-1, no_repeat_ngram_size=-1)
2026-05-09 11:48:21,889 - INFO - joeynmt.prediction - Evaluation result (greedy) loss:   2.18, ppl:   8.83, acc:   0.44, generation: 26.1360[sec], evaluation: 0.0000[sec]
2026-05-09 11:48:21,966 - INFO - joeynmt.helpers - delete models/deen_transformer_post/26500.ckpt
2026-05-09 11:48:21,967 - INFO - joeynmt.training - Example #0
2026-05-09 11:48:21,967 - DEBUG - joeynmt.training - 	Tokenized source:     ['die', 'Pre@@', 'mi@@', 'er@@', 'minist@@', 'er', 'Indi@@', 'ens', 'und', 'J@@', 'ap@@', 'ans', 'tra@@', 'fen', 'sich', 'in', 'T@@', 'ok@@', 'i@@', 'o', '.']
2026-05-09 11:48:21,967 - DEBUG - joeynmt.training - 	Tokenized reference:  ['Indi@@', 'a', 'and', 'J@@', 'ap@@', 'an', 'pri@@', 'me', 'minist@@', 'ers', 'me@@', 'et', 'in', 'T@@', 'ok@@', 'y@@', 'o']
2026-05-09 11:48:21,967 - DEBUG - joeynmt.training - 	Tokenized hypothesis: ['the', 'Pri@@', 'me', 'Minist@@', 'er', 'of', 'Indi@@', 'a', 'and', 'J@@', 'ap@@', 'ans', ',', 'in', 'T@@', 'ok@@', 'i@@', 'o', '.', '</s>']
2026-05-09 11:48:21,967 - INFO - joeynmt.training - 	Source:     die Premierminister Indiens und Japans trafen sich in Tokio .
2026-05-09 11:48:21,967 - INFO - joeynmt.training - 	Reference:  India and Japan prime ministers meet in Tokyo
2026-05-09 11:48:21,967 - INFO - joeynmt.training - 	Hypothesis: the Prime Minister of India and Japans , in Tokio .
2026-05-09 11:48:21,967 - INFO - joeynmt.training - Example #1
2026-05-09 11:48:21,968 - DEBUG - joeynmt.training - 	Tokenized source:     ['Indi@@', 'ens', 'neu@@', 'er', 'Pre@@', 'mi@@', 'er@@', 'minist@@', 'er', 'N@@', 'ar@@', 'end@@', 'ra', 'Mo@@', 'd@@', 'i', 'tri@@', 'fft', 'bei', 's@@', 'einem', 'ersten', 'wichti@@', 'gen', 'Aus@@', 'land@@', 's@@', 'bes@@', 'u@@', 'ch', 'seit', 's@@', 'einem', 'W@@', 'ah@@', 'l@@', 'si@@', 'e@@', 'g', 'im', 'Ma@@', 'i', 'seinen', 'j@@', 'ap@@', 'an@@', 'ischen', 'Am@@', 'ts@@', 'k@@', 'olle@@', 'gen', 'S@@', 'hin@@', 'z@@', 'o', 'A@@', 'be', 'in', 'T@@', 'ok@@', 'o', ',', 'um', 'wirtschaf@@', 'tliche', 'und', 'sicher@@', 'heits@@', 'politische', 'Be@@', 'zieh@@', 'ungen', 'zu', 'bes@@', 'pre@@', 'chen', '.']
2026-05-09 11:48:21,968 - DEBUG - joeynmt.training - 	Tokenized reference:  ['Indi@@', 'a', '&apos;s', 'new', 'pri@@', 'me', 'minist@@', 'er', ',', 'N@@', 'ar@@', 'end@@', 'ra', 'Mo@@', 'd@@', 'i', ',', 'is', 'me@@', 'eting', 'his', 'J@@', 'ap@@', 'an@@', 'ese', 'coun@@', 'ter@@', 'part', ',', 'S@@', 'hin@@', 'z@@', 'o', 'A@@', 'be', ',', 'in', 'T@@', 'ok@@', 'y@@', 'o', 'to', 'disc@@', 'uss', 'economic', 'and', 'security', 'ties', ',', 'on', 'his', 'first', 'major', 'fore@@', 'ign', 'visi@@', 't', 'since', 'w@@', 'inn@@', 'ing', 'Ma@@', 'y', '&apos;s', 'elec@@', 'tion', '.']
2026-05-09 11:48:21,968 - DEBUG - joeynmt.training - 	Tokenized hypothesis: ['Indi@@', 'a', '&apos;s', 'ne@@', 'w@@', 'ly', 'ren@@', 'e@@', 'w@@', 'ed', 'Pri@@', 'me', 'Minist@@', 'er', 'N@@', 'ar@@', 'end@@', 'ra', 'Mo@@', 'd@@', 'i', ',', 'in', 'his', 'elec@@', 'tion', ',', 'since', 'his', 'elec@@', 'tion', ',', 'the', 'first', 'important', 'ex@@', 'clu@@', 'sion', 'of', 'his', 'elec@@', 'tion', 'in', 'Ma@@', 'y', ',', 'to', 'the', 'S@@', 'hin@@', 'z@@', 'e@@', 'ch', 'economic', 'and', 'security', 'policy', 'rel@@', 'ations', '.', '</s>']
2026-05-09 11:48:21,968 - INFO - joeynmt.training - 	Source:     Indiens neuer Premierminister Narendra Modi trifft bei seinem ersten wichtigen Auslandsbesuch seit seinem Wahlsieg im Mai seinen japanischen Amtskollegen Shinzo Abe in Toko , um wirtschaftliche und sicherheitspolitische Beziehungen zu besprechen .
2026-05-09 11:48:21,968 - INFO - joeynmt.training - 	Reference:  India &apos;s new prime minister , Narendra Modi , is meeting his Japanese counterpart , Shinzo Abe , in Tokyo to discuss economic and security ties , on his first major foreign visit since winning May &apos;s election .
2026-05-09 11:48:21,968 - INFO - joeynmt.training - 	Hypothesis: India &apos;s newly renewed Prime Minister Narendra Modi , in his election , since his election , the first important exclusion of his election in May , to the Shinzech economic and security policy relations .
2026-05-09 11:48:21,968 - INFO - joeynmt.training - Example #2
2026-05-09 11:48:21,968 - DEBUG - joeynmt.training - 	Tokenized source:     ['Herr', 'Mo@@', 'd@@', 'i', 'befindet', 'sich', 'auf', 'einer', 'fü@@', 'n@@', 'f@@', 'tä@@', 'gi@@', 'gen', 'Rei@@', 'se', 'nach', 'J@@', 'ap@@', 'an', ',', 'um', 'die', 'wirtschaf@@', 'tlichen', 'Be@@', 'zieh@@', 'ungen', 'mit', 'der', 'd@@', 'rit@@', 't@@', 'größ@@', 'ten', 'Wirtschafts@@', 'n@@', 'ation', 'der', 'Welt', 'zu', 'fes@@', 'tigen', '.']
2026-05-09 11:48:21,968 - DEBUG - joeynmt.training - 	Tokenized reference:  ['Mr', 'Mo@@', 'd@@', 'i', 'is', 'on', 'a', 'fi@@', 've', '@@@', '-@@', '@', 'day', 'tri@@', 'p', 'to', 'J@@', 'ap@@', 'an', 'to', 'streng@@', 'then', 'economic', 'ties', 'with', 'the', 'third', 'lar@@', 'ges@@', 't', 'econom@@', 'y', 'in', 'the', 'world', '.']
2026-05-09 11:48:21,968 - DEBUG - joeynmt.training - 	Tokenized hypothesis: ['Mr', 'Mo@@', 'd@@', 'i', 'is', 'is', 'on', 'a', 'fi@@', 'f@@', 'ty', 'number', 'of', 'j@@', 'our@@', 'ne@@', 'y', 'to', 'the', 'economic', 'rel@@', 'ations', 'with', 'the', 'third', 'lar@@', 'ges@@', 't', 'economic', 'rel@@', 'ations', 'with', 'the', 'third', 'lar@@', 'ges@@', 't', 'economic', 'n@@', 'ation', 'of', 'the', 'world', '.', '</s>']
2026-05-09 11:48:21,968 - INFO - joeynmt.training - 	Source:     Herr Modi befindet sich auf einer fünftägigen Reise nach Japan , um die wirtschaftlichen Beziehungen mit der drittgrößten Wirtschaftsnation der Welt zu festigen .
2026-05-09 11:48:21,968 - INFO - joeynmt.training - 	Reference:  Mr Modi is on a five @-@ day trip to Japan to strengthen economic ties with the third largest economy in the world .
2026-05-09 11:48:21,968 - INFO - joeynmt.training - 	Hypothesis: Mr Modi is is on a fifty number of journey to the economic relations with the third largest economic relations with the third largest economic nation of the world .
2026-05-09 11:48:21,968 - INFO - joeynmt.training - Example #3
2026-05-09 11:48:21,968 - DEBUG - joeynmt.training - 	Tokenized source:     ['P@@', 'län@@', 'e', 'für', 'eine', 'stärk@@', 'ere', 'k@@', 'ern@@', 'techn@@', 'ische', 'Zusammenarbeit', 'stehen', 'ganz', 'ob@@', 'en', 'auf', 'der', 'Tag@@', 'es@@', 'ordnung', '.']
2026-05-09 11:48:21,968 - DEBUG - joeynmt.training - 	Tokenized reference:  ['high', 'on', 'the', 'agen@@', 'da', 'are', 'pl@@', 'ans', 'for', 'gre@@', 'ater', 'nu@@', 'clear', 'c@@', 'o', '@@@', '-@@', '@', 'operation', '.']
2026-05-09 11:48:21,968 - DEBUG - joeynmt.training - 	Tokenized hypothesis: ['pl@@', 'ans', 'for', 'gre@@', 'ater', 'nu@@', 'clear', 'techn@@', 'ical', 'cooperation', 'are', 'very', 'ob@@', 'tain@@', 'ed', 'on', 'the', 'agen@@', 'da', '.', '</s>']
2026-05-09 11:48:21,968 - INFO - joeynmt.training - 	Source:     Pläne für eine stärkere kerntechnische Zusammenarbeit stehen ganz oben auf der Tagesordnung .
2026-05-09 11:48:21,968 - INFO - joeynmt.training - 	Reference:  high on the agenda are plans for greater nuclear co @-@ operation .
2026-05-09 11:48:21,968 - INFO - joeynmt.training - 	Hypothesis: plans for greater nuclear technical cooperation are very obtained on the agenda .
2026-05-09 11:48:21,968 - INFO - joeynmt.training - Example #4
2026-05-09 11:48:21,968 - DEBUG - joeynmt.training - 	Tokenized source:     ['Berich@@', 'ten', 'zu@@', 'fol@@', 'ge', 'ho@@', 'fft', 'Indi@@', 'en', 'darüber', 'hinaus', 'auf', 'einen', 'Ver@@', 'trag', 'zur', 'Ver@@', 'tei@@', 'dig@@', 'ungs@@', 'zusammen@@', 'arbeit', 'zwischen', 'den', 'beiden', 'N@@', 'ationen', '.']
2026-05-09 11:48:21,968 - DEBUG - joeynmt.training - 	Tokenized reference:  ['Indi@@', 'a', 'is', 'also', 're@@', 'porte@@', 'dly', 'hop@@', 'ing', 'for', 'a', 'de@@', 'al', 'on', 'def@@', 'ence', 'c@@', 'oll@@', 'ab@@', 'or@@', 'ation', 'between', 'the', 'two', 'n@@', 'ations', '.']
2026-05-09 11:48:21,968 - DEBUG - joeynmt.training - 	Tokenized hypothesis: ['it', 'is', 'also', 'tru@@', 'e', 'of', 'Indi@@', 'a', ',', 'in', 'fact', ',', 'the', 'Tre@@', 'aty', 'on', 'the', 'def@@', 'ence', 'of', 'the', 'two', 'n@@', 'ations', '.', '</s>']
2026-05-09 11:48:21,968 - INFO - joeynmt.training - 	Source:     Berichten zufolge hofft Indien darüber hinaus auf einen Vertrag zur Verteidigungszusammenarbeit zwischen den beiden Nationen .
2026-05-09 11:48:21,968 - INFO - joeynmt.training - 	Reference:  India is also reportedly hoping for a deal on defence collaboration between the two nations .
2026-05-09 11:48:21,968 - INFO - joeynmt.training - 	Hypothesis: it is also true of India , in fact , the Treaty on the defence of the two nations .
2026-05-09 11:48:37,545 - INFO - joeynmt.training - Epoch   8, Step:    29600, Batch Loss:     1.763306, Batch Acc: 0.517956, Tokens per Sec:     5788, Lr: 0.000300
2026-05-09 11:48:52,845 - INFO - joeynmt.training - Epoch   8, Step:    29700, Batch Loss:     1.567385, Batch Acc: 0.518588, Tokens per Sec:     6039, Lr: 0.000300
2026-05-09 11:49:08,785 - INFO - joeynmt.training - Epoch   8, Step:    29800, Batch Loss:     1.656173, Batch Acc: 0.517709, Tokens per Sec:     5750, Lr: 0.000300
2026-05-09 11:49:24,524 - INFO - joeynmt.training - Epoch   8, Step:    29900, Batch Loss:     1.884992, Batch Acc: 0.517789, Tokens per Sec:     5838, Lr: 0.000300
2026-05-09 11:49:41,637 - INFO - joeynmt.training - Epoch   8, Step:    30000, Batch Loss:     1.693262, Batch Acc: 0.518889, Tokens per Sec:     5417, Lr: 0.000300
2026-05-09 11:49:41,638 - INFO - joeynmt.prediction - Predicting 500 example(s)... (Greedy decoding with min_output_length=1, max_output_length=-1, return_prob='none', generate_unk=True, repetition_penalty=-1, no_repeat_ngram_size=-1)
2026-05-09 11:50:04,131 - INFO - joeynmt.prediction - Evaluation result (greedy) loss:   2.17, ppl:   8.75, acc:   0.45, generation: 22.4875[sec], evaluation: 0.0000[sec]
2026-05-09 11:50:04,134 - INFO - joeynmt.training - Hooray! New best validation result [ppl]!
2026-05-09 11:50:04,212 - INFO - joeynmt.helpers - delete models/deen_transformer_post/27500.ckpt
2026-05-09 11:50:04,216 - INFO - joeynmt.training - Example #0
2026-05-09 11:50:04,217 - DEBUG - joeynmt.training - 	Tokenized source:     ['die', 'Pre@@', 'mi@@', 'er@@', 'minist@@', 'er', 'Indi@@', 'ens', 'und', 'J@@', 'ap@@', 'ans', 'tra@@', 'fen', 'sich', 'in', 'T@@', 'ok@@', 'i@@', 'o', '.']
2026-05-09 11:50:04,217 - DEBUG - joeynmt.training - 	Tokenized reference:  ['Indi@@', 'a', 'and', 'J@@', 'ap@@', 'an', 'pri@@', 'me', 'minist@@', 'ers', 'me@@', 'et', 'in', 'T@@', 'ok@@', 'y@@', 'o']
2026-05-09 11:50:04,217 - DEBUG - joeynmt.training - 	Tokenized hypothesis: ['the', 'Pri@@', 'me', 'Minist@@', 'er', 'of', 'Indi@@', 'a', 'and', 'J@@', 'ap@@', 'an', 'in', 'T@@', 'ok@@', 'y@@', 'o', '.', '</s>']
2026-05-09 11:50:04,217 - INFO - joeynmt.training - 	Source:     die Premierminister Indiens und Japans trafen sich in Tokio .
2026-05-09 11:50:04,217 - INFO - joeynmt.training - 	Reference:  India and Japan prime ministers meet in Tokyo
2026-05-09 11:50:04,217 - INFO - joeynmt.training - 	Hypothesis: the Prime Minister of India and Japan in Tokyo .
2026-05-09 11:50:04,217 - INFO - joeynmt.training - Example #1
2026-05-09 11:50:04,217 - DEBUG - joeynmt.training - 	Tokenized source:     ['Indi@@', 'ens', 'neu@@', 'er', 'Pre@@', 'mi@@', 'er@@', 'minist@@', 'er', 'N@@', 'ar@@', 'end@@', 'ra', 'Mo@@', 'd@@', 'i', 'tri@@', 'fft', 'bei', 's@@', 'einem', 'ersten', 'wichti@@', 'gen', 'Aus@@', 'land@@', 's@@', 'bes@@', 'u@@', 'ch', 'seit', 's@@', 'einem', 'W@@', 'ah@@', 'l@@', 'si@@', 'e@@', 'g', 'im', 'Ma@@', 'i', 'seinen', 'j@@', 'ap@@', 'an@@', 'ischen', 'Am@@', 'ts@@', 'k@@', 'olle@@', 'gen', 'S@@', 'hin@@', 'z@@', 'o', 'A@@', 'be', 'in', 'T@@', 'ok@@', 'o', ',', 'um', 'wirtschaf@@', 'tliche', 'und', 'sicher@@', 'heits@@', 'politische', 'Be@@', 'zieh@@', 'ungen', 'zu', 'bes@@', 'pre@@', 'chen', '.']
2026-05-09 11:50:04,217 - DEBUG - joeynmt.training - 	Tokenized reference:  ['Indi@@', 'a', '&apos;s', 'new', 'pri@@', 'me', 'minist@@', 'er', ',', 'N@@', 'ar@@', 'end@@', 'ra', 'Mo@@', 'd@@', 'i', ',', 'is', 'me@@', 'eting', 'his', 'J@@', 'ap@@', 'an@@', 'ese', 'coun@@', 'ter@@', 'part', ',', 'S@@', 'hin@@', 'z@@', 'o', 'A@@', 'be', ',', 'in', 'T@@', 'ok@@', 'y@@', 'o', 'to', 'disc@@', 'uss', 'economic', 'and', 'security', 'ties', ',', 'on', 'his', 'first', 'major', 'fore@@', 'ign', 'visi@@', 't', 'since', 'w@@', 'inn@@', 'ing', 'Ma@@', 'y', '&apos;s', 'elec@@', 'tion', '.']
2026-05-09 11:50:04,217 - DEBUG - joeynmt.training - 	Tokenized hypothesis: ['Indi@@', 'a', '&apos;s', 'new', 'Pri@@', 'me', 'Minist@@', 'er', 'N@@', 'ar@@', 'end@@', 'ra', 'Mo@@', 'd@@', 'i', ',', 'in', 'his', 'first', 'place', ',', 'in', 'his', 'first', 'place', ',', 'since', 'his', 'elec@@', 'tion', 'has', 'been', 'made', 'in', 'Ma@@', 'y', 'his', 'elec@@', 'tion', 'in', 'Ma@@', 'y', ',', 'in', 'the', 'Ma@@', 'y', 'of', 'his', 'elec@@', 'tion', 'in', 'Ma@@', 'y', ',', 'on', 'the', 'first', 'place', 'in', 'Ma@@', 'y', '.', '</s>']
2026-05-09 11:50:04,217 - INFO - joeynmt.training - 	Source:     Indiens neuer Premierminister Narendra Modi trifft bei seinem ersten wichtigen Auslandsbesuch seit seinem Wahlsieg im Mai seinen japanischen Amtskollegen Shinzo Abe in Toko , um wirtschaftliche und sicherheitspolitische Beziehungen zu besprechen .
2026-05-09 11:50:04,217 - INFO - joeynmt.training - 	Reference:  India &apos;s new prime minister , Narendra Modi , is meeting his Japanese counterpart , Shinzo Abe , in Tokyo to discuss economic and security ties , on his first major foreign visit since winning May &apos;s election .
2026-05-09 11:50:04,217 - INFO - joeynmt.training - 	Hypothesis: India &apos;s new Prime Minister Narendra Modi , in his first place , in his first place , since his election has been made in May his election in May , in the May of his election in May , on the first place in May .
2026-05-09 11:50:04,217 - INFO - joeynmt.training - Example #2
2026-05-09 11:50:04,217 - DEBUG - joeynmt.training - 	Tokenized source:     ['Herr', 'Mo@@', 'd@@', 'i', 'befindet', 'sich', 'auf', 'einer', 'fü@@', 'n@@', 'f@@', 'tä@@', 'gi@@', 'gen', 'Rei@@', 'se', 'nach', 'J@@', 'ap@@', 'an', ',', 'um', 'die', 'wirtschaf@@', 'tlichen', 'Be@@', 'zieh@@', 'ungen', 'mit', 'der', 'd@@', 'rit@@', 't@@', 'größ@@', 'ten', 'Wirtschafts@@', 'n@@', 'ation', 'der', 'Welt', 'zu', 'fes@@', 'tigen', '.']
2026-05-09 11:50:04,217 - DEBUG - joeynmt.training - 	Tokenized reference:  ['Mr', 'Mo@@', 'd@@', 'i', 'is', 'on', 'a', 'fi@@', 've', '@@@', '-@@', '@', 'day', 'tri@@', 'p', 'to', 'J@@', 'ap@@', 'an', 'to', 'streng@@', 'then', 'economic', 'ties', 'with', 'the', 'third', 'lar@@', 'ges@@', 't', 'econom@@', 'y', 'in', 'the', 'world', '.']
2026-05-09 11:50:04,217 - DEBUG - joeynmt.training - 	Tokenized hypothesis: ['Mr', 'Mo@@', 'd@@', 'i', 'is', 'located', 'on', 'a', 'fi@@', 'f@@', 'ty', 'tra@@', 'v@@', 'el', 'to', 'J@@', 'ap@@', 'an', 'to', 'J@@', 'ap@@', 'an', 'to', 'be', 'able', 'to', 'be', 'able', 'to', 'fe@@', 'ar', 'of', 'the', 'world', '&apos;s', 'economic', 'rel@@', 'ations', '.', '</s>']
2026-05-09 11:50:04,217 - INFO - joeynmt.training - 	Source:     Herr Modi befindet sich auf einer fünftägigen Reise nach Japan , um die wirtschaftlichen Beziehungen mit der drittgrößten Wirtschaftsnation der Welt zu festigen .
2026-05-09 11:50:04,217 - INFO - joeynmt.training - 	Reference:  Mr Modi is on a five @-@ day trip to Japan to strengthen economic ties with the third largest economy in the world .
2026-05-09 11:50:04,217 - INFO - joeynmt.training - 	Hypothesis: Mr Modi is located on a fifty travel to Japan to Japan to be able to be able to fear of the world &apos;s economic relations .
2026-05-09 11:50:04,217 - INFO - joeynmt.training - Example #3
2026-05-09 11:50:04,217 - DEBUG - joeynmt.training - 	Tokenized source:     ['P@@', 'län@@', 'e', 'für', 'eine', 'stärk@@', 'ere', 'k@@', 'ern@@', 'techn@@', 'ische', 'Zusammenarbeit', 'stehen', 'ganz', 'ob@@', 'en', 'auf', 'der', 'Tag@@', 'es@@', 'ordnung', '.']
2026-05-09 11:50:04,217 - DEBUG - joeynmt.training - 	Tokenized reference:  ['high', 'on', 'the', 'agen@@', 'da', 'are', 'pl@@', 'ans', 'for', 'gre@@', 'ater', 'nu@@', 'clear', 'c@@', 'o', '@@@', '-@@', '@', 'operation', '.']
2026-05-09 11:50:04,217 - DEBUG - joeynmt.training - 	Tokenized hypothesis: ['pl@@', 'ans', 'for', 'gre@@', 'ater', 'nu@@', 'clear', 'techn@@', 'ical', 'cooperation', 'are', 'on', 'the', 'agen@@', 'da', '.', '</s>']
2026-05-09 11:50:04,217 - INFO - joeynmt.training - 	Source:     Pläne für eine stärkere kerntechnische Zusammenarbeit stehen ganz oben auf der Tagesordnung .
2026-05-09 11:50:04,217 - INFO - joeynmt.training - 	Reference:  high on the agenda are plans for greater nuclear co @-@ operation .
2026-05-09 11:50:04,217 - INFO - joeynmt.training - 	Hypothesis: plans for greater nuclear technical cooperation are on the agenda .
2026-05-09 11:50:04,218 - INFO - joeynmt.training - Example #4
2026-05-09 11:50:04,218 - DEBUG - joeynmt.training - 	Tokenized source:     ['Berich@@', 'ten', 'zu@@', 'fol@@', 'ge', 'ho@@', 'fft', 'Indi@@', 'en', 'darüber', 'hinaus', 'auf', 'einen', 'Ver@@', 'trag', 'zur', 'Ver@@', 'tei@@', 'dig@@', 'ungs@@', 'zusammen@@', 'arbeit', 'zwischen', 'den', 'beiden', 'N@@', 'ationen', '.']
2026-05-09 11:50:04,218 - DEBUG - joeynmt.training - 	Tokenized reference:  ['Indi@@', 'a', 'is', 'also', 're@@', 'porte@@', 'dly', 'hop@@', 'ing', 'for', 'a', 'de@@', 'al', 'on', 'def@@', 'ence', 'c@@', 'oll@@', 'ab@@', 'or@@', 'ation', 'between', 'the', 'two', 'n@@', 'ations', '.']
2026-05-09 11:50:04,218 - DEBUG - joeynmt.training - 	Tokenized hypothesis: ['in', 'ad@@', 'dition', ',', 'Indi@@', 'a', 'is', 'tru@@', 'e', ',', 'in', 'fact', ',', 'the', 'con@@', 'tra@@', 'ct', 'of', 'the', 'two', 'n@@', 'ations', '.', '</s>']
2026-05-09 11:50:04,218 - INFO - joeynmt.training - 	Source:     Berichten zufolge hofft Indien darüber hinaus auf einen Vertrag zur Verteidigungszusammenarbeit zwischen den beiden Nationen .
2026-05-09 11:50:04,218 - INFO - joeynmt.training - 	Reference:  India is also reportedly hoping for a deal on defence collaboration between the two nations .
2026-05-09 11:50:04,218 - INFO - joeynmt.training - 	Hypothesis: in addition , India is true , in fact , the contract of the two nations .
2026-05-09 11:50:19,781 - INFO - joeynmt.training - Epoch   8, Step:    30100, Batch Loss:     1.994007, Batch Acc: 0.520068, Tokens per Sec:     5936, Lr: 0.000300
2026-05-09 11:50:35,093 - INFO - joeynmt.training - Epoch   8, Step:    30200, Batch Loss:     1.818832, Batch Acc: 0.519498, Tokens per Sec:     5979, Lr: 0.000300
2026-05-09 11:50:51,188 - INFO - joeynmt.training - Epoch   8, Step:    30300, Batch Loss:     1.746940, Batch Acc: 0.516470, Tokens per Sec:     5681, Lr: 0.000300
2026-05-09 11:51:07,665 - INFO - joeynmt.training - Epoch   8, Step:    30400, Batch Loss:     1.852285, Batch Acc: 0.521570, Tokens per Sec:     5622, Lr: 0.000300
2026-05-09 11:51:23,192 - INFO - joeynmt.training - Epoch   8, Step:    30500, Batch Loss:     1.883363, Batch Acc: 0.513566, Tokens per Sec:     5987, Lr: 0.000300
2026-05-09 11:51:23,193 - INFO - joeynmt.prediction - Predicting 500 example(s)... (Greedy decoding with min_output_length=1, max_output_length=-1, return_prob='none', generate_unk=True, repetition_penalty=-1, no_repeat_ngram_size=-1)
2026-05-09 11:51:46,287 - INFO - joeynmt.prediction - Evaluation result (greedy) loss:   2.17, ppl:   8.72, acc:   0.45, generation: 23.0892[sec], evaluation: 0.0000[sec]
2026-05-09 11:51:46,289 - INFO - joeynmt.training - Hooray! New best validation result [ppl]!
2026-05-09 11:51:46,385 - INFO - joeynmt.helpers - delete models/deen_transformer_post/28000.ckpt
2026-05-09 11:51:46,388 - INFO - joeynmt.training - Example #0
2026-05-09 11:51:46,388 - DEBUG - joeynmt.training - 	Tokenized source:     ['die', 'Pre@@', 'mi@@', 'er@@', 'minist@@', 'er', 'Indi@@', 'ens', 'und', 'J@@', 'ap@@', 'ans', 'tra@@', 'fen', 'sich', 'in', 'T@@', 'ok@@', 'i@@', 'o', '.']
2026-05-09 11:51:46,388 - DEBUG - joeynmt.training - 	Tokenized reference:  ['Indi@@', 'a', 'and', 'J@@', 'ap@@', 'an', 'pri@@', 'me', 'minist@@', 'ers', 'me@@', 'et', 'in', 'T@@', 'ok@@', 'y@@', 'o']
2026-05-09 11:51:46,388 - DEBUG - joeynmt.training - 	Tokenized hypothesis: ['the', 'Pri@@', 'me', 'Minist@@', 'er', 'of', 'the', 'M@@', 'ini@@', 'stry', 'of', 'the', 'J@@', 'ap@@', 'ans', 'in', 'T@@', 'ok@@', 'y@@', 'o', '.', '</s>']
2026-05-09 11:51:46,388 - INFO - joeynmt.training - 	Source:     die Premierminister Indiens und Japans trafen sich in Tokio .
2026-05-09 11:51:46,388 - INFO - joeynmt.training - 	Reference:  India and Japan prime ministers meet in Tokyo
2026-05-09 11:51:46,388 - INFO - joeynmt.training - 	Hypothesis: the Prime Minister of the Ministry of the Japans in Tokyo .
2026-05-09 11:51:46,388 - INFO - joeynmt.training - Example #1
2026-05-09 11:51:46,388 - DEBUG - joeynmt.training - 	Tokenized source:     ['Indi@@', 'ens', 'neu@@', 'er', 'Pre@@', 'mi@@', 'er@@', 'minist@@', 'er', 'N@@', 'ar@@', 'end@@', 'ra', 'Mo@@', 'd@@', 'i', 'tri@@', 'fft', 'bei', 's@@', 'einem', 'ersten', 'wichti@@', 'gen', 'Aus@@', 'land@@', 's@@', 'bes@@', 'u@@', 'ch', 'seit', 's@@', 'einem', 'W@@', 'ah@@', 'l@@', 'si@@', 'e@@', 'g', 'im', 'Ma@@', 'i', 'seinen', 'j@@', 'ap@@', 'an@@', 'ischen', 'Am@@', 'ts@@', 'k@@', 'olle@@', 'gen', 'S@@', 'hin@@', 'z@@', 'o', 'A@@', 'be', 'in', 'T@@', 'ok@@', 'o', ',', 'um', 'wirtschaf@@', 'tliche', 'und', 'sicher@@', 'heits@@', 'politische', 'Be@@', 'zieh@@', 'ungen', 'zu', 'bes@@', 'pre@@', 'chen', '.']
2026-05-09 11:51:46,388 - DEBUG - joeynmt.training - 	Tokenized reference:  ['Indi@@', 'a', '&apos;s', 'new', 'pri@@', 'me', 'minist@@', 'er', ',', 'N@@', 'ar@@', 'end@@', 'ra', 'Mo@@', 'd@@', 'i', ',', 'is', 'me@@', 'eting', 'his', 'J@@', 'ap@@', 'an@@', 'ese', 'coun@@', 'ter@@', 'part', ',', 'S@@', 'hin@@', 'z@@', 'o', 'A@@', 'be', ',', 'in', 'T@@', 'ok@@', 'y@@', 'o', 'to', 'disc@@', 'uss', 'economic', 'and', 'security', 'ties', ',', 'on', 'his', 'first', 'major', 'fore@@', 'ign', 'visi@@', 't', 'since', 'w@@', 'inn@@', 'ing', 'Ma@@', 'y', '&apos;s', 'elec@@', 'tion', '.']
2026-05-09 11:51:46,388 - DEBUG - joeynmt.training - 	Tokenized hypothesis: ['Indi@@', 'a', '&apos;s', 'new', 'Pri@@', 'me', 'Minist@@', 'er', 'N@@', 'ar@@', 'end@@', 'ra', 'Mo@@', 'd@@', 'i', 'was', 'se@@', 'en', 'in', 'Ma@@', 'y', ',', 'in', 'his', 'first', 'major', 'ex@@', 'clu@@', 'ding', 'his', 'elec@@', 'tion', 'in', 'Ma@@', 'y', ',', 'in', 'Ma@@', 'y', 'his', 'elec@@', 'tion', 'to', 'its', 'J@@', 'ap@@', 'an@@', 'ese', 'Am@@', 'end@@', 'ra', 'Mo@@', 'd@@', 'i', ',', 'to', 're@@', 'duce', 'economic', 'and', 'security', 'policy', 'rel@@', 'ations', '.', '</s>']
2026-05-09 11:51:46,388 - INFO - joeynmt.training - 	Source:     Indiens neuer Premierminister Narendra Modi trifft bei seinem ersten wichtigen Auslandsbesuch seit seinem Wahlsieg im Mai seinen japanischen Amtskollegen Shinzo Abe in Toko , um wirtschaftliche und sicherheitspolitische Beziehungen zu besprechen .
2026-05-09 11:51:46,388 - INFO - joeynmt.training - 	Reference:  India &apos;s new prime minister , Narendra Modi , is meeting his Japanese counterpart , Shinzo Abe , in Tokyo to discuss economic and security ties , on his first major foreign visit since winning May &apos;s election .
2026-05-09 11:51:46,388 - INFO - joeynmt.training - 	Hypothesis: India &apos;s new Prime Minister Narendra Modi was seen in May , in his first major excluding his election in May , in May his election to its Japanese Amendra Modi , to reduce economic and security policy relations .
2026-05-09 11:51:46,388 - INFO - joeynmt.training - Example #2
2026-05-09 11:51:46,388 - DEBUG - joeynmt.training - 	Tokenized source:     ['Herr', 'Mo@@', 'd@@', 'i', 'befindet', 'sich', 'auf', 'einer', 'fü@@', 'n@@', 'f@@', 'tä@@', 'gi@@', 'gen', 'Rei@@', 'se', 'nach', 'J@@', 'ap@@', 'an', ',', 'um', 'die', 'wirtschaf@@', 'tlichen', 'Be@@', 'zieh@@', 'ungen', 'mit', 'der', 'd@@', 'rit@@', 't@@', 'größ@@', 'ten', 'Wirtschafts@@', 'n@@', 'ation', 'der', 'Welt', 'zu', 'fes@@', 'tigen', '.']
2026-05-09 11:51:46,388 - DEBUG - joeynmt.training - 	Tokenized reference:  ['Mr', 'Mo@@', 'd@@', 'i', 'is', 'on', 'a', 'fi@@', 've', '@@@', '-@@', '@', 'day', 'tri@@', 'p', 'to', 'J@@', 'ap@@', 'an', 'to', 'streng@@', 'then', 'economic', 'ties', 'with', 'the', 'third', 'lar@@', 'ges@@', 't', 'econom@@', 'y', 'in', 'the', 'world', '.']
2026-05-09 11:51:46,388 - DEBUG - joeynmt.training - 	Tokenized hypothesis: ['Mr', 'Mo@@', 'd@@', 'i', 'is', 'located', 'on', 'a', 'fi@@', 'f@@', 'ty', 'number', 'of', 'J@@', 'ap@@', 'an', 'to', 're@@', 'duce', 'economic', 'rel@@', 'ations', 'with', 'the', 'third', 'lar@@', 'ges@@', 't', 'econom@@', 'y', '.', '</s>']
2026-05-09 11:51:46,389 - INFO - joeynmt.training - 	Source:     Herr Modi befindet sich auf einer fünftägigen Reise nach Japan , um die wirtschaftlichen Beziehungen mit der drittgrößten Wirtschaftsnation der Welt zu festigen .
2026-05-09 11:51:46,389 - INFO - joeynmt.training - 	Reference:  Mr Modi is on a five @-@ day trip to Japan to strengthen economic ties with the third largest economy in the world .
2026-05-09 11:51:46,389 - INFO - joeynmt.training - 	Hypothesis: Mr Modi is located on a fifty number of Japan to reduce economic relations with the third largest economy .
2026-05-09 11:51:46,389 - INFO - joeynmt.training - Example #3
2026-05-09 11:51:46,389 - DEBUG - joeynmt.training - 	Tokenized source:     ['P@@', 'län@@', 'e', 'für', 'eine', 'stärk@@', 'ere', 'k@@', 'ern@@', 'techn@@', 'ische', 'Zusammenarbeit', 'stehen', 'ganz', 'ob@@', 'en', 'auf', 'der', 'Tag@@', 'es@@', 'ordnung', '.']
2026-05-09 11:51:46,389 - DEBUG - joeynmt.training - 	Tokenized reference:  ['high', 'on', 'the', 'agen@@', 'da', 'are', 'pl@@', 'ans', 'for', 'gre@@', 'ater', 'nu@@', 'clear', 'c@@', 'o', '@@@', '-@@', '@', 'operation', '.']
2026-05-09 11:51:46,389 - DEBUG - joeynmt.training - 	Tokenized hypothesis: ['pl@@', 'ans', 'for', 'gre@@', 'ater', 'nu@@', 'clear', 'techn@@', 'ical', 'cooperation', 'are', 'on', 'the', 'agen@@', 'da', '.', '</s>']
2026-05-09 11:51:46,389 - INFO - joeynmt.training - 	Source:     Pläne für eine stärkere kerntechnische Zusammenarbeit stehen ganz oben auf der Tagesordnung .
2026-05-09 11:51:46,389 - INFO - joeynmt.training - 	Reference:  high on the agenda are plans for greater nuclear co @-@ operation .
2026-05-09 11:51:46,389 - INFO - joeynmt.training - 	Hypothesis: plans for greater nuclear technical cooperation are on the agenda .
2026-05-09 11:51:46,389 - INFO - joeynmt.training - Example #4
2026-05-09 11:51:46,389 - DEBUG - joeynmt.training - 	Tokenized source:     ['Berich@@', 'ten', 'zu@@', 'fol@@', 'ge', 'ho@@', 'fft', 'Indi@@', 'en', 'darüber', 'hinaus', 'auf', 'einen', 'Ver@@', 'trag', 'zur', 'Ver@@', 'tei@@', 'dig@@', 'ungs@@', 'zusammen@@', 'arbeit', 'zwischen', 'den', 'beiden', 'N@@', 'ationen', '.']
2026-05-09 11:51:46,389 - DEBUG - joeynmt.training - 	Tokenized reference:  ['Indi@@', 'a', 'is', 'also', 're@@', 'porte@@', 'dly', 'hop@@', 'ing', 'for', 'a', 'de@@', 'al', 'on', 'def@@', 'ence', 'c@@', 'oll@@', 'ab@@', 'or@@', 'ation', 'between', 'the', 'two', 'n@@', 'ations', '.']
2026-05-09 11:51:46,389 - DEBUG - joeynmt.training - 	Tokenized hypothesis: ['in', 'ad@@', 'dition', ',', 'Indi@@', 'a', 'is', 'also', 'the', 'fact', 'that', 'the', 'two', 'n@@', 'ations', 'are', 'also', 'in', 'the', 'con@@', 'tra@@', 'ct', 'between', 'the', 'two', 'n@@', 'ations', '.', '</s>']
2026-05-09 11:51:46,389 - INFO - joeynmt.training - 	Source:     Berichten zufolge hofft Indien darüber hinaus auf einen Vertrag zur Verteidigungszusammenarbeit zwischen den beiden Nationen .
2026-05-09 11:51:46,389 - INFO - joeynmt.training - 	Reference:  India is also reportedly hoping for a deal on defence collaboration between the two nations .
2026-05-09 11:51:46,389 - INFO - joeynmt.training - 	Hypothesis: in addition , India is also the fact that the two nations are also in the contract between the two nations .
2026-05-09 11:52:02,349 - INFO - joeynmt.training - Epoch   8, Step:    30600, Batch Loss:     1.623747, Batch Acc: 0.515369, Tokens per Sec:     5727, Lr: 0.000300
2026-05-09 11:52:18,433 - INFO - joeynmt.training - Epoch   8, Step:    30700, Batch Loss:     1.723875, Batch Acc: 0.507729, Tokens per Sec:     5728, Lr: 0.000300
2026-05-09 11:52:34,336 - INFO - joeynmt.training - Epoch   8, Step:    30800, Batch Loss:     1.806373, Batch Acc: 0.514223, Tokens per Sec:     5770, Lr: 0.000300
2026-05-09 11:52:50,865 - INFO - joeynmt.training - Epoch   8, Step:    30900, Batch Loss:     1.665099, Batch Acc: 0.513778, Tokens per Sec:     5524, Lr: 0.000300
2026-05-09 11:53:07,440 - INFO - joeynmt.training - Epoch   8, Step:    31000, Batch Loss:     1.699400, Batch Acc: 0.520818, Tokens per Sec:     5582, Lr: 0.000300
2026-05-09 11:53:07,441 - INFO - joeynmt.prediction - Predicting 500 example(s)... (Greedy decoding with min_output_length=1, max_output_length=-1, return_prob='none', generate_unk=True, repetition_penalty=-1, no_repeat_ngram_size=-1)
2026-05-09 11:53:35,820 - INFO - joeynmt.prediction - Evaluation result (greedy) loss:   2.16, ppl:   8.66, acc:   0.45, generation: 28.3733[sec], evaluation: 0.0000[sec]
2026-05-09 11:53:35,823 - INFO - joeynmt.training - Hooray! New best validation result [ppl]!
2026-05-09 11:53:35,941 - INFO - joeynmt.helpers - delete models/deen_transformer_post/29500.ckpt
2026-05-09 11:53:35,943 - INFO - joeynmt.training - Example #0
2026-05-09 11:53:35,943 - DEBUG - joeynmt.training - 	Tokenized source:     ['die', 'Pre@@', 'mi@@', 'er@@', 'minist@@', 'er', 'Indi@@', 'ens', 'und', 'J@@', 'ap@@', 'ans', 'tra@@', 'fen', 'sich', 'in', 'T@@', 'ok@@', 'i@@', 'o', '.']
2026-05-09 11:53:35,943 - DEBUG - joeynmt.training - 	Tokenized reference:  ['Indi@@', 'a', 'and', 'J@@', 'ap@@', 'an', 'pri@@', 'me', 'minist@@', 'ers', 'me@@', 'et', 'in', 'T@@', 'ok@@', 'y@@', 'o']
2026-05-09 11:53:35,943 - DEBUG - joeynmt.training - 	Tokenized hypothesis: ['the', 'Pri@@', 'me', 'Minist@@', 'er', 'and', 'J@@', 'ap@@', 'ans', 'in', 'T@@', 'ok@@', 'i@@', 'o', '.', '</s>']
2026-05-09 11:53:35,944 - INFO - joeynmt.training - 	Source:     die Premierminister Indiens und Japans trafen sich in Tokio .
2026-05-09 11:53:35,944 - INFO - joeynmt.training - 	Reference:  India and Japan prime ministers meet in Tokyo
2026-05-09 11:53:35,944 - INFO - joeynmt.training - 	Hypothesis: the Prime Minister and Japans in Tokio .
2026-05-09 11:53:35,944 - INFO - joeynmt.training - Example #1
2026-05-09 11:53:35,944 - DEBUG - joeynmt.training - 	Tokenized source:     ['Indi@@', 'ens', 'neu@@', 'er', 'Pre@@', 'mi@@', 'er@@', 'minist@@', 'er', 'N@@', 'ar@@', 'end@@', 'ra', 'Mo@@', 'd@@', 'i', 'tri@@', 'fft', 'bei', 's@@', 'einem', 'ersten', 'wichti@@', 'gen', 'Aus@@', 'land@@', 's@@', 'bes@@', 'u@@', 'ch', 'seit', 's@@', 'einem', 'W@@', 'ah@@', 'l@@', 'si@@', 'e@@', 'g', 'im', 'Ma@@', 'i', 'seinen', 'j@@', 'ap@@', 'an@@', 'ischen', 'Am@@', 'ts@@', 'k@@', 'olle@@', 'gen', 'S@@', 'hin@@', 'z@@', 'o', 'A@@', 'be', 'in', 'T@@', 'ok@@', 'o', ',', 'um', 'wirtschaf@@', 'tliche', 'und', 'sicher@@', 'heits@@', 'politische', 'Be@@', 'zieh@@', 'ungen', 'zu', 'bes@@', 'pre@@', 'chen', '.']
2026-05-09 11:53:35,944 - DEBUG - joeynmt.training - 	Tokenized reference:  ['Indi@@', 'a', '&apos;s', 'new', 'pri@@', 'me', 'minist@@', 'er', ',', 'N@@', 'ar@@', 'end@@', 'ra', 'Mo@@', 'd@@', 'i', ',', 'is', 'me@@', 'eting', 'his', 'J@@', 'ap@@', 'an@@', 'ese', 'coun@@', 'ter@@', 'part', ',', 'S@@', 'hin@@', 'z@@', 'o', 'A@@', 'be', ',', 'in', 'T@@', 'ok@@', 'y@@', 'o', 'to', 'disc@@', 'uss', 'economic', 'and', 'security', 'ties', ',', 'on', 'his', 'first', 'major', 'fore@@', 'ign', 'visi@@', 't', 'since', 'w@@', 'inn@@', 'ing', 'Ma@@', 'y', '&apos;s', 'elec@@', 'tion', '.']
2026-05-09 11:53:35,944 - DEBUG - joeynmt.training - 	Tokenized hypothesis: ['in', 'the', 'first', 'place', ',', 'he', 'was', 'a', 'first', 'de@@', 'termin@@', 'e', 'in', 'his', 'first', 'me@@', 'eting', ',', 'in', 'his', 'first', 'place', ',', 'he', 'has', 'been', 'able', 'to', 're@@', 'mo@@', 've', 'in', 'Ma@@', 'y', 'his', 'J@@', 'ap@@', 'an@@', 'ese', ',', 'in', 'the', 'M@@', 'y@@', 'an@@', 'o', 'A@@', 'be', 'in', 'T@@', 'ok@@', 'o', ',', 'in', 'T@@', 'ok@@', 'o', ',', 'in', 'T@@', 'ok@@', 'o', ',', 'in', 'T@@', 'ok@@', 'o', ',', 'with', 'the', 'first', 'of', 'his', 'J@@', 'ap@@', 'an@@', 'ese', 'and', 'security', 'policy', '.', '</s>']
2026-05-09 11:53:35,944 - INFO - joeynmt.training - 	Source:     Indiens neuer Premierminister Narendra Modi trifft bei seinem ersten wichtigen Auslandsbesuch seit seinem Wahlsieg im Mai seinen japanischen Amtskollegen Shinzo Abe in Toko , um wirtschaftliche und sicherheitspolitische Beziehungen zu besprechen .
2026-05-09 11:53:35,944 - INFO - joeynmt.training - 	Reference:  India &apos;s new prime minister , Narendra Modi , is meeting his Japanese counterpart , Shinzo Abe , in Tokyo to discuss economic and security ties , on his first major foreign visit since winning May &apos;s election .
2026-05-09 11:53:35,944 - INFO - joeynmt.training - 	Hypothesis: in the first place , he was a first determine in his first meeting , in his first place , he has been able to remove in May his Japanese , in the Myano Abe in Toko , in Toko , in Toko , in Toko , with the first of his Japanese and security policy .
2026-05-09 11:53:35,944 - INFO - joeynmt.training - Example #2
2026-05-09 11:53:35,944 - DEBUG - joeynmt.training - 	Tokenized source:     ['Herr', 'Mo@@', 'd@@', 'i', 'befindet', 'sich', 'auf', 'einer', 'fü@@', 'n@@', 'f@@', 'tä@@', 'gi@@', 'gen', 'Rei@@', 'se', 'nach', 'J@@', 'ap@@', 'an', ',', 'um', 'die', 'wirtschaf@@', 'tlichen', 'Be@@', 'zieh@@', 'ungen', 'mit', 'der', 'd@@', 'rit@@', 't@@', 'größ@@', 'ten', 'Wirtschafts@@', 'n@@', 'ation', 'der', 'Welt', 'zu', 'fes@@', 'tigen', '.']
2026-05-09 11:53:35,944 - DEBUG - joeynmt.training - 	Tokenized reference:  ['Mr', 'Mo@@', 'd@@', 'i', 'is', 'on', 'a', 'fi@@', 've', '@@@', '-@@', '@', 'day', 'tri@@', 'p', 'to', 'J@@', 'ap@@', 'an', 'to', 'streng@@', 'then', 'economic', 'ties', 'with', 'the', 'third', 'lar@@', 'ges@@', 't', 'econom@@', 'y', 'in', 'the', 'world', '.']
2026-05-09 11:53:35,944 - DEBUG - joeynmt.training - 	Tokenized hypothesis: ['Mr', 'Mo@@', 'd@@', 'i', 'is', 'located', 'on', 'a', 'fi@@', 'f@@', 'ty', 'number', 'of', 'J@@', 'ap@@', 'an', 'to', 'the', 'economic', 'rel@@', 'ations', 'with', 'the', 'third', 'lar@@', 'ges@@', 't', 'econom@@', 'y', '.', '</s>']
2026-05-09 11:53:35,944 - INFO - joeynmt.training - 	Source:     Herr Modi befindet sich auf einer fünftägigen Reise nach Japan , um die wirtschaftlichen Beziehungen mit der drittgrößten Wirtschaftsnation der Welt zu festigen .
2026-05-09 11:53:35,944 - INFO - joeynmt.training - 	Reference:  Mr Modi is on a five @-@ day trip to Japan to strengthen economic ties with the third largest economy in the world .
2026-05-09 11:53:35,944 - INFO - joeynmt.training - 	Hypothesis: Mr Modi is located on a fifty number of Japan to the economic relations with the third largest economy .
2026-05-09 11:53:35,944 - INFO - joeynmt.training - Example #3
2026-05-09 11:53:35,945 - DEBUG - joeynmt.training - 	Tokenized source:     ['P@@', 'län@@', 'e', 'für', 'eine', 'stärk@@', 'ere', 'k@@', 'ern@@', 'techn@@', 'ische', 'Zusammenarbeit', 'stehen', 'ganz', 'ob@@', 'en', 'auf', 'der', 'Tag@@', 'es@@', 'ordnung', '.']
2026-05-09 11:53:35,945 - DEBUG - joeynmt.training - 	Tokenized reference:  ['high', 'on', 'the', 'agen@@', 'da', 'are', 'pl@@', 'ans', 'for', 'gre@@', 'ater', 'nu@@', 'clear', 'c@@', 'o', '@@@', '-@@', '@', 'operation', '.']
2026-05-09 11:53:35,945 - DEBUG - joeynmt.training - 	Tokenized hypothesis: ['pl@@', 'ans', 'for', 'gre@@', 'ater', 'nu@@', 'clear', 'techn@@', 'ical', 'cooperation', 'are', 'very', 'ob@@', 'tain@@', 'ed', 'on', 'the', 'agen@@', 'da', '.', '</s>']
2026-05-09 11:53:35,945 - INFO - joeynmt.training - 	Source:     Pläne für eine stärkere kerntechnische Zusammenarbeit stehen ganz oben auf der Tagesordnung .
2026-05-09 11:53:35,945 - INFO - joeynmt.training - 	Reference:  high on the agenda are plans for greater nuclear co @-@ operation .
2026-05-09 11:53:35,945 - INFO - joeynmt.training - 	Hypothesis: plans for greater nuclear technical cooperation are very obtained on the agenda .
2026-05-09 11:53:35,945 - INFO - joeynmt.training - Example #4
2026-05-09 11:53:35,945 - DEBUG - joeynmt.training - 	Tokenized source:     ['Berich@@', 'ten', 'zu@@', 'fol@@', 'ge', 'ho@@', 'fft', 'Indi@@', 'en', 'darüber', 'hinaus', 'auf', 'einen', 'Ver@@', 'trag', 'zur', 'Ver@@', 'tei@@', 'dig@@', 'ungs@@', 'zusammen@@', 'arbeit', 'zwischen', 'den', 'beiden', 'N@@', 'ationen', '.']
2026-05-09 11:53:35,945 - DEBUG - joeynmt.training - 	Tokenized reference:  ['Indi@@', 'a', 'is', 'also', 're@@', 'porte@@', 'dly', 'hop@@', 'ing', 'for', 'a', 'de@@', 'al', 'on', 'def@@', 'ence', 'c@@', 'oll@@', 'ab@@', 'or@@', 'ation', 'between', 'the', 'two', 'n@@', 'ations', '.']
2026-05-09 11:53:35,945 - DEBUG - joeynmt.training - 	Tokenized hypothesis: ['in', 'ad@@', 'dition', ',', 'it', 'is', 'also', 'a', 'matter', 'of', 'con@@', 'trac@@', 'ts', 'on', 'the', 'con@@', 'tra@@', 'ct', 'of', 'the', 'two', 'n@@', 'ations', '.', '</s>']
2026-05-09 11:53:35,945 - INFO - joeynmt.training - 	Source:     Berichten zufolge hofft Indien darüber hinaus auf einen Vertrag zur Verteidigungszusammenarbeit zwischen den beiden Nationen .
2026-05-09 11:53:35,946 - INFO - joeynmt.training - 	Reference:  India is also reportedly hoping for a deal on defence collaboration between the two nations .
2026-05-09 11:53:35,946 - INFO - joeynmt.training - 	Hypothesis: in addition , it is also a matter of contracts on the contract of the two nations .
2026-05-09 11:53:56,645 - INFO - joeynmt.training - Epoch   8, Step:    31100, Batch Loss:     1.820304, Batch Acc: 0.515988, Tokens per Sec:     4488, Lr: 0.000300
2026-05-09 11:54:16,138 - INFO - joeynmt.training - Epoch   8, Step:    31200, Batch Loss:     2.023786, Batch Acc: 0.515303, Tokens per Sec:     4688, Lr: 0.000300
2026-05-09 11:54:31,118 - INFO - joeynmt.training - Epoch   8, Step:    31300, Batch Loss:     1.995304, Batch Acc: 0.508261, Tokens per Sec:     5972, Lr: 0.000300
2026-05-09 11:54:46,687 - INFO - joeynmt.training - Epoch   8, Step:    31400, Batch Loss:     1.738273, Batch Acc: 0.517333, Tokens per Sec:     5885, Lr: 0.000300
2026-05-09 11:55:04,555 - INFO - joeynmt.training - Epoch   8, Step:    31500, Batch Loss:     1.897668, Batch Acc: 0.509118, Tokens per Sec:     5165, Lr: 0.000300
2026-05-09 11:55:04,556 - INFO - joeynmt.prediction - Predicting 500 example(s)... (Greedy decoding with min_output_length=1, max_output_length=-1, return_prob='none', generate_unk=True, repetition_penalty=-1, no_repeat_ngram_size=-1)
2026-05-09 11:55:30,411 - INFO - joeynmt.prediction - Evaluation result (greedy) loss:   2.16, ppl:   8.70, acc:   0.45, generation: 25.8512[sec], evaluation: 0.0000[sec]
2026-05-09 11:55:30,493 - INFO - joeynmt.helpers - delete models/deen_transformer_post/28500.ckpt
2026-05-09 11:55:30,494 - INFO - joeynmt.training - Example #0
2026-05-09 11:55:30,494 - DEBUG - joeynmt.training - 	Tokenized source:     ['die', 'Pre@@', 'mi@@', 'er@@', 'minist@@', 'er', 'Indi@@', 'ens', 'und', 'J@@', 'ap@@', 'ans', 'tra@@', 'fen', 'sich', 'in', 'T@@', 'ok@@', 'i@@', 'o', '.']
2026-05-09 11:55:30,494 - DEBUG - joeynmt.training - 	Tokenized reference:  ['Indi@@', 'a', 'and', 'J@@', 'ap@@', 'an', 'pri@@', 'me', 'minist@@', 'ers', 'me@@', 'et', 'in', 'T@@', 'ok@@', 'y@@', 'o']
2026-05-09 11:55:30,494 - DEBUG - joeynmt.training - 	Tokenized hypothesis: ['the', 'pri@@', 'me', 'minist@@', 'er', 'of', 'Indi@@', 'a', 'and', 'J@@', 'ap@@', 'an', 'in', 'T@@', 'ok@@', 'y@@', 'o', '.', '</s>']
2026-05-09 11:55:30,494 - INFO - joeynmt.training - 	Source:     die Premierminister Indiens und Japans trafen sich in Tokio .
2026-05-09 11:55:30,494 - INFO - joeynmt.training - 	Reference:  India and Japan prime ministers meet in Tokyo
2026-05-09 11:55:30,494 - INFO - joeynmt.training - 	Hypothesis: the prime minister of India and Japan in Tokyo .
2026-05-09 11:55:30,494 - INFO - joeynmt.training - Example #1
2026-05-09 11:55:30,494 - DEBUG - joeynmt.training - 	Tokenized source:     ['Indi@@', 'ens', 'neu@@', 'er', 'Pre@@', 'mi@@', 'er@@', 'minist@@', 'er', 'N@@', 'ar@@', 'end@@', 'ra', 'Mo@@', 'd@@', 'i', 'tri@@', 'fft', 'bei', 's@@', 'einem', 'ersten', 'wichti@@', 'gen', 'Aus@@', 'land@@', 's@@', 'bes@@', 'u@@', 'ch', 'seit', 's@@', 'einem', 'W@@', 'ah@@', 'l@@', 'si@@', 'e@@', 'g', 'im', 'Ma@@', 'i', 'seinen', 'j@@', 'ap@@', 'an@@', 'ischen', 'Am@@', 'ts@@', 'k@@', 'olle@@', 'gen', 'S@@', 'hin@@', 'z@@', 'o', 'A@@', 'be', 'in', 'T@@', 'ok@@', 'o', ',', 'um', 'wirtschaf@@', 'tliche', 'und', 'sicher@@', 'heits@@', 'politische', 'Be@@', 'zieh@@', 'ungen', 'zu', 'bes@@', 'pre@@', 'chen', '.']
2026-05-09 11:55:30,494 - DEBUG - joeynmt.training - 	Tokenized reference:  ['Indi@@', 'a', '&apos;s', 'new', 'pri@@', 'me', 'minist@@', 'er', ',', 'N@@', 'ar@@', 'end@@', 'ra', 'Mo@@', 'd@@', 'i', ',', 'is', 'me@@', 'eting', 'his', 'J@@', 'ap@@', 'an@@', 'ese', 'coun@@', 'ter@@', 'part', ',', 'S@@', 'hin@@', 'z@@', 'o', 'A@@', 'be', ',', 'in', 'T@@', 'ok@@', 'y@@', 'o', 'to', 'disc@@', 'uss', 'economic', 'and', 'security', 'ties', ',', 'on', 'his', 'first', 'major', 'fore@@', 'ign', 'visi@@', 't', 'since', 'w@@', 'inn@@', 'ing', 'Ma@@', 'y', '&apos;s', 'elec@@', 'tion', '.']
2026-05-09 11:55:30,494 - DEBUG - joeynmt.training - 	Tokenized hypothesis: ['Indi@@', 'a', '&apos;s', 'first', 'pri@@', 'me', 'minist@@', 'er', 'N@@', 'ar@@', 'end@@', 'ra', 'Mo@@', 'd@@', 'i', ',', 'has', 'been', 'a', 'first', 'important', 'ex@@', 'clu@@', 'sion', 'for', 'his', 'elec@@', 'tion', 'in', 'Ma@@', 'y', ',', 'has', 'been', 'a', 're@@', 'fle@@', 'c@@', 'ted', 'in', 'the', 'first', 'of', 'the', 'M@@', 'at@@', 'ur@@', 'is@@', 'h@@', 'ed', 'S@@', 'hin@@', 'z@@', 'in@@', 'o', 'A@@', 'be', 'in', 'T@@', 'ok@@', 'o', ',', 'to', 'the', 'economic', 'and', 'security', 'policy', 'rel@@', 'ations', '.', '</s>']
2026-05-09 11:55:30,494 - INFO - joeynmt.training - 	Source:     Indiens neuer Premierminister Narendra Modi trifft bei seinem ersten wichtigen Auslandsbesuch seit seinem Wahlsieg im Mai seinen japanischen Amtskollegen Shinzo Abe in Toko , um wirtschaftliche und sicherheitspolitische Beziehungen zu besprechen .
2026-05-09 11:55:30,494 - INFO - joeynmt.training - 	Reference:  India &apos;s new prime minister , Narendra Modi , is meeting his Japanese counterpart , Shinzo Abe , in Tokyo to discuss economic and security ties , on his first major foreign visit since winning May &apos;s election .
2026-05-09 11:55:30,494 - INFO - joeynmt.training - 	Hypothesis: India &apos;s first prime minister Narendra Modi , has been a first important exclusion for his election in May , has been a reflected in the first of the Maturished Shinzino Abe in Toko , to the economic and security policy relations .
2026-05-09 11:55:30,494 - INFO - joeynmt.training - Example #2
2026-05-09 11:55:30,494 - DEBUG - joeynmt.training - 	Tokenized source:     ['Herr', 'Mo@@', 'd@@', 'i', 'befindet', 'sich', 'auf', 'einer', 'fü@@', 'n@@', 'f@@', 'tä@@', 'gi@@', 'gen', 'Rei@@', 'se', 'nach', 'J@@', 'ap@@', 'an', ',', 'um', 'die', 'wirtschaf@@', 'tlichen', 'Be@@', 'zieh@@', 'ungen', 'mit', 'der', 'd@@', 'rit@@', 't@@', 'größ@@', 'ten', 'Wirtschafts@@', 'n@@', 'ation', 'der', 'Welt', 'zu', 'fes@@', 'tigen', '.']
2026-05-09 11:55:30,494 - DEBUG - joeynmt.training - 	Tokenized reference:  ['Mr', 'Mo@@', 'd@@', 'i', 'is', 'on', 'a', 'fi@@', 've', '@@@', '-@@', '@', 'day', 'tri@@', 'p', 'to', 'J@@', 'ap@@', 'an', 'to', 'streng@@', 'then', 'economic', 'ties', 'with', 'the', 'third', 'lar@@', 'ges@@', 't', 'econom@@', 'y', 'in', 'the', 'world', '.']
2026-05-09 11:55:30,494 - DEBUG - joeynmt.training - 	Tokenized hypothesis: ['Mr', 'Mo@@', 'd@@', 'i', 'is', 'on', 'a', 'fi@@', 'f@@', 'ty', 'number', 'of', 'j@@', 'ap@@', 'an', 'to', 'be', 'f@@', 'it@@', 'ted', 'to', 'j@@', 'ap@@', 'an', 'to', 'fo@@', 'c@@', 'us', 'on', 'the', 'global', 'econom@@', 'y', '.', '</s>']
2026-05-09 11:55:30,494 - INFO - joeynmt.training - 	Source:     Herr Modi befindet sich auf einer fünftägigen Reise nach Japan , um die wirtschaftlichen Beziehungen mit der drittgrößten Wirtschaftsnation der Welt zu festigen .
2026-05-09 11:55:30,495 - INFO - joeynmt.training - 	Reference:  Mr Modi is on a five @-@ day trip to Japan to strengthen economic ties with the third largest economy in the world .
2026-05-09 11:55:30,495 - INFO - joeynmt.training - 	Hypothesis: Mr Modi is on a fifty number of japan to be fitted to japan to focus on the global economy .
2026-05-09 11:55:30,495 - INFO - joeynmt.training - Example #3
2026-05-09 11:55:30,495 - DEBUG - joeynmt.training - 	Tokenized source:     ['P@@', 'län@@', 'e', 'für', 'eine', 'stärk@@', 'ere', 'k@@', 'ern@@', 'techn@@', 'ische', 'Zusammenarbeit', 'stehen', 'ganz', 'ob@@', 'en', 'auf', 'der', 'Tag@@', 'es@@', 'ordnung', '.']
2026-05-09 11:55:30,495 - DEBUG - joeynmt.training - 	Tokenized reference:  ['high', 'on', 'the', 'agen@@', 'da', 'are', 'pl@@', 'ans', 'for', 'gre@@', 'ater', 'nu@@', 'clear', 'c@@', 'o', '@@@', '-@@', '@', 'operation', '.']
2026-05-09 11:55:30,495 - DEBUG - joeynmt.training - 	Tokenized hypothesis: ['pl@@', 'ans', 'for', 'a', 'more', 'nu@@', 'clear', 'techn@@', 'ical', 'cooperation', 'is', 'on', 'the', 'agen@@', 'da', '.', '</s>']
2026-05-09 11:55:30,495 - INFO - joeynmt.training - 	Source:     Pläne für eine stärkere kerntechnische Zusammenarbeit stehen ganz oben auf der Tagesordnung .
2026-05-09 11:55:30,495 - INFO - joeynmt.training - 	Reference:  high on the agenda are plans for greater nuclear co @-@ operation .
2026-05-09 11:55:30,495 - INFO - joeynmt.training - 	Hypothesis: plans for a more nuclear technical cooperation is on the agenda .
2026-05-09 11:55:30,495 - INFO - joeynmt.training - Example #4
2026-05-09 11:55:30,495 - DEBUG - joeynmt.training - 	Tokenized source:     ['Berich@@', 'ten', 'zu@@', 'fol@@', 'ge', 'ho@@', 'fft', 'Indi@@', 'en', 'darüber', 'hinaus', 'auf', 'einen', 'Ver@@', 'trag', 'zur', 'Ver@@', 'tei@@', 'dig@@', 'ungs@@', 'zusammen@@', 'arbeit', 'zwischen', 'den', 'beiden', 'N@@', 'ationen', '.']
2026-05-09 11:55:30,495 - DEBUG - joeynmt.training - 	Tokenized reference:  ['Indi@@', 'a', 'is', 'also', 're@@', 'porte@@', 'dly', 'hop@@', 'ing', 'for', 'a', 'de@@', 'al', 'on', 'def@@', 'ence', 'c@@', 'oll@@', 'ab@@', 'or@@', 'ation', 'between', 'the', 'two', 'n@@', 'ations', '.']
2026-05-09 11:55:30,495 - DEBUG - joeynmt.training - 	Tokenized hypothesis: ['it', 'is', 'also', 'a', 'high', 'level', 'of', 'con@@', 'tra@@', 'ct', ',', 'in', 'a', 'con@@', 'tra@@', 'ct', 'of', 'con@@', 'tra@@', 'ct', 'cooperation', 'between', 'the', 'two', 'n@@', 'ations', '.', '</s>']
2026-05-09 11:55:30,495 - INFO - joeynmt.training - 	Source:     Berichten zufolge hofft Indien darüber hinaus auf einen Vertrag zur Verteidigungszusammenarbeit zwischen den beiden Nationen .
2026-05-09 11:55:30,495 - INFO - joeynmt.training - 	Reference:  India is also reportedly hoping for a deal on defence collaboration between the two nations .
2026-05-09 11:55:30,495 - INFO - joeynmt.training - 	Hypothesis: it is also a high level of contract , in a contract of contract cooperation between the two nations .
2026-05-09 11:55:46,157 - INFO - joeynmt.training - Epoch   8, Step:    31600, Batch Loss:     1.890842, Batch Acc: 0.511993, Tokens per Sec:     5895, Lr: 0.000300
2026-05-09 11:56:00,880 - INFO - joeynmt.training - Epoch   8, Step:    31700, Batch Loss:     1.893283, Batch Acc: 0.514940, Tokens per Sec:     6149, Lr: 0.000300
2026-05-09 11:56:19,102 - INFO - joeynmt.training - Epoch   8, Step:    31800, Batch Loss:     1.736494, Batch Acc: 0.510093, Tokens per Sec:     5103, Lr: 0.000300
2026-05-09 11:56:34,981 - INFO - joeynmt.training - Epoch   8, Step:    31900, Batch Loss:     1.779186, Batch Acc: 0.516292, Tokens per Sec:     5856, Lr: 0.000300
2026-05-09 11:56:50,814 - INFO - joeynmt.training - Epoch   8, Step:    32000, Batch Loss:     1.905189, Batch Acc: 0.513242, Tokens per Sec:     5791, Lr: 0.000300
2026-05-09 11:56:50,815 - INFO - joeynmt.prediction - Predicting 500 example(s)... (Greedy decoding with min_output_length=1, max_output_length=-1, return_prob='none', generate_unk=True, repetition_penalty=-1, no_repeat_ngram_size=-1)
2026-05-09 11:57:11,691 - INFO - joeynmt.prediction - Evaluation result (greedy) loss:   2.15, ppl:   8.56, acc:   0.45, generation: 20.8730[sec], evaluation: 0.0000[sec]
2026-05-09 11:57:11,693 - INFO - joeynmt.training - Hooray! New best validation result [ppl]!
2026-05-09 11:57:11,770 - INFO - joeynmt.helpers - delete models/deen_transformer_post/29000.ckpt
2026-05-09 11:57:11,771 - INFO - joeynmt.training - Example #0
2026-05-09 11:57:11,771 - DEBUG - joeynmt.training - 	Tokenized source:     ['die', 'Pre@@', 'mi@@', 'er@@', 'minist@@', 'er', 'Indi@@', 'ens', 'und', 'J@@', 'ap@@', 'ans', 'tra@@', 'fen', 'sich', 'in', 'T@@', 'ok@@', 'i@@', 'o', '.']
2026-05-09 11:57:11,771 - DEBUG - joeynmt.training - 	Tokenized reference:  ['Indi@@', 'a', 'and', 'J@@', 'ap@@', 'an', 'pri@@', 'me', 'minist@@', 'ers', 'me@@', 'et', 'in', 'T@@', 'ok@@', 'y@@', 'o']
2026-05-09 11:57:11,771 - DEBUG - joeynmt.training - 	Tokenized hypothesis: ['the', 'Pri@@', 'me', 'Minist@@', 'er', 'of', 'Indi@@', 'a', 'and', 'J@@', 'ap@@', 'an', '.', '</s>']
2026-05-09 11:57:11,771 - INFO - joeynmt.training - 	Source:     die Premierminister Indiens und Japans trafen sich in Tokio .
2026-05-09 11:57:11,771 - INFO - joeynmt.training - 	Reference:  India and Japan prime ministers meet in Tokyo
2026-05-09 11:57:11,771 - INFO - joeynmt.training - 	Hypothesis: the Prime Minister of India and Japan .
2026-05-09 11:57:11,771 - INFO - joeynmt.training - Example #1
2026-05-09 11:57:11,771 - DEBUG - joeynmt.training - 	Tokenized source:     ['Indi@@', 'ens', 'neu@@', 'er', 'Pre@@', 'mi@@', 'er@@', 'minist@@', 'er', 'N@@', 'ar@@', 'end@@', 'ra', 'Mo@@', 'd@@', 'i', 'tri@@', 'fft', 'bei', 's@@', 'einem', 'ersten', 'wichti@@', 'gen', 'Aus@@', 'land@@', 's@@', 'bes@@', 'u@@', 'ch', 'seit', 's@@', 'einem', 'W@@', 'ah@@', 'l@@', 'si@@', 'e@@', 'g', 'im', 'Ma@@', 'i', 'seinen', 'j@@', 'ap@@', 'an@@', 'ischen', 'Am@@', 'ts@@', 'k@@', 'olle@@', 'gen', 'S@@', 'hin@@', 'z@@', 'o', 'A@@', 'be', 'in', 'T@@', 'ok@@', 'o', ',', 'um', 'wirtschaf@@', 'tliche', 'und', 'sicher@@', 'heits@@', 'politische', 'Be@@', 'zieh@@', 'ungen', 'zu', 'bes@@', 'pre@@', 'chen', '.']
2026-05-09 11:57:11,771 - DEBUG - joeynmt.training - 	Tokenized reference:  ['Indi@@', 'a', '&apos;s', 'new', 'pri@@', 'me', 'minist@@', 'er', ',', 'N@@', 'ar@@', 'end@@', 'ra', 'Mo@@', 'd@@', 'i', ',', 'is', 'me@@', 'eting', 'his', 'J@@', 'ap@@', 'an@@', 'ese', 'coun@@', 'ter@@', 'part', ',', 'S@@', 'hin@@', 'z@@', 'o', 'A@@', 'be', ',', 'in', 'T@@', 'ok@@', 'y@@', 'o', 'to', 'disc@@', 'uss', 'economic', 'and', 'security', 'ties', ',', 'on', 'his', 'first', 'major', 'fore@@', 'ign', 'visi@@', 't', 'since', 'w@@', 'inn@@', 'ing', 'Ma@@', 'y', '&apos;s', 'elec@@', 'tion', '.']
2026-05-09 11:57:11,771 - DEBUG - joeynmt.training - 	Tokenized hypothesis: ['Indi@@', 'a', '&apos;s', 'N@@', 'ar@@', 'end@@', 'ra', 'Mo@@', 'd@@', 'i', ',', 'is', 'a', 'de@@', 'gre@@', 'e', 'of', 'his', 'first', 'important', 'ex@@', 'am@@', 'in@@', 'ed', 'in', 'his', 'first', 'place', ',', 'since', 'his', 'first', 'of', 'his', 'J@@', 'ap@@', 'an@@', 'ese', 'Am@@', 'ts@@', 'k@@', 'o', 'A@@', 'be', 'in', 'T@@', 'ok@@', 'o', ',', 'to', 'S@@', 'hin@@', 'z@@', 'o', 'A@@', 'be', 'in', 'T@@', 'ok@@', 'o', ',', 'to', 'the', 'economic', 'and', 'security', 'policy', 'rel@@', 'ations', '.', '</s>']
2026-05-09 11:57:11,771 - INFO - joeynmt.training - 	Source:     Indiens neuer Premierminister Narendra Modi trifft bei seinem ersten wichtigen Auslandsbesuch seit seinem Wahlsieg im Mai seinen japanischen Amtskollegen Shinzo Abe in Toko , um wirtschaftliche und sicherheitspolitische Beziehungen zu besprechen .
2026-05-09 11:57:11,771 - INFO - joeynmt.training - 	Reference:  India &apos;s new prime minister , Narendra Modi , is meeting his Japanese counterpart , Shinzo Abe , in Tokyo to discuss economic and security ties , on his first major foreign visit since winning May &apos;s election .
2026-05-09 11:57:11,771 - INFO - joeynmt.training - 	Hypothesis: India &apos;s Narendra Modi , is a degree of his first important examined in his first place , since his first of his Japanese Amtsko Abe in Toko , to Shinzo Abe in Toko , to the economic and security policy relations .
2026-05-09 11:57:11,771 - INFO - joeynmt.training - Example #2
2026-05-09 11:57:11,771 - DEBUG - joeynmt.training - 	Tokenized source:     ['Herr', 'Mo@@', 'd@@', 'i', 'befindet', 'sich', 'auf', 'einer', 'fü@@', 'n@@', 'f@@', 'tä@@', 'gi@@', 'gen', 'Rei@@', 'se', 'nach', 'J@@', 'ap@@', 'an', ',', 'um', 'die', 'wirtschaf@@', 'tlichen', 'Be@@', 'zieh@@', 'ungen', 'mit', 'der', 'd@@', 'rit@@', 't@@', 'größ@@', 'ten', 'Wirtschafts@@', 'n@@', 'ation', 'der', 'Welt', 'zu', 'fes@@', 'tigen', '.']
2026-05-09 11:57:11,772 - DEBUG - joeynmt.training - 	Tokenized reference:  ['Mr', 'Mo@@', 'd@@', 'i', 'is', 'on', 'a', 'fi@@', 've', '@@@', '-@@', '@', 'day', 'tri@@', 'p', 'to', 'J@@', 'ap@@', 'an', 'to', 'streng@@', 'then', 'economic', 'ties', 'with', 'the', 'third', 'lar@@', 'ges@@', 't', 'econom@@', 'y', 'in', 'the', 'world', '.']
2026-05-09 11:57:11,772 - DEBUG - joeynmt.training - 	Tokenized hypothesis: ['Mr', 'Mo@@', 'd@@', 'i', 'is', 'a', 'fi@@', 'f@@', 'ty', 'to', 'J@@', 'ap@@', 'an', 'to', 'J@@', 'ap@@', 'an', 'to', 're@@', 'ali@@', 'se', 'the', 'economic', 'rel@@', 'ations', 'with', 'third', 'lar@@', 'ges@@', 't', 'economic', 'rel@@', 'ations', '.', '</s>']
2026-05-09 11:57:11,772 - INFO - joeynmt.training - 	Source:     Herr Modi befindet sich auf einer fünftägigen Reise nach Japan , um die wirtschaftlichen Beziehungen mit der drittgrößten Wirtschaftsnation der Welt zu festigen .
2026-05-09 11:57:11,772 - INFO - joeynmt.training - 	Reference:  Mr Modi is on a five @-@ day trip to Japan to strengthen economic ties with the third largest economy in the world .
2026-05-09 11:57:11,772 - INFO - joeynmt.training - 	Hypothesis: Mr Modi is a fifty to Japan to Japan to realise the economic relations with third largest economic relations .
2026-05-09 11:57:11,772 - INFO - joeynmt.training - Example #3
2026-05-09 11:57:11,772 - DEBUG - joeynmt.training - 	Tokenized source:     ['P@@', 'län@@', 'e', 'für', 'eine', 'stärk@@', 'ere', 'k@@', 'ern@@', 'techn@@', 'ische', 'Zusammenarbeit', 'stehen', 'ganz', 'ob@@', 'en', 'auf', 'der', 'Tag@@', 'es@@', 'ordnung', '.']
2026-05-09 11:57:11,772 - DEBUG - joeynmt.training - 	Tokenized reference:  ['high', 'on', 'the', 'agen@@', 'da', 'are', 'pl@@', 'ans', 'for', 'gre@@', 'ater', 'nu@@', 'clear', 'c@@', 'o', '@@@', '-@@', '@', 'operation', '.']
2026-05-09 11:57:11,772 - DEBUG - joeynmt.training - 	Tokenized hypothesis: ['pl@@', 'ans', 'for', 'gre@@', 'ater', 'nu@@', 'clear', 'techn@@', 'ical', 'cooperation', 'is', 'on', 'the', 'agen@@', 'da', '.', '</s>']
2026-05-09 11:57:11,772 - INFO - joeynmt.training - 	Source:     Pläne für eine stärkere kerntechnische Zusammenarbeit stehen ganz oben auf der Tagesordnung .
2026-05-09 11:57:11,772 - INFO - joeynmt.training - 	Reference:  high on the agenda are plans for greater nuclear co @-@ operation .
2026-05-09 11:57:11,772 - INFO - joeynmt.training - 	Hypothesis: plans for greater nuclear technical cooperation is on the agenda .
2026-05-09 11:57:11,772 - INFO - joeynmt.training - Example #4
2026-05-09 11:57:11,772 - DEBUG - joeynmt.training - 	Tokenized source:     ['Berich@@', 'ten', 'zu@@', 'fol@@', 'ge', 'ho@@', 'fft', 'Indi@@', 'en', 'darüber', 'hinaus', 'auf', 'einen', 'Ver@@', 'trag', 'zur', 'Ver@@', 'tei@@', 'dig@@', 'ungs@@', 'zusammen@@', 'arbeit', 'zwischen', 'den', 'beiden', 'N@@', 'ationen', '.']
2026-05-09 11:57:11,772 - DEBUG - joeynmt.training - 	Tokenized reference:  ['Indi@@', 'a', 'is', 'also', 're@@', 'porte@@', 'dly', 'hop@@', 'ing', 'for', 'a', 'de@@', 'al', 'on', 'def@@', 'ence', 'c@@', 'oll@@', 'ab@@', 'or@@', 'ation', 'between', 'the', 'two', 'n@@', 'ations', '.']
2026-05-09 11:57:11,772 - DEBUG - joeynmt.training - 	Tokenized hypothesis: ['re@@', 'ports', 'from', 'the', 'two', 'n@@', 'ations', 'of', 'the', 're@@', 'ports', 'on', 'the', 'con@@', 'tra@@', 'st', 'between', 'the', 'two', 'n@@', 'ations', '.', '</s>']
2026-05-09 11:57:11,772 - INFO - joeynmt.training - 	Source:     Berichten zufolge hofft Indien darüber hinaus auf einen Vertrag zur Verteidigungszusammenarbeit zwischen den beiden Nationen .
2026-05-09 11:57:11,772 - INFO - joeynmt.training - 	Reference:  India is also reportedly hoping for a deal on defence collaboration between the two nations .
2026-05-09 11:57:11,772 - INFO - joeynmt.training - 	Hypothesis: reports from the two nations of the reports on the contrast between the two nations .
2026-05-09 11:57:27,563 - INFO - joeynmt.training - Epoch   8, Step:    32100, Batch Loss:     1.706061, Batch Acc: 0.522797, Tokens per Sec:     5766, Lr: 0.000300
2026-05-09 11:57:42,985 - INFO - joeynmt.training - Epoch   8, Step:    32200, Batch Loss:     1.889325, Batch Acc: 0.514776, Tokens per Sec:     5955, Lr: 0.000300
2026-05-09 11:57:59,504 - INFO - joeynmt.training - Epoch   8, Step:    32300, Batch Loss:     1.569888, Batch Acc: 0.514997, Tokens per Sec:     5569, Lr: 0.000300
2026-05-09 11:58:15,775 - INFO - joeynmt.training - Epoch   8, Step:    32400, Batch Loss:     1.652278, Batch Acc: 0.520174, Tokens per Sec:     5525, Lr: 0.000300
2026-05-09 11:58:31,811 - INFO - joeynmt.training - Epoch   8, Step:    32500, Batch Loss:     1.733112, Batch Acc: 0.522488, Tokens per Sec:     5603, Lr: 0.000300
2026-05-09 11:58:31,812 - INFO - joeynmt.prediction - Predicting 500 example(s)... (Greedy decoding with min_output_length=1, max_output_length=-1, return_prob='none', generate_unk=True, repetition_penalty=-1, no_repeat_ngram_size=-1)
2026-05-09 11:58:55,969 - INFO - joeynmt.prediction - Evaluation result (greedy) loss:   2.15, ppl:   8.55, acc:   0.45, generation: 24.1528[sec], evaluation: 0.0000[sec]
2026-05-09 11:58:55,971 - INFO - joeynmt.training - Hooray! New best validation result [ppl]!
2026-05-09 11:58:56,047 - INFO - joeynmt.helpers - delete models/deen_transformer_post/30000.ckpt
2026-05-09 11:58:56,049 - INFO - joeynmt.training - Example #0
2026-05-09 11:58:56,049 - DEBUG - joeynmt.training - 	Tokenized source:     ['die', 'Pre@@', 'mi@@', 'er@@', 'minist@@', 'er', 'Indi@@', 'ens', 'und', 'J@@', 'ap@@', 'ans', 'tra@@', 'fen', 'sich', 'in', 'T@@', 'ok@@', 'i@@', 'o', '.']
2026-05-09 11:58:56,049 - DEBUG - joeynmt.training - 	Tokenized reference:  ['Indi@@', 'a', 'and', 'J@@', 'ap@@', 'an', 'pri@@', 'me', 'minist@@', 'ers', 'me@@', 'et', 'in', 'T@@', 'ok@@', 'y@@', 'o']
2026-05-09 11:58:56,049 - DEBUG - joeynmt.training - 	Tokenized hypothesis: ['the', 'Pri@@', 'me', 'Minist@@', 'er', 'of', 'Indi@@', 'a', 'and', 'J@@', 'ap@@', 'ans', 'are', 'in', 'T@@', 'ok@@', 'y@@', 'o', '.', '</s>']
2026-05-09 11:58:56,049 - INFO - joeynmt.training - 	Source:     die Premierminister Indiens und Japans trafen sich in Tokio .
2026-05-09 11:58:56,049 - INFO - joeynmt.training - 	Reference:  India and Japan prime ministers meet in Tokyo
2026-05-09 11:58:56,049 - INFO - joeynmt.training - 	Hypothesis: the Prime Minister of India and Japans are in Tokyo .
2026-05-09 11:58:56,049 - INFO - joeynmt.training - Example #1
2026-05-09 11:58:56,049 - DEBUG - joeynmt.training - 	Tokenized source:     ['Indi@@', 'ens', 'neu@@', 'er', 'Pre@@', 'mi@@', 'er@@', 'minist@@', 'er', 'N@@', 'ar@@', 'end@@', 'ra', 'Mo@@', 'd@@', 'i', 'tri@@', 'fft', 'bei', 's@@', 'einem', 'ersten', 'wichti@@', 'gen', 'Aus@@', 'land@@', 's@@', 'bes@@', 'u@@', 'ch', 'seit', 's@@', 'einem', 'W@@', 'ah@@', 'l@@', 'si@@', 'e@@', 'g', 'im', 'Ma@@', 'i', 'seinen', 'j@@', 'ap@@', 'an@@', 'ischen', 'Am@@', 'ts@@', 'k@@', 'olle@@', 'gen', 'S@@', 'hin@@', 'z@@', 'o', 'A@@', 'be', 'in', 'T@@', 'ok@@', 'o', ',', 'um', 'wirtschaf@@', 'tliche', 'und', 'sicher@@', 'heits@@', 'politische', 'Be@@', 'zieh@@', 'ungen', 'zu', 'bes@@', 'pre@@', 'chen', '.']
2026-05-09 11:58:56,049 - DEBUG - joeynmt.training - 	Tokenized reference:  ['Indi@@', 'a', '&apos;s', 'new', 'pri@@', 'me', 'minist@@', 'er', ',', 'N@@', 'ar@@', 'end@@', 'ra', 'Mo@@', 'd@@', 'i', ',', 'is', 'me@@', 'eting', 'his', 'J@@', 'ap@@', 'an@@', 'ese', 'coun@@', 'ter@@', 'part', ',', 'S@@', 'hin@@', 'z@@', 'o', 'A@@', 'be', ',', 'in', 'T@@', 'ok@@', 'y@@', 'o', 'to', 'disc@@', 'uss', 'economic', 'and', 'security', 'ties', ',', 'on', 'his', 'first', 'major', 'fore@@', 'ign', 'visi@@', 't', 'since', 'w@@', 'inn@@', 'ing', 'Ma@@', 'y', '&apos;s', 'elec@@', 'tion', '.']
2026-05-09 11:58:56,049 - DEBUG - joeynmt.training - 	Tokenized hypothesis: ['Indi@@', 'a', 'new', 'Pri@@', 'me', 'Minist@@', 'er', 'N@@', 'ar@@', 'end@@', 'ra', 'Mo@@', 'd@@', 'i', 'is', 'a', 'first', 'important', 'ex@@', 'clu@@', 'sive', 'de@@', 'stru@@', 'ction', 'of', 'his', 'first', 'major', 'ex@@', 'clu@@', 'sion', 'in', 'Ma@@', 'y', 'in', 'Ma@@', 'y', ',', 'S@@', 'hin@@', 'z@@', 'o', 'A@@', 'be', 'in', 'T@@', 'ok@@', 'o', ',', 'A@@', 'be', 'in', 'T@@', 'ok@@', 'o', ',', 'for', 'economic', 'and', 'security', 'policy', '.', '</s>']
2026-05-09 11:58:56,049 - INFO - joeynmt.training - 	Source:     Indiens neuer Premierminister Narendra Modi trifft bei seinem ersten wichtigen Auslandsbesuch seit seinem Wahlsieg im Mai seinen japanischen Amtskollegen Shinzo Abe in Toko , um wirtschaftliche und sicherheitspolitische Beziehungen zu besprechen .
2026-05-09 11:58:56,049 - INFO - joeynmt.training - 	Reference:  India &apos;s new prime minister , Narendra Modi , is meeting his Japanese counterpart , Shinzo Abe , in Tokyo to discuss economic and security ties , on his first major foreign visit since winning May &apos;s election .
2026-05-09 11:58:56,049 - INFO - joeynmt.training - 	Hypothesis: India new Prime Minister Narendra Modi is a first important exclusive destruction of his first major exclusion in May in May , Shinzo Abe in Toko , Abe in Toko , for economic and security policy .
2026-05-09 11:58:56,049 - INFO - joeynmt.training - Example #2
2026-05-09 11:58:56,049 - DEBUG - joeynmt.training - 	Tokenized source:     ['Herr', 'Mo@@', 'd@@', 'i', 'befindet', 'sich', 'auf', 'einer', 'fü@@', 'n@@', 'f@@', 'tä@@', 'gi@@', 'gen', 'Rei@@', 'se', 'nach', 'J@@', 'ap@@', 'an', ',', 'um', 'die', 'wirtschaf@@', 'tlichen', 'Be@@', 'zieh@@', 'ungen', 'mit', 'der', 'd@@', 'rit@@', 't@@', 'größ@@', 'ten', 'Wirtschafts@@', 'n@@', 'ation', 'der', 'Welt', 'zu', 'fes@@', 'tigen', '.']
2026-05-09 11:58:56,049 - DEBUG - joeynmt.training - 	Tokenized reference:  ['Mr', 'Mo@@', 'd@@', 'i', 'is', 'on', 'a', 'fi@@', 've', '@@@', '-@@', '@', 'day', 'tri@@', 'p', 'to', 'J@@', 'ap@@', 'an', 'to', 'streng@@', 'then', 'economic', 'ties', 'with', 'the', 'third', 'lar@@', 'ges@@', 't', 'econom@@', 'y', 'in', 'the', 'world', '.']
2026-05-09 11:58:56,049 - DEBUG - joeynmt.training - 	Tokenized hypothesis: ['Mr', 'Mo@@', 'd@@', 'i', 'is', 'is', 'a', 'fi@@', 'f@@', 'ty', 'number', 'of', 'j@@', 'ap@@', 'an', 'to', 'the', 'economic', 'rel@@', 'ations', 'with', 'the', 'third', 'lar@@', 'ges@@', 't', 'economic', 'rel@@', 'ations', 'with', 'the', 'third', 'lar@@', 'ges@@', 't', 'economic', 'rel@@', 'ations', '.', '</s>']
2026-05-09 11:58:56,049 - INFO - joeynmt.training - 	Source:     Herr Modi befindet sich auf einer fünftägigen Reise nach Japan , um die wirtschaftlichen Beziehungen mit der drittgrößten Wirtschaftsnation der Welt zu festigen .
2026-05-09 11:58:56,049 - INFO - joeynmt.training - 	Reference:  Mr Modi is on a five @-@ day trip to Japan to strengthen economic ties with the third largest economy in the world .
2026-05-09 11:58:56,049 - INFO - joeynmt.training - 	Hypothesis: Mr Modi is is a fifty number of japan to the economic relations with the third largest economic relations with the third largest economic relations .
2026-05-09 11:58:56,049 - INFO - joeynmt.training - Example #3
2026-05-09 11:58:56,049 - DEBUG - joeynmt.training - 	Tokenized source:     ['P@@', 'län@@', 'e', 'für', 'eine', 'stärk@@', 'ere', 'k@@', 'ern@@', 'techn@@', 'ische', 'Zusammenarbeit', 'stehen', 'ganz', 'ob@@', 'en', 'auf', 'der', 'Tag@@', 'es@@', 'ordnung', '.']
2026-05-09 11:58:56,049 - DEBUG - joeynmt.training - 	Tokenized reference:  ['high', 'on', 'the', 'agen@@', 'da', 'are', 'pl@@', 'ans', 'for', 'gre@@', 'ater', 'nu@@', 'clear', 'c@@', 'o', '@@@', '-@@', '@', 'operation', '.']
2026-05-09 11:58:56,050 - DEBUG - joeynmt.training - 	Tokenized hypothesis: ['pl@@', 'ans', 'for', 'gre@@', 'ater', 'c@@', 'oll@@', 'ab@@', 'or@@', 'ation', 'on', 'the', 'agen@@', 'da', '.', '</s>']
2026-05-09 11:58:56,050 - INFO - joeynmt.training - 	Source:     Pläne für eine stärkere kerntechnische Zusammenarbeit stehen ganz oben auf der Tagesordnung .
2026-05-09 11:58:56,050 - INFO - joeynmt.training - 	Reference:  high on the agenda are plans for greater nuclear co @-@ operation .
2026-05-09 11:58:56,050 - INFO - joeynmt.training - 	Hypothesis: plans for greater collaboration on the agenda .
2026-05-09 11:58:56,050 - INFO - joeynmt.training - Example #4
2026-05-09 11:58:56,050 - DEBUG - joeynmt.training - 	Tokenized source:     ['Berich@@', 'ten', 'zu@@', 'fol@@', 'ge', 'ho@@', 'fft', 'Indi@@', 'en', 'darüber', 'hinaus', 'auf', 'einen', 'Ver@@', 'trag', 'zur', 'Ver@@', 'tei@@', 'dig@@', 'ungs@@', 'zusammen@@', 'arbeit', 'zwischen', 'den', 'beiden', 'N@@', 'ationen', '.']
2026-05-09 11:58:56,050 - DEBUG - joeynmt.training - 	Tokenized reference:  ['Indi@@', 'a', 'is', 'also', 're@@', 'porte@@', 'dly', 'hop@@', 'ing', 'for', 'a', 'de@@', 'al', 'on', 'def@@', 'ence', 'c@@', 'oll@@', 'ab@@', 'or@@', 'ation', 'between', 'the', 'two', 'n@@', 'ations', '.']
2026-05-09 11:58:56,050 - DEBUG - joeynmt.training - 	Tokenized hypothesis: ['the', 're@@', 'ports', 'of', 'the', 're@@', 'ports', 'of', 'the', 'con@@', 'tra@@', 'ct', ',', 'in', 'the', 'con@@', 'tra@@', 'ct', 'cooperation', 'between', 'the', 'two', 'n@@', 'ations', '.', '</s>']
2026-05-09 11:58:56,050 - INFO - joeynmt.training - 	Source:     Berichten zufolge hofft Indien darüber hinaus auf einen Vertrag zur Verteidigungszusammenarbeit zwischen den beiden Nationen .
2026-05-09 11:58:56,050 - INFO - joeynmt.training - 	Reference:  India is also reportedly hoping for a deal on defence collaboration between the two nations .
2026-05-09 11:58:56,050 - INFO - joeynmt.training - 	Hypothesis: the reports of the reports of the contract , in the contract cooperation between the two nations .
2026-05-09 11:59:00,050 - INFO - joeynmt.training - Epoch   8: total training loss 7204.67
2026-05-09 11:59:00,050 - INFO - joeynmt.training - EPOCH 9
2026-05-09 11:59:11,653 - INFO - joeynmt.training - Epoch   9, Step:    32600, Batch Loss:     1.816573, Batch Acc: 0.531200, Tokens per Sec:     5783, Lr: 0.000300
2026-05-09 11:59:27,254 - INFO - joeynmt.training - Epoch   9, Step:    32700, Batch Loss:     1.809999, Batch Acc: 0.530935, Tokens per Sec:     5932, Lr: 0.000300
2026-05-09 11:59:43,441 - INFO - joeynmt.training - Epoch   9, Step:    32800, Batch Loss:     1.722718, Batch Acc: 0.524081, Tokens per Sec:     5716, Lr: 0.000300
2026-05-09 11:59:59,185 - INFO - joeynmt.training - Epoch   9, Step:    32900, Batch Loss:     1.695811, Batch Acc: 0.528581, Tokens per Sec:     5856, Lr: 0.000300
2026-05-09 12:00:14,830 - INFO - joeynmt.training - Epoch   9, Step:    33000, Batch Loss:     1.638538, Batch Acc: 0.530720, Tokens per Sec:     5903, Lr: 0.000300
2026-05-09 12:00:14,831 - INFO - joeynmt.prediction - Predicting 500 example(s)... (Greedy decoding with min_output_length=1, max_output_length=-1, return_prob='none', generate_unk=True, repetition_penalty=-1, no_repeat_ngram_size=-1)
2026-05-09 12:00:40,412 - INFO - joeynmt.prediction - Evaluation result (greedy) loss:   2.15, ppl:   8.61, acc:   0.45, generation: 25.5774[sec], evaluation: 0.0000[sec]
2026-05-09 12:00:40,486 - INFO - joeynmt.helpers - delete models/deen_transformer_post/30500.ckpt
2026-05-09 12:00:40,488 - INFO - joeynmt.training - Example #0
2026-05-09 12:00:40,488 - DEBUG - joeynmt.training - 	Tokenized source:     ['die', 'Pre@@', 'mi@@', 'er@@', 'minist@@', 'er', 'Indi@@', 'ens', 'und', 'J@@', 'ap@@', 'ans', 'tra@@', 'fen', 'sich', 'in', 'T@@', 'ok@@', 'i@@', 'o', '.']
2026-05-09 12:00:40,488 - DEBUG - joeynmt.training - 	Tokenized reference:  ['Indi@@', 'a', 'and', 'J@@', 'ap@@', 'an', 'pri@@', 'me', 'minist@@', 'ers', 'me@@', 'et', 'in', 'T@@', 'ok@@', 'y@@', 'o']
2026-05-09 12:00:40,488 - DEBUG - joeynmt.training - 	Tokenized hypothesis: ['the', 'Pri@@', 'me', 'Minist@@', 'er', 'of', 'Indi@@', 'a', 'and', 'J@@', 'ap@@', 'an', '&apos;s', 'Pri@@', 'me', 'Minist@@', 'er', 'of', 'T@@', 'ok@@', 'y@@', 'o', '.', '</s>']
2026-05-09 12:00:40,488 - INFO - joeynmt.training - 	Source:     die Premierminister Indiens und Japans trafen sich in Tokio .
2026-05-09 12:00:40,488 - INFO - joeynmt.training - 	Reference:  India and Japan prime ministers meet in Tokyo
2026-05-09 12:00:40,488 - INFO - joeynmt.training - 	Hypothesis: the Prime Minister of India and Japan &apos;s Prime Minister of Tokyo .
2026-05-09 12:00:40,488 - INFO - joeynmt.training - Example #1
2026-05-09 12:00:40,488 - DEBUG - joeynmt.training - 	Tokenized source:     ['Indi@@', 'ens', 'neu@@', 'er', 'Pre@@', 'mi@@', 'er@@', 'minist@@', 'er', 'N@@', 'ar@@', 'end@@', 'ra', 'Mo@@', 'd@@', 'i', 'tri@@', 'fft', 'bei', 's@@', 'einem', 'ersten', 'wichti@@', 'gen', 'Aus@@', 'land@@', 's@@', 'bes@@', 'u@@', 'ch', 'seit', 's@@', 'einem', 'W@@', 'ah@@', 'l@@', 'si@@', 'e@@', 'g', 'im', 'Ma@@', 'i', 'seinen', 'j@@', 'ap@@', 'an@@', 'ischen', 'Am@@', 'ts@@', 'k@@', 'olle@@', 'gen', 'S@@', 'hin@@', 'z@@', 'o', 'A@@', 'be', 'in', 'T@@', 'ok@@', 'o', ',', 'um', 'wirtschaf@@', 'tliche', 'und', 'sicher@@', 'heits@@', 'politische', 'Be@@', 'zieh@@', 'ungen', 'zu', 'bes@@', 'pre@@', 'chen', '.']
2026-05-09 12:00:40,488 - DEBUG - joeynmt.training - 	Tokenized reference:  ['Indi@@', 'a', '&apos;s', 'new', 'pri@@', 'me', 'minist@@', 'er', ',', 'N@@', 'ar@@', 'end@@', 'ra', 'Mo@@', 'd@@', 'i', ',', 'is', 'me@@', 'eting', 'his', 'J@@', 'ap@@', 'an@@', 'ese', 'coun@@', 'ter@@', 'part', ',', 'S@@', 'hin@@', 'z@@', 'o', 'A@@', 'be', ',', 'in', 'T@@', 'ok@@', 'y@@', 'o', 'to', 'disc@@', 'uss', 'economic', 'and', 'security', 'ties', ',', 'on', 'his', 'first', 'major', 'fore@@', 'ign', 'visi@@', 't', 'since', 'w@@', 'inn@@', 'ing', 'Ma@@', 'y', '&apos;s', 'elec@@', 'tion', '.']
2026-05-09 12:00:40,488 - DEBUG - joeynmt.training - 	Tokenized hypothesis: ['Indi@@', 'a', 'new', 'Pri@@', 'me', 'Minist@@', 'er', 'N@@', 'ar@@', 'end@@', 'ra', 'Mo@@', 'd@@', 'd@@', 'd@@', 'tri@@', 'b@@', 'utes', 'from', 'his', 'first', 'important', 'ex@@', 'clu@@', 'ding', 'his', 'J@@', 'ap@@', 'an@@', 'ese', 'Pre@@', 'mi@@', 'er@@', 'ed', 'his', 'J@@', 'ap@@', 'an@@', 'ese', 'Pre@@', 'mi@@', 'er@@', 'ed', 'S@@', 'hin@@', 'z@@', 'o', 'A@@', 'be', 'in', 'T@@', 'ok@@', 'o', 'to', 'to', 'be', 'in', 'T@@', 'ok@@', 'o', 'to', 'the', 'economic', 'and', 'security', 'political', 'rel@@', 'ations', '.', '</s>']
2026-05-09 12:00:40,489 - INFO - joeynmt.training - 	Source:     Indiens neuer Premierminister Narendra Modi trifft bei seinem ersten wichtigen Auslandsbesuch seit seinem Wahlsieg im Mai seinen japanischen Amtskollegen Shinzo Abe in Toko , um wirtschaftliche und sicherheitspolitische Beziehungen zu besprechen .
2026-05-09 12:00:40,489 - INFO - joeynmt.training - 	Reference:  India &apos;s new prime minister , Narendra Modi , is meeting his Japanese counterpart , Shinzo Abe , in Tokyo to discuss economic and security ties , on his first major foreign visit since winning May &apos;s election .
2026-05-09 12:00:40,489 - INFO - joeynmt.training - 	Hypothesis: India new Prime Minister Narendra Modddtributes from his first important excluding his Japanese Premiered his Japanese Premiered Shinzo Abe in Toko to to be in Toko to the economic and security political relations .
2026-05-09 12:00:40,489 - INFO - joeynmt.training - Example #2
2026-05-09 12:00:40,489 - DEBUG - joeynmt.training - 	Tokenized source:     ['Herr', 'Mo@@', 'd@@', 'i', 'befindet', 'sich', 'auf', 'einer', 'fü@@', 'n@@', 'f@@', 'tä@@', 'gi@@', 'gen', 'Rei@@', 'se', 'nach', 'J@@', 'ap@@', 'an', ',', 'um', 'die', 'wirtschaf@@', 'tlichen', 'Be@@', 'zieh@@', 'ungen', 'mit', 'der', 'd@@', 'rit@@', 't@@', 'größ@@', 'ten', 'Wirtschafts@@', 'n@@', 'ation', 'der', 'Welt', 'zu', 'fes@@', 'tigen', '.']
2026-05-09 12:00:40,489 - DEBUG - joeynmt.training - 	Tokenized reference:  ['Mr', 'Mo@@', 'd@@', 'i', 'is', 'on', 'a', 'fi@@', 've', '@@@', '-@@', '@', 'day', 'tri@@', 'p', 'to', 'J@@', 'ap@@', 'an', 'to', 'streng@@', 'then', 'economic', 'ties', 'with', 'the', 'third', 'lar@@', 'ges@@', 't', 'econom@@', 'y', 'in', 'the', 'world', '.']
2026-05-09 12:00:40,489 - DEBUG - joeynmt.training - 	Tokenized hypothesis: ['Mr', 'Mo@@', 'd@@', 'i', 'is', 'a', 'fi@@', 'f@@', 'ty', 'tra@@', 'v@@', 'el', 'to', 'J@@', 'ap@@', 'an', 'to', 'the', 'economic', 'rel@@', 'ations', 'with', 'the', 'third', 'lar@@', 'ges@@', 't', 'economic', 'rel@@', 'ations', 'with', 'the', 'third', 'lar@@', 'ges@@', 't', 'economic', 'rel@@', 'ations', 'with', 'the', 'third', 'world', '.', '</s>']
2026-05-09 12:00:40,489 - INFO - joeynmt.training - 	Source:     Herr Modi befindet sich auf einer fünftägigen Reise nach Japan , um die wirtschaftlichen Beziehungen mit der drittgrößten Wirtschaftsnation der Welt zu festigen .
2026-05-09 12:00:40,489 - INFO - joeynmt.training - 	Reference:  Mr Modi is on a five @-@ day trip to Japan to strengthen economic ties with the third largest economy in the world .
2026-05-09 12:00:40,489 - INFO - joeynmt.training - 	Hypothesis: Mr Modi is a fifty travel to Japan to the economic relations with the third largest economic relations with the third largest economic relations with the third world .
2026-05-09 12:00:40,489 - INFO - joeynmt.training - Example #3
2026-05-09 12:00:40,489 - DEBUG - joeynmt.training - 	Tokenized source:     ['P@@', 'län@@', 'e', 'für', 'eine', 'stärk@@', 'ere', 'k@@', 'ern@@', 'techn@@', 'ische', 'Zusammenarbeit', 'stehen', 'ganz', 'ob@@', 'en', 'auf', 'der', 'Tag@@', 'es@@', 'ordnung', '.']
2026-05-09 12:00:40,489 - DEBUG - joeynmt.training - 	Tokenized reference:  ['high', 'on', 'the', 'agen@@', 'da', 'are', 'pl@@', 'ans', 'for', 'gre@@', 'ater', 'nu@@', 'clear', 'c@@', 'o', '@@@', '-@@', '@', 'operation', '.']
2026-05-09 12:00:40,489 - DEBUG - joeynmt.training - 	Tokenized hypothesis: ['pl@@', 'ans', 'for', 'gre@@', 'ater', 'nu@@', 'clear', 'techn@@', 'ical', 'cooperation', 'are', 'on', 'the', 'agen@@', 'da', '.', '</s>']
2026-05-09 12:00:40,489 - INFO - joeynmt.training - 	Source:     Pläne für eine stärkere kerntechnische Zusammenarbeit stehen ganz oben auf der Tagesordnung .
2026-05-09 12:00:40,489 - INFO - joeynmt.training - 	Reference:  high on the agenda are plans for greater nuclear co @-@ operation .
2026-05-09 12:00:40,489 - INFO - joeynmt.training - 	Hypothesis: plans for greater nuclear technical cooperation are on the agenda .
2026-05-09 12:00:40,489 - INFO - joeynmt.training - Example #4
2026-05-09 12:00:40,489 - DEBUG - joeynmt.training - 	Tokenized source:     ['Berich@@', 'ten', 'zu@@', 'fol@@', 'ge', 'ho@@', 'fft', 'Indi@@', 'en', 'darüber', 'hinaus', 'auf', 'einen', 'Ver@@', 'trag', 'zur', 'Ver@@', 'tei@@', 'dig@@', 'ungs@@', 'zusammen@@', 'arbeit', 'zwischen', 'den', 'beiden', 'N@@', 'ationen', '.']
2026-05-09 12:00:40,489 - DEBUG - joeynmt.training - 	Tokenized reference:  ['Indi@@', 'a', 'is', 'also', 're@@', 'porte@@', 'dly', 'hop@@', 'ing', 'for', 'a', 'de@@', 'al', 'on', 'def@@', 'ence', 'c@@', 'oll@@', 'ab@@', 'or@@', 'ation', 'between', 'the', 'two', 'n@@', 'ations', '.']
2026-05-09 12:00:40,489 - DEBUG - joeynmt.training - 	Tokenized hypothesis: ['mo@@', 're@@', 'over', ',', 'Indi@@', 'a', 'is', 'also', 'the', 'con@@', 'tra@@', 'ct', 'of', 'a', 'con@@', 'tra@@', 'ct', 'of', 'con@@', 'duc@@', 't', ',', 'a', 'con@@', 'tra@@', 'st', 'of', 'the', 'two', 'n@@', 'ations', '.', '</s>']
2026-05-09 12:00:40,489 - INFO - joeynmt.training - 	Source:     Berichten zufolge hofft Indien darüber hinaus auf einen Vertrag zur Verteidigungszusammenarbeit zwischen den beiden Nationen .
2026-05-09 12:00:40,489 - INFO - joeynmt.training - 	Reference:  India is also reportedly hoping for a deal on defence collaboration between the two nations .
2026-05-09 12:00:40,489 - INFO - joeynmt.training - 	Hypothesis: moreover , India is also the contract of a contract of conduct , a contrast of the two nations .
2026-05-09 12:00:56,031 - INFO - joeynmt.training - Epoch   9, Step:    33100, Batch Loss:     1.865851, Batch Acc: 0.528583, Tokens per Sec:     5956, Lr: 0.000300
2026-05-09 12:01:11,534 - INFO - joeynmt.training - Epoch   9, Step:    33200, Batch Loss:     1.652390, Batch Acc: 0.531902, Tokens per Sec:     5818, Lr: 0.000300
2026-05-09 12:01:27,146 - INFO - joeynmt.training - Epoch   9, Step:    33300, Batch Loss:     1.730157, Batch Acc: 0.528082, Tokens per Sec:     5950, Lr: 0.000300
2026-05-09 12:01:42,852 - INFO - joeynmt.training - Epoch   9, Step:    33400, Batch Loss:     1.706904, Batch Acc: 0.529019, Tokens per Sec:     5860, Lr: 0.000300
2026-05-09 12:01:58,360 - INFO - joeynmt.training - Epoch   9, Step:    33500, Batch Loss:     1.575554, Batch Acc: 0.529080, Tokens per Sec:     6007, Lr: 0.000300
2026-05-09 12:01:58,361 - INFO - joeynmt.prediction - Predicting 500 example(s)... (Greedy decoding with min_output_length=1, max_output_length=-1, return_prob='none', generate_unk=True, repetition_penalty=-1, no_repeat_ngram_size=-1)
2026-05-09 12:02:25,745 - INFO - joeynmt.prediction - Evaluation result (greedy) loss:   2.15, ppl:   8.57, acc:   0.45, generation: 27.3806[sec], evaluation: 0.0000[sec]
2026-05-09 12:02:25,818 - INFO - joeynmt.helpers - delete models/deen_transformer_post/31500.ckpt
2026-05-09 12:02:25,823 - INFO - joeynmt.training - Example #0
2026-05-09 12:02:25,823 - DEBUG - joeynmt.training - 	Tokenized source:     ['die', 'Pre@@', 'mi@@', 'er@@', 'minist@@', 'er', 'Indi@@', 'ens', 'und', 'J@@', 'ap@@', 'ans', 'tra@@', 'fen', 'sich', 'in', 'T@@', 'ok@@', 'i@@', 'o', '.']
2026-05-09 12:02:25,823 - DEBUG - joeynmt.training - 	Tokenized reference:  ['Indi@@', 'a', 'and', 'J@@', 'ap@@', 'an', 'pri@@', 'me', 'minist@@', 'ers', 'me@@', 'et', 'in', 'T@@', 'ok@@', 'y@@', 'o']
2026-05-09 12:02:25,823 - DEBUG - joeynmt.training - 	Tokenized hypothesis: ['the', 'Pri@@', 'me', 'Minist@@', 'er', 'Indi@@', 'a', 'and', 'J@@', 'ap@@', 'ans', 'are', 'in', 'T@@', 'ok@@', 'y@@', 'o', '.', '</s>']
2026-05-09 12:02:25,823 - INFO - joeynmt.training - 	Source:     die Premierminister Indiens und Japans trafen sich in Tokio .
2026-05-09 12:02:25,823 - INFO - joeynmt.training - 	Reference:  India and Japan prime ministers meet in Tokyo
2026-05-09 12:02:25,823 - INFO - joeynmt.training - 	Hypothesis: the Prime Minister India and Japans are in Tokyo .
2026-05-09 12:02:25,823 - INFO - joeynmt.training - Example #1
2026-05-09 12:02:25,823 - DEBUG - joeynmt.training - 	Tokenized source:     ['Indi@@', 'ens', 'neu@@', 'er', 'Pre@@', 'mi@@', 'er@@', 'minist@@', 'er', 'N@@', 'ar@@', 'end@@', 'ra', 'Mo@@', 'd@@', 'i', 'tri@@', 'fft', 'bei', 's@@', 'einem', 'ersten', 'wichti@@', 'gen', 'Aus@@', 'land@@', 's@@', 'bes@@', 'u@@', 'ch', 'seit', 's@@', 'einem', 'W@@', 'ah@@', 'l@@', 'si@@', 'e@@', 'g', 'im', 'Ma@@', 'i', 'seinen', 'j@@', 'ap@@', 'an@@', 'ischen', 'Am@@', 'ts@@', 'k@@', 'olle@@', 'gen', 'S@@', 'hin@@', 'z@@', 'o', 'A@@', 'be', 'in', 'T@@', 'ok@@', 'o', ',', 'um', 'wirtschaf@@', 'tliche', 'und', 'sicher@@', 'heits@@', 'politische', 'Be@@', 'zieh@@', 'ungen', 'zu', 'bes@@', 'pre@@', 'chen', '.']
2026-05-09 12:02:25,823 - DEBUG - joeynmt.training - 	Tokenized reference:  ['Indi@@', 'a', '&apos;s', 'new', 'pri@@', 'me', 'minist@@', 'er', ',', 'N@@', 'ar@@', 'end@@', 'ra', 'Mo@@', 'd@@', 'i', ',', 'is', 'me@@', 'eting', 'his', 'J@@', 'ap@@', 'an@@', 'ese', 'coun@@', 'ter@@', 'part', ',', 'S@@', 'hin@@', 'z@@', 'o', 'A@@', 'be', ',', 'in', 'T@@', 'ok@@', 'y@@', 'o', 'to', 'disc@@', 'uss', 'economic', 'and', 'security', 'ties', ',', 'on', 'his', 'first', 'major', 'fore@@', 'ign', 'visi@@', 't', 'since', 'w@@', 'inn@@', 'ing', 'Ma@@', 'y', '&apos;s', 'elec@@', 'tion', '.']
2026-05-09 12:02:25,823 - DEBUG - joeynmt.training - 	Tokenized hypothesis: ['Indi@@', 'a', 'new', 'Pri@@', 'me', 'Minist@@', 'er', 'N@@', 'ar@@', 'end@@', 'ra', 'Mo@@', 'd@@', 'i', ',', 'is', 'se@@', 'en', 'in', 'his', 'first', 'important', 'ex@@', 'ports', 'since', 'his', 'J@@', 'ap@@', 'an@@', 'ese', 'he', 'was', 'in', 'Ma@@', 'y', 'to', 'S@@', 'hin@@', 'z@@', 'o', 'A@@', 'be', 'in', 'T@@', 'ok@@', 'o', ',', 'to', 'S@@', 'hin@@', 'z@@', 'o', 'A@@', 'be', 'in', 'T@@', 'ok@@', 'o', 'to', 'A@@', 'be', 'in', 'T@@', 'ok@@', 'o', 'to', 'A@@', 'be', 'in', 'T@@', 'ok@@', 'o', 'to', 'A@@', 'be', 'to', 'visi@@', 'ted', 'to', 'S@@', 'hin@@', 'z@@', 'o', '.', '</s>']
2026-05-09 12:02:25,823 - INFO - joeynmt.training - 	Source:     Indiens neuer Premierminister Narendra Modi trifft bei seinem ersten wichtigen Auslandsbesuch seit seinem Wahlsieg im Mai seinen japanischen Amtskollegen Shinzo Abe in Toko , um wirtschaftliche und sicherheitspolitische Beziehungen zu besprechen .
2026-05-09 12:02:25,823 - INFO - joeynmt.training - 	Reference:  India &apos;s new prime minister , Narendra Modi , is meeting his Japanese counterpart , Shinzo Abe , in Tokyo to discuss economic and security ties , on his first major foreign visit since winning May &apos;s election .
2026-05-09 12:02:25,823 - INFO - joeynmt.training - 	Hypothesis: India new Prime Minister Narendra Modi , is seen in his first important exports since his Japanese he was in May to Shinzo Abe in Toko , to Shinzo Abe in Toko to Abe in Toko to Abe in Toko to Abe to visited to Shinzo .
2026-05-09 12:02:25,823 - INFO - joeynmt.training - Example #2
2026-05-09 12:02:25,823 - DEBUG - joeynmt.training - 	Tokenized source:     ['Herr', 'Mo@@', 'd@@', 'i', 'befindet', 'sich', 'auf', 'einer', 'fü@@', 'n@@', 'f@@', 'tä@@', 'gi@@', 'gen', 'Rei@@', 'se', 'nach', 'J@@', 'ap@@', 'an', ',', 'um', 'die', 'wirtschaf@@', 'tlichen', 'Be@@', 'zieh@@', 'ungen', 'mit', 'der', 'd@@', 'rit@@', 't@@', 'größ@@', 'ten', 'Wirtschafts@@', 'n@@', 'ation', 'der', 'Welt', 'zu', 'fes@@', 'tigen', '.']
2026-05-09 12:02:25,823 - DEBUG - joeynmt.training - 	Tokenized reference:  ['Mr', 'Mo@@', 'd@@', 'i', 'is', 'on', 'a', 'fi@@', 've', '@@@', '-@@', '@', 'day', 'tri@@', 'p', 'to', 'J@@', 'ap@@', 'an', 'to', 'streng@@', 'then', 'economic', 'ties', 'with', 'the', 'third', 'lar@@', 'ges@@', 't', 'econom@@', 'y', 'in', 'the', 'world', '.']
2026-05-09 12:02:25,823 - DEBUG - joeynmt.training - 	Tokenized hypothesis: ['Mr', 'Mo@@', 'd@@', 'i', 'is', 'on', 'a', 'fi@@', 'f@@', 'ty', 'tra@@', 'v@@', 'el', 'to', 'J@@', 'ap@@', 'an', 'to', 'the', 'economic', 'rel@@', 'ations', 'with', 'the', 'third', 'lar@@', 'ges@@', 't', 'economic', 'rel@@', 'ations', 'with', 'the', 'third', 'lar@@', 'ges@@', 't', 'economic', 'rel@@', 'ations', '.', '</s>']
2026-05-09 12:02:25,823 - INFO - joeynmt.training - 	Source:     Herr Modi befindet sich auf einer fünftägigen Reise nach Japan , um die wirtschaftlichen Beziehungen mit der drittgrößten Wirtschaftsnation der Welt zu festigen .
2026-05-09 12:02:25,823 - INFO - joeynmt.training - 	Reference:  Mr Modi is on a five @-@ day trip to Japan to strengthen economic ties with the third largest economy in the world .
2026-05-09 12:02:25,823 - INFO - joeynmt.training - 	Hypothesis: Mr Modi is on a fifty travel to Japan to the economic relations with the third largest economic relations with the third largest economic relations .
2026-05-09 12:02:25,823 - INFO - joeynmt.training - Example #3
2026-05-09 12:02:25,823 - DEBUG - joeynmt.training - 	Tokenized source:     ['P@@', 'län@@', 'e', 'für', 'eine', 'stärk@@', 'ere', 'k@@', 'ern@@', 'techn@@', 'ische', 'Zusammenarbeit', 'stehen', 'ganz', 'ob@@', 'en', 'auf', 'der', 'Tag@@', 'es@@', 'ordnung', '.']
2026-05-09 12:02:25,823 - DEBUG - joeynmt.training - 	Tokenized reference:  ['high', 'on', 'the', 'agen@@', 'da', 'are', 'pl@@', 'ans', 'for', 'gre@@', 'ater', 'nu@@', 'clear', 'c@@', 'o', '@@@', '-@@', '@', 'operation', '.']
2026-05-09 12:02:25,823 - DEBUG - joeynmt.training - 	Tokenized hypothesis: ['pl@@', 'ans', 'for', 'gre@@', 'ater', 'nu@@', 'clear', 'techn@@', 'ical', 'cooperation', 'is', 'on', 'the', 'agen@@', 'da', '.', '</s>']
2026-05-09 12:02:25,823 - INFO - joeynmt.training - 	Source:     Pläne für eine stärkere kerntechnische Zusammenarbeit stehen ganz oben auf der Tagesordnung .
2026-05-09 12:02:25,823 - INFO - joeynmt.training - 	Reference:  high on the agenda are plans for greater nuclear co @-@ operation .
2026-05-09 12:02:25,823 - INFO - joeynmt.training - 	Hypothesis: plans for greater nuclear technical cooperation is on the agenda .
2026-05-09 12:02:25,823 - INFO - joeynmt.training - Example #4
2026-05-09 12:02:25,824 - DEBUG - joeynmt.training - 	Tokenized source:     ['Berich@@', 'ten', 'zu@@', 'fol@@', 'ge', 'ho@@', 'fft', 'Indi@@', 'en', 'darüber', 'hinaus', 'auf', 'einen', 'Ver@@', 'trag', 'zur', 'Ver@@', 'tei@@', 'dig@@', 'ungs@@', 'zusammen@@', 'arbeit', 'zwischen', 'den', 'beiden', 'N@@', 'ationen', '.']
2026-05-09 12:02:25,824 - DEBUG - joeynmt.training - 	Tokenized reference:  ['Indi@@', 'a', 'is', 'also', 're@@', 'porte@@', 'dly', 'hop@@', 'ing', 'for', 'a', 'de@@', 'al', 'on', 'def@@', 'ence', 'c@@', 'oll@@', 'ab@@', 'or@@', 'ation', 'between', 'the', 'two', 'n@@', 'ations', '.']
2026-05-09 12:02:25,824 - DEBUG - joeynmt.training - 	Tokenized hypothesis: ['in', 'ad@@', 'dition', ',', 'Indi@@', 'a', 'is', 'also', 'a', 'hop@@', 'e@@', 'fully', 'distri@@', 'b@@', 'ut@@', 'ed', 'to', 'def@@', 'end', 'a', 'con@@', 'tra@@', 'st', 'between', 'the', 'two', 'n@@', 'ations', '.', '</s>']
2026-05-09 12:02:25,824 - INFO - joeynmt.training - 	Source:     Berichten zufolge hofft Indien darüber hinaus auf einen Vertrag zur Verteidigungszusammenarbeit zwischen den beiden Nationen .
2026-05-09 12:02:25,824 - INFO - joeynmt.training - 	Reference:  India is also reportedly hoping for a deal on defence collaboration between the two nations .
2026-05-09 12:02:25,824 - INFO - joeynmt.training - 	Hypothesis: in addition , India is also a hopefully distributed to defend a contrast between the two nations .
2026-05-09 12:02:41,222 - INFO - joeynmt.training - Epoch   9, Step:    33600, Batch Loss:     1.611441, Batch Acc: 0.529802, Tokens per Sec:     5874, Lr: 0.000300
2026-05-09 12:02:56,735 - INFO - joeynmt.training - Epoch   9, Step:    33700, Batch Loss:     1.652822, Batch Acc: 0.523070, Tokens per Sec:     5920, Lr: 0.000300
2026-05-09 12:03:12,236 - INFO - joeynmt.training - Epoch   9, Step:    33800, Batch Loss:     1.788881, Batch Acc: 0.524532, Tokens per Sec:     5804, Lr: 0.000300
2026-05-09 12:03:27,744 - INFO - joeynmt.training - Epoch   9, Step:    33900, Batch Loss:     1.585432, Batch Acc: 0.528939, Tokens per Sec:     5943, Lr: 0.000300
2026-05-09 12:03:43,308 - INFO - joeynmt.training - Epoch   9, Step:    34000, Batch Loss:     1.794436, Batch Acc: 0.523609, Tokens per Sec:     5918, Lr: 0.000300
2026-05-09 12:03:43,308 - INFO - joeynmt.prediction - Predicting 500 example(s)... (Greedy decoding with min_output_length=1, max_output_length=-1, return_prob='none', generate_unk=True, repetition_penalty=-1, no_repeat_ngram_size=-1)
2026-05-09 12:04:12,745 - INFO - joeynmt.prediction - Evaluation result (greedy) loss:   2.15, ppl:   8.62, acc:   0.45, generation: 29.4337[sec], evaluation: 0.0000[sec]
2026-05-09 12:04:12,820 - INFO - joeynmt.helpers - delete models/deen_transformer_post/31000.ckpt
2026-05-09 12:04:12,821 - INFO - joeynmt.training - Example #0
2026-05-09 12:04:12,822 - DEBUG - joeynmt.training - 	Tokenized source:     ['die', 'Pre@@', 'mi@@', 'er@@', 'minist@@', 'er', 'Indi@@', 'ens', 'und', 'J@@', 'ap@@', 'ans', 'tra@@', 'fen', 'sich', 'in', 'T@@', 'ok@@', 'i@@', 'o', '.']
2026-05-09 12:04:12,822 - DEBUG - joeynmt.training - 	Tokenized reference:  ['Indi@@', 'a', 'and', 'J@@', 'ap@@', 'an', 'pri@@', 'me', 'minist@@', 'ers', 'me@@', 'et', 'in', 'T@@', 'ok@@', 'y@@', 'o']
2026-05-09 12:04:12,822 - DEBUG - joeynmt.training - 	Tokenized hypothesis: ['the', 'Pri@@', 'me', 'Minist@@', 'er', 'of', 'Indi@@', 'a', 'and', 'J@@', 'ap@@', 'ans', 'in', 'T@@', 'ok@@', 'y@@', 'o', '.', '</s>']
2026-05-09 12:04:12,822 - INFO - joeynmt.training - 	Source:     die Premierminister Indiens und Japans trafen sich in Tokio .
2026-05-09 12:04:12,822 - INFO - joeynmt.training - 	Reference:  India and Japan prime ministers meet in Tokyo
2026-05-09 12:04:12,822 - INFO - joeynmt.training - 	Hypothesis: the Prime Minister of India and Japans in Tokyo .
2026-05-09 12:04:12,822 - INFO - joeynmt.training - Example #1
2026-05-09 12:04:12,822 - DEBUG - joeynmt.training - 	Tokenized source:     ['Indi@@', 'ens', 'neu@@', 'er', 'Pre@@', 'mi@@', 'er@@', 'minist@@', 'er', 'N@@', 'ar@@', 'end@@', 'ra', 'Mo@@', 'd@@', 'i', 'tri@@', 'fft', 'bei', 's@@', 'einem', 'ersten', 'wichti@@', 'gen', 'Aus@@', 'land@@', 's@@', 'bes@@', 'u@@', 'ch', 'seit', 's@@', 'einem', 'W@@', 'ah@@', 'l@@', 'si@@', 'e@@', 'g', 'im', 'Ma@@', 'i', 'seinen', 'j@@', 'ap@@', 'an@@', 'ischen', 'Am@@', 'ts@@', 'k@@', 'olle@@', 'gen', 'S@@', 'hin@@', 'z@@', 'o', 'A@@', 'be', 'in', 'T@@', 'ok@@', 'o', ',', 'um', 'wirtschaf@@', 'tliche', 'und', 'sicher@@', 'heits@@', 'politische', 'Be@@', 'zieh@@', 'ungen', 'zu', 'bes@@', 'pre@@', 'chen', '.']
2026-05-09 12:04:12,822 - DEBUG - joeynmt.training - 	Tokenized reference:  ['Indi@@', 'a', '&apos;s', 'new', 'pri@@', 'me', 'minist@@', 'er', ',', 'N@@', 'ar@@', 'end@@', 'ra', 'Mo@@', 'd@@', 'i', ',', 'is', 'me@@', 'eting', 'his', 'J@@', 'ap@@', 'an@@', 'ese', 'coun@@', 'ter@@', 'part', ',', 'S@@', 'hin@@', 'z@@', 'o', 'A@@', 'be', ',', 'in', 'T@@', 'ok@@', 'y@@', 'o', 'to', 'disc@@', 'uss', 'economic', 'and', 'security', 'ties', ',', 'on', 'his', 'first', 'major', 'fore@@', 'ign', 'visi@@', 't', 'since', 'w@@', 'inn@@', 'ing', 'Ma@@', 'y', '&apos;s', 'elec@@', 'tion', '.']
2026-05-09 12:04:12,822 - DEBUG - joeynmt.training - 	Tokenized hypothesis: ['Indi@@', 'a', '&apos;s', 'Ne@@', 'w', 'Y@@', 'e@@', 'ar', 'N@@', 'ar@@', 'end@@', 'ra', 'Mo@@', 'd@@', 'i', 'is', 'a', 'c@@', 'ou@@', 'p@@', 'le', 'in', 'his', 'first', 'major', 'ex@@', 'clu@@', 'ding', 'his', 'first', 'ex@@', 'clu@@', 'sive', 'ex@@', 'clu@@', 'ding', 'European', 'J@@', 'ap@@', 'an@@', 'ese', 'Am@@', 'ts@@', 'colle@@', 'ag@@', 'u@@', 'es', 'in', 'T@@', 'ok@@', 'o', ',', 'in', 'the', 'M@@', 'ac@@', 'i@@', 'an', '&apos;s', 'first', 'place', 'in', 'the', 'Ma@@', 'y', 'of', 'A@@', 'be', 'in', 'T@@', 'ok@@', 'o', ',', 'to', 'be', 'in', 'T@@', 'ok@@', 'o', ',', 'to', 'be', 'in', 'the', 'first', 'place', '.', '</s>']
2026-05-09 12:04:12,822 - INFO - joeynmt.training - 	Source:     Indiens neuer Premierminister Narendra Modi trifft bei seinem ersten wichtigen Auslandsbesuch seit seinem Wahlsieg im Mai seinen japanischen Amtskollegen Shinzo Abe in Toko , um wirtschaftliche und sicherheitspolitische Beziehungen zu besprechen .
2026-05-09 12:04:12,822 - INFO - joeynmt.training - 	Reference:  India &apos;s new prime minister , Narendra Modi , is meeting his Japanese counterpart , Shinzo Abe , in Tokyo to discuss economic and security ties , on his first major foreign visit since winning May &apos;s election .
2026-05-09 12:04:12,822 - INFO - joeynmt.training - 	Hypothesis: India &apos;s New Year Narendra Modi is a couple in his first major excluding his first exclusive excluding European Japanese Amtscolleagues in Toko , in the Macian &apos;s first place in the May of Abe in Toko , to be in Toko , to be in the first place .
2026-05-09 12:04:12,822 - INFO - joeynmt.training - Example #2
2026-05-09 12:04:12,822 - DEBUG - joeynmt.training - 	Tokenized source:     ['Herr', 'Mo@@', 'd@@', 'i', 'befindet', 'sich', 'auf', 'einer', 'fü@@', 'n@@', 'f@@', 'tä@@', 'gi@@', 'gen', 'Rei@@', 'se', 'nach', 'J@@', 'ap@@', 'an', ',', 'um', 'die', 'wirtschaf@@', 'tlichen', 'Be@@', 'zieh@@', 'ungen', 'mit', 'der', 'd@@', 'rit@@', 't@@', 'größ@@', 'ten', 'Wirtschafts@@', 'n@@', 'ation', 'der', 'Welt', 'zu', 'fes@@', 'tigen', '.']
2026-05-09 12:04:12,822 - DEBUG - joeynmt.training - 	Tokenized reference:  ['Mr', 'Mo@@', 'd@@', 'i', 'is', 'on', 'a', 'fi@@', 've', '@@@', '-@@', '@', 'day', 'tri@@', 'p', 'to', 'J@@', 'ap@@', 'an', 'to', 'streng@@', 'then', 'economic', 'ties', 'with', 'the', 'third', 'lar@@', 'ges@@', 't', 'econom@@', 'y', 'in', 'the', 'world', '.']
2026-05-09 12:04:12,822 - DEBUG - joeynmt.training - 	Tokenized hypothesis: ['Mr', 'Mo@@', 'd@@', 'i', 'is', 'on', 'a', 'fi@@', 'f@@', 'ty', 'tra@@', 'v@@', 'el', 'to', 'J@@', 'ap@@', 'an', 'to', 'be', 'able', 'to', 'fo@@', 'c@@', 'us', 'on', 'the', 'economic', 'rel@@', 'ations', 'with', 'the', 'third', 'lar@@', 'ges@@', 't', 'economic', 'n@@', 'ation', 'of', 'the', 'world', '.', '</s>']
2026-05-09 12:04:12,822 - INFO - joeynmt.training - 	Source:     Herr Modi befindet sich auf einer fünftägigen Reise nach Japan , um die wirtschaftlichen Beziehungen mit der drittgrößten Wirtschaftsnation der Welt zu festigen .
2026-05-09 12:04:12,822 - INFO - joeynmt.training - 	Reference:  Mr Modi is on a five @-@ day trip to Japan to strengthen economic ties with the third largest economy in the world .
2026-05-09 12:04:12,822 - INFO - joeynmt.training - 	Hypothesis: Mr Modi is on a fifty travel to Japan to be able to focus on the economic relations with the third largest economic nation of the world .
2026-05-09 12:04:12,822 - INFO - joeynmt.training - Example #3
2026-05-09 12:04:12,822 - DEBUG - joeynmt.training - 	Tokenized source:     ['P@@', 'län@@', 'e', 'für', 'eine', 'stärk@@', 'ere', 'k@@', 'ern@@', 'techn@@', 'ische', 'Zusammenarbeit', 'stehen', 'ganz', 'ob@@', 'en', 'auf', 'der', 'Tag@@', 'es@@', 'ordnung', '.']
2026-05-09 12:04:12,822 - DEBUG - joeynmt.training - 	Tokenized reference:  ['high', 'on', 'the', 'agen@@', 'da', 'are', 'pl@@', 'ans', 'for', 'gre@@', 'ater', 'nu@@', 'clear', 'c@@', 'o', '@@@', '-@@', '@', 'operation', '.']
2026-05-09 12:04:12,822 - DEBUG - joeynmt.training - 	Tokenized hypothesis: ['pl@@', 'ans', 'for', 'gre@@', 'ater', 'nu@@', 'clear', 'techn@@', 'ical', 'cooperation', 'are', 'on', 'the', 'agen@@', 'da', '.', '</s>']
2026-05-09 12:04:12,822 - INFO - joeynmt.training - 	Source:     Pläne für eine stärkere kerntechnische Zusammenarbeit stehen ganz oben auf der Tagesordnung .
2026-05-09 12:04:12,822 - INFO - joeynmt.training - 	Reference:  high on the agenda are plans for greater nuclear co @-@ operation .
2026-05-09 12:04:12,822 - INFO - joeynmt.training - 	Hypothesis: plans for greater nuclear technical cooperation are on the agenda .
2026-05-09 12:04:12,822 - INFO - joeynmt.training - Example #4
2026-05-09 12:04:12,822 - DEBUG - joeynmt.training - 	Tokenized source:     ['Berich@@', 'ten', 'zu@@', 'fol@@', 'ge', 'ho@@', 'fft', 'Indi@@', 'en', 'darüber', 'hinaus', 'auf', 'einen', 'Ver@@', 'trag', 'zur', 'Ver@@', 'tei@@', 'dig@@', 'ungs@@', 'zusammen@@', 'arbeit', 'zwischen', 'den', 'beiden', 'N@@', 'ationen', '.']
2026-05-09 12:04:12,822 - DEBUG - joeynmt.training - 	Tokenized reference:  ['Indi@@', 'a', 'is', 'also', 're@@', 'porte@@', 'dly', 'hop@@', 'ing', 'for', 'a', 'de@@', 'al', 'on', 'def@@', 'ence', 'c@@', 'oll@@', 'ab@@', 'or@@', 'ation', 'between', 'the', 'two', 'n@@', 'ations', '.']
2026-05-09 12:04:12,822 - DEBUG - joeynmt.training - 	Tokenized hypothesis: ['re@@', 'ports', ',', 'in', 'the', 'way', ',', 'it', 'is', 'also', 'a', 'con@@', 'tra@@', 'ct', 'on', 'a', 'con@@', 'tra@@', 'ct', 'of', 'def@@', 'ence', 'cooperation', 'between', 'the', 'two', 'n@@', 'ations', '.', '</s>']
2026-05-09 12:04:12,823 - INFO - joeynmt.training - 	Source:     Berichten zufolge hofft Indien darüber hinaus auf einen Vertrag zur Verteidigungszusammenarbeit zwischen den beiden Nationen .
2026-05-09 12:04:12,823 - INFO - joeynmt.training - 	Reference:  India is also reportedly hoping for a deal on defence collaboration between the two nations .
2026-05-09 12:04:12,823 - INFO - joeynmt.training - 	Hypothesis: reports , in the way , it is also a contract on a contract of defence cooperation between the two nations .
2026-05-09 12:04:28,223 - INFO - joeynmt.training - Epoch   9, Step:    34100, Batch Loss:     2.001922, Batch Acc: 0.524904, Tokens per Sec:     5943, Lr: 0.000300
2026-05-09 12:04:43,722 - INFO - joeynmt.training - Epoch   9, Step:    34200, Batch Loss:     1.786342, Batch Acc: 0.517830, Tokens per Sec:     5956, Lr: 0.000300
2026-05-09 12:04:59,274 - INFO - joeynmt.training - Epoch   9, Step:    34300, Batch Loss:     1.772792, Batch Acc: 0.523604, Tokens per Sec:     5906, Lr: 0.000300
2026-05-09 12:05:15,086 - INFO - joeynmt.training - Epoch   9, Step:    34400, Batch Loss:     1.838927, Batch Acc: 0.517676, Tokens per Sec:     5888, Lr: 0.000300
2026-05-09 12:05:31,231 - INFO - joeynmt.training - Epoch   9, Step:    34500, Batch Loss:     1.701278, Batch Acc: 0.526762, Tokens per Sec:     5756, Lr: 0.000300
2026-05-09 12:05:31,232 - INFO - joeynmt.prediction - Predicting 500 example(s)... (Greedy decoding with min_output_length=1, max_output_length=-1, return_prob='none', generate_unk=True, repetition_penalty=-1, no_repeat_ngram_size=-1)
2026-05-09 12:05:59,315 - INFO - joeynmt.prediction - Evaluation result (greedy) loss:   2.15, ppl:   8.60, acc:   0.45, generation: 28.0794[sec], evaluation: 0.0000[sec]
2026-05-09 12:05:59,393 - INFO - joeynmt.helpers - delete models/deen_transformer_post/34000.ckpt
2026-05-09 12:05:59,396 - INFO - joeynmt.helpers - delete /Users/sunyicong/Downloads/2nd semester/Machine Translation/assignment/mt-exercise-03/models/deen_transformer_post/34000.ckpt
2026-05-09 12:05:59,396 - WARNING - joeynmt.helpers - Wanted to delete old checkpoint /Users/sunyicong/Downloads/2nd semester/Machine Translation/assignment/mt-exercise-03/models/deen_transformer_post/34000.ckpt but file does not exist. ([Errno 2] No such file or directory: '/Users/sunyicong/Downloads/2nd semester/Machine Translation/assignment/mt-exercise-03/models/deen_transformer_post/34000.ckpt')
2026-05-09 12:05:59,397 - INFO - joeynmt.training - Example #0
2026-05-09 12:05:59,397 - DEBUG - joeynmt.training - 	Tokenized source:     ['die', 'Pre@@', 'mi@@', 'er@@', 'minist@@', 'er', 'Indi@@', 'ens', 'und', 'J@@', 'ap@@', 'ans', 'tra@@', 'fen', 'sich', 'in', 'T@@', 'ok@@', 'i@@', 'o', '.']
2026-05-09 12:05:59,397 - DEBUG - joeynmt.training - 	Tokenized reference:  ['Indi@@', 'a', 'and', 'J@@', 'ap@@', 'an', 'pri@@', 'me', 'minist@@', 'ers', 'me@@', 'et', 'in', 'T@@', 'ok@@', 'y@@', 'o']
2026-05-09 12:05:59,397 - DEBUG - joeynmt.training - 	Tokenized hypothesis: ['the', 'Pri@@', 'me', 'Minist@@', 'er', 'of', 'Indi@@', 'a', 'and', 'J@@', 'ap@@', 'ans', 'are', 'tra@@', 'vel@@', 'ers', 'in', 'T@@', 'ok@@', 'y@@', 'o', '.', '</s>']
2026-05-09 12:05:59,397 - INFO - joeynmt.training - 	Source:     die Premierminister Indiens und Japans trafen sich in Tokio .
2026-05-09 12:05:59,397 - INFO - joeynmt.training - 	Reference:  India and Japan prime ministers meet in Tokyo
2026-05-09 12:05:59,397 - INFO - joeynmt.training - 	Hypothesis: the Prime Minister of India and Japans are travelers in Tokyo .
2026-05-09 12:05:59,397 - INFO - joeynmt.training - Example #1
2026-05-09 12:05:59,397 - DEBUG - joeynmt.training - 	Tokenized source:     ['Indi@@', 'ens', 'neu@@', 'er', 'Pre@@', 'mi@@', 'er@@', 'minist@@', 'er', 'N@@', 'ar@@', 'end@@', 'ra', 'Mo@@', 'd@@', 'i', 'tri@@', 'fft', 'bei', 's@@', 'einem', 'ersten', 'wichti@@', 'gen', 'Aus@@', 'land@@', 's@@', 'bes@@', 'u@@', 'ch', 'seit', 's@@', 'einem', 'W@@', 'ah@@', 'l@@', 'si@@', 'e@@', 'g', 'im', 'Ma@@', 'i', 'seinen', 'j@@', 'ap@@', 'an@@', 'ischen', 'Am@@', 'ts@@', 'k@@', 'olle@@', 'gen', 'S@@', 'hin@@', 'z@@', 'o', 'A@@', 'be', 'in', 'T@@', 'ok@@', 'o', ',', 'um', 'wirtschaf@@', 'tliche', 'und', 'sicher@@', 'heits@@', 'politische', 'Be@@', 'zieh@@', 'ungen', 'zu', 'bes@@', 'pre@@', 'chen', '.']
2026-05-09 12:05:59,397 - DEBUG - joeynmt.training - 	Tokenized reference:  ['Indi@@', 'a', '&apos;s', 'new', 'pri@@', 'me', 'minist@@', 'er', ',', 'N@@', 'ar@@', 'end@@', 'ra', 'Mo@@', 'd@@', 'i', ',', 'is', 'me@@', 'eting', 'his', 'J@@', 'ap@@', 'an@@', 'ese', 'coun@@', 'ter@@', 'part', ',', 'S@@', 'hin@@', 'z@@', 'o', 'A@@', 'be', ',', 'in', 'T@@', 'ok@@', 'y@@', 'o', 'to', 'disc@@', 'uss', 'economic', 'and', 'security', 'ties', ',', 'on', 'his', 'first', 'major', 'fore@@', 'ign', 'visi@@', 't', 'since', 'w@@', 'inn@@', 'ing', 'Ma@@', 'y', '&apos;s', 'elec@@', 'tion', '.']
2026-05-09 12:05:59,397 - DEBUG - joeynmt.training - 	Tokenized hypothesis: ['Indi@@', 'a', 'new', 'Pri@@', 'me', 'Minist@@', 'er', 'N@@', 'ar@@', 'end@@', 'a', ',', 'in', 'his', 'first', 'place', ',', 'in', 'his', 'first', 'place', ',', 'he', 'is', 'in', 'the', 'first', 'place', 'in', 'Ma@@', 'y', ',', 'he', 'was', 'a', 'first', 'of', 'the', 'M@@', 'ini@@', 'stry', 'of', 'the', 'M@@', 'ini@@', 'stry', 'of', 'S@@', 'hin@@', 'z@@', 'o', 'A@@', 'be', 'in', 'T@@', 'ok@@', 'o', ',', 'in', 'T@@', 'ok@@', 'o', ',', 'in', 'the', 'M@@', 'ini@@', 'stry', 'of', 'S@@', 'hin@@', 'z@@', 'o', ',', 'in', 'the', 'first', 'place', 'of', 'his', 'first', 'and', ',', 'in', 'the', 're@@', 'ma@@', 'ins', 'of', 'the', 'first', '.', '</s>']
2026-05-09 12:05:59,397 - INFO - joeynmt.training - 	Source:     Indiens neuer Premierminister Narendra Modi trifft bei seinem ersten wichtigen Auslandsbesuch seit seinem Wahlsieg im Mai seinen japanischen Amtskollegen Shinzo Abe in Toko , um wirtschaftliche und sicherheitspolitische Beziehungen zu besprechen .
2026-05-09 12:05:59,397 - INFO - joeynmt.training - 	Reference:  India &apos;s new prime minister , Narendra Modi , is meeting his Japanese counterpart , Shinzo Abe , in Tokyo to discuss economic and security ties , on his first major foreign visit since winning May &apos;s election .
2026-05-09 12:05:59,397 - INFO - joeynmt.training - 	Hypothesis: India new Prime Minister Narenda , in his first place , in his first place , he is in the first place in May , he was a first of the Ministry of the Ministry of Shinzo Abe in Toko , in Toko , in the Ministry of Shinzo , in the first place of his first and , in the remains of the first .
2026-05-09 12:05:59,397 - INFO - joeynmt.training - Example #2
2026-05-09 12:05:59,397 - DEBUG - joeynmt.training - 	Tokenized source:     ['Herr', 'Mo@@', 'd@@', 'i', 'befindet', 'sich', 'auf', 'einer', 'fü@@', 'n@@', 'f@@', 'tä@@', 'gi@@', 'gen', 'Rei@@', 'se', 'nach', 'J@@', 'ap@@', 'an', ',', 'um', 'die', 'wirtschaf@@', 'tlichen', 'Be@@', 'zieh@@', 'ungen', 'mit', 'der', 'd@@', 'rit@@', 't@@', 'größ@@', 'ten', 'Wirtschafts@@', 'n@@', 'ation', 'der', 'Welt', 'zu', 'fes@@', 'tigen', '.']
2026-05-09 12:05:59,397 - DEBUG - joeynmt.training - 	Tokenized reference:  ['Mr', 'Mo@@', 'd@@', 'i', 'is', 'on', 'a', 'fi@@', 've', '@@@', '-@@', '@', 'day', 'tri@@', 'p', 'to', 'J@@', 'ap@@', 'an', 'to', 'streng@@', 'then', 'economic', 'ties', 'with', 'the', 'third', 'lar@@', 'ges@@', 't', 'econom@@', 'y', 'in', 'the', 'world', '.']
2026-05-09 12:05:59,397 - DEBUG - joeynmt.training - 	Tokenized hypothesis: ['Mr', 'Mo@@', 'd@@', 'i', 'is', 'on', 'a', 'fi@@', 'f@@', 'ty', 'tra@@', 'v@@', 'el', 'to', 'J@@', 'ap@@', 'an', 'to', 'the', 'economic', 'rel@@', 'ations', 'with', 'the', 'third', 'b@@', 'ig@@', 'ges@@', 't', 'econom@@', 'ies', 'of', 'the', 'world', '&apos;s', 'economic', 'rel@@', 'ations', '.', '</s>']
2026-05-09 12:05:59,397 - INFO - joeynmt.training - 	Source:     Herr Modi befindet sich auf einer fünftägigen Reise nach Japan , um die wirtschaftlichen Beziehungen mit der drittgrößten Wirtschaftsnation der Welt zu festigen .
2026-05-09 12:05:59,397 - INFO - joeynmt.training - 	Reference:  Mr Modi is on a five @-@ day trip to Japan to strengthen economic ties with the third largest economy in the world .
2026-05-09 12:05:59,397 - INFO - joeynmt.training - 	Hypothesis: Mr Modi is on a fifty travel to Japan to the economic relations with the third biggest economies of the world &apos;s economic relations .
2026-05-09 12:05:59,397 - INFO - joeynmt.training - Example #3
2026-05-09 12:05:59,398 - DEBUG - joeynmt.training - 	Tokenized source:     ['P@@', 'län@@', 'e', 'für', 'eine', 'stärk@@', 'ere', 'k@@', 'ern@@', 'techn@@', 'ische', 'Zusammenarbeit', 'stehen', 'ganz', 'ob@@', 'en', 'auf', 'der', 'Tag@@', 'es@@', 'ordnung', '.']
2026-05-09 12:05:59,398 - DEBUG - joeynmt.training - 	Tokenized reference:  ['high', 'on', 'the', 'agen@@', 'da', 'are', 'pl@@', 'ans', 'for', 'gre@@', 'ater', 'nu@@', 'clear', 'c@@', 'o', '@@@', '-@@', '@', 'operation', '.']
2026-05-09 12:05:59,398 - DEBUG - joeynmt.training - 	Tokenized hypothesis: ['pl@@', 'ans', 'for', 'a', 'str@@', 'ong', 'techn@@', 'ical', 'cooperation', 'are', 'very', 'comp@@', 're@@', 'h@@', 'en@@', 'sive', 'in', 'the', 'agen@@', 'da', '.', '</s>']
2026-05-09 12:05:59,398 - INFO - joeynmt.training - 	Source:     Pläne für eine stärkere kerntechnische Zusammenarbeit stehen ganz oben auf der Tagesordnung .
2026-05-09 12:05:59,398 - INFO - joeynmt.training - 	Reference:  high on the agenda are plans for greater nuclear co @-@ operation .
2026-05-09 12:05:59,398 - INFO - joeynmt.training - 	Hypothesis: plans for a strong technical cooperation are very comprehensive in the agenda .
2026-05-09 12:05:59,398 - INFO - joeynmt.training - Example #4
2026-05-09 12:05:59,398 - DEBUG - joeynmt.training - 	Tokenized source:     ['Berich@@', 'ten', 'zu@@', 'fol@@', 'ge', 'ho@@', 'fft', 'Indi@@', 'en', 'darüber', 'hinaus', 'auf', 'einen', 'Ver@@', 'trag', 'zur', 'Ver@@', 'tei@@', 'dig@@', 'ungs@@', 'zusammen@@', 'arbeit', 'zwischen', 'den', 'beiden', 'N@@', 'ationen', '.']
2026-05-09 12:05:59,398 - DEBUG - joeynmt.training - 	Tokenized reference:  ['Indi@@', 'a', 'is', 'also', 're@@', 'porte@@', 'dly', 'hop@@', 'ing', 'for', 'a', 'de@@', 'al', 'on', 'def@@', 'ence', 'c@@', 'oll@@', 'ab@@', 'or@@', 'ation', 'between', 'the', 'two', 'n@@', 'ations', '.']
2026-05-09 12:05:59,398 - DEBUG - joeynmt.training - 	Tokenized hypothesis: ['in', 'ad@@', 'dition', ',', 'Indi@@', 'a', ',', 'the', 'con@@', 'tra@@', 'ct', 'on', 'a', 'con@@', 'tra@@', 'ct', 'of', 'con@@', 'trac@@', 'ts', '.', '</s>']
2026-05-09 12:05:59,398 - INFO - joeynmt.training - 	Source:     Berichten zufolge hofft Indien darüber hinaus auf einen Vertrag zur Verteidigungszusammenarbeit zwischen den beiden Nationen .
2026-05-09 12:05:59,398 - INFO - joeynmt.training - 	Reference:  India is also reportedly hoping for a deal on defence collaboration between the two nations .
2026-05-09 12:05:59,398 - INFO - joeynmt.training - 	Hypothesis: in addition , India , the contract on a contract of contracts .
2026-05-09 12:06:14,778 - INFO - joeynmt.training - Epoch   9, Step:    34600, Batch Loss:     1.564795, Batch Acc: 0.529690, Tokens per Sec:     5860, Lr: 0.000300
2026-05-09 12:06:30,308 - INFO - joeynmt.training - Epoch   9, Step:    34700, Batch Loss:     1.638456, Batch Acc: 0.525715, Tokens per Sec:     5869, Lr: 0.000300
2026-05-09 12:06:46,037 - INFO - joeynmt.training - Epoch   9, Step:    34800, Batch Loss:     1.710520, Batch Acc: 0.520498, Tokens per Sec:     5898, Lr: 0.000300
2026-05-09 12:07:01,552 - INFO - joeynmt.training - Epoch   9, Step:    34900, Batch Loss:     1.990586, Batch Acc: 0.521567, Tokens per Sec:     5956, Lr: 0.000300
2026-05-09 12:07:17,112 - INFO - joeynmt.training - Epoch   9, Step:    35000, Batch Loss:     1.700722, Batch Acc: 0.521415, Tokens per Sec:     5934, Lr: 0.000300
2026-05-09 12:07:17,113 - INFO - joeynmt.prediction - Predicting 500 example(s)... (Greedy decoding with min_output_length=1, max_output_length=-1, return_prob='none', generate_unk=True, repetition_penalty=-1, no_repeat_ngram_size=-1)
2026-05-09 12:07:48,074 - INFO - joeynmt.prediction - Evaluation result (greedy) loss:   2.14, ppl:   8.52, acc:   0.45, generation: 30.9571[sec], evaluation: 0.0000[sec]
2026-05-09 12:07:48,076 - INFO - joeynmt.training - Hooray! New best validation result [ppl]!
2026-05-09 12:07:48,145 - INFO - joeynmt.helpers - delete models/deen_transformer_post/33000.ckpt
2026-05-09 12:07:48,147 - INFO - joeynmt.training - Example #0
2026-05-09 12:07:48,147 - DEBUG - joeynmt.training - 	Tokenized source:     ['die', 'Pre@@', 'mi@@', 'er@@', 'minist@@', 'er', 'Indi@@', 'ens', 'und', 'J@@', 'ap@@', 'ans', 'tra@@', 'fen', 'sich', 'in', 'T@@', 'ok@@', 'i@@', 'o', '.']
2026-05-09 12:07:48,147 - DEBUG - joeynmt.training - 	Tokenized reference:  ['Indi@@', 'a', 'and', 'J@@', 'ap@@', 'an', 'pri@@', 'me', 'minist@@', 'ers', 'me@@', 'et', 'in', 'T@@', 'ok@@', 'y@@', 'o']
2026-05-09 12:07:48,147 - DEBUG - joeynmt.training - 	Tokenized hypothesis: ['the', 'Pri@@', 'me', 'Minist@@', 'er', 'of', 'Indi@@', 'a', 'and', 'J@@', 'ap@@', 'ans', 'are', 'tra@@', 'v@@', 'ell@@', 'ing', 'in', 'T@@', 'ok@@', 'y@@', 'o', '.', '</s>']
2026-05-09 12:07:48,147 - INFO - joeynmt.training - 	Source:     die Premierminister Indiens und Japans trafen sich in Tokio .
2026-05-09 12:07:48,147 - INFO - joeynmt.training - 	Reference:  India and Japan prime ministers meet in Tokyo
2026-05-09 12:07:48,147 - INFO - joeynmt.training - 	Hypothesis: the Prime Minister of India and Japans are travelling in Tokyo .
2026-05-09 12:07:48,147 - INFO - joeynmt.training - Example #1
2026-05-09 12:07:48,147 - DEBUG - joeynmt.training - 	Tokenized source:     ['Indi@@', 'ens', 'neu@@', 'er', 'Pre@@', 'mi@@', 'er@@', 'minist@@', 'er', 'N@@', 'ar@@', 'end@@', 'ra', 'Mo@@', 'd@@', 'i', 'tri@@', 'fft', 'bei', 's@@', 'einem', 'ersten', 'wichti@@', 'gen', 'Aus@@', 'land@@', 's@@', 'bes@@', 'u@@', 'ch', 'seit', 's@@', 'einem', 'W@@', 'ah@@', 'l@@', 'si@@', 'e@@', 'g', 'im', 'Ma@@', 'i', 'seinen', 'j@@', 'ap@@', 'an@@', 'ischen', 'Am@@', 'ts@@', 'k@@', 'olle@@', 'gen', 'S@@', 'hin@@', 'z@@', 'o', 'A@@', 'be', 'in', 'T@@', 'ok@@', 'o', ',', 'um', 'wirtschaf@@', 'tliche', 'und', 'sicher@@', 'heits@@', 'politische', 'Be@@', 'zieh@@', 'ungen', 'zu', 'bes@@', 'pre@@', 'chen', '.']
2026-05-09 12:07:48,147 - DEBUG - joeynmt.training - 	Tokenized reference:  ['Indi@@', 'a', '&apos;s', 'new', 'pri@@', 'me', 'minist@@', 'er', ',', 'N@@', 'ar@@', 'end@@', 'ra', 'Mo@@', 'd@@', 'i', ',', 'is', 'me@@', 'eting', 'his', 'J@@', 'ap@@', 'an@@', 'ese', 'coun@@', 'ter@@', 'part', ',', 'S@@', 'hin@@', 'z@@', 'o', 'A@@', 'be', ',', 'in', 'T@@', 'ok@@', 'y@@', 'o', 'to', 'disc@@', 'uss', 'economic', 'and', 'security', 'ties', ',', 'on', 'his', 'first', 'major', 'fore@@', 'ign', 'visi@@', 't', 'since', 'w@@', 'inn@@', 'ing', 'Ma@@', 'y', '&apos;s', 'elec@@', 'tion', '.']
2026-05-09 12:07:48,147 - DEBUG - joeynmt.training - 	Tokenized hypothesis: ['Indi@@', 'a', '&apos;s', 'new', 'Pri@@', 'me', 'Minist@@', 'er', 'N@@', 'ar@@', 'end@@', 'a', ',', 'is', 'the', 'first', 'important', 'ex@@', 'clu@@', 'ding', 'his', 'first', 'important', 'ex@@', 'clu@@', 'ding', 'his', 'elec@@', 'tion', 'since', 'his', 'J@@', 'ap@@', 'an@@', 'ese', 'he', 'has', 'been', 'in', 'Ma@@', 'y', 'in', 'Ma@@', 'y', 'to', 'his', 'J@@', 'ap@@', 'an@@', 'ese', 'Am@@', 'ts@@', 'k@@', 'o', ',', 'in', 'T@@', 'ok@@', 'o', ',', 'in', 'the', 'T@@', 'ok@@', 'o', ',', 'in', 'the', 'T@@', 'ok@@', 'o', ',', 'in', 'his', 'first', 'place', ',', 'with', 'its', 'own', 'own', 'S@@', 'hin@@', 'z@@', 'o', ',', 'in', 'the', 'first', 'place', '.', '</s>']
2026-05-09 12:07:48,148 - INFO - joeynmt.training - 	Source:     Indiens neuer Premierminister Narendra Modi trifft bei seinem ersten wichtigen Auslandsbesuch seit seinem Wahlsieg im Mai seinen japanischen Amtskollegen Shinzo Abe in Toko , um wirtschaftliche und sicherheitspolitische Beziehungen zu besprechen .
2026-05-09 12:07:48,148 - INFO - joeynmt.training - 	Reference:  India &apos;s new prime minister , Narendra Modi , is meeting his Japanese counterpart , Shinzo Abe , in Tokyo to discuss economic and security ties , on his first major foreign visit since winning May &apos;s election .
2026-05-09 12:07:48,148 - INFO - joeynmt.training - 	Hypothesis: India &apos;s new Prime Minister Narenda , is the first important excluding his first important excluding his election since his Japanese he has been in May in May to his Japanese Amtsko , in Toko , in the Toko , in the Toko , in his first place , with its own own Shinzo , in the first place .
2026-05-09 12:07:48,148 - INFO - joeynmt.training - Example #2
2026-05-09 12:07:48,148 - DEBUG - joeynmt.training - 	Tokenized source:     ['Herr', 'Mo@@', 'd@@', 'i', 'befindet', 'sich', 'auf', 'einer', 'fü@@', 'n@@', 'f@@', 'tä@@', 'gi@@', 'gen', 'Rei@@', 'se', 'nach', 'J@@', 'ap@@', 'an', ',', 'um', 'die', 'wirtschaf@@', 'tlichen', 'Be@@', 'zieh@@', 'ungen', 'mit', 'der', 'd@@', 'rit@@', 't@@', 'größ@@', 'ten', 'Wirtschafts@@', 'n@@', 'ation', 'der', 'Welt', 'zu', 'fes@@', 'tigen', '.']
2026-05-09 12:07:48,148 - DEBUG - joeynmt.training - 	Tokenized reference:  ['Mr', 'Mo@@', 'd@@', 'i', 'is', 'on', 'a', 'fi@@', 've', '@@@', '-@@', '@', 'day', 'tri@@', 'p', 'to', 'J@@', 'ap@@', 'an', 'to', 'streng@@', 'then', 'economic', 'ties', 'with', 'the', 'third', 'lar@@', 'ges@@', 't', 'econom@@', 'y', 'in', 'the', 'world', '.']
2026-05-09 12:07:48,148 - DEBUG - joeynmt.training - 	Tokenized hypothesis: ['Mr', 'Mo@@', 'd@@', 'i', 'is', 'located', 'on', 'a', 'fi@@', 'f@@', 'ty', 'to', 'the', 'j@@', 'our@@', 'ne@@', 'y', 'of', 'the', 'world', '&apos;s', 'economic', 'rel@@', 'ations', 'with', 'the', 'third', 'lar@@', 'ges@@', 't', 'economic', 'rel@@', 'ations', 'with', 'the', 'third', 'lar@@', 'ges@@', 't', 'economic', 'rel@@', 'ations', '.', '</s>']
2026-05-09 12:07:48,148 - INFO - joeynmt.training - 	Source:     Herr Modi befindet sich auf einer fünftägigen Reise nach Japan , um die wirtschaftlichen Beziehungen mit der drittgrößten Wirtschaftsnation der Welt zu festigen .
2026-05-09 12:07:48,148 - INFO - joeynmt.training - 	Reference:  Mr Modi is on a five @-@ day trip to Japan to strengthen economic ties with the third largest economy in the world .
2026-05-09 12:07:48,148 - INFO - joeynmt.training - 	Hypothesis: Mr Modi is located on a fifty to the journey of the world &apos;s economic relations with the third largest economic relations with the third largest economic relations .
2026-05-09 12:07:48,148 - INFO - joeynmt.training - Example #3
2026-05-09 12:07:48,148 - DEBUG - joeynmt.training - 	Tokenized source:     ['P@@', 'län@@', 'e', 'für', 'eine', 'stärk@@', 'ere', 'k@@', 'ern@@', 'techn@@', 'ische', 'Zusammenarbeit', 'stehen', 'ganz', 'ob@@', 'en', 'auf', 'der', 'Tag@@', 'es@@', 'ordnung', '.']
2026-05-09 12:07:48,148 - DEBUG - joeynmt.training - 	Tokenized reference:  ['high', 'on', 'the', 'agen@@', 'da', 'are', 'pl@@', 'ans', 'for', 'gre@@', 'ater', 'nu@@', 'clear', 'c@@', 'o', '@@@', '-@@', '@', 'operation', '.']
2026-05-09 12:07:48,148 - DEBUG - joeynmt.training - 	Tokenized hypothesis: ['P@@', 'lon@@', 'de', '&apos;s', 'cooperation', 'are', 'very', 'ob@@', 'vi@@', 'ous', 'on', 'the', 'agen@@', 'da', '.', '</s>']
2026-05-09 12:07:48,148 - INFO - joeynmt.training - 	Source:     Pläne für eine stärkere kerntechnische Zusammenarbeit stehen ganz oben auf der Tagesordnung .
2026-05-09 12:07:48,148 - INFO - joeynmt.training - 	Reference:  high on the agenda are plans for greater nuclear co @-@ operation .
2026-05-09 12:07:48,148 - INFO - joeynmt.training - 	Hypothesis: Plonde &apos;s cooperation are very obvious on the agenda .
2026-05-09 12:07:48,148 - INFO - joeynmt.training - Example #4
2026-05-09 12:07:48,148 - DEBUG - joeynmt.training - 	Tokenized source:     ['Berich@@', 'ten', 'zu@@', 'fol@@', 'ge', 'ho@@', 'fft', 'Indi@@', 'en', 'darüber', 'hinaus', 'auf', 'einen', 'Ver@@', 'trag', 'zur', 'Ver@@', 'tei@@', 'dig@@', 'ungs@@', 'zusammen@@', 'arbeit', 'zwischen', 'den', 'beiden', 'N@@', 'ationen', '.']
2026-05-09 12:07:48,148 - DEBUG - joeynmt.training - 	Tokenized reference:  ['Indi@@', 'a', 'is', 'also', 're@@', 'porte@@', 'dly', 'hop@@', 'ing', 'for', 'a', 'de@@', 'al', 'on', 'def@@', 'ence', 'c@@', 'oll@@', 'ab@@', 'or@@', 'ation', 'between', 'the', 'two', 'n@@', 'ations', '.']
2026-05-09 12:07:48,148 - DEBUG - joeynmt.training - 	Tokenized hypothesis: ['re@@', 'ports', 'on', 'the', 'con@@', 'sequ@@', 'ences', 'of', 'the', 're@@', 'ports', 'on', 'a', 'con@@', 'tra@@', 'ct', 'of', 'a', 'con@@', 'tra@@', 'ct', 'on', 'a', 'con@@', 'tra@@', 'st', 'of', 'con@@', 'duc@@', 't', 'cooperation', 'between', 'the', 'two', 'n@@', 'ations', '.', '</s>']
2026-05-09 12:07:48,148 - INFO - joeynmt.training - 	Source:     Berichten zufolge hofft Indien darüber hinaus auf einen Vertrag zur Verteidigungszusammenarbeit zwischen den beiden Nationen .
2026-05-09 12:07:48,148 - INFO - joeynmt.training - 	Reference:  India is also reportedly hoping for a deal on defence collaboration between the two nations .
2026-05-09 12:07:48,148 - INFO - joeynmt.training - 	Hypothesis: reports on the consequences of the reports on a contract of a contract on a contrast of conduct cooperation between the two nations .
2026-05-09 12:08:03,857 - INFO - joeynmt.training - Epoch   9, Step:    35100, Batch Loss:     1.790829, Batch Acc: 0.522269, Tokens per Sec:     5787, Lr: 0.000300
2026-05-09 12:08:19,803 - INFO - joeynmt.training - Epoch   9, Step:    35200, Batch Loss:     1.707633, Batch Acc: 0.527892, Tokens per Sec:     5707, Lr: 0.000300
2026-05-09 12:08:35,672 - INFO - joeynmt.training - Epoch   9, Step:    35300, Batch Loss:     1.753188, Batch Acc: 0.518995, Tokens per Sec:     5730, Lr: 0.000300
2026-05-09 12:08:51,635 - INFO - joeynmt.training - Epoch   9, Step:    35400, Batch Loss:     1.734967, Batch Acc: 0.527048, Tokens per Sec:     5765, Lr: 0.000300
2026-05-09 12:09:07,618 - INFO - joeynmt.training - Epoch   9, Step:    35500, Batch Loss:     1.944738, Batch Acc: 0.525866, Tokens per Sec:     5728, Lr: 0.000300
2026-05-09 12:09:07,618 - INFO - joeynmt.prediction - Predicting 500 example(s)... (Greedy decoding with min_output_length=1, max_output_length=-1, return_prob='none', generate_unk=True, repetition_penalty=-1, no_repeat_ngram_size=-1)
2026-05-09 12:09:33,798 - INFO - joeynmt.prediction - Evaluation result (greedy) loss:   2.13, ppl:   8.40, acc:   0.45, generation: 26.1765[sec], evaluation: 0.0000[sec]
2026-05-09 12:09:33,799 - INFO - joeynmt.training - Hooray! New best validation result [ppl]!
2026-05-09 12:09:33,870 - INFO - joeynmt.helpers - delete models/deen_transformer_post/34500.ckpt
2026-05-09 12:09:33,873 - INFO - joeynmt.training - Example #0
2026-05-09 12:09:33,873 - DEBUG - joeynmt.training - 	Tokenized source:     ['die', 'Pre@@', 'mi@@', 'er@@', 'minist@@', 'er', 'Indi@@', 'ens', 'und', 'J@@', 'ap@@', 'ans', 'tra@@', 'fen', 'sich', 'in', 'T@@', 'ok@@', 'i@@', 'o', '.']
2026-05-09 12:09:33,873 - DEBUG - joeynmt.training - 	Tokenized reference:  ['Indi@@', 'a', 'and', 'J@@', 'ap@@', 'an', 'pri@@', 'me', 'minist@@', 'ers', 'me@@', 'et', 'in', 'T@@', 'ok@@', 'y@@', 'o']
2026-05-09 12:09:33,873 - DEBUG - joeynmt.training - 	Tokenized hypothesis: ['Pri@@', 'me', 'Minist@@', 'er', 'of', 'Minist@@', 'er', 'and', 'J@@', 'ap@@', 'an', 'to', 're@@', 'ach', 'the', 'J@@', 'ap@@', 'an', '.', '</s>']
2026-05-09 12:09:33,873 - INFO - joeynmt.training - 	Source:     die Premierminister Indiens und Japans trafen sich in Tokio .
2026-05-09 12:09:33,873 - INFO - joeynmt.training - 	Reference:  India and Japan prime ministers meet in Tokyo
2026-05-09 12:09:33,873 - INFO - joeynmt.training - 	Hypothesis: Prime Minister of Minister and Japan to reach the Japan .
2026-05-09 12:09:33,873 - INFO - joeynmt.training - Example #1
2026-05-09 12:09:33,873 - DEBUG - joeynmt.training - 	Tokenized source:     ['Indi@@', 'ens', 'neu@@', 'er', 'Pre@@', 'mi@@', 'er@@', 'minist@@', 'er', 'N@@', 'ar@@', 'end@@', 'ra', 'Mo@@', 'd@@', 'i', 'tri@@', 'fft', 'bei', 's@@', 'einem', 'ersten', 'wichti@@', 'gen', 'Aus@@', 'land@@', 's@@', 'bes@@', 'u@@', 'ch', 'seit', 's@@', 'einem', 'W@@', 'ah@@', 'l@@', 'si@@', 'e@@', 'g', 'im', 'Ma@@', 'i', 'seinen', 'j@@', 'ap@@', 'an@@', 'ischen', 'Am@@', 'ts@@', 'k@@', 'olle@@', 'gen', 'S@@', 'hin@@', 'z@@', 'o', 'A@@', 'be', 'in', 'T@@', 'ok@@', 'o', ',', 'um', 'wirtschaf@@', 'tliche', 'und', 'sicher@@', 'heits@@', 'politische', 'Be@@', 'zieh@@', 'ungen', 'zu', 'bes@@', 'pre@@', 'chen', '.']
2026-05-09 12:09:33,873 - DEBUG - joeynmt.training - 	Tokenized reference:  ['Indi@@', 'a', '&apos;s', 'new', 'pri@@', 'me', 'minist@@', 'er', ',', 'N@@', 'ar@@', 'end@@', 'ra', 'Mo@@', 'd@@', 'i', ',', 'is', 'me@@', 'eting', 'his', 'J@@', 'ap@@', 'an@@', 'ese', 'coun@@', 'ter@@', 'part', ',', 'S@@', 'hin@@', 'z@@', 'o', 'A@@', 'be', ',', 'in', 'T@@', 'ok@@', 'y@@', 'o', 'to', 'disc@@', 'uss', 'economic', 'and', 'security', 'ties', ',', 'on', 'his', 'first', 'major', 'fore@@', 'ign', 'visi@@', 't', 'since', 'w@@', 'inn@@', 'ing', 'Ma@@', 'y', '&apos;s', 'elec@@', 'tion', '.']
2026-05-09 12:09:33,873 - DEBUG - joeynmt.training - 	Tokenized hypothesis: ['Indi@@', 'a', '&apos;s', 'new', 'Pri@@', 'me', 'Minist@@', 'er', 'N@@', 'ar@@', 'end@@', 'ra', 'Mo@@', 'd@@', 'i', 'is', 'the', 'first', 'important', 'ex@@', 'clu@@', 'sion', 'of', 'his', 'first', 'important', 'ex@@', 'clu@@', 'sion', 'in', 'Ma@@', 'y', ',', 'has', 'been', 'the', 'first', 'of', 'its', 'J@@', 'ap@@', 'an@@', 'ese', ',', 'S@@', 'hin@@', 'z@@', 'o', 'A@@', 'be', 'in', 'T@@', 'ok@@', 'o', ',', 'in', 'the', 'M@@', 'ini@@', 'stry', 'of', 'S@@', 'hin@@', 'z@@', 'o', ',', 'in', 'the', 'first', 'place', '.', '</s>']
2026-05-09 12:09:33,874 - INFO - joeynmt.training - 	Source:     Indiens neuer Premierminister Narendra Modi trifft bei seinem ersten wichtigen Auslandsbesuch seit seinem Wahlsieg im Mai seinen japanischen Amtskollegen Shinzo Abe in Toko , um wirtschaftliche und sicherheitspolitische Beziehungen zu besprechen .
2026-05-09 12:09:33,874 - INFO - joeynmt.training - 	Reference:  India &apos;s new prime minister , Narendra Modi , is meeting his Japanese counterpart , Shinzo Abe , in Tokyo to discuss economic and security ties , on his first major foreign visit since winning May &apos;s election .
2026-05-09 12:09:33,874 - INFO - joeynmt.training - 	Hypothesis: India &apos;s new Prime Minister Narendra Modi is the first important exclusion of his first important exclusion in May , has been the first of its Japanese , Shinzo Abe in Toko , in the Ministry of Shinzo , in the first place .
2026-05-09 12:09:33,874 - INFO - joeynmt.training - Example #2
2026-05-09 12:09:33,874 - DEBUG - joeynmt.training - 	Tokenized source:     ['Herr', 'Mo@@', 'd@@', 'i', 'befindet', 'sich', 'auf', 'einer', 'fü@@', 'n@@', 'f@@', 'tä@@', 'gi@@', 'gen', 'Rei@@', 'se', 'nach', 'J@@', 'ap@@', 'an', ',', 'um', 'die', 'wirtschaf@@', 'tlichen', 'Be@@', 'zieh@@', 'ungen', 'mit', 'der', 'd@@', 'rit@@', 't@@', 'größ@@', 'ten', 'Wirtschafts@@', 'n@@', 'ation', 'der', 'Welt', 'zu', 'fes@@', 'tigen', '.']
2026-05-09 12:09:33,874 - DEBUG - joeynmt.training - 	Tokenized reference:  ['Mr', 'Mo@@', 'd@@', 'i', 'is', 'on', 'a', 'fi@@', 've', '@@@', '-@@', '@', 'day', 'tri@@', 'p', 'to', 'J@@', 'ap@@', 'an', 'to', 'streng@@', 'then', 'economic', 'ties', 'with', 'the', 'third', 'lar@@', 'ges@@', 't', 'econom@@', 'y', 'in', 'the', 'world', '.']
2026-05-09 12:09:33,874 - DEBUG - joeynmt.training - 	Tokenized hypothesis: ['Mr', 'Mo@@', 'd@@', 'i', 'is', 'located', 'on', 'a', 'fi@@', 'f@@', 'ty', 'tra@@', 'v@@', 'el', 'to', 'J@@', 'ap@@', 'an', 'to', 'the', 'economic', 'rel@@', 'ations', 'with', 'the', 'third', 'lar@@', 'ges@@', 't', 'economic', 'rel@@', 'ations', '.', '</s>']
2026-05-09 12:09:33,874 - INFO - joeynmt.training - 	Source:     Herr Modi befindet sich auf einer fünftägigen Reise nach Japan , um die wirtschaftlichen Beziehungen mit der drittgrößten Wirtschaftsnation der Welt zu festigen .
2026-05-09 12:09:33,874 - INFO - joeynmt.training - 	Reference:  Mr Modi is on a five @-@ day trip to Japan to strengthen economic ties with the third largest economy in the world .
2026-05-09 12:09:33,874 - INFO - joeynmt.training - 	Hypothesis: Mr Modi is located on a fifty travel to Japan to the economic relations with the third largest economic relations .
2026-05-09 12:09:33,874 - INFO - joeynmt.training - Example #3
2026-05-09 12:09:33,874 - DEBUG - joeynmt.training - 	Tokenized source:     ['P@@', 'län@@', 'e', 'für', 'eine', 'stärk@@', 'ere', 'k@@', 'ern@@', 'techn@@', 'ische', 'Zusammenarbeit', 'stehen', 'ganz', 'ob@@', 'en', 'auf', 'der', 'Tag@@', 'es@@', 'ordnung', '.']
2026-05-09 12:09:33,874 - DEBUG - joeynmt.training - 	Tokenized reference:  ['high', 'on', 'the', 'agen@@', 'da', 'are', 'pl@@', 'ans', 'for', 'gre@@', 'ater', 'nu@@', 'clear', 'c@@', 'o', '@@@', '-@@', '@', 'operation', '.']
2026-05-09 12:09:33,874 - DEBUG - joeynmt.training - 	Tokenized hypothesis: ['P@@', 'lon@@', 'e', 'for', 'gre@@', 'ater', 'nu@@', 'clear', 'techn@@', 'ical', 'cooperation', 'is', 'on', 'the', 'agen@@', 'da', '.', '</s>']
2026-05-09 12:09:33,874 - INFO - joeynmt.training - 	Source:     Pläne für eine stärkere kerntechnische Zusammenarbeit stehen ganz oben auf der Tagesordnung .
2026-05-09 12:09:33,874 - INFO - joeynmt.training - 	Reference:  high on the agenda are plans for greater nuclear co @-@ operation .
2026-05-09 12:09:33,874 - INFO - joeynmt.training - 	Hypothesis: Plone for greater nuclear technical cooperation is on the agenda .
2026-05-09 12:09:33,874 - INFO - joeynmt.training - Example #4
2026-05-09 12:09:33,874 - DEBUG - joeynmt.training - 	Tokenized source:     ['Berich@@', 'ten', 'zu@@', 'fol@@', 'ge', 'ho@@', 'fft', 'Indi@@', 'en', 'darüber', 'hinaus', 'auf', 'einen', 'Ver@@', 'trag', 'zur', 'Ver@@', 'tei@@', 'dig@@', 'ungs@@', 'zusammen@@', 'arbeit', 'zwischen', 'den', 'beiden', 'N@@', 'ationen', '.']
2026-05-09 12:09:33,874 - DEBUG - joeynmt.training - 	Tokenized reference:  ['Indi@@', 'a', 'is', 'also', 're@@', 'porte@@', 'dly', 'hop@@', 'ing', 'for', 'a', 'de@@', 'al', 'on', 'def@@', 'ence', 'c@@', 'oll@@', 'ab@@', 'or@@', 'ation', 'between', 'the', 'two', 'n@@', 'ations', '.']
2026-05-09 12:09:33,874 - DEBUG - joeynmt.training - 	Tokenized hypothesis: ['re@@', 'ports', 'in', 'the', 're@@', 'ports', 'of', 'Indi@@', 'a', 'is', 'also', 'the', 'con@@', 'tra@@', 'ct', 'to', 'def@@', 'end', 'the', 'two', 'N@@', 'ations', '.', '</s>']
2026-05-09 12:09:33,874 - INFO - joeynmt.training - 	Source:     Berichten zufolge hofft Indien darüber hinaus auf einen Vertrag zur Verteidigungszusammenarbeit zwischen den beiden Nationen .
2026-05-09 12:09:33,874 - INFO - joeynmt.training - 	Reference:  India is also reportedly hoping for a deal on defence collaboration between the two nations .
2026-05-09 12:09:33,874 - INFO - joeynmt.training - 	Hypothesis: reports in the reports of India is also the contract to defend the two Nations .
2026-05-09 12:09:50,111 - INFO - joeynmt.training - Epoch   9, Step:    35600, Batch Loss:     1.712315, Batch Acc: 0.533087, Tokens per Sec:     5700, Lr: 0.000300
2026-05-09 12:10:06,310 - INFO - joeynmt.training - Epoch   9, Step:    35700, Batch Loss:     1.651000, Batch Acc: 0.526352, Tokens per Sec:     5726, Lr: 0.000300
2026-05-09 12:10:22,251 - INFO - joeynmt.training - Epoch   9, Step:    35800, Batch Loss:     1.977917, Batch Acc: 0.522676, Tokens per Sec:     5684, Lr: 0.000300
2026-05-09 12:10:38,068 - INFO - joeynmt.training - Epoch   9, Step:    35900, Batch Loss:     1.737796, Batch Acc: 0.520628, Tokens per Sec:     5747, Lr: 0.000300
2026-05-09 12:10:53,837 - INFO - joeynmt.training - Epoch   9, Step:    36000, Batch Loss:     1.989106, Batch Acc: 0.519977, Tokens per Sec:     5755, Lr: 0.000300
2026-05-09 12:10:53,837 - INFO - joeynmt.prediction - Predicting 500 example(s)... (Greedy decoding with min_output_length=1, max_output_length=-1, return_prob='none', generate_unk=True, repetition_penalty=-1, no_repeat_ngram_size=-1)
2026-05-09 12:11:22,707 - INFO - joeynmt.prediction - Evaluation result (greedy) loss:   2.13, ppl:   8.44, acc:   0.45, generation: 28.8660[sec], evaluation: 0.0000[sec]
2026-05-09 12:11:22,779 - INFO - joeynmt.helpers - delete models/deen_transformer_post/33500.ckpt
2026-05-09 12:11:22,782 - INFO - joeynmt.training - Example #0
2026-05-09 12:11:22,782 - DEBUG - joeynmt.training - 	Tokenized source:     ['die', 'Pre@@', 'mi@@', 'er@@', 'minist@@', 'er', 'Indi@@', 'ens', 'und', 'J@@', 'ap@@', 'ans', 'tra@@', 'fen', 'sich', 'in', 'T@@', 'ok@@', 'i@@', 'o', '.']
2026-05-09 12:11:22,782 - DEBUG - joeynmt.training - 	Tokenized reference:  ['Indi@@', 'a', 'and', 'J@@', 'ap@@', 'an', 'pri@@', 'me', 'minist@@', 'ers', 'me@@', 'et', 'in', 'T@@', 'ok@@', 'y@@', 'o']
2026-05-09 12:11:22,782 - DEBUG - joeynmt.training - 	Tokenized hypothesis: ['the', 'pri@@', 'me', 'minist@@', 'er', 'of', 'the', 'Pri@@', 'me', 'Minist@@', 'er', 'of', 'J@@', 'ap@@', 'ans', 'and', 'J@@', 'ap@@', 'ans', 'are', 'tra@@', 'v@@', 'ell@@', 'ing', 'in', 'T@@', 'ok@@', 'y@@', 'o', '.', '</s>']
2026-05-09 12:11:22,782 - INFO - joeynmt.training - 	Source:     die Premierminister Indiens und Japans trafen sich in Tokio .
2026-05-09 12:11:22,782 - INFO - joeynmt.training - 	Reference:  India and Japan prime ministers meet in Tokyo
2026-05-09 12:11:22,782 - INFO - joeynmt.training - 	Hypothesis: the prime minister of the Prime Minister of Japans and Japans are travelling in Tokyo .
2026-05-09 12:11:22,782 - INFO - joeynmt.training - Example #1
2026-05-09 12:11:22,782 - DEBUG - joeynmt.training - 	Tokenized source:     ['Indi@@', 'ens', 'neu@@', 'er', 'Pre@@', 'mi@@', 'er@@', 'minist@@', 'er', 'N@@', 'ar@@', 'end@@', 'ra', 'Mo@@', 'd@@', 'i', 'tri@@', 'fft', 'bei', 's@@', 'einem', 'ersten', 'wichti@@', 'gen', 'Aus@@', 'land@@', 's@@', 'bes@@', 'u@@', 'ch', 'seit', 's@@', 'einem', 'W@@', 'ah@@', 'l@@', 'si@@', 'e@@', 'g', 'im', 'Ma@@', 'i', 'seinen', 'j@@', 'ap@@', 'an@@', 'ischen', 'Am@@', 'ts@@', 'k@@', 'olle@@', 'gen', 'S@@', 'hin@@', 'z@@', 'o', 'A@@', 'be', 'in', 'T@@', 'ok@@', 'o', ',', 'um', 'wirtschaf@@', 'tliche', 'und', 'sicher@@', 'heits@@', 'politische', 'Be@@', 'zieh@@', 'ungen', 'zu', 'bes@@', 'pre@@', 'chen', '.']
2026-05-09 12:11:22,782 - DEBUG - joeynmt.training - 	Tokenized reference:  ['Indi@@', 'a', '&apos;s', 'new', 'pri@@', 'me', 'minist@@', 'er', ',', 'N@@', 'ar@@', 'end@@', 'ra', 'Mo@@', 'd@@', 'i', ',', 'is', 'me@@', 'eting', 'his', 'J@@', 'ap@@', 'an@@', 'ese', 'coun@@', 'ter@@', 'part', ',', 'S@@', 'hin@@', 'z@@', 'o', 'A@@', 'be', ',', 'in', 'T@@', 'ok@@', 'y@@', 'o', 'to', 'disc@@', 'uss', 'economic', 'and', 'security', 'ties', ',', 'on', 'his', 'first', 'major', 'fore@@', 'ign', 'visi@@', 't', 'since', 'w@@', 'inn@@', 'ing', 'Ma@@', 'y', '&apos;s', 'elec@@', 'tion', '.']
2026-05-09 12:11:22,782 - DEBUG - joeynmt.training - 	Tokenized hypothesis: ['Indi@@', 'a', '&apos;s', 'new', 'Pri@@', 'me', 'Minist@@', 'er', 'N@@', 'ar@@', 'end@@', 'ra', 'Mo@@', 'd@@', 'i', ',', 'is', 'the', 'first', 'important', 'ex@@', 'clu@@', 'sion', 'of', 'his', 'J@@', 'ap@@', 'an@@', 'ese', ',', 'in', 'the', 'M@@', 'ini@@', 'an', 'off@@', 'i@@', 'cial', 'S@@', 'hin@@', 'z@@', 'e@@', 'ch', 'S@@', 'hin@@', 'z@@', 'e@@', 'ch', 'S@@', 'hin@@', 'z@@', 'e@@', 'ch', 'in', 'T@@', 'ok@@', 'o', ',', 'in', 'the', 'M@@', 'us@@', 'li@@', 'm', 'and', 'S@@', 'hin@@', 'z@@', 'e@@', 'ch', '.', '</s>']
2026-05-09 12:11:22,782 - INFO - joeynmt.training - 	Source:     Indiens neuer Premierminister Narendra Modi trifft bei seinem ersten wichtigen Auslandsbesuch seit seinem Wahlsieg im Mai seinen japanischen Amtskollegen Shinzo Abe in Toko , um wirtschaftliche und sicherheitspolitische Beziehungen zu besprechen .
2026-05-09 12:11:22,782 - INFO - joeynmt.training - 	Reference:  India &apos;s new prime minister , Narendra Modi , is meeting his Japanese counterpart , Shinzo Abe , in Tokyo to discuss economic and security ties , on his first major foreign visit since winning May &apos;s election .
2026-05-09 12:11:22,782 - INFO - joeynmt.training - 	Hypothesis: India &apos;s new Prime Minister Narendra Modi , is the first important exclusion of his Japanese , in the Minian official Shinzech Shinzech Shinzech in Toko , in the Muslim and Shinzech .
2026-05-09 12:11:22,782 - INFO - joeynmt.training - Example #2
2026-05-09 12:11:22,782 - DEBUG - joeynmt.training - 	Tokenized source:     ['Herr', 'Mo@@', 'd@@', 'i', 'befindet', 'sich', 'auf', 'einer', 'fü@@', 'n@@', 'f@@', 'tä@@', 'gi@@', 'gen', 'Rei@@', 'se', 'nach', 'J@@', 'ap@@', 'an', ',', 'um', 'die', 'wirtschaf@@', 'tlichen', 'Be@@', 'zieh@@', 'ungen', 'mit', 'der', 'd@@', 'rit@@', 't@@', 'größ@@', 'ten', 'Wirtschafts@@', 'n@@', 'ation', 'der', 'Welt', 'zu', 'fes@@', 'tigen', '.']
2026-05-09 12:11:22,782 - DEBUG - joeynmt.training - 	Tokenized reference:  ['Mr', 'Mo@@', 'd@@', 'i', 'is', 'on', 'a', 'fi@@', 've', '@@@', '-@@', '@', 'day', 'tri@@', 'p', 'to', 'J@@', 'ap@@', 'an', 'to', 'streng@@', 'then', 'economic', 'ties', 'with', 'the', 'third', 'lar@@', 'ges@@', 't', 'econom@@', 'y', 'in', 'the', 'world', '.']
2026-05-09 12:11:22,782 - DEBUG - joeynmt.training - 	Tokenized hypothesis: ['Mr', 'Mo@@', 'd@@', 'i', 'is', 'located', 'on', 'one', 'of', 'the', 'fi@@', 'f@@', 'ty', 'to', 'the', 'J@@', 'ap@@', 'an', 'to', 're@@', 'duce', 'the', 'economic', 'rel@@', 'ations', 'with', 'the', 'third', 'lar@@', 'ges@@', 't', 'economic', 'rel@@', 'ations', 'with', 'the', 'third', 'lar@@', 'ges@@', 't', 'economic', 'rel@@', 'ations', '.', '</s>']
2026-05-09 12:11:22,782 - INFO - joeynmt.training - 	Source:     Herr Modi befindet sich auf einer fünftägigen Reise nach Japan , um die wirtschaftlichen Beziehungen mit der drittgrößten Wirtschaftsnation der Welt zu festigen .
2026-05-09 12:11:22,782 - INFO - joeynmt.training - 	Reference:  Mr Modi is on a five @-@ day trip to Japan to strengthen economic ties with the third largest economy in the world .
2026-05-09 12:11:22,782 - INFO - joeynmt.training - 	Hypothesis: Mr Modi is located on one of the fifty to the Japan to reduce the economic relations with the third largest economic relations with the third largest economic relations .
2026-05-09 12:11:22,782 - INFO - joeynmt.training - Example #3
2026-05-09 12:11:22,782 - DEBUG - joeynmt.training - 	Tokenized source:     ['P@@', 'län@@', 'e', 'für', 'eine', 'stärk@@', 'ere', 'k@@', 'ern@@', 'techn@@', 'ische', 'Zusammenarbeit', 'stehen', 'ganz', 'ob@@', 'en', 'auf', 'der', 'Tag@@', 'es@@', 'ordnung', '.']
2026-05-09 12:11:22,782 - DEBUG - joeynmt.training - 	Tokenized reference:  ['high', 'on', 'the', 'agen@@', 'da', 'are', 'pl@@', 'ans', 'for', 'gre@@', 'ater', 'nu@@', 'clear', 'c@@', 'o', '@@@', '-@@', '@', 'operation', '.']
2026-05-09 12:11:22,782 - DEBUG - joeynmt.training - 	Tokenized hypothesis: ['pl@@', 'ans', 'for', 'gre@@', 'ater', 'nu@@', 'clear', 'techn@@', 'ical', 'cooperation', 'are', 'at', 'the', 'agen@@', 'da', '.', '</s>']
2026-05-09 12:11:22,783 - INFO - joeynmt.training - 	Source:     Pläne für eine stärkere kerntechnische Zusammenarbeit stehen ganz oben auf der Tagesordnung .
2026-05-09 12:11:22,783 - INFO - joeynmt.training - 	Reference:  high on the agenda are plans for greater nuclear co @-@ operation .
2026-05-09 12:11:22,783 - INFO - joeynmt.training - 	Hypothesis: plans for greater nuclear technical cooperation are at the agenda .
2026-05-09 12:11:22,783 - INFO - joeynmt.training - Example #4
2026-05-09 12:11:22,783 - DEBUG - joeynmt.training - 	Tokenized source:     ['Berich@@', 'ten', 'zu@@', 'fol@@', 'ge', 'ho@@', 'fft', 'Indi@@', 'en', 'darüber', 'hinaus', 'auf', 'einen', 'Ver@@', 'trag', 'zur', 'Ver@@', 'tei@@', 'dig@@', 'ungs@@', 'zusammen@@', 'arbeit', 'zwischen', 'den', 'beiden', 'N@@', 'ationen', '.']
2026-05-09 12:11:22,783 - DEBUG - joeynmt.training - 	Tokenized reference:  ['Indi@@', 'a', 'is', 'also', 're@@', 'porte@@', 'dly', 'hop@@', 'ing', 'for', 'a', 'de@@', 'al', 'on', 'def@@', 'ence', 'c@@', 'oll@@', 'ab@@', 'or@@', 'ation', 'between', 'the', 'two', 'n@@', 'ations', '.']
2026-05-09 12:11:22,783 - DEBUG - joeynmt.training - 	Tokenized hypothesis: ['the', 're@@', 'ports', 'of', 'the', 're@@', 'ports', ',', 'in', 'ad@@', 'dition', 'to', 'a', 'con@@', 'tra@@', 'ct', 'between', 'the', 'two', 'N@@', 'ations', '.', '</s>']
2026-05-09 12:11:22,783 - INFO - joeynmt.training - 	Source:     Berichten zufolge hofft Indien darüber hinaus auf einen Vertrag zur Verteidigungszusammenarbeit zwischen den beiden Nationen .
2026-05-09 12:11:22,783 - INFO - joeynmt.training - 	Reference:  India is also reportedly hoping for a deal on defence collaboration between the two nations .
2026-05-09 12:11:22,783 - INFO - joeynmt.training - 	Hypothesis: the reports of the reports , in addition to a contract between the two Nations .
2026-05-09 12:11:38,533 - INFO - joeynmt.training - Epoch   9, Step:    36100, Batch Loss:     1.667639, Batch Acc: 0.523661, Tokens per Sec:     5710, Lr: 0.000300
2026-05-09 12:11:54,242 - INFO - joeynmt.training - Epoch   9, Step:    36200, Batch Loss:     1.479311, Batch Acc: 0.526517, Tokens per Sec:     5894, Lr: 0.000300
2026-05-09 12:12:09,893 - INFO - joeynmt.training - Epoch   9, Step:    36300, Batch Loss:     1.745976, Batch Acc: 0.516600, Tokens per Sec:     5812, Lr: 0.000300
2026-05-09 12:12:25,576 - INFO - joeynmt.training - Epoch   9, Step:    36400, Batch Loss:     1.963930, Batch Acc: 0.521268, Tokens per Sec:     5835, Lr: 0.000300
2026-05-09 12:12:41,244 - INFO - joeynmt.training - Epoch   9, Step:    36500, Batch Loss:     1.580747, Batch Acc: 0.523800, Tokens per Sec:     5813, Lr: 0.000300
2026-05-09 12:12:41,245 - INFO - joeynmt.prediction - Predicting 500 example(s)... (Greedy decoding with min_output_length=1, max_output_length=-1, return_prob='none', generate_unk=True, repetition_penalty=-1, no_repeat_ngram_size=-1)
2026-05-09 12:13:05,103 - INFO - joeynmt.prediction - Evaluation result (greedy) loss:   2.13, ppl:   8.39, acc:   0.45, generation: 23.8545[sec], evaluation: 0.0000[sec]
2026-05-09 12:13:05,104 - INFO - joeynmt.training - Hooray! New best validation result [ppl]!
2026-05-09 12:13:05,181 - INFO - joeynmt.helpers - delete models/deen_transformer_post/32000.ckpt
2026-05-09 12:13:05,182 - INFO - joeynmt.training - Example #0
2026-05-09 12:13:05,182 - DEBUG - joeynmt.training - 	Tokenized source:     ['die', 'Pre@@', 'mi@@', 'er@@', 'minist@@', 'er', 'Indi@@', 'ens', 'und', 'J@@', 'ap@@', 'ans', 'tra@@', 'fen', 'sich', 'in', 'T@@', 'ok@@', 'i@@', 'o', '.']
2026-05-09 12:13:05,183 - DEBUG - joeynmt.training - 	Tokenized reference:  ['Indi@@', 'a', 'and', 'J@@', 'ap@@', 'an', 'pri@@', 'me', 'minist@@', 'ers', 'me@@', 'et', 'in', 'T@@', 'ok@@', 'y@@', 'o']
2026-05-09 12:13:05,183 - DEBUG - joeynmt.training - 	Tokenized hypothesis: ['the', 'Pri@@', 'me', 'Minist@@', 'er', 'of', 'Indi@@', 'a', 'and', 'J@@', 'ap@@', 'an', 'is', 'in', 'T@@', 'ok@@', 'y@@', 'o', '.', '</s>']
2026-05-09 12:13:05,183 - INFO - joeynmt.training - 	Source:     die Premierminister Indiens und Japans trafen sich in Tokio .
2026-05-09 12:13:05,183 - INFO - joeynmt.training - 	Reference:  India and Japan prime ministers meet in Tokyo
2026-05-09 12:13:05,183 - INFO - joeynmt.training - 	Hypothesis: the Prime Minister of India and Japan is in Tokyo .
2026-05-09 12:13:05,183 - INFO - joeynmt.training - Example #1
2026-05-09 12:13:05,183 - DEBUG - joeynmt.training - 	Tokenized source:     ['Indi@@', 'ens', 'neu@@', 'er', 'Pre@@', 'mi@@', 'er@@', 'minist@@', 'er', 'N@@', 'ar@@', 'end@@', 'ra', 'Mo@@', 'd@@', 'i', 'tri@@', 'fft', 'bei', 's@@', 'einem', 'ersten', 'wichti@@', 'gen', 'Aus@@', 'land@@', 's@@', 'bes@@', 'u@@', 'ch', 'seit', 's@@', 'einem', 'W@@', 'ah@@', 'l@@', 'si@@', 'e@@', 'g', 'im', 'Ma@@', 'i', 'seinen', 'j@@', 'ap@@', 'an@@', 'ischen', 'Am@@', 'ts@@', 'k@@', 'olle@@', 'gen', 'S@@', 'hin@@', 'z@@', 'o', 'A@@', 'be', 'in', 'T@@', 'ok@@', 'o', ',', 'um', 'wirtschaf@@', 'tliche', 'und', 'sicher@@', 'heits@@', 'politische', 'Be@@', 'zieh@@', 'ungen', 'zu', 'bes@@', 'pre@@', 'chen', '.']
2026-05-09 12:13:05,183 - DEBUG - joeynmt.training - 	Tokenized reference:  ['Indi@@', 'a', '&apos;s', 'new', 'pri@@', 'me', 'minist@@', 'er', ',', 'N@@', 'ar@@', 'end@@', 'ra', 'Mo@@', 'd@@', 'i', ',', 'is', 'me@@', 'eting', 'his', 'J@@', 'ap@@', 'an@@', 'ese', 'coun@@', 'ter@@', 'part', ',', 'S@@', 'hin@@', 'z@@', 'o', 'A@@', 'be', ',', 'in', 'T@@', 'ok@@', 'y@@', 'o', 'to', 'disc@@', 'uss', 'economic', 'and', 'security', 'ties', ',', 'on', 'his', 'first', 'major', 'fore@@', 'ign', 'visi@@', 't', 'since', 'w@@', 'inn@@', 'ing', 'Ma@@', 'y', '&apos;s', 'elec@@', 'tion', '.']
2026-05-09 12:13:05,183 - DEBUG - joeynmt.training - 	Tokenized hypothesis: ['Indi@@', 'a', '&apos;s', 'new', 'Pri@@', 'me', 'Minist@@', 'er', 'N@@', 'ar@@', 'end@@', 'ra', 'Mo@@', 'd@@', 'i', ',', 'in', 'his', 'first', 'first', 'major', 'ex@@', 'clu@@', 'si@@', 'vely', 'visi@@', 't', 'his', 'first', 'first', 'of', 'all', 'the', 'year', 'of', 'his', 'J@@', 'ap@@', 'an@@', 'ese', 'off@@', 'ice', 'in', 'Ma@@', 'y', ',', 'in', 'T@@', 'ok@@', 'o', ',', 'to', 'the', 'S@@', 'hin@@', 'z@@', 'e@@', 'in', 'T@@', 'ok@@', 'o', ',', 'in', 'the', 'M@@', 'ini@@', 'an', 'A@@', 'be', 'in', 'T@@', 'ok@@', 'a@@', 'y', '.', '</s>']
2026-05-09 12:13:05,183 - INFO - joeynmt.training - 	Source:     Indiens neuer Premierminister Narendra Modi trifft bei seinem ersten wichtigen Auslandsbesuch seit seinem Wahlsieg im Mai seinen japanischen Amtskollegen Shinzo Abe in Toko , um wirtschaftliche und sicherheitspolitische Beziehungen zu besprechen .
2026-05-09 12:13:05,183 - INFO - joeynmt.training - 	Reference:  India &apos;s new prime minister , Narendra Modi , is meeting his Japanese counterpart , Shinzo Abe , in Tokyo to discuss economic and security ties , on his first major foreign visit since winning May &apos;s election .
2026-05-09 12:13:05,183 - INFO - joeynmt.training - 	Hypothesis: India &apos;s new Prime Minister Narendra Modi , in his first first major exclusively visit his first first of all the year of his Japanese office in May , in Toko , to the Shinzein Toko , in the Minian Abe in Tokay .
2026-05-09 12:13:05,183 - INFO - joeynmt.training - Example #2
2026-05-09 12:13:05,183 - DEBUG - joeynmt.training - 	Tokenized source:     ['Herr', 'Mo@@', 'd@@', 'i', 'befindet', 'sich', 'auf', 'einer', 'fü@@', 'n@@', 'f@@', 'tä@@', 'gi@@', 'gen', 'Rei@@', 'se', 'nach', 'J@@', 'ap@@', 'an', ',', 'um', 'die', 'wirtschaf@@', 'tlichen', 'Be@@', 'zieh@@', 'ungen', 'mit', 'der', 'd@@', 'rit@@', 't@@', 'größ@@', 'ten', 'Wirtschafts@@', 'n@@', 'ation', 'der', 'Welt', 'zu', 'fes@@', 'tigen', '.']
2026-05-09 12:13:05,183 - DEBUG - joeynmt.training - 	Tokenized reference:  ['Mr', 'Mo@@', 'd@@', 'i', 'is', 'on', 'a', 'fi@@', 've', '@@@', '-@@', '@', 'day', 'tri@@', 'p', 'to', 'J@@', 'ap@@', 'an', 'to', 'streng@@', 'then', 'economic', 'ties', 'with', 'the', 'third', 'lar@@', 'ges@@', 't', 'econom@@', 'y', 'in', 'the', 'world', '.']
2026-05-09 12:13:05,183 - DEBUG - joeynmt.training - 	Tokenized hypothesis: ['Mr', 'Mo@@', 'd@@', 'i', 'is', 'located', 'on', 'a', 'fi@@', 'f@@', 'ty', 'tra@@', 'v@@', 'el', 'to', 'J@@', 'ap@@', 'an', 'to', 'J@@', 'ap@@', 'an', 'to', 'be', 'able', 'to', 're@@', 'mo@@', 've', 'the', 'economic', 'rel@@', 'ations', 'with', 'the', 'third', 'lar@@', 'ges@@', 't', 'economic', 'n@@', 'ation', '.', '</s>']
2026-05-09 12:13:05,183 - INFO - joeynmt.training - 	Source:     Herr Modi befindet sich auf einer fünftägigen Reise nach Japan , um die wirtschaftlichen Beziehungen mit der drittgrößten Wirtschaftsnation der Welt zu festigen .
2026-05-09 12:13:05,183 - INFO - joeynmt.training - 	Reference:  Mr Modi is on a five @-@ day trip to Japan to strengthen economic ties with the third largest economy in the world .
2026-05-09 12:13:05,183 - INFO - joeynmt.training - 	Hypothesis: Mr Modi is located on a fifty travel to Japan to Japan to be able to remove the economic relations with the third largest economic nation .
2026-05-09 12:13:05,183 - INFO - joeynmt.training - Example #3
2026-05-09 12:13:05,183 - DEBUG - joeynmt.training - 	Tokenized source:     ['P@@', 'län@@', 'e', 'für', 'eine', 'stärk@@', 'ere', 'k@@', 'ern@@', 'techn@@', 'ische', 'Zusammenarbeit', 'stehen', 'ganz', 'ob@@', 'en', 'auf', 'der', 'Tag@@', 'es@@', 'ordnung', '.']
2026-05-09 12:13:05,183 - DEBUG - joeynmt.training - 	Tokenized reference:  ['high', 'on', 'the', 'agen@@', 'da', 'are', 'pl@@', 'ans', 'for', 'gre@@', 'ater', 'nu@@', 'clear', 'c@@', 'o', '@@@', '-@@', '@', 'operation', '.']
2026-05-09 12:13:05,183 - DEBUG - joeynmt.training - 	Tokenized hypothesis: ['pl@@', 'ans', 'for', 'gre@@', 'ater', 'nu@@', 'clear', 'techn@@', 'ical', 'cooperation', 'are', 'at', 'the', 'agen@@', 'da', '.', '</s>']
2026-05-09 12:13:05,183 - INFO - joeynmt.training - 	Source:     Pläne für eine stärkere kerntechnische Zusammenarbeit stehen ganz oben auf der Tagesordnung .
2026-05-09 12:13:05,183 - INFO - joeynmt.training - 	Reference:  high on the agenda are plans for greater nuclear co @-@ operation .
2026-05-09 12:13:05,183 - INFO - joeynmt.training - 	Hypothesis: plans for greater nuclear technical cooperation are at the agenda .
2026-05-09 12:13:05,183 - INFO - joeynmt.training - Example #4
2026-05-09 12:13:05,183 - DEBUG - joeynmt.training - 	Tokenized source:     ['Berich@@', 'ten', 'zu@@', 'fol@@', 'ge', 'ho@@', 'fft', 'Indi@@', 'en', 'darüber', 'hinaus', 'auf', 'einen', 'Ver@@', 'trag', 'zur', 'Ver@@', 'tei@@', 'dig@@', 'ungs@@', 'zusammen@@', 'arbeit', 'zwischen', 'den', 'beiden', 'N@@', 'ationen', '.']
2026-05-09 12:13:05,183 - DEBUG - joeynmt.training - 	Tokenized reference:  ['Indi@@', 'a', 'is', 'also', 're@@', 'porte@@', 'dly', 'hop@@', 'ing', 'for', 'a', 'de@@', 'al', 'on', 'def@@', 'ence', 'c@@', 'oll@@', 'ab@@', 'or@@', 'ation', 'between', 'the', 'two', 'n@@', 'ations', '.']
2026-05-09 12:13:05,183 - DEBUG - joeynmt.training - 	Tokenized hypothesis: ['in', 'ad@@', 'dition', ',', 'it', 'is', 'a', 'hope', 'that', 'it', 'is', 'a', 'Tre@@', 'aty', 'on', 'the', 'def@@', 'ence', 'of', 'the', 'two', 'n@@', 'ations', '.', '</s>']
2026-05-09 12:13:05,183 - INFO - joeynmt.training - 	Source:     Berichten zufolge hofft Indien darüber hinaus auf einen Vertrag zur Verteidigungszusammenarbeit zwischen den beiden Nationen .
2026-05-09 12:13:05,184 - INFO - joeynmt.training - 	Reference:  India is also reportedly hoping for a deal on defence collaboration between the two nations .
2026-05-09 12:13:05,184 - INFO - joeynmt.training - 	Hypothesis: in addition , it is a hope that it is a Treaty on the defence of the two nations .
2026-05-09 12:13:20,300 - INFO - joeynmt.training - Epoch   9: total training loss 7067.44
2026-05-09 12:13:20,301 - INFO - joeynmt.training - EPOCH 10
2026-05-09 12:13:20,923 - INFO - joeynmt.training - Epoch  10, Step:    36600, Batch Loss:     1.619738, Batch Acc: 0.545015, Tokens per Sec:     5324, Lr: 0.000300
2026-05-09 12:13:36,724 - INFO - joeynmt.training - Epoch  10, Step:    36700, Batch Loss:     1.839948, Batch Acc: 0.541709, Tokens per Sec:     5733, Lr: 0.000300
2026-05-09 12:13:52,602 - INFO - joeynmt.training - Epoch  10, Step:    36800, Batch Loss:     1.758080, Batch Acc: 0.540327, Tokens per Sec:     5769, Lr: 0.000300
2026-05-09 12:14:08,407 - INFO - joeynmt.training - Epoch  10, Step:    36900, Batch Loss:     1.639201, Batch Acc: 0.533517, Tokens per Sec:     5884, Lr: 0.000300
2026-05-09 12:14:24,238 - INFO - joeynmt.training - Epoch  10, Step:    37000, Batch Loss:     1.674376, Batch Acc: 0.538471, Tokens per Sec:     5727, Lr: 0.000300
2026-05-09 12:14:24,238 - INFO - joeynmt.prediction - Predicting 500 example(s)... (Greedy decoding with min_output_length=1, max_output_length=-1, return_prob='none', generate_unk=True, repetition_penalty=-1, no_repeat_ngram_size=-1)
2026-05-09 12:14:47,650 - INFO - joeynmt.prediction - Evaluation result (greedy) loss:   2.15, ppl:   8.55, acc:   0.45, generation: 23.4086[sec], evaluation: 0.0000[sec]
2026-05-09 12:14:47,722 - INFO - joeynmt.helpers - delete models/deen_transformer_post/32500.ckpt
2026-05-09 12:14:47,724 - INFO - joeynmt.training - Example #0
2026-05-09 12:14:47,724 - DEBUG - joeynmt.training - 	Tokenized source:     ['die', 'Pre@@', 'mi@@', 'er@@', 'minist@@', 'er', 'Indi@@', 'ens', 'und', 'J@@', 'ap@@', 'ans', 'tra@@', 'fen', 'sich', 'in', 'T@@', 'ok@@', 'i@@', 'o', '.']
2026-05-09 12:14:47,724 - DEBUG - joeynmt.training - 	Tokenized reference:  ['Indi@@', 'a', 'and', 'J@@', 'ap@@', 'an', 'pri@@', 'me', 'minist@@', 'ers', 'me@@', 'et', 'in', 'T@@', 'ok@@', 'y@@', 'o']
2026-05-09 12:14:47,724 - DEBUG - joeynmt.training - 	Tokenized hypothesis: ['the', 'Pri@@', 'me', 'Minist@@', 'er', 'of', 'Indi@@', 'a', 'and', 'J@@', 'ap@@', 'an', '&apos;s', 'Pri@@', 'me', 'Minist@@', 'er', ',', 'in', 'T@@', 'ok@@', 'y@@', 'o', '.', '</s>']
2026-05-09 12:14:47,724 - INFO - joeynmt.training - 	Source:     die Premierminister Indiens und Japans trafen sich in Tokio .
2026-05-09 12:14:47,724 - INFO - joeynmt.training - 	Reference:  India and Japan prime ministers meet in Tokyo
2026-05-09 12:14:47,724 - INFO - joeynmt.training - 	Hypothesis: the Prime Minister of India and Japan &apos;s Prime Minister , in Tokyo .
2026-05-09 12:14:47,724 - INFO - joeynmt.training - Example #1
2026-05-09 12:14:47,724 - DEBUG - joeynmt.training - 	Tokenized source:     ['Indi@@', 'ens', 'neu@@', 'er', 'Pre@@', 'mi@@', 'er@@', 'minist@@', 'er', 'N@@', 'ar@@', 'end@@', 'ra', 'Mo@@', 'd@@', 'i', 'tri@@', 'fft', 'bei', 's@@', 'einem', 'ersten', 'wichti@@', 'gen', 'Aus@@', 'land@@', 's@@', 'bes@@', 'u@@', 'ch', 'seit', 's@@', 'einem', 'W@@', 'ah@@', 'l@@', 'si@@', 'e@@', 'g', 'im', 'Ma@@', 'i', 'seinen', 'j@@', 'ap@@', 'an@@', 'ischen', 'Am@@', 'ts@@', 'k@@', 'olle@@', 'gen', 'S@@', 'hin@@', 'z@@', 'o', 'A@@', 'be', 'in', 'T@@', 'ok@@', 'o', ',', 'um', 'wirtschaf@@', 'tliche', 'und', 'sicher@@', 'heits@@', 'politische', 'Be@@', 'zieh@@', 'ungen', 'zu', 'bes@@', 'pre@@', 'chen', '.']
2026-05-09 12:14:47,724 - DEBUG - joeynmt.training - 	Tokenized reference:  ['Indi@@', 'a', '&apos;s', 'new', 'pri@@', 'me', 'minist@@', 'er', ',', 'N@@', 'ar@@', 'end@@', 'ra', 'Mo@@', 'd@@', 'i', ',', 'is', 'me@@', 'eting', 'his', 'J@@', 'ap@@', 'an@@', 'ese', 'coun@@', 'ter@@', 'part', ',', 'S@@', 'hin@@', 'z@@', 'o', 'A@@', 'be', ',', 'in', 'T@@', 'ok@@', 'y@@', 'o', 'to', 'disc@@', 'uss', 'economic', 'and', 'security', 'ties', ',', 'on', 'his', 'first', 'major', 'fore@@', 'ign', 'visi@@', 't', 'since', 'w@@', 'inn@@', 'ing', 'Ma@@', 'y', '&apos;s', 'elec@@', 'tion', '.']
2026-05-09 12:14:47,724 - DEBUG - joeynmt.training - 	Tokenized hypothesis: ['Indi@@', 'a', 'new', 'Pri@@', 'me', 'Minist@@', 'er', 'N@@', 'ar@@', 'end@@', 'ra', 'Mo@@', 'd@@', 'i', ',', 'is', 'the', 'first', 'important', 'ex@@', 'clu@@', 'ded', 'in', 'the', 'S@@', 'elec@@', 'tion', 'of', 'the', 'M@@', 'ini@@', 'stry', 'of', 'S@@', 'hin@@', 'z@@', 'e@@', 'ch', 'his', 'J@@', 'ap@@', 'an@@', 'ese', ',', 'S@@', 'hin@@', 'z@@', 'e@@', 'ch', 'S@@', 'hin@@', 'z@@', 'e@@', 'ch', '&apos;s', 'J@@', 'ap@@', 'an@@', 'ese', ',', 'S@@', 'hin@@', 'z@@', 'e@@', 'ch', 'economic', 'and', 'security', 'policy', 'rel@@', 'ations', '.', '</s>']
2026-05-09 12:14:47,724 - INFO - joeynmt.training - 	Source:     Indiens neuer Premierminister Narendra Modi trifft bei seinem ersten wichtigen Auslandsbesuch seit seinem Wahlsieg im Mai seinen japanischen Amtskollegen Shinzo Abe in Toko , um wirtschaftliche und sicherheitspolitische Beziehungen zu besprechen .
2026-05-09 12:14:47,724 - INFO - joeynmt.training - 	Reference:  India &apos;s new prime minister , Narendra Modi , is meeting his Japanese counterpart , Shinzo Abe , in Tokyo to discuss economic and security ties , on his first major foreign visit since winning May &apos;s election .
2026-05-09 12:14:47,724 - INFO - joeynmt.training - 	Hypothesis: India new Prime Minister Narendra Modi , is the first important excluded in the Selection of the Ministry of Shinzech his Japanese , Shinzech Shinzech &apos;s Japanese , Shinzech economic and security policy relations .
2026-05-09 12:14:47,724 - INFO - joeynmt.training - Example #2
2026-05-09 12:14:47,724 - DEBUG - joeynmt.training - 	Tokenized source:     ['Herr', 'Mo@@', 'd@@', 'i', 'befindet', 'sich', 'auf', 'einer', 'fü@@', 'n@@', 'f@@', 'tä@@', 'gi@@', 'gen', 'Rei@@', 'se', 'nach', 'J@@', 'ap@@', 'an', ',', 'um', 'die', 'wirtschaf@@', 'tlichen', 'Be@@', 'zieh@@', 'ungen', 'mit', 'der', 'd@@', 'rit@@', 't@@', 'größ@@', 'ten', 'Wirtschafts@@', 'n@@', 'ation', 'der', 'Welt', 'zu', 'fes@@', 'tigen', '.']
2026-05-09 12:14:47,724 - DEBUG - joeynmt.training - 	Tokenized reference:  ['Mr', 'Mo@@', 'd@@', 'i', 'is', 'on', 'a', 'fi@@', 've', '@@@', '-@@', '@', 'day', 'tri@@', 'p', 'to', 'J@@', 'ap@@', 'an', 'to', 'streng@@', 'then', 'economic', 'ties', 'with', 'the', 'third', 'lar@@', 'ges@@', 't', 'econom@@', 'y', 'in', 'the', 'world', '.']
2026-05-09 12:14:47,724 - DEBUG - joeynmt.training - 	Tokenized hypothesis: ['Mr', 'Mo@@', 'd@@', 'i', 'is', 'located', 'on', 'a', 'fi@@', 'f@@', 'ty', 'tra@@', 'v@@', 'el', 'to', 'J@@', 'ap@@', 'an', 'to', 'the', 'economic', 'rel@@', 'ations', 'with', 'the', 'third', 'lar@@', 'ges@@', 't', 'economic', 'rel@@', 'ations', '.', '</s>']
2026-05-09 12:14:47,724 - INFO - joeynmt.training - 	Source:     Herr Modi befindet sich auf einer fünftägigen Reise nach Japan , um die wirtschaftlichen Beziehungen mit der drittgrößten Wirtschaftsnation der Welt zu festigen .
2026-05-09 12:14:47,724 - INFO - joeynmt.training - 	Reference:  Mr Modi is on a five @-@ day trip to Japan to strengthen economic ties with the third largest economy in the world .
2026-05-09 12:14:47,724 - INFO - joeynmt.training - 	Hypothesis: Mr Modi is located on a fifty travel to Japan to the economic relations with the third largest economic relations .
2026-05-09 12:14:47,724 - INFO - joeynmt.training - Example #3
2026-05-09 12:14:47,724 - DEBUG - joeynmt.training - 	Tokenized source:     ['P@@', 'län@@', 'e', 'für', 'eine', 'stärk@@', 'ere', 'k@@', 'ern@@', 'techn@@', 'ische', 'Zusammenarbeit', 'stehen', 'ganz', 'ob@@', 'en', 'auf', 'der', 'Tag@@', 'es@@', 'ordnung', '.']
2026-05-09 12:14:47,724 - DEBUG - joeynmt.training - 	Tokenized reference:  ['high', 'on', 'the', 'agen@@', 'da', 'are', 'pl@@', 'ans', 'for', 'gre@@', 'ater', 'nu@@', 'clear', 'c@@', 'o', '@@@', '-@@', '@', 'operation', '.']
2026-05-09 12:14:47,724 - DEBUG - joeynmt.training - 	Tokenized hypothesis: ['pl@@', 'ans', 'for', 'gre@@', 'ater', 'nu@@', 'clear', 'techn@@', 'ical', 'cooperation', 'are', 'on', 'the', 'agen@@', 'da', '.', '</s>']
2026-05-09 12:14:47,724 - INFO - joeynmt.training - 	Source:     Pläne für eine stärkere kerntechnische Zusammenarbeit stehen ganz oben auf der Tagesordnung .
2026-05-09 12:14:47,724 - INFO - joeynmt.training - 	Reference:  high on the agenda are plans for greater nuclear co @-@ operation .
2026-05-09 12:14:47,724 - INFO - joeynmt.training - 	Hypothesis: plans for greater nuclear technical cooperation are on the agenda .
2026-05-09 12:14:47,724 - INFO - joeynmt.training - Example #4
2026-05-09 12:14:47,725 - DEBUG - joeynmt.training - 	Tokenized source:     ['Berich@@', 'ten', 'zu@@', 'fol@@', 'ge', 'ho@@', 'fft', 'Indi@@', 'en', 'darüber', 'hinaus', 'auf', 'einen', 'Ver@@', 'trag', 'zur', 'Ver@@', 'tei@@', 'dig@@', 'ungs@@', 'zusammen@@', 'arbeit', 'zwischen', 'den', 'beiden', 'N@@', 'ationen', '.']
2026-05-09 12:14:47,725 - DEBUG - joeynmt.training - 	Tokenized reference:  ['Indi@@', 'a', 'is', 'also', 're@@', 'porte@@', 'dly', 'hop@@', 'ing', 'for', 'a', 'de@@', 'al', 'on', 'def@@', 'ence', 'c@@', 'oll@@', 'ab@@', 'or@@', 'ation', 'between', 'the', 'two', 'n@@', 'ations', '.']
2026-05-09 12:14:47,725 - DEBUG - joeynmt.training - 	Tokenized hypothesis: ['the', 're@@', 'ports', 'of', 'the', 're@@', 'ports', ',', 'in', 'ad@@', 'dition', 'to', 'a', 'con@@', 'tra@@', 'ct', 'of', 'the', 'con@@', 'tra@@', 'ct', 'between', 'the', 'two', 'n@@', 'ations', '.', '</s>']
2026-05-09 12:14:47,725 - INFO - joeynmt.training - 	Source:     Berichten zufolge hofft Indien darüber hinaus auf einen Vertrag zur Verteidigungszusammenarbeit zwischen den beiden Nationen .
2026-05-09 12:14:47,725 - INFO - joeynmt.training - 	Reference:  India is also reportedly hoping for a deal on defence collaboration between the two nations .
2026-05-09 12:14:47,725 - INFO - joeynmt.training - 	Hypothesis: the reports of the reports , in addition to a contract of the contract between the two nations .
2026-05-09 12:15:01,551 - INFO - joeynmt.training - Epoch  10, Step:    37100, Batch Loss:     1.609538, Batch Acc: 0.537483, Tokens per Sec:     6536, Lr: 0.000300
2026-05-09 12:15:15,848 - INFO - joeynmt.training - Epoch  10, Step:    37200, Batch Loss:     1.592659, Batch Acc: 0.531778, Tokens per Sec:     6439, Lr: 0.000300
2026-05-09 12:15:29,738 - INFO - joeynmt.training - Epoch  10, Step:    37300, Batch Loss:     1.577933, Batch Acc: 0.533908, Tokens per Sec:     6623, Lr: 0.000300
2026-05-09 12:15:43,736 - INFO - joeynmt.training - Epoch  10, Step:    37400, Batch Loss:     1.672943, Batch Acc: 0.526420, Tokens per Sec:     6609, Lr: 0.000300
2026-05-09 12:15:57,613 - INFO - joeynmt.training - Epoch  10, Step:    37500, Batch Loss:     1.629687, Batch Acc: 0.535232, Tokens per Sec:     6556, Lr: 0.000300
2026-05-09 12:15:57,613 - INFO - joeynmt.prediction - Predicting 500 example(s)... (Greedy decoding with min_output_length=1, max_output_length=-1, return_prob='none', generate_unk=True, repetition_penalty=-1, no_repeat_ngram_size=-1)
2026-05-09 12:16:21,977 - INFO - joeynmt.prediction - Evaluation result (greedy) loss:   2.14, ppl:   8.51, acc:   0.45, generation: 24.3599[sec], evaluation: 0.0000[sec]
2026-05-09 12:16:22,047 - INFO - joeynmt.helpers - delete models/deen_transformer_post/37000.ckpt
2026-05-09 12:16:22,049 - INFO - joeynmt.helpers - delete /Users/sunyicong/Downloads/2nd semester/Machine Translation/assignment/mt-exercise-03/models/deen_transformer_post/37000.ckpt
2026-05-09 12:16:22,049 - WARNING - joeynmt.helpers - Wanted to delete old checkpoint /Users/sunyicong/Downloads/2nd semester/Machine Translation/assignment/mt-exercise-03/models/deen_transformer_post/37000.ckpt but file does not exist. ([Errno 2] No such file or directory: '/Users/sunyicong/Downloads/2nd semester/Machine Translation/assignment/mt-exercise-03/models/deen_transformer_post/37000.ckpt')
2026-05-09 12:16:22,049 - INFO - joeynmt.training - Example #0
2026-05-09 12:16:22,049 - DEBUG - joeynmt.training - 	Tokenized source:     ['die', 'Pre@@', 'mi@@', 'er@@', 'minist@@', 'er', 'Indi@@', 'ens', 'und', 'J@@', 'ap@@', 'ans', 'tra@@', 'fen', 'sich', 'in', 'T@@', 'ok@@', 'i@@', 'o', '.']
2026-05-09 12:16:22,049 - DEBUG - joeynmt.training - 	Tokenized reference:  ['Indi@@', 'a', 'and', 'J@@', 'ap@@', 'an', 'pri@@', 'me', 'minist@@', 'ers', 'me@@', 'et', 'in', 'T@@', 'ok@@', 'y@@', 'o']
2026-05-09 12:16:22,050 - DEBUG - joeynmt.training - 	Tokenized hypothesis: ['the', 'pri@@', 'me', 'minist@@', 'er', 'of', 'Indi@@', 'a', 'and', 'J@@', 'ap@@', 'an', ',', 'in', 'T@@', 'ok@@', 'y@@', 'o', '.', '</s>']
2026-05-09 12:16:22,050 - INFO - joeynmt.training - 	Source:     die Premierminister Indiens und Japans trafen sich in Tokio .
2026-05-09 12:16:22,050 - INFO - joeynmt.training - 	Reference:  India and Japan prime ministers meet in Tokyo
2026-05-09 12:16:22,050 - INFO - joeynmt.training - 	Hypothesis: the prime minister of India and Japan , in Tokyo .
2026-05-09 12:16:22,050 - INFO - joeynmt.training - Example #1
2026-05-09 12:16:22,050 - DEBUG - joeynmt.training - 	Tokenized source:     ['Indi@@', 'ens', 'neu@@', 'er', 'Pre@@', 'mi@@', 'er@@', 'minist@@', 'er', 'N@@', 'ar@@', 'end@@', 'ra', 'Mo@@', 'd@@', 'i', 'tri@@', 'fft', 'bei', 's@@', 'einem', 'ersten', 'wichti@@', 'gen', 'Aus@@', 'land@@', 's@@', 'bes@@', 'u@@', 'ch', 'seit', 's@@', 'einem', 'W@@', 'ah@@', 'l@@', 'si@@', 'e@@', 'g', 'im', 'Ma@@', 'i', 'seinen', 'j@@', 'ap@@', 'an@@', 'ischen', 'Am@@', 'ts@@', 'k@@', 'olle@@', 'gen', 'S@@', 'hin@@', 'z@@', 'o', 'A@@', 'be', 'in', 'T@@', 'ok@@', 'o', ',', 'um', 'wirtschaf@@', 'tliche', 'und', 'sicher@@', 'heits@@', 'politische', 'Be@@', 'zieh@@', 'ungen', 'zu', 'bes@@', 'pre@@', 'chen', '.']
2026-05-09 12:16:22,050 - DEBUG - joeynmt.training - 	Tokenized reference:  ['Indi@@', 'a', '&apos;s', 'new', 'pri@@', 'me', 'minist@@', 'er', ',', 'N@@', 'ar@@', 'end@@', 'ra', 'Mo@@', 'd@@', 'i', ',', 'is', 'me@@', 'eting', 'his', 'J@@', 'ap@@', 'an@@', 'ese', 'coun@@', 'ter@@', 'part', ',', 'S@@', 'hin@@', 'z@@', 'o', 'A@@', 'be', ',', 'in', 'T@@', 'ok@@', 'y@@', 'o', 'to', 'disc@@', 'uss', 'economic', 'and', 'security', 'ties', ',', 'on', 'his', 'first', 'major', 'fore@@', 'ign', 'visi@@', 't', 'since', 'w@@', 'inn@@', 'ing', 'Ma@@', 'y', '&apos;s', 'elec@@', 'tion', '.']
2026-05-09 12:16:22,050 - DEBUG - joeynmt.training - 	Tokenized hypothesis: ['Indi@@', 'a', 'new', 'pri@@', 'me', 'minist@@', 'er', 'N@@', 'ar@@', 'end@@', 'ra', 'Mo@@', 'd@@', 'i', ',', 'is', 'the', 'first', 'important', 'ex@@', 'hi@@', 'bi@@', 'tion', 'of', 'the', 'A@@', 'be', 'in', 'M@@', 'ini@@', 'stry', 'of', 'S@@', 'hin@@', 'z@@', 'e@@', 'ch', 'his', 'J@@', 'ap@@', 'an@@', 'ese', ',', 'in', 'Ma@@', 'y', ',', 'and', 'S@@', 'hin@@', 'z@@', 'o', ',', 'in', 'T@@', 'ok@@', 'o', ',', 'for', 'economic', 'and', 'security', 'policy', 'rel@@', 'ations', '.', '</s>']
2026-05-09 12:16:22,050 - INFO - joeynmt.training - 	Source:     Indiens neuer Premierminister Narendra Modi trifft bei seinem ersten wichtigen Auslandsbesuch seit seinem Wahlsieg im Mai seinen japanischen Amtskollegen Shinzo Abe in Toko , um wirtschaftliche und sicherheitspolitische Beziehungen zu besprechen .
2026-05-09 12:16:22,050 - INFO - joeynmt.training - 	Reference:  India &apos;s new prime minister , Narendra Modi , is meeting his Japanese counterpart , Shinzo Abe , in Tokyo to discuss economic and security ties , on his first major foreign visit since winning May &apos;s election .
2026-05-09 12:16:22,050 - INFO - joeynmt.training - 	Hypothesis: India new prime minister Narendra Modi , is the first important exhibition of the Abe in Ministry of Shinzech his Japanese , in May , and Shinzo , in Toko , for economic and security policy relations .
2026-05-09 12:16:22,050 - INFO - joeynmt.training - Example #2
2026-05-09 12:16:22,050 - DEBUG - joeynmt.training - 	Tokenized source:     ['Herr', 'Mo@@', 'd@@', 'i', 'befindet', 'sich', 'auf', 'einer', 'fü@@', 'n@@', 'f@@', 'tä@@', 'gi@@', 'gen', 'Rei@@', 'se', 'nach', 'J@@', 'ap@@', 'an', ',', 'um', 'die', 'wirtschaf@@', 'tlichen', 'Be@@', 'zieh@@', 'ungen', 'mit', 'der', 'd@@', 'rit@@', 't@@', 'größ@@', 'ten', 'Wirtschafts@@', 'n@@', 'ation', 'der', 'Welt', 'zu', 'fes@@', 'tigen', '.']
2026-05-09 12:16:22,050 - DEBUG - joeynmt.training - 	Tokenized reference:  ['Mr', 'Mo@@', 'd@@', 'i', 'is', 'on', 'a', 'fi@@', 've', '@@@', '-@@', '@', 'day', 'tri@@', 'p', 'to', 'J@@', 'ap@@', 'an', 'to', 'streng@@', 'then', 'economic', 'ties', 'with', 'the', 'third', 'lar@@', 'ges@@', 't', 'econom@@', 'y', 'in', 'the', 'world', '.']
2026-05-09 12:16:22,050 - DEBUG - joeynmt.training - 	Tokenized hypothesis: ['Mr', 'Mo@@', 'd@@', 'i', 'is', 'located', 'on', 'a', 'fi@@', 'f@@', 'ty', 'j@@', 'our@@', 'ne@@', 'y', ',', 'to', 'the', 'economic', 'rel@@', 'ations', 'with', 'the', 'third', 'lar@@', 'ges@@', 't', 'economic', 'rel@@', 'ations', 'with', 'the', 'third', 'lar@@', 'ges@@', 't', 'economic', 'rel@@', 'ations', '.', '</s>']
2026-05-09 12:16:22,050 - INFO - joeynmt.training - 	Source:     Herr Modi befindet sich auf einer fünftägigen Reise nach Japan , um die wirtschaftlichen Beziehungen mit der drittgrößten Wirtschaftsnation der Welt zu festigen .
2026-05-09 12:16:22,050 - INFO - joeynmt.training - 	Reference:  Mr Modi is on a five @-@ day trip to Japan to strengthen economic ties with the third largest economy in the world .
2026-05-09 12:16:22,050 - INFO - joeynmt.training - 	Hypothesis: Mr Modi is located on a fifty journey , to the economic relations with the third largest economic relations with the third largest economic relations .
2026-05-09 12:16:22,050 - INFO - joeynmt.training - Example #3
2026-05-09 12:16:22,050 - DEBUG - joeynmt.training - 	Tokenized source:     ['P@@', 'län@@', 'e', 'für', 'eine', 'stärk@@', 'ere', 'k@@', 'ern@@', 'techn@@', 'ische', 'Zusammenarbeit', 'stehen', 'ganz', 'ob@@', 'en', 'auf', 'der', 'Tag@@', 'es@@', 'ordnung', '.']
2026-05-09 12:16:22,050 - DEBUG - joeynmt.training - 	Tokenized reference:  ['high', 'on', 'the', 'agen@@', 'da', 'are', 'pl@@', 'ans', 'for', 'gre@@', 'ater', 'nu@@', 'clear', 'c@@', 'o', '@@@', '-@@', '@', 'operation', '.']
2026-05-09 12:16:22,050 - DEBUG - joeynmt.training - 	Tokenized hypothesis: ['pl@@', 'ans', 'for', 'gre@@', 'ater', 'nu@@', 'clear', 'techn@@', 'ical', 'cooperation', ',', 'at', 'the', 'agen@@', 'da', '.', '</s>']
2026-05-09 12:16:22,050 - INFO - joeynmt.training - 	Source:     Pläne für eine stärkere kerntechnische Zusammenarbeit stehen ganz oben auf der Tagesordnung .
2026-05-09 12:16:22,050 - INFO - joeynmt.training - 	Reference:  high on the agenda are plans for greater nuclear co @-@ operation .
2026-05-09 12:16:22,050 - INFO - joeynmt.training - 	Hypothesis: plans for greater nuclear technical cooperation , at the agenda .
2026-05-09 12:16:22,050 - INFO - joeynmt.training - Example #4
2026-05-09 12:16:22,050 - DEBUG - joeynmt.training - 	Tokenized source:     ['Berich@@', 'ten', 'zu@@', 'fol@@', 'ge', 'ho@@', 'fft', 'Indi@@', 'en', 'darüber', 'hinaus', 'auf', 'einen', 'Ver@@', 'trag', 'zur', 'Ver@@', 'tei@@', 'dig@@', 'ungs@@', 'zusammen@@', 'arbeit', 'zwischen', 'den', 'beiden', 'N@@', 'ationen', '.']
2026-05-09 12:16:22,050 - DEBUG - joeynmt.training - 	Tokenized reference:  ['Indi@@', 'a', 'is', 'also', 're@@', 'porte@@', 'dly', 'hop@@', 'ing', 'for', 'a', 'de@@', 'al', 'on', 'def@@', 'ence', 'c@@', 'oll@@', 'ab@@', 'or@@', 'ation', 'between', 'the', 'two', 'n@@', 'ations', '.']
2026-05-09 12:16:22,050 - DEBUG - joeynmt.training - 	Tokenized hypothesis: ['in', 'ad@@', 'dition', ',', 'Indi@@', 'a', 'is', 'hop@@', 'ed', 'to', 'the', 'con@@', 'tra@@', 'ct', 'of', 'the', 'Tre@@', 'aty', 'of', 'def@@', 'ence', 'cooperation', 'between', 'the', 'two', 'n@@', 'ations', '.', '</s>']
2026-05-09 12:16:22,050 - INFO - joeynmt.training - 	Source:     Berichten zufolge hofft Indien darüber hinaus auf einen Vertrag zur Verteidigungszusammenarbeit zwischen den beiden Nationen .
2026-05-09 12:16:22,050 - INFO - joeynmt.training - 	Reference:  India is also reportedly hoping for a deal on defence collaboration between the two nations .
2026-05-09 12:16:22,051 - INFO - joeynmt.training - 	Hypothesis: in addition , India is hoped to the contract of the Treaty of defence cooperation between the two nations .
2026-05-09 12:16:36,011 - INFO - joeynmt.training - Epoch  10, Step:    37600, Batch Loss:     1.671462, Batch Acc: 0.533274, Tokens per Sec:     6511, Lr: 0.000300
2026-05-09 12:16:50,058 - INFO - joeynmt.training - Epoch  10, Step:    37700, Batch Loss:     1.991882, Batch Acc: 0.534452, Tokens per Sec:     6540, Lr: 0.000300
2026-05-09 12:17:03,942 - INFO - joeynmt.training - Epoch  10, Step:    37800, Batch Loss:     1.777505, Batch Acc: 0.527445, Tokens per Sec:     6636, Lr: 0.000300
2026-05-09 12:17:17,915 - INFO - joeynmt.training - Epoch  10, Step:    37900, Batch Loss:     1.426839, Batch Acc: 0.538345, Tokens per Sec:     6636, Lr: 0.000300
2026-05-09 12:17:31,794 - INFO - joeynmt.training - Epoch  10, Step:    38000, Batch Loss:     1.576919, Batch Acc: 0.538145, Tokens per Sec:     6509, Lr: 0.000300
2026-05-09 12:17:31,794 - INFO - joeynmt.prediction - Predicting 500 example(s)... (Greedy decoding with min_output_length=1, max_output_length=-1, return_prob='none', generate_unk=True, repetition_penalty=-1, no_repeat_ngram_size=-1)
2026-05-09 12:17:55,769 - INFO - joeynmt.prediction - Evaluation result (greedy) loss:   2.13, ppl:   8.40, acc:   0.45, generation: 23.9711[sec], evaluation: 0.0000[sec]
2026-05-09 12:17:55,838 - INFO - joeynmt.helpers - delete models/deen_transformer_post/35000.ckpt
2026-05-09 12:17:55,840 - INFO - joeynmt.training - Example #0
2026-05-09 12:17:55,840 - DEBUG - joeynmt.training - 	Tokenized source:     ['die', 'Pre@@', 'mi@@', 'er@@', 'minist@@', 'er', 'Indi@@', 'ens', 'und', 'J@@', 'ap@@', 'ans', 'tra@@', 'fen', 'sich', 'in', 'T@@', 'ok@@', 'i@@', 'o', '.']
2026-05-09 12:17:55,840 - DEBUG - joeynmt.training - 	Tokenized reference:  ['Indi@@', 'a', 'and', 'J@@', 'ap@@', 'an', 'pri@@', 'me', 'minist@@', 'ers', 'me@@', 'et', 'in', 'T@@', 'ok@@', 'y@@', 'o']
2026-05-09 12:17:55,840 - DEBUG - joeynmt.training - 	Tokenized hypothesis: ['the', 'pri@@', 'me', 'minist@@', 'er', 'of', 'Indi@@', 'a', 'and', 'J@@', 'ap@@', 'ans', 'are', 'in', 'T@@', 'ok@@', 'y@@', 'o', '.', '</s>']
2026-05-09 12:17:55,840 - INFO - joeynmt.training - 	Source:     die Premierminister Indiens und Japans trafen sich in Tokio .
2026-05-09 12:17:55,840 - INFO - joeynmt.training - 	Reference:  India and Japan prime ministers meet in Tokyo
2026-05-09 12:17:55,840 - INFO - joeynmt.training - 	Hypothesis: the prime minister of India and Japans are in Tokyo .
2026-05-09 12:17:55,840 - INFO - joeynmt.training - Example #1
2026-05-09 12:17:55,840 - DEBUG - joeynmt.training - 	Tokenized source:     ['Indi@@', 'ens', 'neu@@', 'er', 'Pre@@', 'mi@@', 'er@@', 'minist@@', 'er', 'N@@', 'ar@@', 'end@@', 'ra', 'Mo@@', 'd@@', 'i', 'tri@@', 'fft', 'bei', 's@@', 'einem', 'ersten', 'wichti@@', 'gen', 'Aus@@', 'land@@', 's@@', 'bes@@', 'u@@', 'ch', 'seit', 's@@', 'einem', 'W@@', 'ah@@', 'l@@', 'si@@', 'e@@', 'g', 'im', 'Ma@@', 'i', 'seinen', 'j@@', 'ap@@', 'an@@', 'ischen', 'Am@@', 'ts@@', 'k@@', 'olle@@', 'gen', 'S@@', 'hin@@', 'z@@', 'o', 'A@@', 'be', 'in', 'T@@', 'ok@@', 'o', ',', 'um', 'wirtschaf@@', 'tliche', 'und', 'sicher@@', 'heits@@', 'politische', 'Be@@', 'zieh@@', 'ungen', 'zu', 'bes@@', 'pre@@', 'chen', '.']
2026-05-09 12:17:55,840 - DEBUG - joeynmt.training - 	Tokenized reference:  ['Indi@@', 'a', '&apos;s', 'new', 'pri@@', 'me', 'minist@@', 'er', ',', 'N@@', 'ar@@', 'end@@', 'ra', 'Mo@@', 'd@@', 'i', ',', 'is', 'me@@', 'eting', 'his', 'J@@', 'ap@@', 'an@@', 'ese', 'coun@@', 'ter@@', 'part', ',', 'S@@', 'hin@@', 'z@@', 'o', 'A@@', 'be', ',', 'in', 'T@@', 'ok@@', 'y@@', 'o', 'to', 'disc@@', 'uss', 'economic', 'and', 'security', 'ties', ',', 'on', 'his', 'first', 'major', 'fore@@', 'ign', 'visi@@', 't', 'since', 'w@@', 'inn@@', 'ing', 'Ma@@', 'y', '&apos;s', 'elec@@', 'tion', '.']
2026-05-09 12:17:55,840 - DEBUG - joeynmt.training - 	Tokenized hypothesis: ['Indi@@', 'a', '&apos;s', 'new', 'Pri@@', 'me', 'Minist@@', 'er', 'N@@', 'ar@@', 'end@@', 'ra', 'Mo@@', 'd@@', 'i', ',', 'is', 'the', 'first', 'important', 'ex@@', 'clu@@', 'sive', 'ex@@', 'clu@@', 'sion', 'in', 'the', 'S@@', 'hin@@', 'z@@', 'e@@', 'ch', 'of', 'his', 'elec@@', 'tion', 'in', 'Ma@@', 'y', 'and', 'S@@', 'hin@@', 'z@@', 'o', 'A@@', 'be', 'in', 'T@@', 'ok@@', 'o', ',', 'to', 're@@', 'ach', 'economic', 'and', 'security', 'policy', 'rel@@', 'ations', '.', '</s>']
2026-05-09 12:17:55,840 - INFO - joeynmt.training - 	Source:     Indiens neuer Premierminister Narendra Modi trifft bei seinem ersten wichtigen Auslandsbesuch seit seinem Wahlsieg im Mai seinen japanischen Amtskollegen Shinzo Abe in Toko , um wirtschaftliche und sicherheitspolitische Beziehungen zu besprechen .
2026-05-09 12:17:55,840 - INFO - joeynmt.training - 	Reference:  India &apos;s new prime minister , Narendra Modi , is meeting his Japanese counterpart , Shinzo Abe , in Tokyo to discuss economic and security ties , on his first major foreign visit since winning May &apos;s election .
2026-05-09 12:17:55,840 - INFO - joeynmt.training - 	Hypothesis: India &apos;s new Prime Minister Narendra Modi , is the first important exclusive exclusion in the Shinzech of his election in May and Shinzo Abe in Toko , to reach economic and security policy relations .
2026-05-09 12:17:55,840 - INFO - joeynmt.training - Example #2
2026-05-09 12:17:55,840 - DEBUG - joeynmt.training - 	Tokenized source:     ['Herr', 'Mo@@', 'd@@', 'i', 'befindet', 'sich', 'auf', 'einer', 'fü@@', 'n@@', 'f@@', 'tä@@', 'gi@@', 'gen', 'Rei@@', 'se', 'nach', 'J@@', 'ap@@', 'an', ',', 'um', 'die', 'wirtschaf@@', 'tlichen', 'Be@@', 'zieh@@', 'ungen', 'mit', 'der', 'd@@', 'rit@@', 't@@', 'größ@@', 'ten', 'Wirtschafts@@', 'n@@', 'ation', 'der', 'Welt', 'zu', 'fes@@', 'tigen', '.']
2026-05-09 12:17:55,840 - DEBUG - joeynmt.training - 	Tokenized reference:  ['Mr', 'Mo@@', 'd@@', 'i', 'is', 'on', 'a', 'fi@@', 've', '@@@', '-@@', '@', 'day', 'tri@@', 'p', 'to', 'J@@', 'ap@@', 'an', 'to', 'streng@@', 'then', 'economic', 'ties', 'with', 'the', 'third', 'lar@@', 'ges@@', 't', 'econom@@', 'y', 'in', 'the', 'world', '.']
2026-05-09 12:17:55,840 - DEBUG - joeynmt.training - 	Tokenized hypothesis: ['Mr', 'Mo@@', 'd@@', 'i', 'is', 'located', 'on', 'a', 'fi@@', 'f@@', 'ty', 'tra@@', 'v@@', 'el', 'to', 'J@@', 'ap@@', 'an', 'to', 'the', 'economic', 'rel@@', 'ations', 'with', 'the', 'third', 'lar@@', 'ges@@', 't', 'economic', 'rel@@', 'ations', 'with', 'the', 'third', 'lar@@', 'ges@@', 't', 'economic', 'rel@@', 'ations', 'with', 'the', 'third', 'lar@@', 'ges@@', 't', 'economic', 'rel@@', 'ations', 'with', 'the', 'third', 'world', '.', '</s>']
2026-05-09 12:17:55,840 - INFO - joeynmt.training - 	Source:     Herr Modi befindet sich auf einer fünftägigen Reise nach Japan , um die wirtschaftlichen Beziehungen mit der drittgrößten Wirtschaftsnation der Welt zu festigen .
2026-05-09 12:17:55,840 - INFO - joeynmt.training - 	Reference:  Mr Modi is on a five @-@ day trip to Japan to strengthen economic ties with the third largest economy in the world .
2026-05-09 12:17:55,840 - INFO - joeynmt.training - 	Hypothesis: Mr Modi is located on a fifty travel to Japan to the economic relations with the third largest economic relations with the third largest economic relations with the third largest economic relations with the third world .
2026-05-09 12:17:55,840 - INFO - joeynmt.training - Example #3
2026-05-09 12:17:55,840 - DEBUG - joeynmt.training - 	Tokenized source:     ['P@@', 'län@@', 'e', 'für', 'eine', 'stärk@@', 'ere', 'k@@', 'ern@@', 'techn@@', 'ische', 'Zusammenarbeit', 'stehen', 'ganz', 'ob@@', 'en', 'auf', 'der', 'Tag@@', 'es@@', 'ordnung', '.']
2026-05-09 12:17:55,840 - DEBUG - joeynmt.training - 	Tokenized reference:  ['high', 'on', 'the', 'agen@@', 'da', 'are', 'pl@@', 'ans', 'for', 'gre@@', 'ater', 'nu@@', 'clear', 'c@@', 'o', '@@@', '-@@', '@', 'operation', '.']
2026-05-09 12:17:55,840 - DEBUG - joeynmt.training - 	Tokenized hypothesis: ['pl@@', 'ans', 'for', 'gre@@', 'ater', 'nu@@', 'clear', 'techn@@', 'ical', 'cooperation', 'are', 'very', 'close', 'to', 'the', 'agen@@', 'da', '.', '</s>']
2026-05-09 12:17:55,840 - INFO - joeynmt.training - 	Source:     Pläne für eine stärkere kerntechnische Zusammenarbeit stehen ganz oben auf der Tagesordnung .
2026-05-09 12:17:55,840 - INFO - joeynmt.training - 	Reference:  high on the agenda are plans for greater nuclear co @-@ operation .
2026-05-09 12:17:55,840 - INFO - joeynmt.training - 	Hypothesis: plans for greater nuclear technical cooperation are very close to the agenda .
2026-05-09 12:17:55,840 - INFO - joeynmt.training - Example #4
2026-05-09 12:17:55,840 - DEBUG - joeynmt.training - 	Tokenized source:     ['Berich@@', 'ten', 'zu@@', 'fol@@', 'ge', 'ho@@', 'fft', 'Indi@@', 'en', 'darüber', 'hinaus', 'auf', 'einen', 'Ver@@', 'trag', 'zur', 'Ver@@', 'tei@@', 'dig@@', 'ungs@@', 'zusammen@@', 'arbeit', 'zwischen', 'den', 'beiden', 'N@@', 'ationen', '.']
2026-05-09 12:17:55,840 - DEBUG - joeynmt.training - 	Tokenized reference:  ['Indi@@', 'a', 'is', 'also', 're@@', 'porte@@', 'dly', 'hop@@', 'ing', 'for', 'a', 'de@@', 'al', 'on', 'def@@', 'ence', 'c@@', 'oll@@', 'ab@@', 'or@@', 'ation', 'between', 'the', 'two', 'n@@', 'ations', '.']
2026-05-09 12:17:55,840 - DEBUG - joeynmt.training - 	Tokenized hypothesis: ['in', 'ad@@', 'dition', ',', 'Indi@@', 'a', 'is', 'also', 'a', 'con@@', 'tra@@', 'ct', 'of', 'def@@', 'ence', 'cooperation', 'between', 'the', 'two', 'n@@', 'ations', '.', '</s>']
2026-05-09 12:17:55,841 - INFO - joeynmt.training - 	Source:     Berichten zufolge hofft Indien darüber hinaus auf einen Vertrag zur Verteidigungszusammenarbeit zwischen den beiden Nationen .
2026-05-09 12:17:55,841 - INFO - joeynmt.training - 	Reference:  India is also reportedly hoping for a deal on defence collaboration between the two nations .
2026-05-09 12:17:55,841 - INFO - joeynmt.training - 	Hypothesis: in addition , India is also a contract of defence cooperation between the two nations .
2026-05-09 12:18:09,649 - INFO - joeynmt.training - Epoch  10, Step:    38100, Batch Loss:     1.676610, Batch Acc: 0.534662, Tokens per Sec:     6640, Lr: 0.000300
2026-05-09 12:18:23,442 - INFO - joeynmt.training - Epoch  10, Step:    38200, Batch Loss:     1.557827, Batch Acc: 0.530770, Tokens per Sec:     6659, Lr: 0.000300
2026-05-09 12:18:37,392 - INFO - joeynmt.training - Epoch  10, Step:    38300, Batch Loss:     1.582450, Batch Acc: 0.529802, Tokens per Sec:     6685, Lr: 0.000300
2026-05-09 12:18:51,317 - INFO - joeynmt.training - Epoch  10, Step:    38400, Batch Loss:     1.700254, Batch Acc: 0.532395, Tokens per Sec:     6688, Lr: 0.000300
2026-05-09 12:19:05,217 - INFO - joeynmt.training - Epoch  10, Step:    38500, Batch Loss:     1.511148, Batch Acc: 0.534067, Tokens per Sec:     6601, Lr: 0.000300
2026-05-09 12:19:05,217 - INFO - joeynmt.prediction - Predicting 500 example(s)... (Greedy decoding with min_output_length=1, max_output_length=-1, return_prob='none', generate_unk=True, repetition_penalty=-1, no_repeat_ngram_size=-1)
2026-05-09 12:19:28,050 - INFO - joeynmt.prediction - Evaluation result (greedy) loss:   2.12, ppl:   8.33, acc:   0.46, generation: 22.8293[sec], evaluation: 0.0000[sec]
2026-05-09 12:19:28,051 - INFO - joeynmt.training - Hooray! New best validation result [ppl]!
2026-05-09 12:19:28,119 - INFO - joeynmt.helpers - delete models/deen_transformer_post/37500.ckpt
2026-05-09 12:19:28,121 - INFO - joeynmt.training - Example #0
2026-05-09 12:19:28,121 - DEBUG - joeynmt.training - 	Tokenized source:     ['die', 'Pre@@', 'mi@@', 'er@@', 'minist@@', 'er', 'Indi@@', 'ens', 'und', 'J@@', 'ap@@', 'ans', 'tra@@', 'fen', 'sich', 'in', 'T@@', 'ok@@', 'i@@', 'o', '.']
2026-05-09 12:19:28,121 - DEBUG - joeynmt.training - 	Tokenized reference:  ['Indi@@', 'a', 'and', 'J@@', 'ap@@', 'an', 'pri@@', 'me', 'minist@@', 'ers', 'me@@', 'et', 'in', 'T@@', 'ok@@', 'y@@', 'o']
2026-05-09 12:19:28,121 - DEBUG - joeynmt.training - 	Tokenized hypothesis: ['the', 'pri@@', 'me', 'minist@@', 'er', 'of', 'Indi@@', 'a', 'and', 'J@@', 'ap@@', 'an', 'in', 'T@@', 'ok@@', 'y@@', 'o', '.', '</s>']
2026-05-09 12:19:28,121 - INFO - joeynmt.training - 	Source:     die Premierminister Indiens und Japans trafen sich in Tokio .
2026-05-09 12:19:28,121 - INFO - joeynmt.training - 	Reference:  India and Japan prime ministers meet in Tokyo
2026-05-09 12:19:28,121 - INFO - joeynmt.training - 	Hypothesis: the prime minister of India and Japan in Tokyo .
2026-05-09 12:19:28,121 - INFO - joeynmt.training - Example #1
2026-05-09 12:19:28,121 - DEBUG - joeynmt.training - 	Tokenized source:     ['Indi@@', 'ens', 'neu@@', 'er', 'Pre@@', 'mi@@', 'er@@', 'minist@@', 'er', 'N@@', 'ar@@', 'end@@', 'ra', 'Mo@@', 'd@@', 'i', 'tri@@', 'fft', 'bei', 's@@', 'einem', 'ersten', 'wichti@@', 'gen', 'Aus@@', 'land@@', 's@@', 'bes@@', 'u@@', 'ch', 'seit', 's@@', 'einem', 'W@@', 'ah@@', 'l@@', 'si@@', 'e@@', 'g', 'im', 'Ma@@', 'i', 'seinen', 'j@@', 'ap@@', 'an@@', 'ischen', 'Am@@', 'ts@@', 'k@@', 'olle@@', 'gen', 'S@@', 'hin@@', 'z@@', 'o', 'A@@', 'be', 'in', 'T@@', 'ok@@', 'o', ',', 'um', 'wirtschaf@@', 'tliche', 'und', 'sicher@@', 'heits@@', 'politische', 'Be@@', 'zieh@@', 'ungen', 'zu', 'bes@@', 'pre@@', 'chen', '.']
2026-05-09 12:19:28,121 - DEBUG - joeynmt.training - 	Tokenized reference:  ['Indi@@', 'a', '&apos;s', 'new', 'pri@@', 'me', 'minist@@', 'er', ',', 'N@@', 'ar@@', 'end@@', 'ra', 'Mo@@', 'd@@', 'i', ',', 'is', 'me@@', 'eting', 'his', 'J@@', 'ap@@', 'an@@', 'ese', 'coun@@', 'ter@@', 'part', ',', 'S@@', 'hin@@', 'z@@', 'o', 'A@@', 'be', ',', 'in', 'T@@', 'ok@@', 'y@@', 'o', 'to', 'disc@@', 'uss', 'economic', 'and', 'security', 'ties', ',', 'on', 'his', 'first', 'major', 'fore@@', 'ign', 'visi@@', 't', 'since', 'w@@', 'inn@@', 'ing', 'Ma@@', 'y', '&apos;s', 'elec@@', 'tion', '.']
2026-05-09 12:19:28,121 - DEBUG - joeynmt.training - 	Tokenized hypothesis: ['Indi@@', 'a', 'new', 'Pri@@', 'me', 'Minist@@', 'er', 'N@@', 'ar@@', 'end@@', 'ra', 'Mo@@', 'd@@', 'i', 'N@@', 'ar@@', 'end@@', 'ra', 'Mo@@', 'd@@', 'i', ',', 'in', 'his', 'first', 'important', 'ex@@', 'tern@@', 'al', 'ex@@', 'plan@@', 'ation', 'of', 'the', 'S@@', 'hin@@', 'z@@', 'o', 'A@@', 'be', 'in', 'T@@', 'ok@@', 'o', ',', 'in', 'T@@', 'ok@@', 'o', ',', 'to', 're@@', 'present', 'economic', 'and', 'security', 'political', 'rel@@', 'ations', 'with', 'the', 'di@@', 'se@@', 'ase', 'of', 'S@@', 'ec@@', 'o', 'A@@', 'be', 'in', 'T@@', 'ok@@', 'o', 'to', '.', '</s>']
2026-05-09 12:19:28,121 - INFO - joeynmt.training - 	Source:     Indiens neuer Premierminister Narendra Modi trifft bei seinem ersten wichtigen Auslandsbesuch seit seinem Wahlsieg im Mai seinen japanischen Amtskollegen Shinzo Abe in Toko , um wirtschaftliche und sicherheitspolitische Beziehungen zu besprechen .
2026-05-09 12:19:28,121 - INFO - joeynmt.training - 	Reference:  India &apos;s new prime minister , Narendra Modi , is meeting his Japanese counterpart , Shinzo Abe , in Tokyo to discuss economic and security ties , on his first major foreign visit since winning May &apos;s election .
2026-05-09 12:19:28,121 - INFO - joeynmt.training - 	Hypothesis: India new Prime Minister Narendra Modi Narendra Modi , in his first important external explanation of the Shinzo Abe in Toko , in Toko , to represent economic and security political relations with the disease of Seco Abe in Toko to .
2026-05-09 12:19:28,121 - INFO - joeynmt.training - Example #2
2026-05-09 12:19:28,122 - DEBUG - joeynmt.training - 	Tokenized source:     ['Herr', 'Mo@@', 'd@@', 'i', 'befindet', 'sich', 'auf', 'einer', 'fü@@', 'n@@', 'f@@', 'tä@@', 'gi@@', 'gen', 'Rei@@', 'se', 'nach', 'J@@', 'ap@@', 'an', ',', 'um', 'die', 'wirtschaf@@', 'tlichen', 'Be@@', 'zieh@@', 'ungen', 'mit', 'der', 'd@@', 'rit@@', 't@@', 'größ@@', 'ten', 'Wirtschafts@@', 'n@@', 'ation', 'der', 'Welt', 'zu', 'fes@@', 'tigen', '.']
2026-05-09 12:19:28,122 - DEBUG - joeynmt.training - 	Tokenized reference:  ['Mr', 'Mo@@', 'd@@', 'i', 'is', 'on', 'a', 'fi@@', 've', '@@@', '-@@', '@', 'day', 'tri@@', 'p', 'to', 'J@@', 'ap@@', 'an', 'to', 'streng@@', 'then', 'economic', 'ties', 'with', 'the', 'third', 'lar@@', 'ges@@', 't', 'econom@@', 'y', 'in', 'the', 'world', '.']
2026-05-09 12:19:28,122 - DEBUG - joeynmt.training - 	Tokenized hypothesis: ['Mr', 'Mo@@', 'd@@', 'i', 'is', 'located', 'on', 'a', 'fi@@', 'f@@', 'ty', 'j@@', 'our@@', 'ne@@', 'y', 'to', 'the', 'J@@', 'ap@@', 'an', 'to', 're@@', 'mo@@', 've', 'the', 'economic', 'rel@@', 'ations', 'with', 'the', 'third', 'lar@@', 'ges@@', 't', 'economic', 'n@@', 'ation', 'of', 'the', 'world', '.', '</s>']
2026-05-09 12:19:28,122 - INFO - joeynmt.training - 	Source:     Herr Modi befindet sich auf einer fünftägigen Reise nach Japan , um die wirtschaftlichen Beziehungen mit der drittgrößten Wirtschaftsnation der Welt zu festigen .
2026-05-09 12:19:28,122 - INFO - joeynmt.training - 	Reference:  Mr Modi is on a five @-@ day trip to Japan to strengthen economic ties with the third largest economy in the world .
2026-05-09 12:19:28,122 - INFO - joeynmt.training - 	Hypothesis: Mr Modi is located on a fifty journey to the Japan to remove the economic relations with the third largest economic nation of the world .
2026-05-09 12:19:28,122 - INFO - joeynmt.training - Example #3
2026-05-09 12:19:28,122 - DEBUG - joeynmt.training - 	Tokenized source:     ['P@@', 'län@@', 'e', 'für', 'eine', 'stärk@@', 'ere', 'k@@', 'ern@@', 'techn@@', 'ische', 'Zusammenarbeit', 'stehen', 'ganz', 'ob@@', 'en', 'auf', 'der', 'Tag@@', 'es@@', 'ordnung', '.']
2026-05-09 12:19:28,122 - DEBUG - joeynmt.training - 	Tokenized reference:  ['high', 'on', 'the', 'agen@@', 'da', 'are', 'pl@@', 'ans', 'for', 'gre@@', 'ater', 'nu@@', 'clear', 'c@@', 'o', '@@@', '-@@', '@', 'operation', '.']
2026-05-09 12:19:28,122 - DEBUG - joeynmt.training - 	Tokenized hypothesis: ['pl@@', 'ans', 'for', 'gre@@', 'ater', 'nu@@', 'clear', 'techn@@', 'ical', 'cooperation', 'is', 'on', 'the', 'agen@@', 'da', '.', '</s>']
2026-05-09 12:19:28,122 - INFO - joeynmt.training - 	Source:     Pläne für eine stärkere kerntechnische Zusammenarbeit stehen ganz oben auf der Tagesordnung .
2026-05-09 12:19:28,122 - INFO - joeynmt.training - 	Reference:  high on the agenda are plans for greater nuclear co @-@ operation .
2026-05-09 12:19:28,122 - INFO - joeynmt.training - 	Hypothesis: plans for greater nuclear technical cooperation is on the agenda .
2026-05-09 12:19:28,122 - INFO - joeynmt.training - Example #4
2026-05-09 12:19:28,122 - DEBUG - joeynmt.training - 	Tokenized source:     ['Berich@@', 'ten', 'zu@@', 'fol@@', 'ge', 'ho@@', 'fft', 'Indi@@', 'en', 'darüber', 'hinaus', 'auf', 'einen', 'Ver@@', 'trag', 'zur', 'Ver@@', 'tei@@', 'dig@@', 'ungs@@', 'zusammen@@', 'arbeit', 'zwischen', 'den', 'beiden', 'N@@', 'ationen', '.']
2026-05-09 12:19:28,122 - DEBUG - joeynmt.training - 	Tokenized reference:  ['Indi@@', 'a', 'is', 'also', 're@@', 'porte@@', 'dly', 'hop@@', 'ing', 'for', 'a', 'de@@', 'al', 'on', 'def@@', 'ence', 'c@@', 'oll@@', 'ab@@', 'or@@', 'ation', 'between', 'the', 'two', 'n@@', 'ations', '.']
2026-05-09 12:19:28,122 - DEBUG - joeynmt.training - 	Tokenized hypothesis: ['in', 'ad@@', 'dition', ',', 'the', 're@@', 'ports', 'of', 'the', 're@@', 'ports', ',', 'in', 'a', 'con@@', 'tra@@', 'ct', 'of', 'con@@', 'text', 'on', 'a', 'con@@', 'tra@@', 'ct', 'of', 'the', 'two', 'n@@', 'ations', '.', '</s>']
2026-05-09 12:19:28,122 - INFO - joeynmt.training - 	Source:     Berichten zufolge hofft Indien darüber hinaus auf einen Vertrag zur Verteidigungszusammenarbeit zwischen den beiden Nationen .
2026-05-09 12:19:28,122 - INFO - joeynmt.training - 	Reference:  India is also reportedly hoping for a deal on defence collaboration between the two nations .
2026-05-09 12:19:28,122 - INFO - joeynmt.training - 	Hypothesis: in addition , the reports of the reports , in a contract of context on a contract of the two nations .
2026-05-09 12:19:42,381 - INFO - joeynmt.training - Epoch  10, Step:    38600, Batch Loss:     1.652715, Batch Acc: 0.532550, Tokens per Sec:     6334, Lr: 0.000300
2026-05-09 12:19:56,420 - INFO - joeynmt.training - Epoch  10, Step:    38700, Batch Loss:     1.806067, Batch Acc: 0.528106, Tokens per Sec:     6561, Lr: 0.000300
2026-05-09 12:20:10,422 - INFO - joeynmt.training - Epoch  10, Step:    38800, Batch Loss:     1.676781, Batch Acc: 0.532048, Tokens per Sec:     6554, Lr: 0.000300
2026-05-09 12:20:24,444 - INFO - joeynmt.training - Epoch  10, Step:    38900, Batch Loss:     1.900848, Batch Acc: 0.530453, Tokens per Sec:     6545, Lr: 0.000300
2026-05-09 12:20:38,336 - INFO - joeynmt.training - Epoch  10, Step:    39000, Batch Loss:     1.441165, Batch Acc: 0.533918, Tokens per Sec:     6523, Lr: 0.000300
2026-05-09 12:20:38,336 - INFO - joeynmt.prediction - Predicting 500 example(s)... (Greedy decoding with min_output_length=1, max_output_length=-1, return_prob='none', generate_unk=True, repetition_penalty=-1, no_repeat_ngram_size=-1)
2026-05-09 12:20:59,961 - INFO - joeynmt.prediction - Evaluation result (greedy) loss:   2.12, ppl:   8.31, acc:   0.46, generation: 21.6214[sec], evaluation: 0.0000[sec]
2026-05-09 12:20:59,962 - INFO - joeynmt.training - Hooray! New best validation result [ppl]!
2026-05-09 12:21:00,028 - INFO - joeynmt.helpers - delete models/deen_transformer_post/36000.ckpt
2026-05-09 12:21:00,030 - INFO - joeynmt.training - Example #0
2026-05-09 12:21:00,030 - DEBUG - joeynmt.training - 	Tokenized source:     ['die', 'Pre@@', 'mi@@', 'er@@', 'minist@@', 'er', 'Indi@@', 'ens', 'und', 'J@@', 'ap@@', 'ans', 'tra@@', 'fen', 'sich', 'in', 'T@@', 'ok@@', 'i@@', 'o', '.']
2026-05-09 12:21:00,030 - DEBUG - joeynmt.training - 	Tokenized reference:  ['Indi@@', 'a', 'and', 'J@@', 'ap@@', 'an', 'pri@@', 'me', 'minist@@', 'ers', 'me@@', 'et', 'in', 'T@@', 'ok@@', 'y@@', 'o']
2026-05-09 12:21:00,030 - DEBUG - joeynmt.training - 	Tokenized hypothesis: ['Pri@@', 'me', 'Minist@@', 'er', 'of', 'Indi@@', 'a', 'and', 'J@@', 'ap@@', 'an', ',', 'J@@', 'ap@@', 'an', '&apos;s', 'Pri@@', 'me', 'Minist@@', 'er', 'and', 'J@@', 'ap@@', 'an', '.', '</s>']
2026-05-09 12:21:00,030 - INFO - joeynmt.training - 	Source:     die Premierminister Indiens und Japans trafen sich in Tokio .
2026-05-09 12:21:00,030 - INFO - joeynmt.training - 	Reference:  India and Japan prime ministers meet in Tokyo
2026-05-09 12:21:00,030 - INFO - joeynmt.training - 	Hypothesis: Prime Minister of India and Japan , Japan &apos;s Prime Minister and Japan .
2026-05-09 12:21:00,030 - INFO - joeynmt.training - Example #1
2026-05-09 12:21:00,030 - DEBUG - joeynmt.training - 	Tokenized source:     ['Indi@@', 'ens', 'neu@@', 'er', 'Pre@@', 'mi@@', 'er@@', 'minist@@', 'er', 'N@@', 'ar@@', 'end@@', 'ra', 'Mo@@', 'd@@', 'i', 'tri@@', 'fft', 'bei', 's@@', 'einem', 'ersten', 'wichti@@', 'gen', 'Aus@@', 'land@@', 's@@', 'bes@@', 'u@@', 'ch', 'seit', 's@@', 'einem', 'W@@', 'ah@@', 'l@@', 'si@@', 'e@@', 'g', 'im', 'Ma@@', 'i', 'seinen', 'j@@', 'ap@@', 'an@@', 'ischen', 'Am@@', 'ts@@', 'k@@', 'olle@@', 'gen', 'S@@', 'hin@@', 'z@@', 'o', 'A@@', 'be', 'in', 'T@@', 'ok@@', 'o', ',', 'um', 'wirtschaf@@', 'tliche', 'und', 'sicher@@', 'heits@@', 'politische', 'Be@@', 'zieh@@', 'ungen', 'zu', 'bes@@', 'pre@@', 'chen', '.']
2026-05-09 12:21:00,030 - DEBUG - joeynmt.training - 	Tokenized reference:  ['Indi@@', 'a', '&apos;s', 'new', 'pri@@', 'me', 'minist@@', 'er', ',', 'N@@', 'ar@@', 'end@@', 'ra', 'Mo@@', 'd@@', 'i', ',', 'is', 'me@@', 'eting', 'his', 'J@@', 'ap@@', 'an@@', 'ese', 'coun@@', 'ter@@', 'part', ',', 'S@@', 'hin@@', 'z@@', 'o', 'A@@', 'be', ',', 'in', 'T@@', 'ok@@', 'y@@', 'o', 'to', 'disc@@', 'uss', 'economic', 'and', 'security', 'ties', ',', 'on', 'his', 'first', 'major', 'fore@@', 'ign', 'visi@@', 't', 'since', 'w@@', 'inn@@', 'ing', 'Ma@@', 'y', '&apos;s', 'elec@@', 'tion', '.']
2026-05-09 12:21:00,030 - DEBUG - joeynmt.training - 	Tokenized hypothesis: ['Indi@@', 'a', 'new', 'Pri@@', 'me', 'Minist@@', 'er', 'N@@', 'ar@@', 'end@@', 'ra', 'Mo@@', 'd@@', 'i', ',', 'in', 'his', 'first', 'important', 'ex@@', 'clu@@', 'ding', 'his', 'J@@', 'ap@@', 'an@@', 'ese', ',', 'has', 'been', 'in', 'Ma@@', 'y', ',', 'in', 'Ma@@', 'y', ',', 'he', 'has', 'been', 'his', 'yo@@', 'ung', 'people', ',', 'who', 'are', 'in', 'T@@', 'ok@@', 'o', 'to', 'be', 'in', 'T@@', 'ok@@', 'o', 'to', 'be', 'in', 'T@@', 'ok@@', 'o', ',', 'for', 'economic', 'and', 'security', 'policy', 'rel@@', 'ations', '.', '</s>']
2026-05-09 12:21:00,031 - INFO - joeynmt.training - 	Source:     Indiens neuer Premierminister Narendra Modi trifft bei seinem ersten wichtigen Auslandsbesuch seit seinem Wahlsieg im Mai seinen japanischen Amtskollegen Shinzo Abe in Toko , um wirtschaftliche und sicherheitspolitische Beziehungen zu besprechen .
2026-05-09 12:21:00,031 - INFO - joeynmt.training - 	Reference:  India &apos;s new prime minister , Narendra Modi , is meeting his Japanese counterpart , Shinzo Abe , in Tokyo to discuss economic and security ties , on his first major foreign visit since winning May &apos;s election .
2026-05-09 12:21:00,031 - INFO - joeynmt.training - 	Hypothesis: India new Prime Minister Narendra Modi , in his first important excluding his Japanese , has been in May , in May , he has been his young people , who are in Toko to be in Toko to be in Toko , for economic and security policy relations .
2026-05-09 12:21:00,031 - INFO - joeynmt.training - Example #2
2026-05-09 12:21:00,031 - DEBUG - joeynmt.training - 	Tokenized source:     ['Herr', 'Mo@@', 'd@@', 'i', 'befindet', 'sich', 'auf', 'einer', 'fü@@', 'n@@', 'f@@', 'tä@@', 'gi@@', 'gen', 'Rei@@', 'se', 'nach', 'J@@', 'ap@@', 'an', ',', 'um', 'die', 'wirtschaf@@', 'tlichen', 'Be@@', 'zieh@@', 'ungen', 'mit', 'der', 'd@@', 'rit@@', 't@@', 'größ@@', 'ten', 'Wirtschafts@@', 'n@@', 'ation', 'der', 'Welt', 'zu', 'fes@@', 'tigen', '.']
2026-05-09 12:21:00,031 - DEBUG - joeynmt.training - 	Tokenized reference:  ['Mr', 'Mo@@', 'd@@', 'i', 'is', 'on', 'a', 'fi@@', 've', '@@@', '-@@', '@', 'day', 'tri@@', 'p', 'to', 'J@@', 'ap@@', 'an', 'to', 'streng@@', 'then', 'economic', 'ties', 'with', 'the', 'third', 'lar@@', 'ges@@', 't', 'econom@@', 'y', 'in', 'the', 'world', '.']
2026-05-09 12:21:00,031 - DEBUG - joeynmt.training - 	Tokenized hypothesis: ['Mr', 'Mo@@', 'd@@', 'i', 'is', 'a', 'fi@@', 'f@@', 'ty', 'tra@@', 'v@@', 'ell@@', 'ing', 'j@@', 'our@@', 'ne@@', 'y', 'to', 'the', 'economic', 'rel@@', 'ations', 'with', 'the', 'third', 'lar@@', 'ges@@', 't', 'economic', 'rel@@', 'ations', 'with', 'the', 'third', 'lar@@', 'ges@@', 't', 'economic', 'rel@@', 'ations', '.', '</s>']
2026-05-09 12:21:00,031 - INFO - joeynmt.training - 	Source:     Herr Modi befindet sich auf einer fünftägigen Reise nach Japan , um die wirtschaftlichen Beziehungen mit der drittgrößten Wirtschaftsnation der Welt zu festigen .
2026-05-09 12:21:00,031 - INFO - joeynmt.training - 	Reference:  Mr Modi is on a five @-@ day trip to Japan to strengthen economic ties with the third largest economy in the world .
2026-05-09 12:21:00,031 - INFO - joeynmt.training - 	Hypothesis: Mr Modi is a fifty travelling journey to the economic relations with the third largest economic relations with the third largest economic relations .
2026-05-09 12:21:00,031 - INFO - joeynmt.training - Example #3
2026-05-09 12:21:00,031 - DEBUG - joeynmt.training - 	Tokenized source:     ['P@@', 'län@@', 'e', 'für', 'eine', 'stärk@@', 'ere', 'k@@', 'ern@@', 'techn@@', 'ische', 'Zusammenarbeit', 'stehen', 'ganz', 'ob@@', 'en', 'auf', 'der', 'Tag@@', 'es@@', 'ordnung', '.']
2026-05-09 12:21:00,031 - DEBUG - joeynmt.training - 	Tokenized reference:  ['high', 'on', 'the', 'agen@@', 'da', 'are', 'pl@@', 'ans', 'for', 'gre@@', 'ater', 'nu@@', 'clear', 'c@@', 'o', '@@@', '-@@', '@', 'operation', '.']
2026-05-09 12:21:00,031 - DEBUG - joeynmt.training - 	Tokenized hypothesis: ['pl@@', 'ans', 'for', 'gre@@', 'ater', 'nu@@', 'clear', 'techn@@', 'ical', 'cooperation', 'are', 'at', 'the', 'agen@@', 'da', '.', '</s>']
2026-05-09 12:21:00,031 - INFO - joeynmt.training - 	Source:     Pläne für eine stärkere kerntechnische Zusammenarbeit stehen ganz oben auf der Tagesordnung .
2026-05-09 12:21:00,031 - INFO - joeynmt.training - 	Reference:  high on the agenda are plans for greater nuclear co @-@ operation .
2026-05-09 12:21:00,031 - INFO - joeynmt.training - 	Hypothesis: plans for greater nuclear technical cooperation are at the agenda .
2026-05-09 12:21:00,031 - INFO - joeynmt.training - Example #4
2026-05-09 12:21:00,031 - DEBUG - joeynmt.training - 	Tokenized source:     ['Berich@@', 'ten', 'zu@@', 'fol@@', 'ge', 'ho@@', 'fft', 'Indi@@', 'en', 'darüber', 'hinaus', 'auf', 'einen', 'Ver@@', 'trag', 'zur', 'Ver@@', 'tei@@', 'dig@@', 'ungs@@', 'zusammen@@', 'arbeit', 'zwischen', 'den', 'beiden', 'N@@', 'ationen', '.']
2026-05-09 12:21:00,031 - DEBUG - joeynmt.training - 	Tokenized reference:  ['Indi@@', 'a', 'is', 'also', 're@@', 'porte@@', 'dly', 'hop@@', 'ing', 'for', 'a', 'de@@', 'al', 'on', 'def@@', 'ence', 'c@@', 'oll@@', 'ab@@', 'or@@', 'ation', 'between', 'the', 'two', 'n@@', 'ations', '.']
2026-05-09 12:21:00,031 - DEBUG - joeynmt.training - 	Tokenized hypothesis: ['in', 'the', 'course', 'of', 'the', 're@@', 'ports', ',', 'the', 'con@@', 'tra@@', 'ct', 'of', 'the', 'con@@', 'tra@@', 'ct', 'between', 'the', 'two', 'n@@', 'ations', '.', '</s>']
2026-05-09 12:21:00,031 - INFO - joeynmt.training - 	Source:     Berichten zufolge hofft Indien darüber hinaus auf einen Vertrag zur Verteidigungszusammenarbeit zwischen den beiden Nationen .
2026-05-09 12:21:00,031 - INFO - joeynmt.training - 	Reference:  India is also reportedly hoping for a deal on defence collaboration between the two nations .
2026-05-09 12:21:00,031 - INFO - joeynmt.training - 	Hypothesis: in the course of the reports , the contract of the contract between the two nations .
2026-05-09 12:21:13,999 - INFO - joeynmt.training - Epoch  10, Step:    39100, Batch Loss:     1.677128, Batch Acc: 0.531132, Tokens per Sec:     6439, Lr: 0.000300
2026-05-09 12:21:28,156 - INFO - joeynmt.training - Epoch  10, Step:    39200, Batch Loss:     1.562911, Batch Acc: 0.530515, Tokens per Sec:     6479, Lr: 0.000300
2026-05-09 12:21:42,089 - INFO - joeynmt.training - Epoch  10, Step:    39300, Batch Loss:     1.782068, Batch Acc: 0.529438, Tokens per Sec:     6515, Lr: 0.000300
2026-05-09 12:21:56,115 - INFO - joeynmt.training - Epoch  10, Step:    39400, Batch Loss:     1.717261, Batch Acc: 0.528815, Tokens per Sec:     6520, Lr: 0.000300
2026-05-09 12:22:10,145 - INFO - joeynmt.training - Epoch  10, Step:    39500, Batch Loss:     1.735731, Batch Acc: 0.534125, Tokens per Sec:     6559, Lr: 0.000300
2026-05-09 12:22:10,145 - INFO - joeynmt.prediction - Predicting 500 example(s)... (Greedy decoding with min_output_length=1, max_output_length=-1, return_prob='none', generate_unk=True, repetition_penalty=-1, no_repeat_ngram_size=-1)
2026-05-09 12:22:36,042 - INFO - joeynmt.prediction - Evaluation result (greedy) loss:   2.13, ppl:   8.39, acc:   0.46, generation: 25.8934[sec], evaluation: 0.0000[sec]
2026-05-09 12:22:36,116 - INFO - joeynmt.helpers - delete models/deen_transformer_post/35500.ckpt
2026-05-09 12:22:36,117 - INFO - joeynmt.training - Example #0
2026-05-09 12:22:36,118 - DEBUG - joeynmt.training - 	Tokenized source:     ['die', 'Pre@@', 'mi@@', 'er@@', 'minist@@', 'er', 'Indi@@', 'ens', 'und', 'J@@', 'ap@@', 'ans', 'tra@@', 'fen', 'sich', 'in', 'T@@', 'ok@@', 'i@@', 'o', '.']
2026-05-09 12:22:36,118 - DEBUG - joeynmt.training - 	Tokenized reference:  ['Indi@@', 'a', 'and', 'J@@', 'ap@@', 'an', 'pri@@', 'me', 'minist@@', 'ers', 'me@@', 'et', 'in', 'T@@', 'ok@@', 'y@@', 'o']
2026-05-09 12:22:36,118 - DEBUG - joeynmt.training - 	Tokenized hypothesis: ['the', 'pri@@', 'me', 'minist@@', 'er', 'of', 'Indi@@', 'a', 'and', 'J@@', 'ap@@', 'an', ',', 'T@@', 'ok@@', 'y@@', 'o', '.', '</s>']
2026-05-09 12:22:36,118 - INFO - joeynmt.training - 	Source:     die Premierminister Indiens und Japans trafen sich in Tokio .
2026-05-09 12:22:36,118 - INFO - joeynmt.training - 	Reference:  India and Japan prime ministers meet in Tokyo
2026-05-09 12:22:36,118 - INFO - joeynmt.training - 	Hypothesis: the prime minister of India and Japan , Tokyo .
2026-05-09 12:22:36,118 - INFO - joeynmt.training - Example #1
2026-05-09 12:22:36,118 - DEBUG - joeynmt.training - 	Tokenized source:     ['Indi@@', 'ens', 'neu@@', 'er', 'Pre@@', 'mi@@', 'er@@', 'minist@@', 'er', 'N@@', 'ar@@', 'end@@', 'ra', 'Mo@@', 'd@@', 'i', 'tri@@', 'fft', 'bei', 's@@', 'einem', 'ersten', 'wichti@@', 'gen', 'Aus@@', 'land@@', 's@@', 'bes@@', 'u@@', 'ch', 'seit', 's@@', 'einem', 'W@@', 'ah@@', 'l@@', 'si@@', 'e@@', 'g', 'im', 'Ma@@', 'i', 'seinen', 'j@@', 'ap@@', 'an@@', 'ischen', 'Am@@', 'ts@@', 'k@@', 'olle@@', 'gen', 'S@@', 'hin@@', 'z@@', 'o', 'A@@', 'be', 'in', 'T@@', 'ok@@', 'o', ',', 'um', 'wirtschaf@@', 'tliche', 'und', 'sicher@@', 'heits@@', 'politische', 'Be@@', 'zieh@@', 'ungen', 'zu', 'bes@@', 'pre@@', 'chen', '.']
2026-05-09 12:22:36,118 - DEBUG - joeynmt.training - 	Tokenized reference:  ['Indi@@', 'a', '&apos;s', 'new', 'pri@@', 'me', 'minist@@', 'er', ',', 'N@@', 'ar@@', 'end@@', 'ra', 'Mo@@', 'd@@', 'i', ',', 'is', 'me@@', 'eting', 'his', 'J@@', 'ap@@', 'an@@', 'ese', 'coun@@', 'ter@@', 'part', ',', 'S@@', 'hin@@', 'z@@', 'o', 'A@@', 'be', ',', 'in', 'T@@', 'ok@@', 'y@@', 'o', 'to', 'disc@@', 'uss', 'economic', 'and', 'security', 'ties', ',', 'on', 'his', 'first', 'major', 'fore@@', 'ign', 'visi@@', 't', 'since', 'w@@', 'inn@@', 'ing', 'Ma@@', 'y', '&apos;s', 'elec@@', 'tion', '.']
2026-05-09 12:22:36,118 - DEBUG - joeynmt.training - 	Tokenized hypothesis: ['Indi@@', 'a', '&apos;s', 'new', 'Pri@@', 'me', 'Minist@@', 'er', 'N@@', 'ar@@', 'end@@', 'ra', 'Mo@@', 'd@@', 'i', 'was', 'a', 'first', 'important', 'ex@@', 'clu@@', 'ding', 'his', 'elec@@', 'tion', 'in', 'Ma@@', 'y', ',', 'in', 'his', 'elec@@', 'tion', 'in', 'Ma@@', 'y', ',', 'in', 'his', 'elec@@', 'tion', ',', 'in', 'the', 'S@@', 'hin@@', 'z@@', 'o', 'A@@', 'be', 'in', 'T@@', 'ok@@', 'o', ',', 'in', 'T@@', 'ok@@', 'o', ',', 'in', 'order', 'to', 'pre@@', 'p@@', 'are', 'in', 'T@@', 'ok@@', 'y@@', 'o', ',', 'in', 'order', 'to', 'pre@@', 'p@@', 'are', 'its', 'first', '.', '</s>']
2026-05-09 12:22:36,118 - INFO - joeynmt.training - 	Source:     Indiens neuer Premierminister Narendra Modi trifft bei seinem ersten wichtigen Auslandsbesuch seit seinem Wahlsieg im Mai seinen japanischen Amtskollegen Shinzo Abe in Toko , um wirtschaftliche und sicherheitspolitische Beziehungen zu besprechen .
2026-05-09 12:22:36,118 - INFO - joeynmt.training - 	Reference:  India &apos;s new prime minister , Narendra Modi , is meeting his Japanese counterpart , Shinzo Abe , in Tokyo to discuss economic and security ties , on his first major foreign visit since winning May &apos;s election .
2026-05-09 12:22:36,118 - INFO - joeynmt.training - 	Hypothesis: India &apos;s new Prime Minister Narendra Modi was a first important excluding his election in May , in his election in May , in his election , in the Shinzo Abe in Toko , in Toko , in order to prepare in Tokyo , in order to prepare its first .
2026-05-09 12:22:36,118 - INFO - joeynmt.training - Example #2
2026-05-09 12:22:36,118 - DEBUG - joeynmt.training - 	Tokenized source:     ['Herr', 'Mo@@', 'd@@', 'i', 'befindet', 'sich', 'auf', 'einer', 'fü@@', 'n@@', 'f@@', 'tä@@', 'gi@@', 'gen', 'Rei@@', 'se', 'nach', 'J@@', 'ap@@', 'an', ',', 'um', 'die', 'wirtschaf@@', 'tlichen', 'Be@@', 'zieh@@', 'ungen', 'mit', 'der', 'd@@', 'rit@@', 't@@', 'größ@@', 'ten', 'Wirtschafts@@', 'n@@', 'ation', 'der', 'Welt', 'zu', 'fes@@', 'tigen', '.']
2026-05-09 12:22:36,118 - DEBUG - joeynmt.training - 	Tokenized reference:  ['Mr', 'Mo@@', 'd@@', 'i', 'is', 'on', 'a', 'fi@@', 've', '@@@', '-@@', '@', 'day', 'tri@@', 'p', 'to', 'J@@', 'ap@@', 'an', 'to', 'streng@@', 'then', 'economic', 'ties', 'with', 'the', 'third', 'lar@@', 'ges@@', 't', 'econom@@', 'y', 'in', 'the', 'world', '.']
2026-05-09 12:22:36,118 - DEBUG - joeynmt.training - 	Tokenized hypothesis: ['Mr', 'Mo@@', 'd@@', 'i', 'is', 'on', 'a', 'fi@@', 'f@@', 'ty', 'j@@', 'our@@', 'ne@@', 'y', 'after', 'J@@', 'ap@@', 'an', 'to', 'the', 'economic', 'rel@@', 'ations', 'with', 'the', 'third', 'lar@@', 'ges@@', 't', 'economic', 'rel@@', 'ations', 'with', 'the', 'third', 'lar@@', 'ges@@', 't', 'economic', 'rel@@', 'ations', 'with', 'the', 'third', 'world', '.', '</s>']
2026-05-09 12:22:36,118 - INFO - joeynmt.training - 	Source:     Herr Modi befindet sich auf einer fünftägigen Reise nach Japan , um die wirtschaftlichen Beziehungen mit der drittgrößten Wirtschaftsnation der Welt zu festigen .
2026-05-09 12:22:36,118 - INFO - joeynmt.training - 	Reference:  Mr Modi is on a five @-@ day trip to Japan to strengthen economic ties with the third largest economy in the world .
2026-05-09 12:22:36,118 - INFO - joeynmt.training - 	Hypothesis: Mr Modi is on a fifty journey after Japan to the economic relations with the third largest economic relations with the third largest economic relations with the third world .
2026-05-09 12:22:36,118 - INFO - joeynmt.training - Example #3
2026-05-09 12:22:36,118 - DEBUG - joeynmt.training - 	Tokenized source:     ['P@@', 'län@@', 'e', 'für', 'eine', 'stärk@@', 'ere', 'k@@', 'ern@@', 'techn@@', 'ische', 'Zusammenarbeit', 'stehen', 'ganz', 'ob@@', 'en', 'auf', 'der', 'Tag@@', 'es@@', 'ordnung', '.']
2026-05-09 12:22:36,118 - DEBUG - joeynmt.training - 	Tokenized reference:  ['high', 'on', 'the', 'agen@@', 'da', 'are', 'pl@@', 'ans', 'for', 'gre@@', 'ater', 'nu@@', 'clear', 'c@@', 'o', '@@@', '-@@', '@', 'operation', '.']
2026-05-09 12:22:36,118 - DEBUG - joeynmt.training - 	Tokenized hypothesis: ['pl@@', 'ans', 'for', 'gre@@', 'ater', 'nu@@', 'clear', 'techn@@', 'ical', 'cooperation', 'is', 'on', 'the', 'agen@@', 'da', '.', '</s>']
2026-05-09 12:22:36,118 - INFO - joeynmt.training - 	Source:     Pläne für eine stärkere kerntechnische Zusammenarbeit stehen ganz oben auf der Tagesordnung .
2026-05-09 12:22:36,118 - INFO - joeynmt.training - 	Reference:  high on the agenda are plans for greater nuclear co @-@ operation .
2026-05-09 12:22:36,118 - INFO - joeynmt.training - 	Hypothesis: plans for greater nuclear technical cooperation is on the agenda .
2026-05-09 12:22:36,118 - INFO - joeynmt.training - Example #4
2026-05-09 12:22:36,119 - DEBUG - joeynmt.training - 	Tokenized source:     ['Berich@@', 'ten', 'zu@@', 'fol@@', 'ge', 'ho@@', 'fft', 'Indi@@', 'en', 'darüber', 'hinaus', 'auf', 'einen', 'Ver@@', 'trag', 'zur', 'Ver@@', 'tei@@', 'dig@@', 'ungs@@', 'zusammen@@', 'arbeit', 'zwischen', 'den', 'beiden', 'N@@', 'ationen', '.']
2026-05-09 12:22:36,119 - DEBUG - joeynmt.training - 	Tokenized reference:  ['Indi@@', 'a', 'is', 'also', 're@@', 'porte@@', 'dly', 'hop@@', 'ing', 'for', 'a', 'de@@', 'al', 'on', 'def@@', 'ence', 'c@@', 'oll@@', 'ab@@', 'or@@', 'ation', 'between', 'the', 'two', 'n@@', 'ations', '.']
2026-05-09 12:22:36,119 - DEBUG - joeynmt.training - 	Tokenized hypothesis: ['in', 'ad@@', 'dition', ',', 'the', 're@@', 'ports', 'of', 'the', 'con@@', 'tra@@', 'ct', 'of', 'a', 'con@@', 'tra@@', 'ct', 'between', 'the', 'two', 'n@@', 'ations', '.', '</s>']
2026-05-09 12:22:36,119 - INFO - joeynmt.training - 	Source:     Berichten zufolge hofft Indien darüber hinaus auf einen Vertrag zur Verteidigungszusammenarbeit zwischen den beiden Nationen .
2026-05-09 12:22:36,119 - INFO - joeynmt.training - 	Reference:  India is also reportedly hoping for a deal on defence collaboration between the two nations .
2026-05-09 12:22:36,119 - INFO - joeynmt.training - 	Hypothesis: in addition , the reports of the contract of a contract between the two nations .
2026-05-09 12:22:50,291 - INFO - joeynmt.training - Epoch  10, Step:    39600, Batch Loss:     1.768617, Batch Acc: 0.531140, Tokens per Sec:     6442, Lr: 0.000300
2026-05-09 12:23:04,482 - INFO - joeynmt.training - Epoch  10, Step:    39700, Batch Loss:     1.809103, Batch Acc: 0.528417, Tokens per Sec:     6474, Lr: 0.000300
2026-05-09 12:23:18,514 - INFO - joeynmt.training - Epoch  10, Step:    39800, Batch Loss:     1.775626, Batch Acc: 0.532539, Tokens per Sec:     6552, Lr: 0.000300
2026-05-09 12:23:32,581 - INFO - joeynmt.training - Epoch  10, Step:    39900, Batch Loss:     1.880834, Batch Acc: 0.529628, Tokens per Sec:     6588, Lr: 0.000300
2026-05-09 12:23:46,693 - INFO - joeynmt.training - Epoch  10, Step:    40000, Batch Loss:     1.714918, Batch Acc: 0.536028, Tokens per Sec:     6561, Lr: 0.000300
2026-05-09 12:23:46,694 - INFO - joeynmt.prediction - Predicting 500 example(s)... (Greedy decoding with min_output_length=1, max_output_length=-1, return_prob='none', generate_unk=True, repetition_penalty=-1, no_repeat_ngram_size=-1)
2026-05-09 12:24:08,046 - INFO - joeynmt.prediction - Evaluation result (greedy) loss:   2.12, ppl:   8.33, acc:   0.46, generation: 21.3484[sec], evaluation: 0.0000[sec]
2026-05-09 12:24:08,114 - INFO - joeynmt.helpers - delete models/deen_transformer_post/38000.ckpt
2026-05-09 12:24:08,115 - INFO - joeynmt.training - Example #0
2026-05-09 12:24:08,115 - DEBUG - joeynmt.training - 	Tokenized source:     ['die', 'Pre@@', 'mi@@', 'er@@', 'minist@@', 'er', 'Indi@@', 'ens', 'und', 'J@@', 'ap@@', 'ans', 'tra@@', 'fen', 'sich', 'in', 'T@@', 'ok@@', 'i@@', 'o', '.']
2026-05-09 12:24:08,115 - DEBUG - joeynmt.training - 	Tokenized reference:  ['Indi@@', 'a', 'and', 'J@@', 'ap@@', 'an', 'pri@@', 'me', 'minist@@', 'ers', 'me@@', 'et', 'in', 'T@@', 'ok@@', 'y@@', 'o']
2026-05-09 12:24:08,115 - DEBUG - joeynmt.training - 	Tokenized hypothesis: ['Pri@@', 'me', 'Minist@@', 'er', 'of', 'the', 'M@@', 'ini@@', 'stry', 'of', 'Indi@@', 'a', 'and', 'J@@', 'ap@@', 'an', 'is', 'in', 'T@@', 'ok@@', 'i@@', 'o', '.', '</s>']
2026-05-09 12:24:08,115 - INFO - joeynmt.training - 	Source:     die Premierminister Indiens und Japans trafen sich in Tokio .
2026-05-09 12:24:08,115 - INFO - joeynmt.training - 	Reference:  India and Japan prime ministers meet in Tokyo
2026-05-09 12:24:08,116 - INFO - joeynmt.training - 	Hypothesis: Prime Minister of the Ministry of India and Japan is in Tokio .
2026-05-09 12:24:08,116 - INFO - joeynmt.training - Example #1
2026-05-09 12:24:08,116 - DEBUG - joeynmt.training - 	Tokenized source:     ['Indi@@', 'ens', 'neu@@', 'er', 'Pre@@', 'mi@@', 'er@@', 'minist@@', 'er', 'N@@', 'ar@@', 'end@@', 'ra', 'Mo@@', 'd@@', 'i', 'tri@@', 'fft', 'bei', 's@@', 'einem', 'ersten', 'wichti@@', 'gen', 'Aus@@', 'land@@', 's@@', 'bes@@', 'u@@', 'ch', 'seit', 's@@', 'einem', 'W@@', 'ah@@', 'l@@', 'si@@', 'e@@', 'g', 'im', 'Ma@@', 'i', 'seinen', 'j@@', 'ap@@', 'an@@', 'ischen', 'Am@@', 'ts@@', 'k@@', 'olle@@', 'gen', 'S@@', 'hin@@', 'z@@', 'o', 'A@@', 'be', 'in', 'T@@', 'ok@@', 'o', ',', 'um', 'wirtschaf@@', 'tliche', 'und', 'sicher@@', 'heits@@', 'politische', 'Be@@', 'zieh@@', 'ungen', 'zu', 'bes@@', 'pre@@', 'chen', '.']
2026-05-09 12:24:08,116 - DEBUG - joeynmt.training - 	Tokenized reference:  ['Indi@@', 'a', '&apos;s', 'new', 'pri@@', 'me', 'minist@@', 'er', ',', 'N@@', 'ar@@', 'end@@', 'ra', 'Mo@@', 'd@@', 'i', ',', 'is', 'me@@', 'eting', 'his', 'J@@', 'ap@@', 'an@@', 'ese', 'coun@@', 'ter@@', 'part', ',', 'S@@', 'hin@@', 'z@@', 'o', 'A@@', 'be', ',', 'in', 'T@@', 'ok@@', 'y@@', 'o', 'to', 'disc@@', 'uss', 'economic', 'and', 'security', 'ties', ',', 'on', 'his', 'first', 'major', 'fore@@', 'ign', 'visi@@', 't', 'since', 'w@@', 'inn@@', 'ing', 'Ma@@', 'y', '&apos;s', 'elec@@', 'tion', '.']
2026-05-09 12:24:08,116 - DEBUG - joeynmt.training - 	Tokenized hypothesis: ['Indi@@', 'a', '&apos;s', 'new', 'Pri@@', 'me', 'Minist@@', 'er', 'N@@', 'ar@@', 'end@@', 'ra', 'Mo@@', 'd@@', 'i', 'tri@@', 'ed', 'to', 're@@', 'ach', 'his', 'first', 'important', 'ex@@', 'hi@@', 'bit@@', 'ed', 'in', 'the', 'M@@', 'ini@@', 'stry', 'of', 'S@@', 'ec@@', 'on@@', 'd', 'S@@', 'hin@@', 'z@@', 'o', 'A@@', 'be', 'in', 'T@@', 'ok@@', 'o', ',', 'to', 're@@', 'ach', 'economic', 'and', 'security', 'political', 'rel@@', 'ations', '.', '</s>']
2026-05-09 12:24:08,116 - INFO - joeynmt.training - 	Source:     Indiens neuer Premierminister Narendra Modi trifft bei seinem ersten wichtigen Auslandsbesuch seit seinem Wahlsieg im Mai seinen japanischen Amtskollegen Shinzo Abe in Toko , um wirtschaftliche und sicherheitspolitische Beziehungen zu besprechen .
2026-05-09 12:24:08,116 - INFO - joeynmt.training - 	Reference:  India &apos;s new prime minister , Narendra Modi , is meeting his Japanese counterpart , Shinzo Abe , in Tokyo to discuss economic and security ties , on his first major foreign visit since winning May &apos;s election .
2026-05-09 12:24:08,116 - INFO - joeynmt.training - 	Hypothesis: India &apos;s new Prime Minister Narendra Modi tried to reach his first important exhibited in the Ministry of Second Shinzo Abe in Toko , to reach economic and security political relations .
2026-05-09 12:24:08,116 - INFO - joeynmt.training - Example #2
2026-05-09 12:24:08,116 - DEBUG - joeynmt.training - 	Tokenized source:     ['Herr', 'Mo@@', 'd@@', 'i', 'befindet', 'sich', 'auf', 'einer', 'fü@@', 'n@@', 'f@@', 'tä@@', 'gi@@', 'gen', 'Rei@@', 'se', 'nach', 'J@@', 'ap@@', 'an', ',', 'um', 'die', 'wirtschaf@@', 'tlichen', 'Be@@', 'zieh@@', 'ungen', 'mit', 'der', 'd@@', 'rit@@', 't@@', 'größ@@', 'ten', 'Wirtschafts@@', 'n@@', 'ation', 'der', 'Welt', 'zu', 'fes@@', 'tigen', '.']
2026-05-09 12:24:08,116 - DEBUG - joeynmt.training - 	Tokenized reference:  ['Mr', 'Mo@@', 'd@@', 'i', 'is', 'on', 'a', 'fi@@', 've', '@@@', '-@@', '@', 'day', 'tri@@', 'p', 'to', 'J@@', 'ap@@', 'an', 'to', 'streng@@', 'then', 'economic', 'ties', 'with', 'the', 'third', 'lar@@', 'ges@@', 't', 'econom@@', 'y', 'in', 'the', 'world', '.']
2026-05-09 12:24:08,116 - DEBUG - joeynmt.training - 	Tokenized hypothesis: ['Mr', 'Mo@@', 'd@@', 'i', 'is', 'on', 'a', 'fi@@', 'f@@', 'th', 'tra@@', 'ck', 'to', 'the', 'economic', 'rel@@', 'ations', 'with', 'the', 'third', 'lar@@', 'ges@@', 't', 'economic', 'rel@@', 'ations', 'with', 'the', 'third', 'lar@@', 'ges@@', 't', 'economic', 'rel@@', 'ations', 'with', 'the', 'third', 'countries', '.', '</s>']
2026-05-09 12:24:08,116 - INFO - joeynmt.training - 	Source:     Herr Modi befindet sich auf einer fünftägigen Reise nach Japan , um die wirtschaftlichen Beziehungen mit der drittgrößten Wirtschaftsnation der Welt zu festigen .
2026-05-09 12:24:08,116 - INFO - joeynmt.training - 	Reference:  Mr Modi is on a five @-@ day trip to Japan to strengthen economic ties with the third largest economy in the world .
2026-05-09 12:24:08,116 - INFO - joeynmt.training - 	Hypothesis: Mr Modi is on a fifth track to the economic relations with the third largest economic relations with the third largest economic relations with the third countries .
2026-05-09 12:24:08,116 - INFO - joeynmt.training - Example #3
2026-05-09 12:24:08,116 - DEBUG - joeynmt.training - 	Tokenized source:     ['P@@', 'län@@', 'e', 'für', 'eine', 'stärk@@', 'ere', 'k@@', 'ern@@', 'techn@@', 'ische', 'Zusammenarbeit', 'stehen', 'ganz', 'ob@@', 'en', 'auf', 'der', 'Tag@@', 'es@@', 'ordnung', '.']
2026-05-09 12:24:08,116 - DEBUG - joeynmt.training - 	Tokenized reference:  ['high', 'on', 'the', 'agen@@', 'da', 'are', 'pl@@', 'ans', 'for', 'gre@@', 'ater', 'nu@@', 'clear', 'c@@', 'o', '@@@', '-@@', '@', 'operation', '.']
2026-05-09 12:24:08,116 - DEBUG - joeynmt.training - 	Tokenized hypothesis: ['pl@@', 'ans', 'for', 'gre@@', 'ater', 'nu@@', 'clear', 'techn@@', 'ical', 'cooperation', 'are', 'on', 'the', 'agen@@', 'da', '.', '</s>']
2026-05-09 12:24:08,116 - INFO - joeynmt.training - 	Source:     Pläne für eine stärkere kerntechnische Zusammenarbeit stehen ganz oben auf der Tagesordnung .
2026-05-09 12:24:08,116 - INFO - joeynmt.training - 	Reference:  high on the agenda are plans for greater nuclear co @-@ operation .
2026-05-09 12:24:08,116 - INFO - joeynmt.training - 	Hypothesis: plans for greater nuclear technical cooperation are on the agenda .
2026-05-09 12:24:08,116 - INFO - joeynmt.training - Example #4
2026-05-09 12:24:08,116 - DEBUG - joeynmt.training - 	Tokenized source:     ['Berich@@', 'ten', 'zu@@', 'fol@@', 'ge', 'ho@@', 'fft', 'Indi@@', 'en', 'darüber', 'hinaus', 'auf', 'einen', 'Ver@@', 'trag', 'zur', 'Ver@@', 'tei@@', 'dig@@', 'ungs@@', 'zusammen@@', 'arbeit', 'zwischen', 'den', 'beiden', 'N@@', 'ationen', '.']
2026-05-09 12:24:08,116 - DEBUG - joeynmt.training - 	Tokenized reference:  ['Indi@@', 'a', 'is', 'also', 're@@', 'porte@@', 'dly', 'hop@@', 'ing', 'for', 'a', 'de@@', 'al', 'on', 'def@@', 'ence', 'c@@', 'oll@@', 'ab@@', 'or@@', 'ation', 'between', 'the', 'two', 'n@@', 'ations', '.']
2026-05-09 12:24:08,116 - DEBUG - joeynmt.training - 	Tokenized hypothesis: ['I', 'also', 'hope', 'that', 'Indi@@', 'a', 'is', 'the', 'Tre@@', 'aty', 'on', 'the', 'De@@', 'f@@', 'ence', 'Committee', 'on', 'the', 'De@@', 'f@@', 'ence', 'A@@', 'ct', 'on', 'the', 'two', 'n@@', 'ations', '.', '</s>']
2026-05-09 12:24:08,116 - INFO - joeynmt.training - 	Source:     Berichten zufolge hofft Indien darüber hinaus auf einen Vertrag zur Verteidigungszusammenarbeit zwischen den beiden Nationen .
2026-05-09 12:24:08,116 - INFO - joeynmt.training - 	Reference:  India is also reportedly hoping for a deal on defence collaboration between the two nations .
2026-05-09 12:24:08,116 - INFO - joeynmt.training - 	Hypothesis: I also hope that India is the Treaty on the Defence Committee on the Defence Act on the two nations .
2026-05-09 12:24:22,097 - INFO - joeynmt.training - Epoch  10, Step:    40100, Batch Loss:     1.733752, Batch Acc: 0.528728, Tokens per Sec:     6500, Lr: 0.000300
2026-05-09 12:24:35,936 - INFO - joeynmt.training - Epoch  10, Step:    40200, Batch Loss:     1.796042, Batch Acc: 0.525664, Tokens per Sec:     6614, Lr: 0.000300
2026-05-09 12:24:49,736 - INFO - joeynmt.training - Epoch  10, Step:    40300, Batch Loss:     1.631372, Batch Acc: 0.528862, Tokens per Sec:     6648, Lr: 0.000300
2026-05-09 12:25:03,432 - INFO - joeynmt.training - Epoch  10, Step:    40400, Batch Loss:     1.743465, Batch Acc: 0.536167, Tokens per Sec:     6732, Lr: 0.000300
2026-05-09 12:25:17,312 - INFO - joeynmt.training - Epoch  10, Step:    40500, Batch Loss:     1.615787, Batch Acc: 0.525649, Tokens per Sec:     6709, Lr: 0.000300
2026-05-09 12:25:17,313 - INFO - joeynmt.prediction - Predicting 500 example(s)... (Greedy decoding with min_output_length=1, max_output_length=-1, return_prob='none', generate_unk=True, repetition_penalty=-1, no_repeat_ngram_size=-1)
2026-05-09 12:25:38,401 - INFO - joeynmt.prediction - Evaluation result (greedy) loss:   2.12, ppl:   8.33, acc:   0.46, generation: 21.0847[sec], evaluation: 0.0000[sec]
2026-05-09 12:25:38,466 - INFO - joeynmt.helpers - delete models/deen_transformer_post/36500.ckpt
2026-05-09 12:25:38,469 - INFO - joeynmt.training - Example #0
2026-05-09 12:25:38,469 - DEBUG - joeynmt.training - 	Tokenized source:     ['die', 'Pre@@', 'mi@@', 'er@@', 'minist@@', 'er', 'Indi@@', 'ens', 'und', 'J@@', 'ap@@', 'ans', 'tra@@', 'fen', 'sich', 'in', 'T@@', 'ok@@', 'i@@', 'o', '.']
2026-05-09 12:25:38,469 - DEBUG - joeynmt.training - 	Tokenized reference:  ['Indi@@', 'a', 'and', 'J@@', 'ap@@', 'an', 'pri@@', 'me', 'minist@@', 'ers', 'me@@', 'et', 'in', 'T@@', 'ok@@', 'y@@', 'o']
2026-05-09 12:25:38,469 - DEBUG - joeynmt.training - 	Tokenized hypothesis: ['the', 'Pri@@', 'me', 'Minist@@', 'er', 'of', 'Indi@@', 'a', 'and', 'J@@', 'ap@@', 'ans', 'are', 'de@@', 'al@@', 'ing', 'in', 'T@@', 'ok@@', 'y@@', 'o', '.', '</s>']
2026-05-09 12:25:38,469 - INFO - joeynmt.training - 	Source:     die Premierminister Indiens und Japans trafen sich in Tokio .
2026-05-09 12:25:38,469 - INFO - joeynmt.training - 	Reference:  India and Japan prime ministers meet in Tokyo
2026-05-09 12:25:38,469 - INFO - joeynmt.training - 	Hypothesis: the Prime Minister of India and Japans are dealing in Tokyo .
2026-05-09 12:25:38,469 - INFO - joeynmt.training - Example #1
2026-05-09 12:25:38,469 - DEBUG - joeynmt.training - 	Tokenized source:     ['Indi@@', 'ens', 'neu@@', 'er', 'Pre@@', 'mi@@', 'er@@', 'minist@@', 'er', 'N@@', 'ar@@', 'end@@', 'ra', 'Mo@@', 'd@@', 'i', 'tri@@', 'fft', 'bei', 's@@', 'einem', 'ersten', 'wichti@@', 'gen', 'Aus@@', 'land@@', 's@@', 'bes@@', 'u@@', 'ch', 'seit', 's@@', 'einem', 'W@@', 'ah@@', 'l@@', 'si@@', 'e@@', 'g', 'im', 'Ma@@', 'i', 'seinen', 'j@@', 'ap@@', 'an@@', 'ischen', 'Am@@', 'ts@@', 'k@@', 'olle@@', 'gen', 'S@@', 'hin@@', 'z@@', 'o', 'A@@', 'be', 'in', 'T@@', 'ok@@', 'o', ',', 'um', 'wirtschaf@@', 'tliche', 'und', 'sicher@@', 'heits@@', 'politische', 'Be@@', 'zieh@@', 'ungen', 'zu', 'bes@@', 'pre@@', 'chen', '.']
2026-05-09 12:25:38,469 - DEBUG - joeynmt.training - 	Tokenized reference:  ['Indi@@', 'a', '&apos;s', 'new', 'pri@@', 'me', 'minist@@', 'er', ',', 'N@@', 'ar@@', 'end@@', 'ra', 'Mo@@', 'd@@', 'i', ',', 'is', 'me@@', 'eting', 'his', 'J@@', 'ap@@', 'an@@', 'ese', 'coun@@', 'ter@@', 'part', ',', 'S@@', 'hin@@', 'z@@', 'o', 'A@@', 'be', ',', 'in', 'T@@', 'ok@@', 'y@@', 'o', 'to', 'disc@@', 'uss', 'economic', 'and', 'security', 'ties', ',', 'on', 'his', 'first', 'major', 'fore@@', 'ign', 'visi@@', 't', 'since', 'w@@', 'inn@@', 'ing', 'Ma@@', 'y', '&apos;s', 'elec@@', 'tion', '.']
2026-05-09 12:25:38,469 - DEBUG - joeynmt.training - 	Tokenized hypothesis: ['Indi@@', 'a', '&apos;s', 'new', 'Pri@@', 'me', 'Minist@@', 'er', 'N@@', 'ar@@', 'end@@', 'ra', 'Mo@@', 'd@@', 'i', 'is', 'a', 'de@@', 'si@@', 're', 'to', 'de@@', 'al', 'with', 'his', 'J@@', 'ap@@', 'an@@', 'ese', ',', 'for', 'his', 'J@@', 'ap@@', 'an@@', 'ese', ',', 'in', 'the', 'first', 'first', 'first', 'of', 'all', ',', 'with', 'its', 'J@@', 'ap@@', 'an@@', 'ese', 'off@@', 'ice', 'in', 'T@@', 'ok@@', 'o', ',', 'for', 'economic', 'and', 'security', 'policy', 'rel@@', 'ations', '.', '</s>']
2026-05-09 12:25:38,470 - INFO - joeynmt.training - 	Source:     Indiens neuer Premierminister Narendra Modi trifft bei seinem ersten wichtigen Auslandsbesuch seit seinem Wahlsieg im Mai seinen japanischen Amtskollegen Shinzo Abe in Toko , um wirtschaftliche und sicherheitspolitische Beziehungen zu besprechen .
2026-05-09 12:25:38,470 - INFO - joeynmt.training - 	Reference:  India &apos;s new prime minister , Narendra Modi , is meeting his Japanese counterpart , Shinzo Abe , in Tokyo to discuss economic and security ties , on his first major foreign visit since winning May &apos;s election .
2026-05-09 12:25:38,470 - INFO - joeynmt.training - 	Hypothesis: India &apos;s new Prime Minister Narendra Modi is a desire to deal with his Japanese , for his Japanese , in the first first first of all , with its Japanese office in Toko , for economic and security policy relations .
2026-05-09 12:25:38,470 - INFO - joeynmt.training - Example #2
2026-05-09 12:25:38,470 - DEBUG - joeynmt.training - 	Tokenized source:     ['Herr', 'Mo@@', 'd@@', 'i', 'befindet', 'sich', 'auf', 'einer', 'fü@@', 'n@@', 'f@@', 'tä@@', 'gi@@', 'gen', 'Rei@@', 'se', 'nach', 'J@@', 'ap@@', 'an', ',', 'um', 'die', 'wirtschaf@@', 'tlichen', 'Be@@', 'zieh@@', 'ungen', 'mit', 'der', 'd@@', 'rit@@', 't@@', 'größ@@', 'ten', 'Wirtschafts@@', 'n@@', 'ation', 'der', 'Welt', 'zu', 'fes@@', 'tigen', '.']
2026-05-09 12:25:38,470 - DEBUG - joeynmt.training - 	Tokenized reference:  ['Mr', 'Mo@@', 'd@@', 'i', 'is', 'on', 'a', 'fi@@', 've', '@@@', '-@@', '@', 'day', 'tri@@', 'p', 'to', 'J@@', 'ap@@', 'an', 'to', 'streng@@', 'then', 'economic', 'ties', 'with', 'the', 'third', 'lar@@', 'ges@@', 't', 'econom@@', 'y', 'in', 'the', 'world', '.']
2026-05-09 12:25:38,470 - DEBUG - joeynmt.training - 	Tokenized hypothesis: ['Mr', 'Mo@@', 'd@@', 'i', 'is', 'on', 'a', 'fi@@', 'f@@', 'ty', 'tra@@', 'v@@', 'el', 'to', 'J@@', 'ap@@', 'an', 'to', 're@@', 'mo@@', 've', 'the', 'economic', 'rel@@', 'ations', 'with', 'the', 'third', 'lar@@', 'ges@@', 't', 'economic', 'rel@@', 'ations', 'with', 'the', 'third', 'lar@@', 'ges@@', 't', 'econom@@', 'y', '.', '</s>']
2026-05-09 12:25:38,470 - INFO - joeynmt.training - 	Source:     Herr Modi befindet sich auf einer fünftägigen Reise nach Japan , um die wirtschaftlichen Beziehungen mit der drittgrößten Wirtschaftsnation der Welt zu festigen .
2026-05-09 12:25:38,470 - INFO - joeynmt.training - 	Reference:  Mr Modi is on a five @-@ day trip to Japan to strengthen economic ties with the third largest economy in the world .
2026-05-09 12:25:38,470 - INFO - joeynmt.training - 	Hypothesis: Mr Modi is on a fifty travel to Japan to remove the economic relations with the third largest economic relations with the third largest economy .
2026-05-09 12:25:38,470 - INFO - joeynmt.training - Example #3
2026-05-09 12:25:38,470 - DEBUG - joeynmt.training - 	Tokenized source:     ['P@@', 'län@@', 'e', 'für', 'eine', 'stärk@@', 'ere', 'k@@', 'ern@@', 'techn@@', 'ische', 'Zusammenarbeit', 'stehen', 'ganz', 'ob@@', 'en', 'auf', 'der', 'Tag@@', 'es@@', 'ordnung', '.']
2026-05-09 12:25:38,470 - DEBUG - joeynmt.training - 	Tokenized reference:  ['high', 'on', 'the', 'agen@@', 'da', 'are', 'pl@@', 'ans', 'for', 'gre@@', 'ater', 'nu@@', 'clear', 'c@@', 'o', '@@@', '-@@', '@', 'operation', '.']
2026-05-09 12:25:38,470 - DEBUG - joeynmt.training - 	Tokenized hypothesis: ['pl@@', 'ans', 'for', 'gre@@', 'ater', 'nu@@', 'clear', 'techn@@', 'ical', 'cooperation', 'are', 'at', 'the', 'agen@@', 'da', '.', '</s>']
2026-05-09 12:25:38,470 - INFO - joeynmt.training - 	Source:     Pläne für eine stärkere kerntechnische Zusammenarbeit stehen ganz oben auf der Tagesordnung .
2026-05-09 12:25:38,470 - INFO - joeynmt.training - 	Reference:  high on the agenda are plans for greater nuclear co @-@ operation .
2026-05-09 12:25:38,470 - INFO - joeynmt.training - 	Hypothesis: plans for greater nuclear technical cooperation are at the agenda .
2026-05-09 12:25:38,470 - INFO - joeynmt.training - Example #4
2026-05-09 12:25:38,470 - DEBUG - joeynmt.training - 	Tokenized source:     ['Berich@@', 'ten', 'zu@@', 'fol@@', 'ge', 'ho@@', 'fft', 'Indi@@', 'en', 'darüber', 'hinaus', 'auf', 'einen', 'Ver@@', 'trag', 'zur', 'Ver@@', 'tei@@', 'dig@@', 'ungs@@', 'zusammen@@', 'arbeit', 'zwischen', 'den', 'beiden', 'N@@', 'ationen', '.']
2026-05-09 12:25:38,470 - DEBUG - joeynmt.training - 	Tokenized reference:  ['Indi@@', 'a', 'is', 'also', 're@@', 'porte@@', 'dly', 'hop@@', 'ing', 'for', 'a', 'de@@', 'al', 'on', 'def@@', 'ence', 'c@@', 'oll@@', 'ab@@', 'or@@', 'ation', 'between', 'the', 'two', 'n@@', 'ations', '.']
2026-05-09 12:25:38,470 - DEBUG - joeynmt.training - 	Tokenized hypothesis: ['the', 're@@', 'ports', 'of', 'the', 're@@', 'ports', 'of', 'the', 'two', 'n@@', 'ations', 'of', 'the', 'two', 'n@@', 'ations', '.', '</s>']
2026-05-09 12:25:38,470 - INFO - joeynmt.training - 	Source:     Berichten zufolge hofft Indien darüber hinaus auf einen Vertrag zur Verteidigungszusammenarbeit zwischen den beiden Nationen .
2026-05-09 12:25:38,470 - INFO - joeynmt.training - 	Reference:  India is also reportedly hoping for a deal on defence collaboration between the two nations .
2026-05-09 12:25:38,470 - INFO - joeynmt.training - 	Hypothesis: the reports of the reports of the two nations of the two nations .
2026-05-09 12:25:52,306 - INFO - joeynmt.training - Epoch  10, Step:    40600, Batch Loss:     1.561854, Batch Acc: 0.536774, Tokens per Sec:     6595, Lr: 0.000300
2026-05-09 12:26:01,645 - INFO - joeynmt.training - Epoch  10: total training loss 6951.87
2026-05-09 12:26:01,645 - INFO - joeynmt.training - Training ended after  10 epochs.
2026-05-09 12:26:01,645 - INFO - joeynmt.training - Best validation result (greedy) at step    39000:   8.31 ppl.
2026-05-09 12:26:01,653 - INFO - joeynmt.model - Building an encoder-decoder model...
2026-05-09 12:26:01,688 - INFO - joeynmt.model - Enc-dec model built.
2026-05-09 12:26:01,722 - INFO - joeynmt.helpers - Load model from /Users/sunyicong/Downloads/2nd semester/Machine Translation/assignment/mt-exercise-03/models/deen_transformer_post/39000.ckpt.
2026-05-09 12:26:01,725 - INFO - joeynmt.prediction - Model(
	encoder=TransformerEncoder(num_layers=4, num_heads=2, alpha=1.0, layer_norm="post", activation=ReLU()),
	decoder=TransformerDecoder(num_layers=1, num_heads=2, alpha=1.0, layer_norm="post", activation=ReLU()),
	src_embed=Embeddings(embedding_dim=256, vocab_size=4117),
	trg_embed=Embeddings(embedding_dim=256, vocab_size=4117),
	loss_function=None)
2026-05-09 12:26:01,730 - INFO - joeynmt.prediction - Decoding on dev set...
2026-05-09 12:26:01,730 - INFO - joeynmt.prediction - Predicting 500 example(s)... (Beam search with beam_size=5, beam_alpha=1.0, n_best=1, min_output_length=1, max_output_length=-1, return_prob='none', generate_unk=True, repetition_penalty=-1, no_repeat_ngram_size=-1)
2026-05-09 12:26:31,407 - INFO - joeynmt.prediction - Evaluation result (beam search) , generation: 29.6740[sec], evaluation: 0.0000[sec]
2026-05-09 12:26:31,409 - INFO - joeynmt.prediction - Translations saved to: /Users/sunyicong/Downloads/2nd semester/Machine Translation/assignment/mt-exercise-03/models/deen_transformer_post/00039000.hyps.dev.
2026-05-09 12:26:31,409 - INFO - joeynmt.prediction - Decoding on test set...
2026-05-09 12:26:31,409 - INFO - joeynmt.prediction - Predicting 2999 example(s)... (Beam search with beam_size=5, beam_alpha=1.0, n_best=1, min_output_length=1, max_output_length=-1, return_prob='none', generate_unk=True, repetition_penalty=-1, no_repeat_ngram_size=-1)
2026-05-09 12:30:03,689 - INFO - joeynmt.prediction - Evaluation result (beam search) , generation: 212.2609[sec], evaluation: 0.0000[sec]
2026-05-09 12:30:03,692 - INFO - joeynmt.prediction - Translations saved to: /Users/sunyicong/Downloads/2nd semester/Machine Translation/assignment/mt-exercise-03/models/deen_transformer_post/00039000.hyps.test.
